kernel,mode,nnr,ngmt,threads,rep,ms,inputs,lane,alloc,deck_rep
addusxx_g,BaO_nat002,64000,18643,1,0,10.145000,set0,flang-openmp,mimalloc,1
addusxx_g,BaO_nat002,64000,18643,1,1,9.957000,set0,flang-openmp,mimalloc,1
addusxx_g,BaO_nat002,64000,18643,1,2,9.998000,set0,flang-openmp,mimalloc,1
addusxx_g,BaO_nat002,64000,18643,1,3,9.988000,set0,flang-openmp,mimalloc,1
addusxx_g,BaO_nat002,64000,18643,1,4,10.020000,set0,flang-openmp,mimalloc,1
addusxx_g,BaO_nat002,64000,18643,1,5,10.028000,set0,flang-openmp,mimalloc,1
addusxx_g,BaO_nat002,64000,18643,1,6,9.998000,set0,flang-openmp,mimalloc,1
addusxx_g,BaO_nat002,64000,18643,1,7,9.986000,set0,flang-openmp,mimalloc,1
addusxx_g,BaO_nat002,64000,18643,1,8,10.004000,set0,flang-openmp,mimalloc,1
addusxx_g,BaO_nat002,64000,18643,1,9,9.954000,set0,flang-openmp,mimalloc,1
addusxx_g,BaO_nat002,64000,18643,1,10,10.022000,set0,flang-openmp,mimalloc,1
addusxx_g,BaO_nat002,64000,18643,1,11,10.038000,set0,flang-openmp,mimalloc,1
addusxx_g,BaO_nat002,64000,18643,1,12,9.969000,set0,flang-openmp,mimalloc,1
addusxx_g,BaO_nat002,64000,18643,1,13,9.946000,set0,flang-openmp,mimalloc,1
addusxx_g,BaO_nat002,64000,18643,1,14,9.971000,set0,flang-openmp,mimalloc,1
addusxx_g,BaO_nat002,64000,18643,1,15,10.000000,set0,flang-openmp,mimalloc,1
addusxx_g,BaO_nat002,64000,18643,1,16,9.986000,set0,flang-openmp,mimalloc,1
addusxx_g,BaO_nat002,64000,18643,1,17,10.129000,set0,flang-openmp,mimalloc,1
addusxx_g,BaO_nat002,64000,18643,1,18,10.008000,set0,flang-openmp,mimalloc,1
addusxx_g,BaO_nat002,64000,18643,1,19,9.966000,set0,flang-openmp,mimalloc,1
addusxx_g,BaO_nat002,64000,18643,2,0,5.116000,set0,flang-openmp,mimalloc,1
addusxx_g,BaO_nat002,64000,18643,2,1,5.103000,set0,flang-openmp,mimalloc,1
addusxx_g,BaO_nat002,64000,18643,2,2,5.081000,set0,flang-openmp,mimalloc,1
addusxx_g,BaO_nat002,64000,18643,2,3,5.100000,set0,flang-openmp,mimalloc,1
addusxx_g,BaO_nat002,64000,18643,2,4,5.145000,set0,flang-openmp,mimalloc,1
addusxx_g,BaO_nat002,64000,18643,2,5,5.090000,set0,flang-openmp,mimalloc,1
addusxx_g,BaO_nat002,64000,18643,2,6,5.050000,set0,flang-openmp,mimalloc,1
addusxx_g,BaO_nat002,64000,18643,2,7,5.073000,set0,flang-openmp,mimalloc,1
addusxx_g,BaO_nat002,64000,18643,2,8,5.098000,set0,flang-openmp,mimalloc,1
addusxx_g,BaO_nat002,64000,18643,2,9,5.074000,set0,flang-openmp,mimalloc,1
addusxx_g,BaO_nat002,64000,18643,2,10,5.026000,set0,flang-openmp,mimalloc,1
addusxx_g,BaO_nat002,64000,18643,2,11,5.062000,set0,flang-openmp,mimalloc,1
addusxx_g,BaO_nat002,64000,18643,2,12,5.042000,set0,flang-openmp,mimalloc,1
addusxx_g,BaO_nat002,64000,18643,2,13,5.097000,set0,flang-openmp,mimalloc,1
addusxx_g,BaO_nat002,64000,18643,2,14,5.045000,set0,flang-openmp,mimalloc,1
addusxx_g,BaO_nat002,64000,18643,2,15,5.047000,set0,flang-openmp,mimalloc,1
addusxx_g,BaO_nat002,64000,18643,2,16,5.046000,set0,flang-openmp,mimalloc,1
addusxx_g,BaO_nat002,64000,18643,2,17,5.090000,set0,flang-openmp,mimalloc,1
addusxx_g,BaO_nat002,64000,18643,2,18,5.066000,set0,flang-openmp,mimalloc,1
addusxx_g,BaO_nat002,64000,18643,2,19,5.028000,set0,flang-openmp,mimalloc,1
addusxx_g,BaO_nat002,64000,18643,4,0,2.646000,set0,flang-openmp,mimalloc,1
addusxx_g,BaO_nat002,64000,18643,4,1,2.576000,set0,flang-openmp,mimalloc,1
addusxx_g,BaO_nat002,64000,18643,4,2,2.593000,set0,flang-openmp,mimalloc,1
addusxx_g,BaO_nat002,64000,18643,4,3,2.599000,set0,flang-openmp,mimalloc,1
addusxx_g,BaO_nat002,64000,18643,4,4,2.576000,set0,flang-openmp,mimalloc,1
addusxx_g,BaO_nat002,64000,18643,4,5,2.554000,set0,flang-openmp,mimalloc,1
addusxx_g,BaO_nat002,64000,18643,4,6,2.558000,set0,flang-openmp,mimalloc,1
addusxx_g,BaO_nat002,64000,18643,4,7,2.552000,set0,flang-openmp,mimalloc,1
addusxx_g,BaO_nat002,64000,18643,4,8,2.574000,set0,flang-openmp,mimalloc,1
addusxx_g,BaO_nat002,64000,18643,4,9,2.569000,set0,flang-openmp,mimalloc,1
addusxx_g,BaO_nat002,64000,18643,4,10,2.558000,set0,flang-openmp,mimalloc,1
addusxx_g,BaO_nat002,64000,18643,4,11,2.572000,set0,flang-openmp,mimalloc,1
addusxx_g,BaO_nat002,64000,18643,4,12,2.600000,set0,flang-openmp,mimalloc,1
addusxx_g,BaO_nat002,64000,18643,4,13,2.557000,set0,flang-openmp,mimalloc,1
addusxx_g,BaO_nat002,64000,18643,4,14,2.547000,set0,flang-openmp,mimalloc,1
addusxx_g,BaO_nat002,64000,18643,4,15,2.554000,set0,flang-openmp,mimalloc,1
addusxx_g,BaO_nat002,64000,18643,4,16,2.548000,set0,flang-openmp,mimalloc,1
addusxx_g,BaO_nat002,64000,18643,4,17,2.592000,set0,flang-openmp,mimalloc,1
addusxx_g,BaO_nat002,64000,18643,4,18,2.581000,set0,flang-openmp,mimalloc,1
addusxx_g,BaO_nat002,64000,18643,4,19,2.539000,set0,flang-openmp,mimalloc,1
addusxx_g,BaO_nat002,64000,18643,8,0,1.353000,set0,flang-openmp,mimalloc,1
addusxx_g,BaO_nat002,64000,18643,8,1,1.389000,set0,flang-openmp,mimalloc,1
addusxx_g,BaO_nat002,64000,18643,8,2,1.428000,set0,flang-openmp,mimalloc,1
addusxx_g,BaO_nat002,64000,18643,8,3,1.345000,set0,flang-openmp,mimalloc,1
addusxx_g,BaO_nat002,64000,18643,8,4,1.364000,set0,flang-openmp,mimalloc,1
addusxx_g,BaO_nat002,64000,18643,8,5,1.347000,set0,flang-openmp,mimalloc,1
addusxx_g,BaO_nat002,64000,18643,8,6,1.349000,set0,flang-openmp,mimalloc,1
addusxx_g,BaO_nat002,64000,18643,8,7,1.360000,set0,flang-openmp,mimalloc,1
addusxx_g,BaO_nat002,64000,18643,8,8,1.337000,set0,flang-openmp,mimalloc,1
addusxx_g,BaO_nat002,64000,18643,8,9,1.340000,set0,flang-openmp,mimalloc,1
addusxx_g,BaO_nat002,64000,18643,8,10,1.346000,set0,flang-openmp,mimalloc,1
addusxx_g,BaO_nat002,64000,18643,8,11,1.384000,set0,flang-openmp,mimalloc,1
addusxx_g,BaO_nat002,64000,18643,8,12,1.356000,set0,flang-openmp,mimalloc,1
addusxx_g,BaO_nat002,64000,18643,8,13,1.342000,set0,flang-openmp,mimalloc,1
addusxx_g,BaO_nat002,64000,18643,8,14,1.342000,set0,flang-openmp,mimalloc,1
addusxx_g,BaO_nat002,64000,18643,8,15,1.412000,set0,flang-openmp,mimalloc,1
addusxx_g,BaO_nat002,64000,18643,8,16,1.342000,set0,flang-openmp,mimalloc,1
addusxx_g,BaO_nat002,64000,18643,8,17,1.355000,set0,flang-openmp,mimalloc,1
addusxx_g,BaO_nat002,64000,18643,8,18,1.341000,set0,flang-openmp,mimalloc,1
addusxx_g,BaO_nat002,64000,18643,8,19,1.340000,set0,flang-openmp,mimalloc,1
addusxx_g,BaO_nat002,64000,18643,16,0,0.739000,set0,flang-openmp,mimalloc,1
addusxx_g,BaO_nat002,64000,18643,16,1,0.725000,set0,flang-openmp,mimalloc,1
addusxx_g,BaO_nat002,64000,18643,16,2,0.743000,set0,flang-openmp,mimalloc,1
addusxx_g,BaO_nat002,64000,18643,16,3,0.712000,set0,flang-openmp,mimalloc,1
addusxx_g,BaO_nat002,64000,18643,16,4,0.726000,set0,flang-openmp,mimalloc,1
addusxx_g,BaO_nat002,64000,18643,16,5,0.712000,set0,flang-openmp,mimalloc,1
addusxx_g,BaO_nat002,64000,18643,16,6,0.706000,set0,flang-openmp,mimalloc,1
addusxx_g,BaO_nat002,64000,18643,16,7,0.707000,set0,flang-openmp,mimalloc,1
addusxx_g,BaO_nat002,64000,18643,16,8,0.703000,set0,flang-openmp,mimalloc,1
addusxx_g,BaO_nat002,64000,18643,16,9,0.707000,set0,flang-openmp,mimalloc,1
addusxx_g,BaO_nat002,64000,18643,16,10,0.705000,set0,flang-openmp,mimalloc,1
addusxx_g,BaO_nat002,64000,18643,16,11,0.709000,set0,flang-openmp,mimalloc,1
addusxx_g,BaO_nat002,64000,18643,16,12,0.703000,set0,flang-openmp,mimalloc,1
addusxx_g,BaO_nat002,64000,18643,16,13,0.727000,set0,flang-openmp,mimalloc,1
addusxx_g,BaO_nat002,64000,18643,16,14,0.815000,set0,flang-openmp,mimalloc,1
addusxx_g,BaO_nat002,64000,18643,16,15,0.712000,set0,flang-openmp,mimalloc,1
addusxx_g,BaO_nat002,64000,18643,16,16,0.704000,set0,flang-openmp,mimalloc,1
addusxx_g,BaO_nat002,64000,18643,16,17,0.703000,set0,flang-openmp,mimalloc,1
addusxx_g,BaO_nat002,64000,18643,16,18,0.704000,set0,flang-openmp,mimalloc,1
addusxx_g,BaO_nat002,64000,18643,16,19,0.712000,set0,flang-openmp,mimalloc,1
addusxx_g,BaO_nat002,64000,18643,32,0,0.437000,set0,flang-openmp,mimalloc,1
addusxx_g,BaO_nat002,64000,18643,32,1,0.439000,set0,flang-openmp,mimalloc,1
addusxx_g,BaO_nat002,64000,18643,32,2,0.458000,set0,flang-openmp,mimalloc,1
addusxx_g,BaO_nat002,64000,18643,32,3,0.435000,set0,flang-openmp,mimalloc,1
addusxx_g,BaO_nat002,64000,18643,32,4,0.475000,set0,flang-openmp,mimalloc,1
addusxx_g,BaO_nat002,64000,18643,32,5,0.427000,set0,flang-openmp,mimalloc,1
addusxx_g,BaO_nat002,64000,18643,32,6,0.499000,set0,flang-openmp,mimalloc,1
addusxx_g,BaO_nat002,64000,18643,32,7,0.428000,set0,flang-openmp,mimalloc,1
addusxx_g,BaO_nat002,64000,18643,32,8,0.427000,set0,flang-openmp,mimalloc,1
addusxx_g,BaO_nat002,64000,18643,32,9,0.428000,set0,flang-openmp,mimalloc,1
addusxx_g,BaO_nat002,64000,18643,32,10,0.431000,set0,flang-openmp,mimalloc,1
addusxx_g,BaO_nat002,64000,18643,32,11,0.430000,set0,flang-openmp,mimalloc,1
addusxx_g,BaO_nat002,64000,18643,32,12,0.430000,set0,flang-openmp,mimalloc,1
addusxx_g,BaO_nat002,64000,18643,32,13,0.425000,set0,flang-openmp,mimalloc,1
addusxx_g,BaO_nat002,64000,18643,32,14,0.429000,set0,flang-openmp,mimalloc,1
addusxx_g,BaO_nat002,64000,18643,32,15,0.431000,set0,flang-openmp,mimalloc,1
addusxx_g,BaO_nat002,64000,18643,32,16,0.426000,set0,flang-openmp,mimalloc,1
addusxx_g,BaO_nat002,64000,18643,32,17,0.452000,set0,flang-openmp,mimalloc,1
addusxx_g,BaO_nat002,64000,18643,32,18,0.430000,set0,flang-openmp,mimalloc,1
addusxx_g,BaO_nat002,64000,18643,32,19,0.424000,set0,flang-openmp,mimalloc,1
addusxx_g,BaO_nat002,64000,18643,64,0,0.293000,set0,flang-openmp,mimalloc,1
addusxx_g,BaO_nat002,64000,18643,64,1,0.298000,set0,flang-openmp,mimalloc,1
addusxx_g,BaO_nat002,64000,18643,64,2,0.290000,set0,flang-openmp,mimalloc,1
addusxx_g,BaO_nat002,64000,18643,64,3,0.287000,set0,flang-openmp,mimalloc,1
addusxx_g,BaO_nat002,64000,18643,64,4,0.289000,set0,flang-openmp,mimalloc,1
addusxx_g,BaO_nat002,64000,18643,64,5,0.286000,set0,flang-openmp,mimalloc,1
addusxx_g,BaO_nat002,64000,18643,64,6,0.296000,set0,flang-openmp,mimalloc,1
addusxx_g,BaO_nat002,64000,18643,64,7,0.291000,set0,flang-openmp,mimalloc,1
addusxx_g,BaO_nat002,64000,18643,64,8,0.289000,set0,flang-openmp,mimalloc,1
addusxx_g,BaO_nat002,64000,18643,64,9,0.331000,set0,flang-openmp,mimalloc,1
addusxx_g,BaO_nat002,64000,18643,64,10,0.289000,set0,flang-openmp,mimalloc,1
addusxx_g,BaO_nat002,64000,18643,64,11,0.286000,set0,flang-openmp,mimalloc,1
addusxx_g,BaO_nat002,64000,18643,64,12,0.328000,set0,flang-openmp,mimalloc,1
addusxx_g,BaO_nat002,64000,18643,64,13,0.289000,set0,flang-openmp,mimalloc,1
addusxx_g,BaO_nat002,64000,18643,64,14,0.290000,set0,flang-openmp,mimalloc,1
addusxx_g,BaO_nat002,64000,18643,64,15,0.288000,set0,flang-openmp,mimalloc,1
addusxx_g,BaO_nat002,64000,18643,64,16,0.290000,set0,flang-openmp,mimalloc,1
addusxx_g,BaO_nat002,64000,18643,64,17,0.293000,set0,flang-openmp,mimalloc,1
addusxx_g,BaO_nat002,64000,18643,64,18,0.292000,set0,flang-openmp,mimalloc,1
addusxx_g,BaO_nat002,64000,18643,64,19,0.285000,set0,flang-openmp,mimalloc,1
addusxx_g,BaO_nat002,64000,18643,72,0,0.299000,set0,flang-openmp,mimalloc,1
addusxx_g,BaO_nat002,64000,18643,72,1,0.295000,set0,flang-openmp,mimalloc,1
addusxx_g,BaO_nat002,64000,18643,72,2,0.288000,set0,flang-openmp,mimalloc,1
addusxx_g,BaO_nat002,64000,18643,72,3,0.296000,set0,flang-openmp,mimalloc,1
addusxx_g,BaO_nat002,64000,18643,72,4,0.293000,set0,flang-openmp,mimalloc,1
addusxx_g,BaO_nat002,64000,18643,72,5,0.322000,set0,flang-openmp,mimalloc,1
addusxx_g,BaO_nat002,64000,18643,72,6,0.300000,set0,flang-openmp,mimalloc,1
addusxx_g,BaO_nat002,64000,18643,72,7,0.291000,set0,flang-openmp,mimalloc,1
addusxx_g,BaO_nat002,64000,18643,72,8,0.363000,set0,flang-openmp,mimalloc,1
addusxx_g,BaO_nat002,64000,18643,72,9,0.294000,set0,flang-openmp,mimalloc,1
addusxx_g,BaO_nat002,64000,18643,72,10,0.292000,set0,flang-openmp,mimalloc,1
addusxx_g,BaO_nat002,64000,18643,72,11,0.294000,set0,flang-openmp,mimalloc,1
addusxx_g,BaO_nat002,64000,18643,72,12,0.289000,set0,flang-openmp,mimalloc,1
addusxx_g,BaO_nat002,64000,18643,72,13,0.314000,set0,flang-openmp,mimalloc,1
addusxx_g,BaO_nat002,64000,18643,72,14,0.294000,set0,flang-openmp,mimalloc,1
addusxx_g,BaO_nat002,64000,18643,72,15,0.293000,set0,flang-openmp,mimalloc,1
addusxx_g,BaO_nat002,64000,18643,72,16,0.296000,set0,flang-openmp,mimalloc,1
addusxx_g,BaO_nat002,64000,18643,72,17,0.297000,set0,flang-openmp,mimalloc,1
addusxx_g,BaO_nat002,64000,18643,72,18,0.297000,set0,flang-openmp,mimalloc,1
addusxx_g,BaO_nat002,64000,18643,72,19,0.292000,set0,flang-openmp,mimalloc,1
addusxx_g,BaO_nat002,64000,18643,1,0,855.328000,set0_rep72,flang-openmp,mimalloc,72
addusxx_g,BaO_nat002,64000,18643,1,1,855.187000,set0_rep72,flang-openmp,mimalloc,72
addusxx_g,BaO_nat002,64000,18643,1,2,853.359000,set0_rep72,flang-openmp,mimalloc,72
addusxx_g,BaO_nat002,64000,18643,1,3,852.736000,set0_rep72,flang-openmp,mimalloc,72
addusxx_g,BaO_nat002,64000,18643,1,4,854.083000,set0_rep72,flang-openmp,mimalloc,72
addusxx_g,BaO_nat002,64000,18643,1,5,856.000000,set0_rep72,flang-openmp,mimalloc,72
addusxx_g,BaO_nat002,64000,18643,1,6,866.408000,set0_rep72,flang-openmp,mimalloc,72
addusxx_g,BaO_nat002,64000,18643,1,7,855.037000,set0_rep72,flang-openmp,mimalloc,72
addusxx_g,BaO_nat002,64000,18643,1,8,867.801000,set0_rep72,flang-openmp,mimalloc,72
addusxx_g,BaO_nat002,64000,18643,1,9,876.953000,set0_rep72,flang-openmp,mimalloc,72
addusxx_g,BaO_nat002,64000,18643,1,10,855.976000,set0_rep72,flang-openmp,mimalloc,72
addusxx_g,BaO_nat002,64000,18643,1,11,856.881000,set0_rep72,flang-openmp,mimalloc,72
addusxx_g,BaO_nat002,64000,18643,1,12,867.434000,set0_rep72,flang-openmp,mimalloc,72
addusxx_g,BaO_nat002,64000,18643,1,13,850.941000,set0_rep72,flang-openmp,mimalloc,72
addusxx_g,BaO_nat002,64000,18643,1,14,852.246000,set0_rep72,flang-openmp,mimalloc,72
addusxx_g,BaO_nat002,64000,18643,1,15,852.055000,set0_rep72,flang-openmp,mimalloc,72
addusxx_g,BaO_nat002,64000,18643,1,16,853.219000,set0_rep72,flang-openmp,mimalloc,72
addusxx_g,BaO_nat002,64000,18643,1,17,856.978000,set0_rep72,flang-openmp,mimalloc,72
addusxx_g,BaO_nat002,64000,18643,1,18,854.867000,set0_rep72,flang-openmp,mimalloc,72
addusxx_g,BaO_nat002,64000,18643,1,19,856.238000,set0_rep72,flang-openmp,mimalloc,72
addusxx_g,BaO_nat002,64000,18643,2,0,509.432000,set0_rep72,flang-openmp,mimalloc,72
addusxx_g,BaO_nat002,64000,18643,2,1,517.697000,set0_rep72,flang-openmp,mimalloc,72
addusxx_g,BaO_nat002,64000,18643,2,2,516.905000,set0_rep72,flang-openmp,mimalloc,72
addusxx_g,BaO_nat002,64000,18643,2,3,518.030000,set0_rep72,flang-openmp,mimalloc,72
addusxx_g,BaO_nat002,64000,18643,2,4,516.531000,set0_rep72,flang-openmp,mimalloc,72
addusxx_g,BaO_nat002,64000,18643,2,5,518.068000,set0_rep72,flang-openmp,mimalloc,72
addusxx_g,BaO_nat002,64000,18643,2,6,516.587000,set0_rep72,flang-openmp,mimalloc,72
addusxx_g,BaO_nat002,64000,18643,2,7,516.368000,set0_rep72,flang-openmp,mimalloc,72
addusxx_g,BaO_nat002,64000,18643,2,8,514.430000,set0_rep72,flang-openmp,mimalloc,72
addusxx_g,BaO_nat002,64000,18643,2,9,517.628000,set0_rep72,flang-openmp,mimalloc,72
addusxx_g,BaO_nat002,64000,18643,2,10,517.132000,set0_rep72,flang-openmp,mimalloc,72
addusxx_g,BaO_nat002,64000,18643,2,11,518.786000,set0_rep72,flang-openmp,mimalloc,72
addusxx_g,BaO_nat002,64000,18643,2,12,516.473000,set0_rep72,flang-openmp,mimalloc,72
addusxx_g,BaO_nat002,64000,18643,2,13,517.492000,set0_rep72,flang-openmp,mimalloc,72
addusxx_g,BaO_nat002,64000,18643,2,14,517.471000,set0_rep72,flang-openmp,mimalloc,72
addusxx_g,BaO_nat002,64000,18643,2,15,517.546000,set0_rep72,flang-openmp,mimalloc,72
addusxx_g,BaO_nat002,64000,18643,2,16,517.242000,set0_rep72,flang-openmp,mimalloc,72
addusxx_g,BaO_nat002,64000,18643,2,17,515.549000,set0_rep72,flang-openmp,mimalloc,72
addusxx_g,BaO_nat002,64000,18643,2,18,519.597000,set0_rep72,flang-openmp,mimalloc,72
addusxx_g,BaO_nat002,64000,18643,2,19,518.604000,set0_rep72,flang-openmp,mimalloc,72
addusxx_g,BaO_nat002,64000,18643,4,0,265.376000,set0_rep72,flang-openmp,mimalloc,72
addusxx_g,BaO_nat002,64000,18643,4,1,265.502000,set0_rep72,flang-openmp,mimalloc,72
addusxx_g,BaO_nat002,64000,18643,4,2,265.535000,set0_rep72,flang-openmp,mimalloc,72
addusxx_g,BaO_nat002,64000,18643,4,3,265.066000,set0_rep72,flang-openmp,mimalloc,72
addusxx_g,BaO_nat002,64000,18643,4,4,265.968000,set0_rep72,flang-openmp,mimalloc,72
addusxx_g,BaO_nat002,64000,18643,4,5,266.126000,set0_rep72,flang-openmp,mimalloc,72
addusxx_g,BaO_nat002,64000,18643,4,6,265.438000,set0_rep72,flang-openmp,mimalloc,72
addusxx_g,BaO_nat002,64000,18643,4,7,266.802000,set0_rep72,flang-openmp,mimalloc,72
addusxx_g,BaO_nat002,64000,18643,4,8,265.898000,set0_rep72,flang-openmp,mimalloc,72
addusxx_g,BaO_nat002,64000,18643,4,9,265.194000,set0_rep72,flang-openmp,mimalloc,72
addusxx_g,BaO_nat002,64000,18643,4,10,265.588000,set0_rep72,flang-openmp,mimalloc,72
addusxx_g,BaO_nat002,64000,18643,4,11,265.748000,set0_rep72,flang-openmp,mimalloc,72
addusxx_g,BaO_nat002,64000,18643,4,12,266.523000,set0_rep72,flang-openmp,mimalloc,72
addusxx_g,BaO_nat002,64000,18643,4,13,265.018000,set0_rep72,flang-openmp,mimalloc,72
addusxx_g,BaO_nat002,64000,18643,4,14,264.417000,set0_rep72,flang-openmp,mimalloc,72
addusxx_g,BaO_nat002,64000,18643,4,15,265.626000,set0_rep72,flang-openmp,mimalloc,72
addusxx_g,BaO_nat002,64000,18643,4,16,265.465000,set0_rep72,flang-openmp,mimalloc,72
addusxx_g,BaO_nat002,64000,18643,4,17,266.179000,set0_rep72,flang-openmp,mimalloc,72
addusxx_g,BaO_nat002,64000,18643,4,18,265.725000,set0_rep72,flang-openmp,mimalloc,72
addusxx_g,BaO_nat002,64000,18643,4,19,265.730000,set0_rep72,flang-openmp,mimalloc,72
addusxx_g,BaO_nat002,64000,18643,8,0,136.213000,set0_rep72,flang-openmp,mimalloc,72
addusxx_g,BaO_nat002,64000,18643,8,1,136.292000,set0_rep72,flang-openmp,mimalloc,72
addusxx_g,BaO_nat002,64000,18643,8,2,136.508000,set0_rep72,flang-openmp,mimalloc,72
addusxx_g,BaO_nat002,64000,18643,8,3,135.923000,set0_rep72,flang-openmp,mimalloc,72
addusxx_g,BaO_nat002,64000,18643,8,4,136.128000,set0_rep72,flang-openmp,mimalloc,72
addusxx_g,BaO_nat002,64000,18643,8,5,136.289000,set0_rep72,flang-openmp,mimalloc,72
addusxx_g,BaO_nat002,64000,18643,8,6,136.134000,set0_rep72,flang-openmp,mimalloc,72
addusxx_g,BaO_nat002,64000,18643,8,7,136.129000,set0_rep72,flang-openmp,mimalloc,72
addusxx_g,BaO_nat002,64000,18643,8,8,135.915000,set0_rep72,flang-openmp,mimalloc,72
addusxx_g,BaO_nat002,64000,18643,8,9,135.851000,set0_rep72,flang-openmp,mimalloc,72
addusxx_g,BaO_nat002,64000,18643,8,10,135.578000,set0_rep72,flang-openmp,mimalloc,72
addusxx_g,BaO_nat002,64000,18643,8,11,135.730000,set0_rep72,flang-openmp,mimalloc,72
addusxx_g,BaO_nat002,64000,18643,8,12,136.573000,set0_rep72,flang-openmp,mimalloc,72
addusxx_g,BaO_nat002,64000,18643,8,13,152.990000,set0_rep72,flang-openmp,mimalloc,72
addusxx_g,BaO_nat002,64000,18643,8,14,136.151000,set0_rep72,flang-openmp,mimalloc,72
addusxx_g,BaO_nat002,64000,18643,8,15,136.165000,set0_rep72,flang-openmp,mimalloc,72
addusxx_g,BaO_nat002,64000,18643,8,16,136.133000,set0_rep72,flang-openmp,mimalloc,72
addusxx_g,BaO_nat002,64000,18643,8,17,136.482000,set0_rep72,flang-openmp,mimalloc,72
addusxx_g,BaO_nat002,64000,18643,8,18,136.255000,set0_rep72,flang-openmp,mimalloc,72
addusxx_g,BaO_nat002,64000,18643,8,19,136.138000,set0_rep72,flang-openmp,mimalloc,72
addusxx_g,BaO_nat002,64000,18643,16,0,72.047000,set0_rep72,flang-openmp,mimalloc,72
addusxx_g,BaO_nat002,64000,18643,16,1,72.107000,set0_rep72,flang-openmp,mimalloc,72
addusxx_g,BaO_nat002,64000,18643,16,2,72.239000,set0_rep72,flang-openmp,mimalloc,72
addusxx_g,BaO_nat002,64000,18643,16,3,72.296000,set0_rep72,flang-openmp,mimalloc,72
addusxx_g,BaO_nat002,64000,18643,16,4,72.269000,set0_rep72,flang-openmp,mimalloc,72
addusxx_g,BaO_nat002,64000,18643,16,5,72.118000,set0_rep72,flang-openmp,mimalloc,72
addusxx_g,BaO_nat002,64000,18643,16,6,72.086000,set0_rep72,flang-openmp,mimalloc,72
addusxx_g,BaO_nat002,64000,18643,16,7,72.055000,set0_rep72,flang-openmp,mimalloc,72
addusxx_g,BaO_nat002,64000,18643,16,8,71.984000,set0_rep72,flang-openmp,mimalloc,72
addusxx_g,BaO_nat002,64000,18643,16,9,72.173000,set0_rep72,flang-openmp,mimalloc,72
addusxx_g,BaO_nat002,64000,18643,16,10,71.915000,set0_rep72,flang-openmp,mimalloc,72
addusxx_g,BaO_nat002,64000,18643,16,11,72.179000,set0_rep72,flang-openmp,mimalloc,72
addusxx_g,BaO_nat002,64000,18643,16,12,72.196000,set0_rep72,flang-openmp,mimalloc,72
addusxx_g,BaO_nat002,64000,18643,16,13,71.987000,set0_rep72,flang-openmp,mimalloc,72
addusxx_g,BaO_nat002,64000,18643,16,14,71.844000,set0_rep72,flang-openmp,mimalloc,72
addusxx_g,BaO_nat002,64000,18643,16,15,71.997000,set0_rep72,flang-openmp,mimalloc,72
addusxx_g,BaO_nat002,64000,18643,16,16,71.976000,set0_rep72,flang-openmp,mimalloc,72
addusxx_g,BaO_nat002,64000,18643,16,17,71.967000,set0_rep72,flang-openmp,mimalloc,72
addusxx_g,BaO_nat002,64000,18643,16,18,72.091000,set0_rep72,flang-openmp,mimalloc,72
addusxx_g,BaO_nat002,64000,18643,16,19,72.323000,set0_rep72,flang-openmp,mimalloc,72
addusxx_g,BaO_nat002,64000,18643,32,0,40.643000,set0_rep72,flang-openmp,mimalloc,72
addusxx_g,BaO_nat002,64000,18643,32,1,40.694000,set0_rep72,flang-openmp,mimalloc,72
addusxx_g,BaO_nat002,64000,18643,32,2,40.670000,set0_rep72,flang-openmp,mimalloc,72
addusxx_g,BaO_nat002,64000,18643,32,3,40.862000,set0_rep72,flang-openmp,mimalloc,72
addusxx_g,BaO_nat002,64000,18643,32,4,40.788000,set0_rep72,flang-openmp,mimalloc,72
addusxx_g,BaO_nat002,64000,18643,32,5,40.801000,set0_rep72,flang-openmp,mimalloc,72
addusxx_g,BaO_nat002,64000,18643,32,6,40.740000,set0_rep72,flang-openmp,mimalloc,72
addusxx_g,BaO_nat002,64000,18643,32,7,40.844000,set0_rep72,flang-openmp,mimalloc,72
addusxx_g,BaO_nat002,64000,18643,32,8,40.757000,set0_rep72,flang-openmp,mimalloc,72
addusxx_g,BaO_nat002,64000,18643,32,9,40.774000,set0_rep72,flang-openmp,mimalloc,72
addusxx_g,BaO_nat002,64000,18643,32,10,40.769000,set0_rep72,flang-openmp,mimalloc,72
addusxx_g,BaO_nat002,64000,18643,32,11,40.922000,set0_rep72,flang-openmp,mimalloc,72
addusxx_g,BaO_nat002,64000,18643,32,12,40.783000,set0_rep72,flang-openmp,mimalloc,72
addusxx_g,BaO_nat002,64000,18643,32,13,41.000000,set0_rep72,flang-openmp,mimalloc,72
addusxx_g,BaO_nat002,64000,18643,32,14,41.096000,set0_rep72,flang-openmp,mimalloc,72
addusxx_g,BaO_nat002,64000,18643,32,15,40.815000,set0_rep72,flang-openmp,mimalloc,72
addusxx_g,BaO_nat002,64000,18643,32,16,40.874000,set0_rep72,flang-openmp,mimalloc,72
addusxx_g,BaO_nat002,64000,18643,32,17,40.948000,set0_rep72,flang-openmp,mimalloc,72
addusxx_g,BaO_nat002,64000,18643,32,18,40.878000,set0_rep72,flang-openmp,mimalloc,72
addusxx_g,BaO_nat002,64000,18643,32,19,40.796000,set0_rep72,flang-openmp,mimalloc,72
addusxx_g,BaO_nat002,64000,18643,64,0,26.490000,set0_rep72,flang-openmp,mimalloc,72
addusxx_g,BaO_nat002,64000,18643,64,1,26.488000,set0_rep72,flang-openmp,mimalloc,72
addusxx_g,BaO_nat002,64000,18643,64,2,26.528000,set0_rep72,flang-openmp,mimalloc,72
addusxx_g,BaO_nat002,64000,18643,64,3,26.341000,set0_rep72,flang-openmp,mimalloc,72
addusxx_g,BaO_nat002,64000,18643,64,4,26.492000,set0_rep72,flang-openmp,mimalloc,72
addusxx_g,BaO_nat002,64000,18643,64,5,26.506000,set0_rep72,flang-openmp,mimalloc,72
addusxx_g,BaO_nat002,64000,18643,64,6,26.466000,set0_rep72,flang-openmp,mimalloc,72
addusxx_g,BaO_nat002,64000,18643,64,7,26.491000,set0_rep72,flang-openmp,mimalloc,72
addusxx_g,BaO_nat002,64000,18643,64,8,26.517000,set0_rep72,flang-openmp,mimalloc,72
addusxx_g,BaO_nat002,64000,18643,64,9,26.491000,set0_rep72,flang-openmp,mimalloc,72
addusxx_g,BaO_nat002,64000,18643,64,10,26.383000,set0_rep72,flang-openmp,mimalloc,72
addusxx_g,BaO_nat002,64000,18643,64,11,26.502000,set0_rep72,flang-openmp,mimalloc,72
addusxx_g,BaO_nat002,64000,18643,64,12,26.472000,set0_rep72,flang-openmp,mimalloc,72
addusxx_g,BaO_nat002,64000,18643,64,13,26.374000,set0_rep72,flang-openmp,mimalloc,72
addusxx_g,BaO_nat002,64000,18643,64,14,26.354000,set0_rep72,flang-openmp,mimalloc,72
addusxx_g,BaO_nat002,64000,18643,64,15,26.547000,set0_rep72,flang-openmp,mimalloc,72
addusxx_g,BaO_nat002,64000,18643,64,16,26.885000,set0_rep72,flang-openmp,mimalloc,72
addusxx_g,BaO_nat002,64000,18643,64,17,26.303000,set0_rep72,flang-openmp,mimalloc,72
addusxx_g,BaO_nat002,64000,18643,64,18,26.505000,set0_rep72,flang-openmp,mimalloc,72
addusxx_g,BaO_nat002,64000,18643,64,19,26.561000,set0_rep72,flang-openmp,mimalloc,72
addusxx_g,BaO_nat002,64000,18643,72,0,24.298000,set0_rep72,flang-openmp,mimalloc,72
addusxx_g,BaO_nat002,64000,18643,72,1,24.451000,set0_rep72,flang-openmp,mimalloc,72
addusxx_g,BaO_nat002,64000,18643,72,2,24.519000,set0_rep72,flang-openmp,mimalloc,72
addusxx_g,BaO_nat002,64000,18643,72,3,24.474000,set0_rep72,flang-openmp,mimalloc,72
addusxx_g,BaO_nat002,64000,18643,72,4,24.642000,set0_rep72,flang-openmp,mimalloc,72
addusxx_g,BaO_nat002,64000,18643,72,5,24.622000,set0_rep72,flang-openmp,mimalloc,72
addusxx_g,BaO_nat002,64000,18643,72,6,24.567000,set0_rep72,flang-openmp,mimalloc,72
addusxx_g,BaO_nat002,64000,18643,72,7,24.613000,set0_rep72,flang-openmp,mimalloc,72
addusxx_g,BaO_nat002,64000,18643,72,8,24.577000,set0_rep72,flang-openmp,mimalloc,72
addusxx_g,BaO_nat002,64000,18643,72,9,24.446000,set0_rep72,flang-openmp,mimalloc,72
addusxx_g,BaO_nat002,64000,18643,72,10,24.482000,set0_rep72,flang-openmp,mimalloc,72
addusxx_g,BaO_nat002,64000,18643,72,11,24.556000,set0_rep72,flang-openmp,mimalloc,72
addusxx_g,BaO_nat002,64000,18643,72,12,24.723000,set0_rep72,flang-openmp,mimalloc,72
addusxx_g,BaO_nat002,64000,18643,72,13,24.616000,set0_rep72,flang-openmp,mimalloc,72
addusxx_g,BaO_nat002,64000,18643,72,14,24.519000,set0_rep72,flang-openmp,mimalloc,72
addusxx_g,BaO_nat002,64000,18643,72,15,24.507000,set0_rep72,flang-openmp,mimalloc,72
addusxx_g,BaO_nat002,64000,18643,72,16,24.479000,set0_rep72,flang-openmp,mimalloc,72
addusxx_g,BaO_nat002,64000,18643,72,17,24.475000,set0_rep72,flang-openmp,mimalloc,72
addusxx_g,BaO_nat002,64000,18643,72,18,24.478000,set0_rep72,flang-openmp,mimalloc,72
addusxx_g,BaO_nat002,64000,18643,72,19,24.818000,set0_rep72,flang-openmp,mimalloc,72
addusxx_g,BaO_nat002,64000,18643,1,0,9.980000,set1,flang-openmp,mimalloc,1
addusxx_g,BaO_nat002,64000,18643,1,1,10.065000,set1,flang-openmp,mimalloc,1
addusxx_g,BaO_nat002,64000,18643,1,2,9.892000,set1,flang-openmp,mimalloc,1
addusxx_g,BaO_nat002,64000,18643,1,3,9.906000,set1,flang-openmp,mimalloc,1
addusxx_g,BaO_nat002,64000,18643,1,4,9.877000,set1,flang-openmp,mimalloc,1
addusxx_g,BaO_nat002,64000,18643,1,5,9.880000,set1,flang-openmp,mimalloc,1
addusxx_g,BaO_nat002,64000,18643,1,6,9.950000,set1,flang-openmp,mimalloc,1
addusxx_g,BaO_nat002,64000,18643,1,7,10.048000,set1,flang-openmp,mimalloc,1
addusxx_g,BaO_nat002,64000,18643,1,8,9.839000,set1,flang-openmp,mimalloc,1
addusxx_g,BaO_nat002,64000,18643,1,9,9.906000,set1,flang-openmp,mimalloc,1
addusxx_g,BaO_nat002,64000,18643,1,10,9.914000,set1,flang-openmp,mimalloc,1
addusxx_g,BaO_nat002,64000,18643,1,11,9.881000,set1,flang-openmp,mimalloc,1
addusxx_g,BaO_nat002,64000,18643,1,12,9.909000,set1,flang-openmp,mimalloc,1
addusxx_g,BaO_nat002,64000,18643,1,13,9.881000,set1,flang-openmp,mimalloc,1
addusxx_g,BaO_nat002,64000,18643,1,14,9.913000,set1,flang-openmp,mimalloc,1
addusxx_g,BaO_nat002,64000,18643,1,15,9.850000,set1,flang-openmp,mimalloc,1
addusxx_g,BaO_nat002,64000,18643,1,16,9.849000,set1,flang-openmp,mimalloc,1
addusxx_g,BaO_nat002,64000,18643,1,17,9.985000,set1,flang-openmp,mimalloc,1
addusxx_g,BaO_nat002,64000,18643,1,18,10.017000,set1,flang-openmp,mimalloc,1
addusxx_g,BaO_nat002,64000,18643,1,19,9.897000,set1,flang-openmp,mimalloc,1
addusxx_g,BaO_nat002,64000,18643,2,0,5.017000,set1,flang-openmp,mimalloc,1
addusxx_g,BaO_nat002,64000,18643,2,1,5.024000,set1,flang-openmp,mimalloc,1
addusxx_g,BaO_nat002,64000,18643,2,2,5.017000,set1,flang-openmp,mimalloc,1
addusxx_g,BaO_nat002,64000,18643,2,3,5.041000,set1,flang-openmp,mimalloc,1
addusxx_g,BaO_nat002,64000,18643,2,4,5.018000,set1,flang-openmp,mimalloc,1
addusxx_g,BaO_nat002,64000,18643,2,5,5.130000,set1,flang-openmp,mimalloc,1
addusxx_g,BaO_nat002,64000,18643,2,6,5.082000,set1,flang-openmp,mimalloc,1
addusxx_g,BaO_nat002,64000,18643,2,7,5.039000,set1,flang-openmp,mimalloc,1
addusxx_g,BaO_nat002,64000,18643,2,8,5.163000,set1,flang-openmp,mimalloc,1
addusxx_g,BaO_nat002,64000,18643,2,9,5.029000,set1,flang-openmp,mimalloc,1
addusxx_g,BaO_nat002,64000,18643,2,10,5.005000,set1,flang-openmp,mimalloc,1
addusxx_g,BaO_nat002,64000,18643,2,11,5.023000,set1,flang-openmp,mimalloc,1
addusxx_g,BaO_nat002,64000,18643,2,12,5.011000,set1,flang-openmp,mimalloc,1
addusxx_g,BaO_nat002,64000,18643,2,13,5.055000,set1,flang-openmp,mimalloc,1
addusxx_g,BaO_nat002,64000,18643,2,14,5.029000,set1,flang-openmp,mimalloc,1
addusxx_g,BaO_nat002,64000,18643,2,15,5.027000,set1,flang-openmp,mimalloc,1
addusxx_g,BaO_nat002,64000,18643,2,16,5.049000,set1,flang-openmp,mimalloc,1
addusxx_g,BaO_nat002,64000,18643,2,17,5.038000,set1,flang-openmp,mimalloc,1
addusxx_g,BaO_nat002,64000,18643,2,18,5.046000,set1,flang-openmp,mimalloc,1
addusxx_g,BaO_nat002,64000,18643,2,19,5.021000,set1,flang-openmp,mimalloc,1
addusxx_g,BaO_nat002,64000,18643,4,0,2.566000,set1,flang-openmp,mimalloc,1
addusxx_g,BaO_nat002,64000,18643,4,1,2.558000,set1,flang-openmp,mimalloc,1
addusxx_g,BaO_nat002,64000,18643,4,2,2.565000,set1,flang-openmp,mimalloc,1
addusxx_g,BaO_nat002,64000,18643,4,3,2.551000,set1,flang-openmp,mimalloc,1
addusxx_g,BaO_nat002,64000,18643,4,4,2.537000,set1,flang-openmp,mimalloc,1
addusxx_g,BaO_nat002,64000,18643,4,5,2.540000,set1,flang-openmp,mimalloc,1
addusxx_g,BaO_nat002,64000,18643,4,6,2.576000,set1,flang-openmp,mimalloc,1
addusxx_g,BaO_nat002,64000,18643,4,7,2.563000,set1,flang-openmp,mimalloc,1
addusxx_g,BaO_nat002,64000,18643,4,8,2.597000,set1,flang-openmp,mimalloc,1
addusxx_g,BaO_nat002,64000,18643,4,9,2.563000,set1,flang-openmp,mimalloc,1
addusxx_g,BaO_nat002,64000,18643,4,10,2.533000,set1,flang-openmp,mimalloc,1
addusxx_g,BaO_nat002,64000,18643,4,11,2.537000,set1,flang-openmp,mimalloc,1
addusxx_g,BaO_nat002,64000,18643,4,12,2.524000,set1,flang-openmp,mimalloc,1
addusxx_g,BaO_nat002,64000,18643,4,13,2.540000,set1,flang-openmp,mimalloc,1
addusxx_g,BaO_nat002,64000,18643,4,14,2.563000,set1,flang-openmp,mimalloc,1
addusxx_g,BaO_nat002,64000,18643,4,15,2.538000,set1,flang-openmp,mimalloc,1
addusxx_g,BaO_nat002,64000,18643,4,16,2.541000,set1,flang-openmp,mimalloc,1
addusxx_g,BaO_nat002,64000,18643,4,17,2.611000,set1,flang-openmp,mimalloc,1
addusxx_g,BaO_nat002,64000,18643,4,18,2.538000,set1,flang-openmp,mimalloc,1
addusxx_g,BaO_nat002,64000,18643,4,19,2.529000,set1,flang-openmp,mimalloc,1
addusxx_g,BaO_nat002,64000,18643,8,0,1.376000,set1,flang-openmp,mimalloc,1
addusxx_g,BaO_nat002,64000,18643,8,1,1.364000,set1,flang-openmp,mimalloc,1
addusxx_g,BaO_nat002,64000,18643,8,2,1.358000,set1,flang-openmp,mimalloc,1
addusxx_g,BaO_nat002,64000,18643,8,3,1.346000,set1,flang-openmp,mimalloc,1
addusxx_g,BaO_nat002,64000,18643,8,4,1.358000,set1,flang-openmp,mimalloc,1
addusxx_g,BaO_nat002,64000,18643,8,5,1.350000,set1,flang-openmp,mimalloc,1
addusxx_g,BaO_nat002,64000,18643,8,6,1.342000,set1,flang-openmp,mimalloc,1
addusxx_g,BaO_nat002,64000,18643,8,7,1.363000,set1,flang-openmp,mimalloc,1
addusxx_g,BaO_nat002,64000,18643,8,8,1.347000,set1,flang-openmp,mimalloc,1
addusxx_g,BaO_nat002,64000,18643,8,9,1.360000,set1,flang-openmp,mimalloc,1
addusxx_g,BaO_nat002,64000,18643,8,10,1.362000,set1,flang-openmp,mimalloc,1
addusxx_g,BaO_nat002,64000,18643,8,11,1.345000,set1,flang-openmp,mimalloc,1
addusxx_g,BaO_nat002,64000,18643,8,12,1.359000,set1,flang-openmp,mimalloc,1
addusxx_g,BaO_nat002,64000,18643,8,13,1.377000,set1,flang-openmp,mimalloc,1
addusxx_g,BaO_nat002,64000,18643,8,14,1.345000,set1,flang-openmp,mimalloc,1
addusxx_g,BaO_nat002,64000,18643,8,15,1.355000,set1,flang-openmp,mimalloc,1
addusxx_g,BaO_nat002,64000,18643,8,16,1.345000,set1,flang-openmp,mimalloc,1
addusxx_g,BaO_nat002,64000,18643,8,17,1.344000,set1,flang-openmp,mimalloc,1
addusxx_g,BaO_nat002,64000,18643,8,18,1.350000,set1,flang-openmp,mimalloc,1
addusxx_g,BaO_nat002,64000,18643,8,19,1.345000,set1,flang-openmp,mimalloc,1
addusxx_g,BaO_nat002,64000,18643,16,0,0.734000,set1,flang-openmp,mimalloc,1
addusxx_g,BaO_nat002,64000,18643,16,1,0.722000,set1,flang-openmp,mimalloc,1
addusxx_g,BaO_nat002,64000,18643,16,2,0.713000,set1,flang-openmp,mimalloc,1
addusxx_g,BaO_nat002,64000,18643,16,3,0.706000,set1,flang-openmp,mimalloc,1
addusxx_g,BaO_nat002,64000,18643,16,4,0.705000,set1,flang-openmp,mimalloc,1
addusxx_g,BaO_nat002,64000,18643,16,5,0.708000,set1,flang-openmp,mimalloc,1
addusxx_g,BaO_nat002,64000,18643,16,6,0.713000,set1,flang-openmp,mimalloc,1
addusxx_g,BaO_nat002,64000,18643,16,7,0.702000,set1,flang-openmp,mimalloc,1
addusxx_g,BaO_nat002,64000,18643,16,8,0.703000,set1,flang-openmp,mimalloc,1
addusxx_g,BaO_nat002,64000,18643,16,9,0.705000,set1,flang-openmp,mimalloc,1
addusxx_g,BaO_nat002,64000,18643,16,10,0.701000,set1,flang-openmp,mimalloc,1
addusxx_g,BaO_nat002,64000,18643,16,11,0.701000,set1,flang-openmp,mimalloc,1
addusxx_g,BaO_nat002,64000,18643,16,12,0.764000,set1,flang-openmp,mimalloc,1
addusxx_g,BaO_nat002,64000,18643,16,13,0.698000,set1,flang-openmp,mimalloc,1
addusxx_g,BaO_nat002,64000,18643,16,14,0.707000,set1,flang-openmp,mimalloc,1
addusxx_g,BaO_nat002,64000,18643,16,15,0.759000,set1,flang-openmp,mimalloc,1
addusxx_g,BaO_nat002,64000,18643,16,16,0.697000,set1,flang-openmp,mimalloc,1
addusxx_g,BaO_nat002,64000,18643,16,17,0.701000,set1,flang-openmp,mimalloc,1
addusxx_g,BaO_nat002,64000,18643,16,18,0.702000,set1,flang-openmp,mimalloc,1
addusxx_g,BaO_nat002,64000,18643,16,19,0.698000,set1,flang-openmp,mimalloc,1
addusxx_g,BaO_nat002,64000,18643,32,0,0.436000,set1,flang-openmp,mimalloc,1
addusxx_g,BaO_nat002,64000,18643,32,1,0.433000,set1,flang-openmp,mimalloc,1
addusxx_g,BaO_nat002,64000,18643,32,2,0.456000,set1,flang-openmp,mimalloc,1
addusxx_g,BaO_nat002,64000,18643,32,3,0.438000,set1,flang-openmp,mimalloc,1
addusxx_g,BaO_nat002,64000,18643,32,4,0.461000,set1,flang-openmp,mimalloc,1
addusxx_g,BaO_nat002,64000,18643,32,5,0.429000,set1,flang-openmp,mimalloc,1
addusxx_g,BaO_nat002,64000,18643,32,6,0.431000,set1,flang-openmp,mimalloc,1
addusxx_g,BaO_nat002,64000,18643,32,7,0.429000,set1,flang-openmp,mimalloc,1
addusxx_g,BaO_nat002,64000,18643,32,8,0.430000,set1,flang-openmp,mimalloc,1
addusxx_g,BaO_nat002,64000,18643,32,9,0.426000,set1,flang-openmp,mimalloc,1
addusxx_g,BaO_nat002,64000,18643,32,10,0.435000,set1,flang-openmp,mimalloc,1
addusxx_g,BaO_nat002,64000,18643,32,11,0.432000,set1,flang-openmp,mimalloc,1
addusxx_g,BaO_nat002,64000,18643,32,12,0.427000,set1,flang-openmp,mimalloc,1
addusxx_g,BaO_nat002,64000,18643,32,13,0.428000,set1,flang-openmp,mimalloc,1
addusxx_g,BaO_nat002,64000,18643,32,14,0.427000,set1,flang-openmp,mimalloc,1
addusxx_g,BaO_nat002,64000,18643,32,15,0.482000,set1,flang-openmp,mimalloc,1
addusxx_g,BaO_nat002,64000,18643,32,16,0.427000,set1,flang-openmp,mimalloc,1
addusxx_g,BaO_nat002,64000,18643,32,17,0.432000,set1,flang-openmp,mimalloc,1
addusxx_g,BaO_nat002,64000,18643,32,18,0.433000,set1,flang-openmp,mimalloc,1
addusxx_g,BaO_nat002,64000,18643,32,19,0.437000,set1,flang-openmp,mimalloc,1
addusxx_g,BaO_nat002,64000,18643,64,0,0.287000,set1,flang-openmp,mimalloc,1
addusxx_g,BaO_nat002,64000,18643,64,1,0.290000,set1,flang-openmp,mimalloc,1
addusxx_g,BaO_nat002,64000,18643,64,2,0.288000,set1,flang-openmp,mimalloc,1
addusxx_g,BaO_nat002,64000,18643,64,3,0.287000,set1,flang-openmp,mimalloc,1
addusxx_g,BaO_nat002,64000,18643,64,4,0.330000,set1,flang-openmp,mimalloc,1
addusxx_g,BaO_nat002,64000,18643,64,5,0.286000,set1,flang-openmp,mimalloc,1
addusxx_g,BaO_nat002,64000,18643,64,6,0.291000,set1,flang-openmp,mimalloc,1
addusxx_g,BaO_nat002,64000,18643,64,7,0.350000,set1,flang-openmp,mimalloc,1
addusxx_g,BaO_nat002,64000,18643,64,8,0.293000,set1,flang-openmp,mimalloc,1
addusxx_g,BaO_nat002,64000,18643,64,9,0.286000,set1,flang-openmp,mimalloc,1
addusxx_g,BaO_nat002,64000,18643,64,10,0.285000,set1,flang-openmp,mimalloc,1
addusxx_g,BaO_nat002,64000,18643,64,11,0.287000,set1,flang-openmp,mimalloc,1
addusxx_g,BaO_nat002,64000,18643,64,12,0.286000,set1,flang-openmp,mimalloc,1
addusxx_g,BaO_nat002,64000,18643,64,13,0.287000,set1,flang-openmp,mimalloc,1
addusxx_g,BaO_nat002,64000,18643,64,14,0.283000,set1,flang-openmp,mimalloc,1
addusxx_g,BaO_nat002,64000,18643,64,15,0.285000,set1,flang-openmp,mimalloc,1
addusxx_g,BaO_nat002,64000,18643,64,16,0.285000,set1,flang-openmp,mimalloc,1
addusxx_g,BaO_nat002,64000,18643,64,17,0.283000,set1,flang-openmp,mimalloc,1
addusxx_g,BaO_nat002,64000,18643,64,18,0.288000,set1,flang-openmp,mimalloc,1
addusxx_g,BaO_nat002,64000,18643,64,19,0.281000,set1,flang-openmp,mimalloc,1
addusxx_g,BaO_nat002,64000,18643,72,0,0.292000,set1,flang-openmp,mimalloc,1
addusxx_g,BaO_nat002,64000,18643,72,1,0.292000,set1,flang-openmp,mimalloc,1
addusxx_g,BaO_nat002,64000,18643,72,2,0.291000,set1,flang-openmp,mimalloc,1
addusxx_g,BaO_nat002,64000,18643,72,3,0.289000,set1,flang-openmp,mimalloc,1
addusxx_g,BaO_nat002,64000,18643,72,4,0.287000,set1,flang-openmp,mimalloc,1
addusxx_g,BaO_nat002,64000,18643,72,5,0.285000,set1,flang-openmp,mimalloc,1
addusxx_g,BaO_nat002,64000,18643,72,6,0.294000,set1,flang-openmp,mimalloc,1
addusxx_g,BaO_nat002,64000,18643,72,7,0.287000,set1,flang-openmp,mimalloc,1
addusxx_g,BaO_nat002,64000,18643,72,8,0.287000,set1,flang-openmp,mimalloc,1
addusxx_g,BaO_nat002,64000,18643,72,9,0.287000,set1,flang-openmp,mimalloc,1
addusxx_g,BaO_nat002,64000,18643,72,10,0.288000,set1,flang-openmp,mimalloc,1
addusxx_g,BaO_nat002,64000,18643,72,11,0.287000,set1,flang-openmp,mimalloc,1
addusxx_g,BaO_nat002,64000,18643,72,12,0.286000,set1,flang-openmp,mimalloc,1
addusxx_g,BaO_nat002,64000,18643,72,13,0.285000,set1,flang-openmp,mimalloc,1
addusxx_g,BaO_nat002,64000,18643,72,14,0.289000,set1,flang-openmp,mimalloc,1
addusxx_g,BaO_nat002,64000,18643,72,15,0.286000,set1,flang-openmp,mimalloc,1
addusxx_g,BaO_nat002,64000,18643,72,16,0.324000,set1,flang-openmp,mimalloc,1
addusxx_g,BaO_nat002,64000,18643,72,17,0.288000,set1,flang-openmp,mimalloc,1
addusxx_g,BaO_nat002,64000,18643,72,18,0.285000,set1,flang-openmp,mimalloc,1
addusxx_g,BaO_nat002,64000,18643,72,19,0.325000,set1,flang-openmp,mimalloc,1
addusxx_g,BaO_nat002,64000,18643,1,0,862.135000,set1_rep72,flang-openmp,mimalloc,72
addusxx_g,BaO_nat002,64000,18643,1,1,861.321000,set1_rep72,flang-openmp,mimalloc,72
addusxx_g,BaO_nat002,64000,18643,1,2,873.364000,set1_rep72,flang-openmp,mimalloc,72
addusxx_g,BaO_nat002,64000,18643,1,3,859.778000,set1_rep72,flang-openmp,mimalloc,72
addusxx_g,BaO_nat002,64000,18643,1,4,870.006000,set1_rep72,flang-openmp,mimalloc,72
addusxx_g,BaO_nat002,64000,18643,1,5,858.015000,set1_rep72,flang-openmp,mimalloc,72
addusxx_g,BaO_nat002,64000,18643,1,6,862.384000,set1_rep72,flang-openmp,mimalloc,72
addusxx_g,BaO_nat002,64000,18643,1,7,860.260000,set1_rep72,flang-openmp,mimalloc,72
addusxx_g,BaO_nat002,64000,18643,1,8,859.955000,set1_rep72,flang-openmp,mimalloc,72
addusxx_g,BaO_nat002,64000,18643,1,9,861.371000,set1_rep72,flang-openmp,mimalloc,72
addusxx_g,BaO_nat002,64000,18643,1,10,870.594000,set1_rep72,flang-openmp,mimalloc,72
addusxx_g,BaO_nat002,64000,18643,1,11,860.752000,set1_rep72,flang-openmp,mimalloc,72
addusxx_g,BaO_nat002,64000,18643,1,12,866.060000,set1_rep72,flang-openmp,mimalloc,72
addusxx_g,BaO_nat002,64000,18643,1,13,858.940000,set1_rep72,flang-openmp,mimalloc,72
addusxx_g,BaO_nat002,64000,18643,1,14,859.748000,set1_rep72,flang-openmp,mimalloc,72
addusxx_g,BaO_nat002,64000,18643,1,15,859.381000,set1_rep72,flang-openmp,mimalloc,72
addusxx_g,BaO_nat002,64000,18643,1,16,860.698000,set1_rep72,flang-openmp,mimalloc,72
addusxx_g,BaO_nat002,64000,18643,1,17,875.567000,set1_rep72,flang-openmp,mimalloc,72
addusxx_g,BaO_nat002,64000,18643,1,18,866.885000,set1_rep72,flang-openmp,mimalloc,72
addusxx_g,BaO_nat002,64000,18643,1,19,866.189000,set1_rep72,flang-openmp,mimalloc,72
addusxx_g,BaO_nat002,64000,18643,2,0,510.820000,set1_rep72,flang-openmp,mimalloc,72
addusxx_g,BaO_nat002,64000,18643,2,1,512.094000,set1_rep72,flang-openmp,mimalloc,72
addusxx_g,BaO_nat002,64000,18643,2,2,511.609000,set1_rep72,flang-openmp,mimalloc,72
addusxx_g,BaO_nat002,64000,18643,2,3,509.846000,set1_rep72,flang-openmp,mimalloc,72
addusxx_g,BaO_nat002,64000,18643,2,4,511.020000,set1_rep72,flang-openmp,mimalloc,72
addusxx_g,BaO_nat002,64000,18643,2,5,511.581000,set1_rep72,flang-openmp,mimalloc,72
addusxx_g,BaO_nat002,64000,18643,2,6,512.508000,set1_rep72,flang-openmp,mimalloc,72
addusxx_g,BaO_nat002,64000,18643,2,7,509.583000,set1_rep72,flang-openmp,mimalloc,72
addusxx_g,BaO_nat002,64000,18643,2,8,512.491000,set1_rep72,flang-openmp,mimalloc,72
addusxx_g,BaO_nat002,64000,18643,2,9,512.069000,set1_rep72,flang-openmp,mimalloc,72
addusxx_g,BaO_nat002,64000,18643,2,10,511.502000,set1_rep72,flang-openmp,mimalloc,72
addusxx_g,BaO_nat002,64000,18643,2,11,507.125000,set1_rep72,flang-openmp,mimalloc,72
addusxx_g,BaO_nat002,64000,18643,2,12,510.566000,set1_rep72,flang-openmp,mimalloc,72
addusxx_g,BaO_nat002,64000,18643,2,13,513.659000,set1_rep72,flang-openmp,mimalloc,72
addusxx_g,BaO_nat002,64000,18643,2,14,510.764000,set1_rep72,flang-openmp,mimalloc,72
addusxx_g,BaO_nat002,64000,18643,2,15,512.377000,set1_rep72,flang-openmp,mimalloc,72
addusxx_g,BaO_nat002,64000,18643,2,16,509.618000,set1_rep72,flang-openmp,mimalloc,72
addusxx_g,BaO_nat002,64000,18643,2,17,512.244000,set1_rep72,flang-openmp,mimalloc,72
addusxx_g,BaO_nat002,64000,18643,2,18,512.944000,set1_rep72,flang-openmp,mimalloc,72
addusxx_g,BaO_nat002,64000,18643,2,19,511.345000,set1_rep72,flang-openmp,mimalloc,72
addusxx_g,BaO_nat002,64000,18643,4,0,267.358000,set1_rep72,flang-openmp,mimalloc,72
addusxx_g,BaO_nat002,64000,18643,4,1,266.563000,set1_rep72,flang-openmp,mimalloc,72
addusxx_g,BaO_nat002,64000,18643,4,2,266.463000,set1_rep72,flang-openmp,mimalloc,72
addusxx_g,BaO_nat002,64000,18643,4,3,266.012000,set1_rep72,flang-openmp,mimalloc,72
addusxx_g,BaO_nat002,64000,18643,4,4,267.464000,set1_rep72,flang-openmp,mimalloc,72
addusxx_g,BaO_nat002,64000,18643,4,5,267.334000,set1_rep72,flang-openmp,mimalloc,72
addusxx_g,BaO_nat002,64000,18643,4,6,266.454000,set1_rep72,flang-openmp,mimalloc,72
addusxx_g,BaO_nat002,64000,18643,4,7,267.049000,set1_rep72,flang-openmp,mimalloc,72
addusxx_g,BaO_nat002,64000,18643,4,8,267.508000,set1_rep72,flang-openmp,mimalloc,72
addusxx_g,BaO_nat002,64000,18643,4,9,267.246000,set1_rep72,flang-openmp,mimalloc,72
addusxx_g,BaO_nat002,64000,18643,4,10,266.469000,set1_rep72,flang-openmp,mimalloc,72
addusxx_g,BaO_nat002,64000,18643,4,11,267.231000,set1_rep72,flang-openmp,mimalloc,72
addusxx_g,BaO_nat002,64000,18643,4,12,266.519000,set1_rep72,flang-openmp,mimalloc,72
addusxx_g,BaO_nat002,64000,18643,4,13,266.926000,set1_rep72,flang-openmp,mimalloc,72
addusxx_g,BaO_nat002,64000,18643,4,14,266.758000,set1_rep72,flang-openmp,mimalloc,72
addusxx_g,BaO_nat002,64000,18643,4,15,266.352000,set1_rep72,flang-openmp,mimalloc,72
addusxx_g,BaO_nat002,64000,18643,4,16,267.651000,set1_rep72,flang-openmp,mimalloc,72
addusxx_g,BaO_nat002,64000,18643,4,17,266.905000,set1_rep72,flang-openmp,mimalloc,72
addusxx_g,BaO_nat002,64000,18643,4,18,266.828000,set1_rep72,flang-openmp,mimalloc,72
addusxx_g,BaO_nat002,64000,18643,4,19,267.506000,set1_rep72,flang-openmp,mimalloc,72
addusxx_g,BaO_nat002,64000,18643,8,0,137.517000,set1_rep72,flang-openmp,mimalloc,72
addusxx_g,BaO_nat002,64000,18643,8,1,138.105000,set1_rep72,flang-openmp,mimalloc,72
addusxx_g,BaO_nat002,64000,18643,8,2,137.741000,set1_rep72,flang-openmp,mimalloc,72
addusxx_g,BaO_nat002,64000,18643,8,3,137.427000,set1_rep72,flang-openmp,mimalloc,72
addusxx_g,BaO_nat002,64000,18643,8,4,137.517000,set1_rep72,flang-openmp,mimalloc,72
addusxx_g,BaO_nat002,64000,18643,8,5,137.739000,set1_rep72,flang-openmp,mimalloc,72
addusxx_g,BaO_nat002,64000,18643,8,6,138.383000,set1_rep72,flang-openmp,mimalloc,72
addusxx_g,BaO_nat002,64000,18643,8,7,137.681000,set1_rep72,flang-openmp,mimalloc,72
addusxx_g,BaO_nat002,64000,18643,8,8,137.610000,set1_rep72,flang-openmp,mimalloc,72
addusxx_g,BaO_nat002,64000,18643,8,9,137.393000,set1_rep72,flang-openmp,mimalloc,72
addusxx_g,BaO_nat002,64000,18643,8,10,137.845000,set1_rep72,flang-openmp,mimalloc,72
addusxx_g,BaO_nat002,64000,18643,8,11,137.737000,set1_rep72,flang-openmp,mimalloc,72
addusxx_g,BaO_nat002,64000,18643,8,12,137.878000,set1_rep72,flang-openmp,mimalloc,72
addusxx_g,BaO_nat002,64000,18643,8,13,137.641000,set1_rep72,flang-openmp,mimalloc,72
addusxx_g,BaO_nat002,64000,18643,8,14,137.717000,set1_rep72,flang-openmp,mimalloc,72
addusxx_g,BaO_nat002,64000,18643,8,15,137.619000,set1_rep72,flang-openmp,mimalloc,72
addusxx_g,BaO_nat002,64000,18643,8,16,137.824000,set1_rep72,flang-openmp,mimalloc,72
addusxx_g,BaO_nat002,64000,18643,8,17,137.769000,set1_rep72,flang-openmp,mimalloc,72
addusxx_g,BaO_nat002,64000,18643,8,18,137.429000,set1_rep72,flang-openmp,mimalloc,72
addusxx_g,BaO_nat002,64000,18643,8,19,138.103000,set1_rep72,flang-openmp,mimalloc,72
addusxx_g,BaO_nat002,64000,18643,16,0,72.265000,set1_rep72,flang-openmp,mimalloc,72
addusxx_g,BaO_nat002,64000,18643,16,1,72.117000,set1_rep72,flang-openmp,mimalloc,72
addusxx_g,BaO_nat002,64000,18643,16,2,72.209000,set1_rep72,flang-openmp,mimalloc,72
addusxx_g,BaO_nat002,64000,18643,16,3,72.014000,set1_rep72,flang-openmp,mimalloc,72
addusxx_g,BaO_nat002,64000,18643,16,4,71.923000,set1_rep72,flang-openmp,mimalloc,72
addusxx_g,BaO_nat002,64000,18643,16,5,71.994000,set1_rep72,flang-openmp,mimalloc,72
addusxx_g,BaO_nat002,64000,18643,16,6,72.242000,set1_rep72,flang-openmp,mimalloc,72
addusxx_g,BaO_nat002,64000,18643,16,7,72.070000,set1_rep72,flang-openmp,mimalloc,72
addusxx_g,BaO_nat002,64000,18643,16,8,72.258000,set1_rep72,flang-openmp,mimalloc,72
addusxx_g,BaO_nat002,64000,18643,16,9,72.012000,set1_rep72,flang-openmp,mimalloc,72
addusxx_g,BaO_nat002,64000,18643,16,10,72.937000,set1_rep72,flang-openmp,mimalloc,72
addusxx_g,BaO_nat002,64000,18643,16,11,72.071000,set1_rep72,flang-openmp,mimalloc,72
addusxx_g,BaO_nat002,64000,18643,16,12,72.427000,set1_rep72,flang-openmp,mimalloc,72
addusxx_g,BaO_nat002,64000,18643,16,13,72.298000,set1_rep72,flang-openmp,mimalloc,72
addusxx_g,BaO_nat002,64000,18643,16,14,72.106000,set1_rep72,flang-openmp,mimalloc,72
addusxx_g,BaO_nat002,64000,18643,16,15,71.882000,set1_rep72,flang-openmp,mimalloc,72
addusxx_g,BaO_nat002,64000,18643,16,16,72.361000,set1_rep72,flang-openmp,mimalloc,72
addusxx_g,BaO_nat002,64000,18643,16,17,72.089000,set1_rep72,flang-openmp,mimalloc,72
addusxx_g,BaO_nat002,64000,18643,16,18,72.300000,set1_rep72,flang-openmp,mimalloc,72
addusxx_g,BaO_nat002,64000,18643,16,19,72.251000,set1_rep72,flang-openmp,mimalloc,72
addusxx_g,BaO_nat002,64000,18643,32,0,40.933000,set1_rep72,flang-openmp,mimalloc,72
addusxx_g,BaO_nat002,64000,18643,32,1,41.117000,set1_rep72,flang-openmp,mimalloc,72
addusxx_g,BaO_nat002,64000,18643,32,2,41.139000,set1_rep72,flang-openmp,mimalloc,72
addusxx_g,BaO_nat002,64000,18643,32,3,41.091000,set1_rep72,flang-openmp,mimalloc,72
addusxx_g,BaO_nat002,64000,18643,32,4,41.337000,set1_rep72,flang-openmp,mimalloc,72
addusxx_g,BaO_nat002,64000,18643,32,5,41.076000,set1_rep72,flang-openmp,mimalloc,72
addusxx_g,BaO_nat002,64000,18643,32,6,40.875000,set1_rep72,flang-openmp,mimalloc,72
addusxx_g,BaO_nat002,64000,18643,32,7,40.989000,set1_rep72,flang-openmp,mimalloc,72
addusxx_g,BaO_nat002,64000,18643,32,8,41.157000,set1_rep72,flang-openmp,mimalloc,72
addusxx_g,BaO_nat002,64000,18643,32,9,40.948000,set1_rep72,flang-openmp,mimalloc,72
addusxx_g,BaO_nat002,64000,18643,32,10,40.980000,set1_rep72,flang-openmp,mimalloc,72
addusxx_g,BaO_nat002,64000,18643,32,11,40.948000,set1_rep72,flang-openmp,mimalloc,72
addusxx_g,BaO_nat002,64000,18643,32,12,40.804000,set1_rep72,flang-openmp,mimalloc,72
addusxx_g,BaO_nat002,64000,18643,32,13,41.134000,set1_rep72,flang-openmp,mimalloc,72
addusxx_g,BaO_nat002,64000,18643,32,14,40.926000,set1_rep72,flang-openmp,mimalloc,72
addusxx_g,BaO_nat002,64000,18643,32,15,40.960000,set1_rep72,flang-openmp,mimalloc,72
addusxx_g,BaO_nat002,64000,18643,32,16,40.800000,set1_rep72,flang-openmp,mimalloc,72
addusxx_g,BaO_nat002,64000,18643,32,17,41.107000,set1_rep72,flang-openmp,mimalloc,72
addusxx_g,BaO_nat002,64000,18643,32,18,41.196000,set1_rep72,flang-openmp,mimalloc,72
addusxx_g,BaO_nat002,64000,18643,32,19,40.922000,set1_rep72,flang-openmp,mimalloc,72
addusxx_g,BaO_nat002,64000,18643,64,0,26.597000,set1_rep72,flang-openmp,mimalloc,72
addusxx_g,BaO_nat002,64000,18643,64,1,26.559000,set1_rep72,flang-openmp,mimalloc,72
addusxx_g,BaO_nat002,64000,18643,64,2,26.540000,set1_rep72,flang-openmp,mimalloc,72
addusxx_g,BaO_nat002,64000,18643,64,3,26.642000,set1_rep72,flang-openmp,mimalloc,72
addusxx_g,BaO_nat002,64000,18643,64,4,26.473000,set1_rep72,flang-openmp,mimalloc,72
addusxx_g,BaO_nat002,64000,18643,64,5,26.578000,set1_rep72,flang-openmp,mimalloc,72
addusxx_g,BaO_nat002,64000,18643,64,6,26.540000,set1_rep72,flang-openmp,mimalloc,72
addusxx_g,BaO_nat002,64000,18643,64,7,26.504000,set1_rep72,flang-openmp,mimalloc,72
addusxx_g,BaO_nat002,64000,18643,64,8,26.380000,set1_rep72,flang-openmp,mimalloc,72
addusxx_g,BaO_nat002,64000,18643,64,9,26.553000,set1_rep72,flang-openmp,mimalloc,72
addusxx_g,BaO_nat002,64000,18643,64,10,26.618000,set1_rep72,flang-openmp,mimalloc,72
addusxx_g,BaO_nat002,64000,18643,64,11,26.595000,set1_rep72,flang-openmp,mimalloc,72
addusxx_g,BaO_nat002,64000,18643,64,12,26.705000,set1_rep72,flang-openmp,mimalloc,72
addusxx_g,BaO_nat002,64000,18643,64,13,26.450000,set1_rep72,flang-openmp,mimalloc,72
addusxx_g,BaO_nat002,64000,18643,64,14,26.465000,set1_rep72,flang-openmp,mimalloc,72
addusxx_g,BaO_nat002,64000,18643,64,15,26.723000,set1_rep72,flang-openmp,mimalloc,72
addusxx_g,BaO_nat002,64000,18643,64,16,26.472000,set1_rep72,flang-openmp,mimalloc,72
addusxx_g,BaO_nat002,64000,18643,64,17,26.595000,set1_rep72,flang-openmp,mimalloc,72
addusxx_g,BaO_nat002,64000,18643,64,18,26.525000,set1_rep72,flang-openmp,mimalloc,72
addusxx_g,BaO_nat002,64000,18643,64,19,26.583000,set1_rep72,flang-openmp,mimalloc,72
addusxx_g,BaO_nat002,64000,18643,72,0,24.409000,set1_rep72,flang-openmp,mimalloc,72
addusxx_g,BaO_nat002,64000,18643,72,1,24.562000,set1_rep72,flang-openmp,mimalloc,72
addusxx_g,BaO_nat002,64000,18643,72,2,24.543000,set1_rep72,flang-openmp,mimalloc,72
addusxx_g,BaO_nat002,64000,18643,72,3,24.674000,set1_rep72,flang-openmp,mimalloc,72
addusxx_g,BaO_nat002,64000,18643,72,4,24.559000,set1_rep72,flang-openmp,mimalloc,72
addusxx_g,BaO_nat002,64000,18643,72,5,24.731000,set1_rep72,flang-openmp,mimalloc,72
addusxx_g,BaO_nat002,64000,18643,72,6,24.638000,set1_rep72,flang-openmp,mimalloc,72
addusxx_g,BaO_nat002,64000,18643,72,7,24.562000,set1_rep72,flang-openmp,mimalloc,72
addusxx_g,BaO_nat002,64000,18643,72,8,24.616000,set1_rep72,flang-openmp,mimalloc,72
addusxx_g,BaO_nat002,64000,18643,72,9,24.704000,set1_rep72,flang-openmp,mimalloc,72
addusxx_g,BaO_nat002,64000,18643,72,10,24.565000,set1_rep72,flang-openmp,mimalloc,72
addusxx_g,BaO_nat002,64000,18643,72,11,24.643000,set1_rep72,flang-openmp,mimalloc,72
addusxx_g,BaO_nat002,64000,18643,72,12,24.597000,set1_rep72,flang-openmp,mimalloc,72
addusxx_g,BaO_nat002,64000,18643,72,13,24.557000,set1_rep72,flang-openmp,mimalloc,72
addusxx_g,BaO_nat002,64000,18643,72,14,24.643000,set1_rep72,flang-openmp,mimalloc,72
addusxx_g,BaO_nat002,64000,18643,72,15,24.698000,set1_rep72,flang-openmp,mimalloc,72
addusxx_g,BaO_nat002,64000,18643,72,16,24.696000,set1_rep72,flang-openmp,mimalloc,72
addusxx_g,BaO_nat002,64000,18643,72,17,24.491000,set1_rep72,flang-openmp,mimalloc,72
addusxx_g,BaO_nat002,64000,18643,72,18,24.572000,set1_rep72,flang-openmp,mimalloc,72
addusxx_g,BaO_nat002,64000,18643,72,19,24.558000,set1_rep72,flang-openmp,mimalloc,72
addusxx_g,BaTiO3_nat005,64000,27609,1,0,33.896000,set0,flang-openmp,mimalloc,1
addusxx_g,BaTiO3_nat005,64000,27609,1,1,33.898000,set0,flang-openmp,mimalloc,1
addusxx_g,BaTiO3_nat005,64000,27609,1,2,34.391000,set0,flang-openmp,mimalloc,1
addusxx_g,BaTiO3_nat005,64000,27609,1,3,33.954000,set0,flang-openmp,mimalloc,1
addusxx_g,BaTiO3_nat005,64000,27609,1,4,34.402000,set0,flang-openmp,mimalloc,1
addusxx_g,BaTiO3_nat005,64000,27609,1,5,34.130000,set0,flang-openmp,mimalloc,1
addusxx_g,BaTiO3_nat005,64000,27609,1,6,34.405000,set0,flang-openmp,mimalloc,1
addusxx_g,BaTiO3_nat005,64000,27609,1,7,34.113000,set0,flang-openmp,mimalloc,1
addusxx_g,BaTiO3_nat005,64000,27609,1,8,34.425000,set0,flang-openmp,mimalloc,1
addusxx_g,BaTiO3_nat005,64000,27609,1,9,34.194000,set0,flang-openmp,mimalloc,1
addusxx_g,BaTiO3_nat005,64000,27609,1,10,34.516000,set0,flang-openmp,mimalloc,1
addusxx_g,BaTiO3_nat005,64000,27609,1,11,34.278000,set0,flang-openmp,mimalloc,1
addusxx_g,BaTiO3_nat005,64000,27609,1,12,34.559000,set0,flang-openmp,mimalloc,1
addusxx_g,BaTiO3_nat005,64000,27609,1,13,34.478000,set0,flang-openmp,mimalloc,1
addusxx_g,BaTiO3_nat005,64000,27609,1,14,34.543000,set0,flang-openmp,mimalloc,1
addusxx_g,BaTiO3_nat005,64000,27609,1,15,34.662000,set0,flang-openmp,mimalloc,1
addusxx_g,BaTiO3_nat005,64000,27609,1,16,34.460000,set0,flang-openmp,mimalloc,1
addusxx_g,BaTiO3_nat005,64000,27609,1,17,34.805000,set0,flang-openmp,mimalloc,1
addusxx_g,BaTiO3_nat005,64000,27609,1,18,34.804000,set0,flang-openmp,mimalloc,1
addusxx_g,BaTiO3_nat005,64000,27609,1,19,34.848000,set0,flang-openmp,mimalloc,1
addusxx_g,BaTiO3_nat005,64000,27609,2,0,18.742000,set0,flang-openmp,mimalloc,1
addusxx_g,BaTiO3_nat005,64000,27609,2,1,18.817000,set0,flang-openmp,mimalloc,1
addusxx_g,BaTiO3_nat005,64000,27609,2,2,18.738000,set0,flang-openmp,mimalloc,1
addusxx_g,BaTiO3_nat005,64000,27609,2,3,19.256000,set0,flang-openmp,mimalloc,1
addusxx_g,BaTiO3_nat005,64000,27609,2,4,18.721000,set0,flang-openmp,mimalloc,1
addusxx_g,BaTiO3_nat005,64000,27609,2,5,18.962000,set0,flang-openmp,mimalloc,1
addusxx_g,BaTiO3_nat005,64000,27609,2,6,18.918000,set0,flang-openmp,mimalloc,1
addusxx_g,BaTiO3_nat005,64000,27609,2,7,18.884000,set0,flang-openmp,mimalloc,1
addusxx_g,BaTiO3_nat005,64000,27609,2,8,19.060000,set0,flang-openmp,mimalloc,1
addusxx_g,BaTiO3_nat005,64000,27609,2,9,18.903000,set0,flang-openmp,mimalloc,1
addusxx_g,BaTiO3_nat005,64000,27609,2,10,18.789000,set0,flang-openmp,mimalloc,1
addusxx_g,BaTiO3_nat005,64000,27609,2,11,18.736000,set0,flang-openmp,mimalloc,1
addusxx_g,BaTiO3_nat005,64000,27609,2,12,18.678000,set0,flang-openmp,mimalloc,1
addusxx_g,BaTiO3_nat005,64000,27609,2,13,18.881000,set0,flang-openmp,mimalloc,1
addusxx_g,BaTiO3_nat005,64000,27609,2,14,18.815000,set0,flang-openmp,mimalloc,1
addusxx_g,BaTiO3_nat005,64000,27609,2,15,19.212000,set0,flang-openmp,mimalloc,1
addusxx_g,BaTiO3_nat005,64000,27609,2,16,18.865000,set0,flang-openmp,mimalloc,1
addusxx_g,BaTiO3_nat005,64000,27609,2,17,19.168000,set0,flang-openmp,mimalloc,1
addusxx_g,BaTiO3_nat005,64000,27609,2,18,18.980000,set0,flang-openmp,mimalloc,1
addusxx_g,BaTiO3_nat005,64000,27609,2,19,18.804000,set0,flang-openmp,mimalloc,1
addusxx_g,BaTiO3_nat005,64000,27609,4,0,10.027000,set0,flang-openmp,mimalloc,1
addusxx_g,BaTiO3_nat005,64000,27609,4,1,9.669000,set0,flang-openmp,mimalloc,1
addusxx_g,BaTiO3_nat005,64000,27609,4,2,9.807000,set0,flang-openmp,mimalloc,1
addusxx_g,BaTiO3_nat005,64000,27609,4,3,9.769000,set0,flang-openmp,mimalloc,1
addusxx_g,BaTiO3_nat005,64000,27609,4,4,9.620000,set0,flang-openmp,mimalloc,1
addusxx_g,BaTiO3_nat005,64000,27609,4,5,9.621000,set0,flang-openmp,mimalloc,1
addusxx_g,BaTiO3_nat005,64000,27609,4,6,9.660000,set0,flang-openmp,mimalloc,1
addusxx_g,BaTiO3_nat005,64000,27609,4,7,9.782000,set0,flang-openmp,mimalloc,1
addusxx_g,BaTiO3_nat005,64000,27609,4,8,9.689000,set0,flang-openmp,mimalloc,1
addusxx_g,BaTiO3_nat005,64000,27609,4,9,9.687000,set0,flang-openmp,mimalloc,1
addusxx_g,BaTiO3_nat005,64000,27609,4,10,9.686000,set0,flang-openmp,mimalloc,1
addusxx_g,BaTiO3_nat005,64000,27609,4,11,9.795000,set0,flang-openmp,mimalloc,1
addusxx_g,BaTiO3_nat005,64000,27609,4,12,9.723000,set0,flang-openmp,mimalloc,1
addusxx_g,BaTiO3_nat005,64000,27609,4,13,9.584000,set0,flang-openmp,mimalloc,1
addusxx_g,BaTiO3_nat005,64000,27609,4,14,9.680000,set0,flang-openmp,mimalloc,1
addusxx_g,BaTiO3_nat005,64000,27609,4,15,9.558000,set0,flang-openmp,mimalloc,1
addusxx_g,BaTiO3_nat005,64000,27609,4,16,9.644000,set0,flang-openmp,mimalloc,1
addusxx_g,BaTiO3_nat005,64000,27609,4,17,9.624000,set0,flang-openmp,mimalloc,1
addusxx_g,BaTiO3_nat005,64000,27609,4,18,9.636000,set0,flang-openmp,mimalloc,1
addusxx_g,BaTiO3_nat005,64000,27609,4,19,9.508000,set0,flang-openmp,mimalloc,1
addusxx_g,BaTiO3_nat005,64000,27609,8,0,9.407000,set0,flang-openmp,mimalloc,1
addusxx_g,BaTiO3_nat005,64000,27609,8,1,9.450000,set0,flang-openmp,mimalloc,1
addusxx_g,BaTiO3_nat005,64000,27609,8,2,9.429000,set0,flang-openmp,mimalloc,1
addusxx_g,BaTiO3_nat005,64000,27609,8,3,8.283000,set0,flang-openmp,mimalloc,1
addusxx_g,BaTiO3_nat005,64000,27609,8,4,8.717000,set0,flang-openmp,mimalloc,1
addusxx_g,BaTiO3_nat005,64000,27609,8,5,8.422000,set0,flang-openmp,mimalloc,1
addusxx_g,BaTiO3_nat005,64000,27609,8,6,8.322000,set0,flang-openmp,mimalloc,1
addusxx_g,BaTiO3_nat005,64000,27609,8,7,8.379000,set0,flang-openmp,mimalloc,1
addusxx_g,BaTiO3_nat005,64000,27609,8,8,8.290000,set0,flang-openmp,mimalloc,1
addusxx_g,BaTiO3_nat005,64000,27609,8,9,8.505000,set0,flang-openmp,mimalloc,1
addusxx_g,BaTiO3_nat005,64000,27609,8,10,8.359000,set0,flang-openmp,mimalloc,1
addusxx_g,BaTiO3_nat005,64000,27609,8,11,8.356000,set0,flang-openmp,mimalloc,1
addusxx_g,BaTiO3_nat005,64000,27609,8,12,8.459000,set0,flang-openmp,mimalloc,1
addusxx_g,BaTiO3_nat005,64000,27609,8,13,8.372000,set0,flang-openmp,mimalloc,1
addusxx_g,BaTiO3_nat005,64000,27609,8,14,9.320000,set0,flang-openmp,mimalloc,1
addusxx_g,BaTiO3_nat005,64000,27609,8,15,8.672000,set0,flang-openmp,mimalloc,1
addusxx_g,BaTiO3_nat005,64000,27609,8,16,9.194000,set0,flang-openmp,mimalloc,1
addusxx_g,BaTiO3_nat005,64000,27609,8,17,8.919000,set0,flang-openmp,mimalloc,1
addusxx_g,BaTiO3_nat005,64000,27609,8,18,8.867000,set0,flang-openmp,mimalloc,1
addusxx_g,BaTiO3_nat005,64000,27609,8,19,8.360000,set0,flang-openmp,mimalloc,1
addusxx_g,BaTiO3_nat005,64000,27609,16,0,2.583000,set0,flang-openmp,mimalloc,1
addusxx_g,BaTiO3_nat005,64000,27609,16,1,2.603000,set0,flang-openmp,mimalloc,1
addusxx_g,BaTiO3_nat005,64000,27609,16,2,2.604000,set0,flang-openmp,mimalloc,1
addusxx_g,BaTiO3_nat005,64000,27609,16,3,2.578000,set0,flang-openmp,mimalloc,1
addusxx_g,BaTiO3_nat005,64000,27609,16,4,2.603000,set0,flang-openmp,mimalloc,1
addusxx_g,BaTiO3_nat005,64000,27609,16,5,2.617000,set0,flang-openmp,mimalloc,1
addusxx_g,BaTiO3_nat005,64000,27609,16,6,2.587000,set0,flang-openmp,mimalloc,1
addusxx_g,BaTiO3_nat005,64000,27609,16,7,2.584000,set0,flang-openmp,mimalloc,1
addusxx_g,BaTiO3_nat005,64000,27609,16,8,2.596000,set0,flang-openmp,mimalloc,1
addusxx_g,BaTiO3_nat005,64000,27609,16,9,2.607000,set0,flang-openmp,mimalloc,1
addusxx_g,BaTiO3_nat005,64000,27609,16,10,2.591000,set0,flang-openmp,mimalloc,1
addusxx_g,BaTiO3_nat005,64000,27609,16,11,2.600000,set0,flang-openmp,mimalloc,1
addusxx_g,BaTiO3_nat005,64000,27609,16,12,2.582000,set0,flang-openmp,mimalloc,1
addusxx_g,BaTiO3_nat005,64000,27609,16,13,2.619000,set0,flang-openmp,mimalloc,1
addusxx_g,BaTiO3_nat005,64000,27609,16,14,2.579000,set0,flang-openmp,mimalloc,1
addusxx_g,BaTiO3_nat005,64000,27609,16,15,2.611000,set0,flang-openmp,mimalloc,1
addusxx_g,BaTiO3_nat005,64000,27609,16,16,2.584000,set0,flang-openmp,mimalloc,1
addusxx_g,BaTiO3_nat005,64000,27609,16,17,2.581000,set0,flang-openmp,mimalloc,1
addusxx_g,BaTiO3_nat005,64000,27609,16,18,2.579000,set0,flang-openmp,mimalloc,1
addusxx_g,BaTiO3_nat005,64000,27609,16,19,2.634000,set0,flang-openmp,mimalloc,1
addusxx_g,BaTiO3_nat005,64000,27609,32,0,2.471000,set0,flang-openmp,mimalloc,1
addusxx_g,BaTiO3_nat005,64000,27609,32,1,2.568000,set0,flang-openmp,mimalloc,1
addusxx_g,BaTiO3_nat005,64000,27609,32,2,2.504000,set0,flang-openmp,mimalloc,1
addusxx_g,BaTiO3_nat005,64000,27609,32,3,2.433000,set0,flang-openmp,mimalloc,1
addusxx_g,BaTiO3_nat005,64000,27609,32,4,2.539000,set0,flang-openmp,mimalloc,1
addusxx_g,BaTiO3_nat005,64000,27609,32,5,2.448000,set0,flang-openmp,mimalloc,1
addusxx_g,BaTiO3_nat005,64000,27609,32,6,2.464000,set0,flang-openmp,mimalloc,1
addusxx_g,BaTiO3_nat005,64000,27609,32,7,2.457000,set0,flang-openmp,mimalloc,1
addusxx_g,BaTiO3_nat005,64000,27609,32,8,2.405000,set0,flang-openmp,mimalloc,1
addusxx_g,BaTiO3_nat005,64000,27609,32,9,2.514000,set0,flang-openmp,mimalloc,1
addusxx_g,BaTiO3_nat005,64000,27609,32,10,2.434000,set0,flang-openmp,mimalloc,1
addusxx_g,BaTiO3_nat005,64000,27609,32,11,2.435000,set0,flang-openmp,mimalloc,1
addusxx_g,BaTiO3_nat005,64000,27609,32,12,2.548000,set0,flang-openmp,mimalloc,1
addusxx_g,BaTiO3_nat005,64000,27609,32,13,2.463000,set0,flang-openmp,mimalloc,1
addusxx_g,BaTiO3_nat005,64000,27609,32,14,2.471000,set0,flang-openmp,mimalloc,1
addusxx_g,BaTiO3_nat005,64000,27609,32,15,2.460000,set0,flang-openmp,mimalloc,1
addusxx_g,BaTiO3_nat005,64000,27609,32,16,2.488000,set0,flang-openmp,mimalloc,1
addusxx_g,BaTiO3_nat005,64000,27609,32,17,2.414000,set0,flang-openmp,mimalloc,1
addusxx_g,BaTiO3_nat005,64000,27609,32,18,2.426000,set0,flang-openmp,mimalloc,1
addusxx_g,BaTiO3_nat005,64000,27609,32,19,2.492000,set0,flang-openmp,mimalloc,1
addusxx_g,BaTiO3_nat005,64000,27609,64,0,0.773000,set0,flang-openmp,mimalloc,1
addusxx_g,BaTiO3_nat005,64000,27609,64,1,1.010000,set0,flang-openmp,mimalloc,1
addusxx_g,BaTiO3_nat005,64000,27609,64,2,0.788000,set0,flang-openmp,mimalloc,1
addusxx_g,BaTiO3_nat005,64000,27609,64,3,0.890000,set0,flang-openmp,mimalloc,1
addusxx_g,BaTiO3_nat005,64000,27609,64,4,0.793000,set0,flang-openmp,mimalloc,1
addusxx_g,BaTiO3_nat005,64000,27609,64,5,0.818000,set0,flang-openmp,mimalloc,1
addusxx_g,BaTiO3_nat005,64000,27609,64,6,0.773000,set0,flang-openmp,mimalloc,1
addusxx_g,BaTiO3_nat005,64000,27609,64,7,0.774000,set0,flang-openmp,mimalloc,1
addusxx_g,BaTiO3_nat005,64000,27609,64,8,0.772000,set0,flang-openmp,mimalloc,1
addusxx_g,BaTiO3_nat005,64000,27609,64,9,0.772000,set0,flang-openmp,mimalloc,1
addusxx_g,BaTiO3_nat005,64000,27609,64,10,0.775000,set0,flang-openmp,mimalloc,1
addusxx_g,BaTiO3_nat005,64000,27609,64,11,0.767000,set0,flang-openmp,mimalloc,1
addusxx_g,BaTiO3_nat005,64000,27609,64,12,0.787000,set0,flang-openmp,mimalloc,1
addusxx_g,BaTiO3_nat005,64000,27609,64,13,0.774000,set0,flang-openmp,mimalloc,1
addusxx_g,BaTiO3_nat005,64000,27609,64,14,0.774000,set0,flang-openmp,mimalloc,1
addusxx_g,BaTiO3_nat005,64000,27609,64,15,0.774000,set0,flang-openmp,mimalloc,1
addusxx_g,BaTiO3_nat005,64000,27609,64,16,0.772000,set0,flang-openmp,mimalloc,1
addusxx_g,BaTiO3_nat005,64000,27609,64,17,0.770000,set0,flang-openmp,mimalloc,1
addusxx_g,BaTiO3_nat005,64000,27609,64,18,0.772000,set0,flang-openmp,mimalloc,1
addusxx_g,BaTiO3_nat005,64000,27609,64,19,0.763000,set0,flang-openmp,mimalloc,1
addusxx_g,BaTiO3_nat005,64000,27609,72,0,0.952000,set0,flang-openmp,mimalloc,1
addusxx_g,BaTiO3_nat005,64000,27609,72,1,0.774000,set0,flang-openmp,mimalloc,1
addusxx_g,BaTiO3_nat005,64000,27609,72,2,0.870000,set0,flang-openmp,mimalloc,1
addusxx_g,BaTiO3_nat005,64000,27609,72,3,0.768000,set0,flang-openmp,mimalloc,1
addusxx_g,BaTiO3_nat005,64000,27609,72,4,0.816000,set0,flang-openmp,mimalloc,1
addusxx_g,BaTiO3_nat005,64000,27609,72,5,0.768000,set0,flang-openmp,mimalloc,1
addusxx_g,BaTiO3_nat005,64000,27609,72,6,0.782000,set0,flang-openmp,mimalloc,1
addusxx_g,BaTiO3_nat005,64000,27609,72,7,0.766000,set0,flang-openmp,mimalloc,1
addusxx_g,BaTiO3_nat005,64000,27609,72,8,0.803000,set0,flang-openmp,mimalloc,1
addusxx_g,BaTiO3_nat005,64000,27609,72,9,0.762000,set0,flang-openmp,mimalloc,1
addusxx_g,BaTiO3_nat005,64000,27609,72,10,0.808000,set0,flang-openmp,mimalloc,1
addusxx_g,BaTiO3_nat005,64000,27609,72,11,0.766000,set0,flang-openmp,mimalloc,1
addusxx_g,BaTiO3_nat005,64000,27609,72,12,0.781000,set0,flang-openmp,mimalloc,1
addusxx_g,BaTiO3_nat005,64000,27609,72,13,0.768000,set0,flang-openmp,mimalloc,1
addusxx_g,BaTiO3_nat005,64000,27609,72,14,0.763000,set0,flang-openmp,mimalloc,1
addusxx_g,BaTiO3_nat005,64000,27609,72,15,0.762000,set0,flang-openmp,mimalloc,1
addusxx_g,BaTiO3_nat005,64000,27609,72,16,0.759000,set0,flang-openmp,mimalloc,1
addusxx_g,BaTiO3_nat005,64000,27609,72,17,0.771000,set0,flang-openmp,mimalloc,1
addusxx_g,BaTiO3_nat005,64000,27609,72,18,0.852000,set0,flang-openmp,mimalloc,1
addusxx_g,BaTiO3_nat005,64000,27609,72,19,0.805000,set0,flang-openmp,mimalloc,1
addusxx_g,BaTiO3_nat005,64000,27609,1,0,2545.608000,set0_rep72,flang-openmp,mimalloc,72
addusxx_g,BaTiO3_nat005,64000,27609,1,1,2738.812000,set0_rep72,flang-openmp,mimalloc,72
addusxx_g,BaTiO3_nat005,64000,27609,1,2,2569.228000,set0_rep72,flang-openmp,mimalloc,72
addusxx_g,BaTiO3_nat005,64000,27609,1,3,2529.627000,set0_rep72,flang-openmp,mimalloc,72
addusxx_g,BaTiO3_nat005,64000,27609,1,4,2587.088000,set0_rep72,flang-openmp,mimalloc,72
addusxx_g,BaTiO3_nat005,64000,27609,1,5,2592.590000,set0_rep72,flang-openmp,mimalloc,72
addusxx_g,BaTiO3_nat005,64000,27609,1,6,2591.620000,set0_rep72,flang-openmp,mimalloc,72
addusxx_g,BaTiO3_nat005,64000,27609,1,7,2544.579000,set0_rep72,flang-openmp,mimalloc,72
addusxx_g,BaTiO3_nat005,64000,27609,1,8,2619.874000,set0_rep72,flang-openmp,mimalloc,72
addusxx_g,BaTiO3_nat005,64000,27609,1,9,2675.743000,set0_rep72,flang-openmp,mimalloc,72
addusxx_g,BaTiO3_nat005,64000,27609,1,10,2589.126000,set0_rep72,flang-openmp,mimalloc,72
addusxx_g,BaTiO3_nat005,64000,27609,1,11,2541.493000,set0_rep72,flang-openmp,mimalloc,72
addusxx_g,BaTiO3_nat005,64000,27609,1,12,2629.333000,set0_rep72,flang-openmp,mimalloc,72
addusxx_g,BaTiO3_nat005,64000,27609,1,13,2526.196000,set0_rep72,flang-openmp,mimalloc,72
addusxx_g,BaTiO3_nat005,64000,27609,1,14,2579.396000,set0_rep72,flang-openmp,mimalloc,72
addusxx_g,BaTiO3_nat005,64000,27609,1,15,2527.744000,set0_rep72,flang-openmp,mimalloc,72
addusxx_g,BaTiO3_nat005,64000,27609,1,16,2524.520000,set0_rep72,flang-openmp,mimalloc,72
addusxx_g,BaTiO3_nat005,64000,27609,1,17,2525.316000,set0_rep72,flang-openmp,mimalloc,72
addusxx_g,BaTiO3_nat005,64000,27609,1,18,2550.245000,set0_rep72,flang-openmp,mimalloc,72
addusxx_g,BaTiO3_nat005,64000,27609,1,19,2544.136000,set0_rep72,flang-openmp,mimalloc,72
addusxx_g,BaTiO3_nat005,64000,27609,2,0,1414.589000,set0_rep72,flang-openmp,mimalloc,72
addusxx_g,BaTiO3_nat005,64000,27609,2,1,1405.135000,set0_rep72,flang-openmp,mimalloc,72
addusxx_g,BaTiO3_nat005,64000,27609,2,2,1450.051000,set0_rep72,flang-openmp,mimalloc,72
addusxx_g,BaTiO3_nat005,64000,27609,2,3,1472.577000,set0_rep72,flang-openmp,mimalloc,72
addusxx_g,BaTiO3_nat005,64000,27609,2,4,1419.172000,set0_rep72,flang-openmp,mimalloc,72
addusxx_g,BaTiO3_nat005,64000,27609,2,5,1399.186000,set0_rep72,flang-openmp,mimalloc,72
addusxx_g,BaTiO3_nat005,64000,27609,2,6,1408.109000,set0_rep72,flang-openmp,mimalloc,72
addusxx_g,BaTiO3_nat005,64000,27609,2,7,1405.637000,set0_rep72,flang-openmp,mimalloc,72
addusxx_g,BaTiO3_nat005,64000,27609,2,8,1445.482000,set0_rep72,flang-openmp,mimalloc,72
addusxx_g,BaTiO3_nat005,64000,27609,2,9,1441.345000,set0_rep72,flang-openmp,mimalloc,72
addusxx_g,BaTiO3_nat005,64000,27609,2,10,1417.278000,set0_rep72,flang-openmp,mimalloc,72
addusxx_g,BaTiO3_nat005,64000,27609,2,11,1392.930000,set0_rep72,flang-openmp,mimalloc,72
addusxx_g,BaTiO3_nat005,64000,27609,2,12,1422.306000,set0_rep72,flang-openmp,mimalloc,72
addusxx_g,BaTiO3_nat005,64000,27609,2,13,1451.002000,set0_rep72,flang-openmp,mimalloc,72
addusxx_g,BaTiO3_nat005,64000,27609,2,14,1452.593000,set0_rep72,flang-openmp,mimalloc,72
addusxx_g,BaTiO3_nat005,64000,27609,2,15,1446.114000,set0_rep72,flang-openmp,mimalloc,72
addusxx_g,BaTiO3_nat005,64000,27609,2,16,1432.873000,set0_rep72,flang-openmp,mimalloc,72
addusxx_g,BaTiO3_nat005,64000,27609,2,17,1435.782000,set0_rep72,flang-openmp,mimalloc,72
addusxx_g,BaTiO3_nat005,64000,27609,2,18,1430.523000,set0_rep72,flang-openmp,mimalloc,72
addusxx_g,BaTiO3_nat005,64000,27609,2,19,1482.323000,set0_rep72,flang-openmp,mimalloc,72
addusxx_g,BaTiO3_nat005,64000,27609,4,0,788.426000,set0_rep72,flang-openmp,mimalloc,72
addusxx_g,BaTiO3_nat005,64000,27609,4,1,786.353000,set0_rep72,flang-openmp,mimalloc,72
addusxx_g,BaTiO3_nat005,64000,27609,4,2,789.502000,set0_rep72,flang-openmp,mimalloc,72
addusxx_g,BaTiO3_nat005,64000,27609,4,3,788.882000,set0_rep72,flang-openmp,mimalloc,72
addusxx_g,BaTiO3_nat005,64000,27609,4,4,786.204000,set0_rep72,flang-openmp,mimalloc,72
addusxx_g,BaTiO3_nat005,64000,27609,4,5,789.226000,set0_rep72,flang-openmp,mimalloc,72
addusxx_g,BaTiO3_nat005,64000,27609,4,6,786.149000,set0_rep72,flang-openmp,mimalloc,72
addusxx_g,BaTiO3_nat005,64000,27609,4,7,789.432000,set0_rep72,flang-openmp,mimalloc,72
addusxx_g,BaTiO3_nat005,64000,27609,4,8,786.821000,set0_rep72,flang-openmp,mimalloc,72
addusxx_g,BaTiO3_nat005,64000,27609,4,9,789.567000,set0_rep72,flang-openmp,mimalloc,72
addusxx_g,BaTiO3_nat005,64000,27609,4,10,788.647000,set0_rep72,flang-openmp,mimalloc,72
addusxx_g,BaTiO3_nat005,64000,27609,4,11,787.554000,set0_rep72,flang-openmp,mimalloc,72
addusxx_g,BaTiO3_nat005,64000,27609,4,12,789.965000,set0_rep72,flang-openmp,mimalloc,72
addusxx_g,BaTiO3_nat005,64000,27609,4,13,788.664000,set0_rep72,flang-openmp,mimalloc,72
addusxx_g,BaTiO3_nat005,64000,27609,4,14,787.908000,set0_rep72,flang-openmp,mimalloc,72
addusxx_g,BaTiO3_nat005,64000,27609,4,15,786.866000,set0_rep72,flang-openmp,mimalloc,72
addusxx_g,BaTiO3_nat005,64000,27609,4,16,786.578000,set0_rep72,flang-openmp,mimalloc,72
addusxx_g,BaTiO3_nat005,64000,27609,4,17,788.972000,set0_rep72,flang-openmp,mimalloc,72
addusxx_g,BaTiO3_nat005,64000,27609,4,18,786.448000,set0_rep72,flang-openmp,mimalloc,72
addusxx_g,BaTiO3_nat005,64000,27609,4,19,787.557000,set0_rep72,flang-openmp,mimalloc,72
addusxx_g,BaTiO3_nat005,64000,27609,8,0,686.367000,set0_rep72,flang-openmp,mimalloc,72
addusxx_g,BaTiO3_nat005,64000,27609,8,1,726.110000,set0_rep72,flang-openmp,mimalloc,72
addusxx_g,BaTiO3_nat005,64000,27609,8,2,717.180000,set0_rep72,flang-openmp,mimalloc,72
addusxx_g,BaTiO3_nat005,64000,27609,8,3,717.045000,set0_rep72,flang-openmp,mimalloc,72
addusxx_g,BaTiO3_nat005,64000,27609,8,4,704.960000,set0_rep72,flang-openmp,mimalloc,72
addusxx_g,BaTiO3_nat005,64000,27609,8,5,700.817000,set0_rep72,flang-openmp,mimalloc,72
addusxx_g,BaTiO3_nat005,64000,27609,8,6,692.547000,set0_rep72,flang-openmp,mimalloc,72
addusxx_g,BaTiO3_nat005,64000,27609,8,7,694.633000,set0_rep72,flang-openmp,mimalloc,72
addusxx_g,BaTiO3_nat005,64000,27609,8,8,719.544000,set0_rep72,flang-openmp,mimalloc,72
addusxx_g,BaTiO3_nat005,64000,27609,8,9,718.940000,set0_rep72,flang-openmp,mimalloc,72
addusxx_g,BaTiO3_nat005,64000,27609,8,10,722.973000,set0_rep72,flang-openmp,mimalloc,72
addusxx_g,BaTiO3_nat005,64000,27609,8,11,689.750000,set0_rep72,flang-openmp,mimalloc,72
addusxx_g,BaTiO3_nat005,64000,27609,8,12,698.748000,set0_rep72,flang-openmp,mimalloc,72
addusxx_g,BaTiO3_nat005,64000,27609,8,13,717.015000,set0_rep72,flang-openmp,mimalloc,72
addusxx_g,BaTiO3_nat005,64000,27609,8,14,688.727000,set0_rep72,flang-openmp,mimalloc,72
addusxx_g,BaTiO3_nat005,64000,27609,8,15,720.044000,set0_rep72,flang-openmp,mimalloc,72
addusxx_g,BaTiO3_nat005,64000,27609,8,16,688.135000,set0_rep72,flang-openmp,mimalloc,72
addusxx_g,BaTiO3_nat005,64000,27609,8,17,706.457000,set0_rep72,flang-openmp,mimalloc,72
addusxx_g,BaTiO3_nat005,64000,27609,8,18,696.369000,set0_rep72,flang-openmp,mimalloc,72
addusxx_g,BaTiO3_nat005,64000,27609,8,19,708.405000,set0_rep72,flang-openmp,mimalloc,72
addusxx_g,BaTiO3_nat005,64000,27609,16,0,209.460000,set0_rep72,flang-openmp,mimalloc,72
addusxx_g,BaTiO3_nat005,64000,27609,16,1,210.195000,set0_rep72,flang-openmp,mimalloc,72
addusxx_g,BaTiO3_nat005,64000,27609,16,2,209.268000,set0_rep72,flang-openmp,mimalloc,72
addusxx_g,BaTiO3_nat005,64000,27609,16,3,209.290000,set0_rep72,flang-openmp,mimalloc,72
addusxx_g,BaTiO3_nat005,64000,27609,16,4,210.173000,set0_rep72,flang-openmp,mimalloc,72
addusxx_g,BaTiO3_nat005,64000,27609,16,5,209.557000,set0_rep72,flang-openmp,mimalloc,72
addusxx_g,BaTiO3_nat005,64000,27609,16,6,209.469000,set0_rep72,flang-openmp,mimalloc,72
addusxx_g,BaTiO3_nat005,64000,27609,16,7,209.804000,set0_rep72,flang-openmp,mimalloc,72
addusxx_g,BaTiO3_nat005,64000,27609,16,8,209.658000,set0_rep72,flang-openmp,mimalloc,72
addusxx_g,BaTiO3_nat005,64000,27609,16,9,209.815000,set0_rep72,flang-openmp,mimalloc,72
addusxx_g,BaTiO3_nat005,64000,27609,16,10,209.684000,set0_rep72,flang-openmp,mimalloc,72
addusxx_g,BaTiO3_nat005,64000,27609,16,11,209.382000,set0_rep72,flang-openmp,mimalloc,72
addusxx_g,BaTiO3_nat005,64000,27609,16,12,209.386000,set0_rep72,flang-openmp,mimalloc,72
addusxx_g,BaTiO3_nat005,64000,27609,16,13,209.758000,set0_rep72,flang-openmp,mimalloc,72
addusxx_g,BaTiO3_nat005,64000,27609,16,14,209.891000,set0_rep72,flang-openmp,mimalloc,72
addusxx_g,BaTiO3_nat005,64000,27609,16,15,210.060000,set0_rep72,flang-openmp,mimalloc,72
addusxx_g,BaTiO3_nat005,64000,27609,16,16,209.289000,set0_rep72,flang-openmp,mimalloc,72
addusxx_g,BaTiO3_nat005,64000,27609,16,17,210.108000,set0_rep72,flang-openmp,mimalloc,72
addusxx_g,BaTiO3_nat005,64000,27609,16,18,209.587000,set0_rep72,flang-openmp,mimalloc,72
addusxx_g,BaTiO3_nat005,64000,27609,16,19,209.770000,set0_rep72,flang-openmp,mimalloc,72
addusxx_g,BaTiO3_nat005,64000,27609,32,0,167.865000,set0_rep72,flang-openmp,mimalloc,72
addusxx_g,BaTiO3_nat005,64000,27609,32,1,168.139000,set0_rep72,flang-openmp,mimalloc,72
addusxx_g,BaTiO3_nat005,64000,27609,32,2,168.086000,set0_rep72,flang-openmp,mimalloc,72
addusxx_g,BaTiO3_nat005,64000,27609,32,3,167.368000,set0_rep72,flang-openmp,mimalloc,72
addusxx_g,BaTiO3_nat005,64000,27609,32,4,168.840000,set0_rep72,flang-openmp,mimalloc,72
addusxx_g,BaTiO3_nat005,64000,27609,32,5,169.340000,set0_rep72,flang-openmp,mimalloc,72
addusxx_g,BaTiO3_nat005,64000,27609,32,6,169.571000,set0_rep72,flang-openmp,mimalloc,72
addusxx_g,BaTiO3_nat005,64000,27609,32,7,169.455000,set0_rep72,flang-openmp,mimalloc,72
addusxx_g,BaTiO3_nat005,64000,27609,32,8,168.366000,set0_rep72,flang-openmp,mimalloc,72
addusxx_g,BaTiO3_nat005,64000,27609,32,9,166.843000,set0_rep72,flang-openmp,mimalloc,72
addusxx_g,BaTiO3_nat005,64000,27609,32,10,168.334000,set0_rep72,flang-openmp,mimalloc,72
addusxx_g,BaTiO3_nat005,64000,27609,32,11,167.417000,set0_rep72,flang-openmp,mimalloc,72
addusxx_g,BaTiO3_nat005,64000,27609,32,12,168.513000,set0_rep72,flang-openmp,mimalloc,72
addusxx_g,BaTiO3_nat005,64000,27609,32,13,168.413000,set0_rep72,flang-openmp,mimalloc,72
addusxx_g,BaTiO3_nat005,64000,27609,32,14,169.353000,set0_rep72,flang-openmp,mimalloc,72
addusxx_g,BaTiO3_nat005,64000,27609,32,15,168.704000,set0_rep72,flang-openmp,mimalloc,72
addusxx_g,BaTiO3_nat005,64000,27609,32,16,168.184000,set0_rep72,flang-openmp,mimalloc,72
addusxx_g,BaTiO3_nat005,64000,27609,32,17,167.936000,set0_rep72,flang-openmp,mimalloc,72
addusxx_g,BaTiO3_nat005,64000,27609,32,18,167.272000,set0_rep72,flang-openmp,mimalloc,72
addusxx_g,BaTiO3_nat005,64000,27609,32,19,167.910000,set0_rep72,flang-openmp,mimalloc,72
addusxx_g,BaTiO3_nat005,64000,27609,64,0,75.787000,set0_rep72,flang-openmp,mimalloc,72
addusxx_g,BaTiO3_nat005,64000,27609,64,1,76.383000,set0_rep72,flang-openmp,mimalloc,72
addusxx_g,BaTiO3_nat005,64000,27609,64,2,76.029000,set0_rep72,flang-openmp,mimalloc,72
addusxx_g,BaTiO3_nat005,64000,27609,64,3,75.487000,set0_rep72,flang-openmp,mimalloc,72
addusxx_g,BaTiO3_nat005,64000,27609,64,4,76.139000,set0_rep72,flang-openmp,mimalloc,72
addusxx_g,BaTiO3_nat005,64000,27609,64,5,75.652000,set0_rep72,flang-openmp,mimalloc,72
addusxx_g,BaTiO3_nat005,64000,27609,64,6,76.642000,set0_rep72,flang-openmp,mimalloc,72
addusxx_g,BaTiO3_nat005,64000,27609,64,7,76.392000,set0_rep72,flang-openmp,mimalloc,72
addusxx_g,BaTiO3_nat005,64000,27609,64,8,75.711000,set0_rep72,flang-openmp,mimalloc,72
addusxx_g,BaTiO3_nat005,64000,27609,64,9,75.594000,set0_rep72,flang-openmp,mimalloc,72
addusxx_g,BaTiO3_nat005,64000,27609,64,10,75.722000,set0_rep72,flang-openmp,mimalloc,72
addusxx_g,BaTiO3_nat005,64000,27609,64,11,75.941000,set0_rep72,flang-openmp,mimalloc,72
addusxx_g,BaTiO3_nat005,64000,27609,64,12,75.705000,set0_rep72,flang-openmp,mimalloc,72
addusxx_g,BaTiO3_nat005,64000,27609,64,13,75.330000,set0_rep72,flang-openmp,mimalloc,72
addusxx_g,BaTiO3_nat005,64000,27609,64,14,75.774000,set0_rep72,flang-openmp,mimalloc,72
addusxx_g,BaTiO3_nat005,64000,27609,64,15,76.004000,set0_rep72,flang-openmp,mimalloc,72
addusxx_g,BaTiO3_nat005,64000,27609,64,16,75.647000,set0_rep72,flang-openmp,mimalloc,72
addusxx_g,BaTiO3_nat005,64000,27609,64,17,75.533000,set0_rep72,flang-openmp,mimalloc,72
addusxx_g,BaTiO3_nat005,64000,27609,64,18,75.598000,set0_rep72,flang-openmp,mimalloc,72
addusxx_g,BaTiO3_nat005,64000,27609,64,19,76.073000,set0_rep72,flang-openmp,mimalloc,72
addusxx_g,BaTiO3_nat005,64000,27609,72,0,70.278000,set0_rep72,flang-openmp,mimalloc,72
addusxx_g,BaTiO3_nat005,64000,27609,72,1,70.182000,set0_rep72,flang-openmp,mimalloc,72
addusxx_g,BaTiO3_nat005,64000,27609,72,2,70.288000,set0_rep72,flang-openmp,mimalloc,72
addusxx_g,BaTiO3_nat005,64000,27609,72,3,69.979000,set0_rep72,flang-openmp,mimalloc,72
addusxx_g,BaTiO3_nat005,64000,27609,72,4,70.415000,set0_rep72,flang-openmp,mimalloc,72
addusxx_g,BaTiO3_nat005,64000,27609,72,5,70.180000,set0_rep72,flang-openmp,mimalloc,72
addusxx_g,BaTiO3_nat005,64000,27609,72,6,70.010000,set0_rep72,flang-openmp,mimalloc,72
addusxx_g,BaTiO3_nat005,64000,27609,72,7,70.409000,set0_rep72,flang-openmp,mimalloc,72
addusxx_g,BaTiO3_nat005,64000,27609,72,8,70.074000,set0_rep72,flang-openmp,mimalloc,72
addusxx_g,BaTiO3_nat005,64000,27609,72,9,72.389000,set0_rep72,flang-openmp,mimalloc,72
addusxx_g,BaTiO3_nat005,64000,27609,72,10,70.096000,set0_rep72,flang-openmp,mimalloc,72
addusxx_g,BaTiO3_nat005,64000,27609,72,11,70.264000,set0_rep72,flang-openmp,mimalloc,72
addusxx_g,BaTiO3_nat005,64000,27609,72,12,70.032000,set0_rep72,flang-openmp,mimalloc,72
addusxx_g,BaTiO3_nat005,64000,27609,72,13,70.523000,set0_rep72,flang-openmp,mimalloc,72
addusxx_g,BaTiO3_nat005,64000,27609,72,14,70.071000,set0_rep72,flang-openmp,mimalloc,72
addusxx_g,BaTiO3_nat005,64000,27609,72,15,70.241000,set0_rep72,flang-openmp,mimalloc,72
addusxx_g,BaTiO3_nat005,64000,27609,72,16,70.329000,set0_rep72,flang-openmp,mimalloc,72
addusxx_g,BaTiO3_nat005,64000,27609,72,17,69.982000,set0_rep72,flang-openmp,mimalloc,72
addusxx_g,BaTiO3_nat005,64000,27609,72,18,70.516000,set0_rep72,flang-openmp,mimalloc,72
addusxx_g,BaTiO3_nat005,64000,27609,72,19,70.025000,set0_rep72,flang-openmp,mimalloc,72
addusxx_g,BaTiO3_nat005,64000,27609,1,0,33.884000,set1,flang-openmp,mimalloc,1
addusxx_g,BaTiO3_nat005,64000,27609,1,1,34.022000,set1,flang-openmp,mimalloc,1
addusxx_g,BaTiO3_nat005,64000,27609,1,2,33.904000,set1,flang-openmp,mimalloc,1
addusxx_g,BaTiO3_nat005,64000,27609,1,3,34.260000,set1,flang-openmp,mimalloc,1
addusxx_g,BaTiO3_nat005,64000,27609,1,4,33.985000,set1,flang-openmp,mimalloc,1
addusxx_g,BaTiO3_nat005,64000,27609,1,5,34.175000,set1,flang-openmp,mimalloc,1
addusxx_g,BaTiO3_nat005,64000,27609,1,6,33.815000,set1,flang-openmp,mimalloc,1
addusxx_g,BaTiO3_nat005,64000,27609,1,7,33.815000,set1,flang-openmp,mimalloc,1
addusxx_g,BaTiO3_nat005,64000,27609,1,8,34.087000,set1,flang-openmp,mimalloc,1
addusxx_g,BaTiO3_nat005,64000,27609,1,9,33.860000,set1,flang-openmp,mimalloc,1
addusxx_g,BaTiO3_nat005,64000,27609,1,10,33.829000,set1,flang-openmp,mimalloc,1
addusxx_g,BaTiO3_nat005,64000,27609,1,11,34.113000,set1,flang-openmp,mimalloc,1
addusxx_g,BaTiO3_nat005,64000,27609,1,12,33.852000,set1,flang-openmp,mimalloc,1
addusxx_g,BaTiO3_nat005,64000,27609,1,13,34.224000,set1,flang-openmp,mimalloc,1
addusxx_g,BaTiO3_nat005,64000,27609,1,14,34.006000,set1,flang-openmp,mimalloc,1
addusxx_g,BaTiO3_nat005,64000,27609,1,15,34.180000,set1,flang-openmp,mimalloc,1
addusxx_g,BaTiO3_nat005,64000,27609,1,16,34.469000,set1,flang-openmp,mimalloc,1
addusxx_g,BaTiO3_nat005,64000,27609,1,17,34.315000,set1,flang-openmp,mimalloc,1
addusxx_g,BaTiO3_nat005,64000,27609,1,18,34.616000,set1,flang-openmp,mimalloc,1
addusxx_g,BaTiO3_nat005,64000,27609,1,19,34.389000,set1,flang-openmp,mimalloc,1
addusxx_g,BaTiO3_nat005,64000,27609,2,0,18.839000,set1,flang-openmp,mimalloc,1
addusxx_g,BaTiO3_nat005,64000,27609,2,1,19.295000,set1,flang-openmp,mimalloc,1
addusxx_g,BaTiO3_nat005,64000,27609,2,2,18.996000,set1,flang-openmp,mimalloc,1
addusxx_g,BaTiO3_nat005,64000,27609,2,3,19.158000,set1,flang-openmp,mimalloc,1
addusxx_g,BaTiO3_nat005,64000,27609,2,4,19.485000,set1,flang-openmp,mimalloc,1
addusxx_g,BaTiO3_nat005,64000,27609,2,5,19.129000,set1,flang-openmp,mimalloc,1
addusxx_g,BaTiO3_nat005,64000,27609,2,6,19.136000,set1,flang-openmp,mimalloc,1
addusxx_g,BaTiO3_nat005,64000,27609,2,7,19.237000,set1,flang-openmp,mimalloc,1
addusxx_g,BaTiO3_nat005,64000,27609,2,8,18.825000,set1,flang-openmp,mimalloc,1
addusxx_g,BaTiO3_nat005,64000,27609,2,9,19.247000,set1,flang-openmp,mimalloc,1
addusxx_g,BaTiO3_nat005,64000,27609,2,10,18.783000,set1,flang-openmp,mimalloc,1
addusxx_g,BaTiO3_nat005,64000,27609,2,11,19.337000,set1,flang-openmp,mimalloc,1
addusxx_g,BaTiO3_nat005,64000,27609,2,12,19.077000,set1,flang-openmp,mimalloc,1
addusxx_g,BaTiO3_nat005,64000,27609,2,13,19.032000,set1,flang-openmp,mimalloc,1
addusxx_g,BaTiO3_nat005,64000,27609,2,14,19.048000,set1,flang-openmp,mimalloc,1
addusxx_g,BaTiO3_nat005,64000,27609,2,15,18.964000,set1,flang-openmp,mimalloc,1
addusxx_g,BaTiO3_nat005,64000,27609,2,16,19.046000,set1,flang-openmp,mimalloc,1
addusxx_g,BaTiO3_nat005,64000,27609,2,17,19.026000,set1,flang-openmp,mimalloc,1
addusxx_g,BaTiO3_nat005,64000,27609,2,18,18.941000,set1,flang-openmp,mimalloc,1
addusxx_g,BaTiO3_nat005,64000,27609,2,19,19.194000,set1,flang-openmp,mimalloc,1
addusxx_g,BaTiO3_nat005,64000,27609,4,0,9.639000,set1,flang-openmp,mimalloc,1
addusxx_g,BaTiO3_nat005,64000,27609,4,1,9.714000,set1,flang-openmp,mimalloc,1
addusxx_g,BaTiO3_nat005,64000,27609,4,2,9.623000,set1,flang-openmp,mimalloc,1
addusxx_g,BaTiO3_nat005,64000,27609,4,3,9.591000,set1,flang-openmp,mimalloc,1
addusxx_g,BaTiO3_nat005,64000,27609,4,4,9.640000,set1,flang-openmp,mimalloc,1
addusxx_g,BaTiO3_nat005,64000,27609,4,5,9.718000,set1,flang-openmp,mimalloc,1
addusxx_g,BaTiO3_nat005,64000,27609,4,6,9.763000,set1,flang-openmp,mimalloc,1
addusxx_g,BaTiO3_nat005,64000,27609,4,7,9.715000,set1,flang-openmp,mimalloc,1
addusxx_g,BaTiO3_nat005,64000,27609,4,8,9.637000,set1,flang-openmp,mimalloc,1
addusxx_g,BaTiO3_nat005,64000,27609,4,9,9.701000,set1,flang-openmp,mimalloc,1
addusxx_g,BaTiO3_nat005,64000,27609,4,10,9.783000,set1,flang-openmp,mimalloc,1
addusxx_g,BaTiO3_nat005,64000,27609,4,11,9.732000,set1,flang-openmp,mimalloc,1
addusxx_g,BaTiO3_nat005,64000,27609,4,12,9.725000,set1,flang-openmp,mimalloc,1
addusxx_g,BaTiO3_nat005,64000,27609,4,13,9.654000,set1,flang-openmp,mimalloc,1
addusxx_g,BaTiO3_nat005,64000,27609,4,14,9.595000,set1,flang-openmp,mimalloc,1
addusxx_g,BaTiO3_nat005,64000,27609,4,15,9.662000,set1,flang-openmp,mimalloc,1
addusxx_g,BaTiO3_nat005,64000,27609,4,16,9.641000,set1,flang-openmp,mimalloc,1
addusxx_g,BaTiO3_nat005,64000,27609,4,17,9.688000,set1,flang-openmp,mimalloc,1
addusxx_g,BaTiO3_nat005,64000,27609,4,18,9.725000,set1,flang-openmp,mimalloc,1
addusxx_g,BaTiO3_nat005,64000,27609,4,19,9.708000,set1,flang-openmp,mimalloc,1
addusxx_g,BaTiO3_nat005,64000,27609,8,0,9.385000,set1,flang-openmp,mimalloc,1
addusxx_g,BaTiO3_nat005,64000,27609,8,1,9.454000,set1,flang-openmp,mimalloc,1
addusxx_g,BaTiO3_nat005,64000,27609,8,2,9.246000,set1,flang-openmp,mimalloc,1
addusxx_g,BaTiO3_nat005,64000,27609,8,3,8.382000,set1,flang-openmp,mimalloc,1
addusxx_g,BaTiO3_nat005,64000,27609,8,4,9.294000,set1,flang-openmp,mimalloc,1
addusxx_g,BaTiO3_nat005,64000,27609,8,5,9.423000,set1,flang-openmp,mimalloc,1
addusxx_g,BaTiO3_nat005,64000,27609,8,6,9.262000,set1,flang-openmp,mimalloc,1
addusxx_g,BaTiO3_nat005,64000,27609,8,7,9.186000,set1,flang-openmp,mimalloc,1
addusxx_g,BaTiO3_nat005,64000,27609,8,8,9.052000,set1,flang-openmp,mimalloc,1
addusxx_g,BaTiO3_nat005,64000,27609,8,9,8.324000,set1,flang-openmp,mimalloc,1
addusxx_g,BaTiO3_nat005,64000,27609,8,10,8.289000,set1,flang-openmp,mimalloc,1
addusxx_g,BaTiO3_nat005,64000,27609,8,11,8.412000,set1,flang-openmp,mimalloc,1
addusxx_g,BaTiO3_nat005,64000,27609,8,12,8.392000,set1,flang-openmp,mimalloc,1
addusxx_g,BaTiO3_nat005,64000,27609,8,13,8.389000,set1,flang-openmp,mimalloc,1
addusxx_g,BaTiO3_nat005,64000,27609,8,14,9.186000,set1,flang-openmp,mimalloc,1
addusxx_g,BaTiO3_nat005,64000,27609,8,15,9.450000,set1,flang-openmp,mimalloc,1
addusxx_g,BaTiO3_nat005,64000,27609,8,16,8.670000,set1,flang-openmp,mimalloc,1
addusxx_g,BaTiO3_nat005,64000,27609,8,17,8.778000,set1,flang-openmp,mimalloc,1
addusxx_g,BaTiO3_nat005,64000,27609,8,18,9.370000,set1,flang-openmp,mimalloc,1
addusxx_g,BaTiO3_nat005,64000,27609,8,19,9.467000,set1,flang-openmp,mimalloc,1
addusxx_g,BaTiO3_nat005,64000,27609,16,0,2.669000,set1,flang-openmp,mimalloc,1
addusxx_g,BaTiO3_nat005,64000,27609,16,1,2.683000,set1,flang-openmp,mimalloc,1
addusxx_g,BaTiO3_nat005,64000,27609,16,2,2.595000,set1,flang-openmp,mimalloc,1
addusxx_g,BaTiO3_nat005,64000,27609,16,3,2.579000,set1,flang-openmp,mimalloc,1
addusxx_g,BaTiO3_nat005,64000,27609,16,4,2.615000,set1,flang-openmp,mimalloc,1
addusxx_g,BaTiO3_nat005,64000,27609,16,5,2.574000,set1,flang-openmp,mimalloc,1
addusxx_g,BaTiO3_nat005,64000,27609,16,6,2.639000,set1,flang-openmp,mimalloc,1
addusxx_g,BaTiO3_nat005,64000,27609,16,7,2.606000,set1,flang-openmp,mimalloc,1
addusxx_g,BaTiO3_nat005,64000,27609,16,8,2.638000,set1,flang-openmp,mimalloc,1
addusxx_g,BaTiO3_nat005,64000,27609,16,9,2.563000,set1,flang-openmp,mimalloc,1
addusxx_g,BaTiO3_nat005,64000,27609,16,10,2.611000,set1,flang-openmp,mimalloc,1
addusxx_g,BaTiO3_nat005,64000,27609,16,11,2.601000,set1,flang-openmp,mimalloc,1
addusxx_g,BaTiO3_nat005,64000,27609,16,12,2.600000,set1,flang-openmp,mimalloc,1
addusxx_g,BaTiO3_nat005,64000,27609,16,13,2.605000,set1,flang-openmp,mimalloc,1
addusxx_g,BaTiO3_nat005,64000,27609,16,14,2.602000,set1,flang-openmp,mimalloc,1
addusxx_g,BaTiO3_nat005,64000,27609,16,15,2.614000,set1,flang-openmp,mimalloc,1
addusxx_g,BaTiO3_nat005,64000,27609,16,16,2.592000,set1,flang-openmp,mimalloc,1
addusxx_g,BaTiO3_nat005,64000,27609,16,17,2.602000,set1,flang-openmp,mimalloc,1
addusxx_g,BaTiO3_nat005,64000,27609,16,18,2.592000,set1,flang-openmp,mimalloc,1
addusxx_g,BaTiO3_nat005,64000,27609,16,19,2.599000,set1,flang-openmp,mimalloc,1
addusxx_g,BaTiO3_nat005,64000,27609,32,0,2.619000,set1,flang-openmp,mimalloc,1
addusxx_g,BaTiO3_nat005,64000,27609,32,1,2.487000,set1,flang-openmp,mimalloc,1
addusxx_g,BaTiO3_nat005,64000,27609,32,2,2.489000,set1,flang-openmp,mimalloc,1
addusxx_g,BaTiO3_nat005,64000,27609,32,3,2.562000,set1,flang-openmp,mimalloc,1
addusxx_g,BaTiO3_nat005,64000,27609,32,4,2.491000,set1,flang-openmp,mimalloc,1
addusxx_g,BaTiO3_nat005,64000,27609,32,5,2.464000,set1,flang-openmp,mimalloc,1
addusxx_g,BaTiO3_nat005,64000,27609,32,6,2.533000,set1,flang-openmp,mimalloc,1
addusxx_g,BaTiO3_nat005,64000,27609,32,7,2.456000,set1,flang-openmp,mimalloc,1
addusxx_g,BaTiO3_nat005,64000,27609,32,8,2.450000,set1,flang-openmp,mimalloc,1
addusxx_g,BaTiO3_nat005,64000,27609,32,9,2.457000,set1,flang-openmp,mimalloc,1
addusxx_g,BaTiO3_nat005,64000,27609,32,10,2.443000,set1,flang-openmp,mimalloc,1
addusxx_g,BaTiO3_nat005,64000,27609,32,11,2.447000,set1,flang-openmp,mimalloc,1
addusxx_g,BaTiO3_nat005,64000,27609,32,12,2.509000,set1,flang-openmp,mimalloc,1
addusxx_g,BaTiO3_nat005,64000,27609,32,13,2.544000,set1,flang-openmp,mimalloc,1
addusxx_g,BaTiO3_nat005,64000,27609,32,14,2.500000,set1,flang-openmp,mimalloc,1
addusxx_g,BaTiO3_nat005,64000,27609,32,15,2.490000,set1,flang-openmp,mimalloc,1
addusxx_g,BaTiO3_nat005,64000,27609,32,16,2.484000,set1,flang-openmp,mimalloc,1
addusxx_g,BaTiO3_nat005,64000,27609,32,17,2.478000,set1,flang-openmp,mimalloc,1
addusxx_g,BaTiO3_nat005,64000,27609,32,18,2.485000,set1,flang-openmp,mimalloc,1
addusxx_g,BaTiO3_nat005,64000,27609,32,19,2.470000,set1,flang-openmp,mimalloc,1
addusxx_g,BaTiO3_nat005,64000,27609,64,0,0.868000,set1,flang-openmp,mimalloc,1
addusxx_g,BaTiO3_nat005,64000,27609,64,1,0.791000,set1,flang-openmp,mimalloc,1
addusxx_g,BaTiO3_nat005,64000,27609,64,2,0.995000,set1,flang-openmp,mimalloc,1
addusxx_g,BaTiO3_nat005,64000,27609,64,3,0.798000,set1,flang-openmp,mimalloc,1
addusxx_g,BaTiO3_nat005,64000,27609,64,4,0.867000,set1,flang-openmp,mimalloc,1
addusxx_g,BaTiO3_nat005,64000,27609,64,5,0.800000,set1,flang-openmp,mimalloc,1
addusxx_g,BaTiO3_nat005,64000,27609,64,6,0.844000,set1,flang-openmp,mimalloc,1
addusxx_g,BaTiO3_nat005,64000,27609,64,7,0.835000,set1,flang-openmp,mimalloc,1
addusxx_g,BaTiO3_nat005,64000,27609,64,8,0.847000,set1,flang-openmp,mimalloc,1
addusxx_g,BaTiO3_nat005,64000,27609,64,9,0.788000,set1,flang-openmp,mimalloc,1
addusxx_g,BaTiO3_nat005,64000,27609,64,10,0.792000,set1,flang-openmp,mimalloc,1
addusxx_g,BaTiO3_nat005,64000,27609,64,11,0.793000,set1,flang-openmp,mimalloc,1
addusxx_g,BaTiO3_nat005,64000,27609,64,12,0.793000,set1,flang-openmp,mimalloc,1
addusxx_g,BaTiO3_nat005,64000,27609,64,13,0.797000,set1,flang-openmp,mimalloc,1
addusxx_g,BaTiO3_nat005,64000,27609,64,14,0.782000,set1,flang-openmp,mimalloc,1
addusxx_g,BaTiO3_nat005,64000,27609,64,15,0.887000,set1,flang-openmp,mimalloc,1
addusxx_g,BaTiO3_nat005,64000,27609,64,16,0.789000,set1,flang-openmp,mimalloc,1
addusxx_g,BaTiO3_nat005,64000,27609,64,17,0.797000,set1,flang-openmp,mimalloc,1
addusxx_g,BaTiO3_nat005,64000,27609,64,18,0.789000,set1,flang-openmp,mimalloc,1
addusxx_g,BaTiO3_nat005,64000,27609,64,19,0.783000,set1,flang-openmp,mimalloc,1
addusxx_g,BaTiO3_nat005,64000,27609,72,0,0.775000,set1,flang-openmp,mimalloc,1
addusxx_g,BaTiO3_nat005,64000,27609,72,1,0.784000,set1,flang-openmp,mimalloc,1
addusxx_g,BaTiO3_nat005,64000,27609,72,2,0.785000,set1,flang-openmp,mimalloc,1
addusxx_g,BaTiO3_nat005,64000,27609,72,3,0.840000,set1,flang-openmp,mimalloc,1
addusxx_g,BaTiO3_nat005,64000,27609,72,4,0.792000,set1,flang-openmp,mimalloc,1
addusxx_g,BaTiO3_nat005,64000,27609,72,5,0.785000,set1,flang-openmp,mimalloc,1
addusxx_g,BaTiO3_nat005,64000,27609,72,6,0.776000,set1,flang-openmp,mimalloc,1
addusxx_g,BaTiO3_nat005,64000,27609,72,7,0.788000,set1,flang-openmp,mimalloc,1
addusxx_g,BaTiO3_nat005,64000,27609,72,8,0.783000,set1,flang-openmp,mimalloc,1
addusxx_g,BaTiO3_nat005,64000,27609,72,9,0.779000,set1,flang-openmp,mimalloc,1
addusxx_g,BaTiO3_nat005,64000,27609,72,10,0.774000,set1,flang-openmp,mimalloc,1
addusxx_g,BaTiO3_nat005,64000,27609,72,11,0.766000,set1,flang-openmp,mimalloc,1
addusxx_g,BaTiO3_nat005,64000,27609,72,12,0.786000,set1,flang-openmp,mimalloc,1
addusxx_g,BaTiO3_nat005,64000,27609,72,13,0.830000,set1,flang-openmp,mimalloc,1
addusxx_g,BaTiO3_nat005,64000,27609,72,14,0.780000,set1,flang-openmp,mimalloc,1
addusxx_g,BaTiO3_nat005,64000,27609,72,15,0.785000,set1,flang-openmp,mimalloc,1
addusxx_g,BaTiO3_nat005,64000,27609,72,16,0.779000,set1,flang-openmp,mimalloc,1
addusxx_g,BaTiO3_nat005,64000,27609,72,17,0.788000,set1,flang-openmp,mimalloc,1
addusxx_g,BaTiO3_nat005,64000,27609,72,18,0.778000,set1,flang-openmp,mimalloc,1
addusxx_g,BaTiO3_nat005,64000,27609,72,19,0.817000,set1,flang-openmp,mimalloc,1
addusxx_g,BaTiO3_nat005,64000,27609,1,0,2549.207000,set1_rep72,flang-openmp,mimalloc,72
addusxx_g,BaTiO3_nat005,64000,27609,1,1,2543.337000,set1_rep72,flang-openmp,mimalloc,72
addusxx_g,BaTiO3_nat005,64000,27609,1,2,2590.884000,set1_rep72,flang-openmp,mimalloc,72
addusxx_g,BaTiO3_nat005,64000,27609,1,3,2547.633000,set1_rep72,flang-openmp,mimalloc,72
addusxx_g,BaTiO3_nat005,64000,27609,1,4,2542.097000,set1_rep72,flang-openmp,mimalloc,72
addusxx_g,BaTiO3_nat005,64000,27609,1,5,2547.071000,set1_rep72,flang-openmp,mimalloc,72
addusxx_g,BaTiO3_nat005,64000,27609,1,6,2559.992000,set1_rep72,flang-openmp,mimalloc,72
addusxx_g,BaTiO3_nat005,64000,27609,1,7,2551.561000,set1_rep72,flang-openmp,mimalloc,72
addusxx_g,BaTiO3_nat005,64000,27609,1,8,2554.014000,set1_rep72,flang-openmp,mimalloc,72
addusxx_g,BaTiO3_nat005,64000,27609,1,9,2538.424000,set1_rep72,flang-openmp,mimalloc,72
addusxx_g,BaTiO3_nat005,64000,27609,1,10,2548.089000,set1_rep72,flang-openmp,mimalloc,72
addusxx_g,BaTiO3_nat005,64000,27609,1,11,2540.477000,set1_rep72,flang-openmp,mimalloc,72
addusxx_g,BaTiO3_nat005,64000,27609,1,12,2539.207000,set1_rep72,flang-openmp,mimalloc,72
addusxx_g,BaTiO3_nat005,64000,27609,1,13,2541.251000,set1_rep72,flang-openmp,mimalloc,72
addusxx_g,BaTiO3_nat005,64000,27609,1,14,2537.387000,set1_rep72,flang-openmp,mimalloc,72
addusxx_g,BaTiO3_nat005,64000,27609,1,15,2549.158000,set1_rep72,flang-openmp,mimalloc,72
addusxx_g,BaTiO3_nat005,64000,27609,1,16,2549.037000,set1_rep72,flang-openmp,mimalloc,72
addusxx_g,BaTiO3_nat005,64000,27609,1,17,2571.728000,set1_rep72,flang-openmp,mimalloc,72
addusxx_g,BaTiO3_nat005,64000,27609,1,18,2577.944000,set1_rep72,flang-openmp,mimalloc,72
addusxx_g,BaTiO3_nat005,64000,27609,1,19,2568.288000,set1_rep72,flang-openmp,mimalloc,72
addusxx_g,BaTiO3_nat005,64000,27609,2,0,1463.256000,set1_rep72,flang-openmp,mimalloc,72
addusxx_g,BaTiO3_nat005,64000,27609,2,1,1440.878000,set1_rep72,flang-openmp,mimalloc,72
addusxx_g,BaTiO3_nat005,64000,27609,2,2,1340.281000,set1_rep72,flang-openmp,mimalloc,72
addusxx_g,BaTiO3_nat005,64000,27609,2,3,1356.453000,set1_rep72,flang-openmp,mimalloc,72
addusxx_g,BaTiO3_nat005,64000,27609,2,4,1337.617000,set1_rep72,flang-openmp,mimalloc,72
addusxx_g,BaTiO3_nat005,64000,27609,2,5,1365.068000,set1_rep72,flang-openmp,mimalloc,72
addusxx_g,BaTiO3_nat005,64000,27609,2,6,1431.271000,set1_rep72,flang-openmp,mimalloc,72
addusxx_g,BaTiO3_nat005,64000,27609,2,7,1444.712000,set1_rep72,flang-openmp,mimalloc,72
addusxx_g,BaTiO3_nat005,64000,27609,2,8,1462.201000,set1_rep72,flang-openmp,mimalloc,72
addusxx_g,BaTiO3_nat005,64000,27609,2,9,1467.472000,set1_rep72,flang-openmp,mimalloc,72
addusxx_g,BaTiO3_nat005,64000,27609,2,10,1467.270000,set1_rep72,flang-openmp,mimalloc,72
addusxx_g,BaTiO3_nat005,64000,27609,2,11,1447.124000,set1_rep72,flang-openmp,mimalloc,72
addusxx_g,BaTiO3_nat005,64000,27609,2,12,1450.737000,set1_rep72,flang-openmp,mimalloc,72
addusxx_g,BaTiO3_nat005,64000,27609,2,13,1388.756000,set1_rep72,flang-openmp,mimalloc,72
addusxx_g,BaTiO3_nat005,64000,27609,2,14,1384.662000,set1_rep72,flang-openmp,mimalloc,72
addusxx_g,BaTiO3_nat005,64000,27609,2,15,1338.515000,set1_rep72,flang-openmp,mimalloc,72
addusxx_g,BaTiO3_nat005,64000,27609,2,16,1377.460000,set1_rep72,flang-openmp,mimalloc,72
addusxx_g,BaTiO3_nat005,64000,27609,2,17,1458.546000,set1_rep72,flang-openmp,mimalloc,72
addusxx_g,BaTiO3_nat005,64000,27609,2,18,1462.062000,set1_rep72,flang-openmp,mimalloc,72
addusxx_g,BaTiO3_nat005,64000,27609,2,19,1469.563000,set1_rep72,flang-openmp,mimalloc,72
addusxx_g,BaTiO3_nat005,64000,27609,4,0,783.922000,set1_rep72,flang-openmp,mimalloc,72
addusxx_g,BaTiO3_nat005,64000,27609,4,1,784.226000,set1_rep72,flang-openmp,mimalloc,72
addusxx_g,BaTiO3_nat005,64000,27609,4,2,783.586000,set1_rep72,flang-openmp,mimalloc,72
addusxx_g,BaTiO3_nat005,64000,27609,4,3,782.670000,set1_rep72,flang-openmp,mimalloc,72
addusxx_g,BaTiO3_nat005,64000,27609,4,4,784.783000,set1_rep72,flang-openmp,mimalloc,72
addusxx_g,BaTiO3_nat005,64000,27609,4,5,782.036000,set1_rep72,flang-openmp,mimalloc,72
addusxx_g,BaTiO3_nat005,64000,27609,4,6,784.522000,set1_rep72,flang-openmp,mimalloc,72
addusxx_g,BaTiO3_nat005,64000,27609,4,7,785.219000,set1_rep72,flang-openmp,mimalloc,72
addusxx_g,BaTiO3_nat005,64000,27609,4,8,782.775000,set1_rep72,flang-openmp,mimalloc,72
addusxx_g,BaTiO3_nat005,64000,27609,4,9,783.324000,set1_rep72,flang-openmp,mimalloc,72
addusxx_g,BaTiO3_nat005,64000,27609,4,10,783.917000,set1_rep72,flang-openmp,mimalloc,72
addusxx_g,BaTiO3_nat005,64000,27609,4,11,783.602000,set1_rep72,flang-openmp,mimalloc,72
addusxx_g,BaTiO3_nat005,64000,27609,4,12,782.280000,set1_rep72,flang-openmp,mimalloc,72
addusxx_g,BaTiO3_nat005,64000,27609,4,13,782.992000,set1_rep72,flang-openmp,mimalloc,72
addusxx_g,BaTiO3_nat005,64000,27609,4,14,782.008000,set1_rep72,flang-openmp,mimalloc,72
addusxx_g,BaTiO3_nat005,64000,27609,4,15,782.645000,set1_rep72,flang-openmp,mimalloc,72
addusxx_g,BaTiO3_nat005,64000,27609,4,16,781.785000,set1_rep72,flang-openmp,mimalloc,72
addusxx_g,BaTiO3_nat005,64000,27609,4,17,782.921000,set1_rep72,flang-openmp,mimalloc,72
addusxx_g,BaTiO3_nat005,64000,27609,4,18,784.246000,set1_rep72,flang-openmp,mimalloc,72
addusxx_g,BaTiO3_nat005,64000,27609,4,19,785.212000,set1_rep72,flang-openmp,mimalloc,72
addusxx_g,BaTiO3_nat005,64000,27609,8,0,689.046000,set1_rep72,flang-openmp,mimalloc,72
addusxx_g,BaTiO3_nat005,64000,27609,8,1,705.032000,set1_rep72,flang-openmp,mimalloc,72
addusxx_g,BaTiO3_nat005,64000,27609,8,2,688.754000,set1_rep72,flang-openmp,mimalloc,72
addusxx_g,BaTiO3_nat005,64000,27609,8,3,688.175000,set1_rep72,flang-openmp,mimalloc,72
addusxx_g,BaTiO3_nat005,64000,27609,8,4,693.575000,set1_rep72,flang-openmp,mimalloc,72
addusxx_g,BaTiO3_nat005,64000,27609,8,5,696.599000,set1_rep72,flang-openmp,mimalloc,72
addusxx_g,BaTiO3_nat005,64000,27609,8,6,688.418000,set1_rep72,flang-openmp,mimalloc,72
addusxx_g,BaTiO3_nat005,64000,27609,8,7,685.763000,set1_rep72,flang-openmp,mimalloc,72
addusxx_g,BaTiO3_nat005,64000,27609,8,8,711.110000,set1_rep72,flang-openmp,mimalloc,72
addusxx_g,BaTiO3_nat005,64000,27609,8,9,707.295000,set1_rep72,flang-openmp,mimalloc,72
addusxx_g,BaTiO3_nat005,64000,27609,8,10,692.679000,set1_rep72,flang-openmp,mimalloc,72
addusxx_g,BaTiO3_nat005,64000,27609,8,11,690.220000,set1_rep72,flang-openmp,mimalloc,72
addusxx_g,BaTiO3_nat005,64000,27609,8,12,693.508000,set1_rep72,flang-openmp,mimalloc,72
addusxx_g,BaTiO3_nat005,64000,27609,8,13,688.917000,set1_rep72,flang-openmp,mimalloc,72
addusxx_g,BaTiO3_nat005,64000,27609,8,14,694.189000,set1_rep72,flang-openmp,mimalloc,72
addusxx_g,BaTiO3_nat005,64000,27609,8,15,711.453000,set1_rep72,flang-openmp,mimalloc,72
addusxx_g,BaTiO3_nat005,64000,27609,8,16,691.556000,set1_rep72,flang-openmp,mimalloc,72
addusxx_g,BaTiO3_nat005,64000,27609,8,17,696.142000,set1_rep72,flang-openmp,mimalloc,72
addusxx_g,BaTiO3_nat005,64000,27609,8,18,700.087000,set1_rep72,flang-openmp,mimalloc,72
addusxx_g,BaTiO3_nat005,64000,27609,8,19,711.669000,set1_rep72,flang-openmp,mimalloc,72
addusxx_g,BaTiO3_nat005,64000,27609,16,0,210.910000,set1_rep72,flang-openmp,mimalloc,72
addusxx_g,BaTiO3_nat005,64000,27609,16,1,211.143000,set1_rep72,flang-openmp,mimalloc,72
addusxx_g,BaTiO3_nat005,64000,27609,16,2,211.767000,set1_rep72,flang-openmp,mimalloc,72
addusxx_g,BaTiO3_nat005,64000,27609,16,3,210.296000,set1_rep72,flang-openmp,mimalloc,72
addusxx_g,BaTiO3_nat005,64000,27609,16,4,210.952000,set1_rep72,flang-openmp,mimalloc,72
addusxx_g,BaTiO3_nat005,64000,27609,16,5,211.444000,set1_rep72,flang-openmp,mimalloc,72
addusxx_g,BaTiO3_nat005,64000,27609,16,6,210.702000,set1_rep72,flang-openmp,mimalloc,72
addusxx_g,BaTiO3_nat005,64000,27609,16,7,210.546000,set1_rep72,flang-openmp,mimalloc,72
addusxx_g,BaTiO3_nat005,64000,27609,16,8,211.323000,set1_rep72,flang-openmp,mimalloc,72
addusxx_g,BaTiO3_nat005,64000,27609,16,9,211.222000,set1_rep72,flang-openmp,mimalloc,72
addusxx_g,BaTiO3_nat005,64000,27609,16,10,210.582000,set1_rep72,flang-openmp,mimalloc,72
addusxx_g,BaTiO3_nat005,64000,27609,16,11,210.583000,set1_rep72,flang-openmp,mimalloc,72
addusxx_g,BaTiO3_nat005,64000,27609,16,12,210.740000,set1_rep72,flang-openmp,mimalloc,72
addusxx_g,BaTiO3_nat005,64000,27609,16,13,211.275000,set1_rep72,flang-openmp,mimalloc,72
addusxx_g,BaTiO3_nat005,64000,27609,16,14,210.508000,set1_rep72,flang-openmp,mimalloc,72
addusxx_g,BaTiO3_nat005,64000,27609,16,15,210.712000,set1_rep72,flang-openmp,mimalloc,72
addusxx_g,BaTiO3_nat005,64000,27609,16,16,210.947000,set1_rep72,flang-openmp,mimalloc,72
addusxx_g,BaTiO3_nat005,64000,27609,16,17,210.782000,set1_rep72,flang-openmp,mimalloc,72
addusxx_g,BaTiO3_nat005,64000,27609,16,18,211.564000,set1_rep72,flang-openmp,mimalloc,72
addusxx_g,BaTiO3_nat005,64000,27609,16,19,211.205000,set1_rep72,flang-openmp,mimalloc,72
addusxx_g,BaTiO3_nat005,64000,27609,32,0,180.481000,set1_rep72,flang-openmp,mimalloc,72
addusxx_g,BaTiO3_nat005,64000,27609,32,1,177.878000,set1_rep72,flang-openmp,mimalloc,72
addusxx_g,BaTiO3_nat005,64000,27609,32,2,187.030000,set1_rep72,flang-openmp,mimalloc,72
addusxx_g,BaTiO3_nat005,64000,27609,32,3,183.850000,set1_rep72,flang-openmp,mimalloc,72
addusxx_g,BaTiO3_nat005,64000,27609,32,4,181.852000,set1_rep72,flang-openmp,mimalloc,72
addusxx_g,BaTiO3_nat005,64000,27609,32,5,182.336000,set1_rep72,flang-openmp,mimalloc,72
addusxx_g,BaTiO3_nat005,64000,27609,32,6,184.516000,set1_rep72,flang-openmp,mimalloc,72
addusxx_g,BaTiO3_nat005,64000,27609,32,7,177.821000,set1_rep72,flang-openmp,mimalloc,72
addusxx_g,BaTiO3_nat005,64000,27609,32,8,185.529000,set1_rep72,flang-openmp,mimalloc,72
addusxx_g,BaTiO3_nat005,64000,27609,32,9,174.703000,set1_rep72,flang-openmp,mimalloc,72
addusxx_g,BaTiO3_nat005,64000,27609,32,10,176.965000,set1_rep72,flang-openmp,mimalloc,72
addusxx_g,BaTiO3_nat005,64000,27609,32,11,181.402000,set1_rep72,flang-openmp,mimalloc,72
addusxx_g,BaTiO3_nat005,64000,27609,32,12,182.322000,set1_rep72,flang-openmp,mimalloc,72
addusxx_g,BaTiO3_nat005,64000,27609,32,13,172.933000,set1_rep72,flang-openmp,mimalloc,72
addusxx_g,BaTiO3_nat005,64000,27609,32,14,184.741000,set1_rep72,flang-openmp,mimalloc,72
addusxx_g,BaTiO3_nat005,64000,27609,32,15,182.329000,set1_rep72,flang-openmp,mimalloc,72
addusxx_g,BaTiO3_nat005,64000,27609,32,16,188.196000,set1_rep72,flang-openmp,mimalloc,72
addusxx_g,BaTiO3_nat005,64000,27609,32,17,182.671000,set1_rep72,flang-openmp,mimalloc,72
addusxx_g,BaTiO3_nat005,64000,27609,32,18,185.017000,set1_rep72,flang-openmp,mimalloc,72
addusxx_g,BaTiO3_nat005,64000,27609,32,19,182.190000,set1_rep72,flang-openmp,mimalloc,72
addusxx_g,BaTiO3_nat005,64000,27609,64,0,75.462000,set1_rep72,flang-openmp,mimalloc,72
addusxx_g,BaTiO3_nat005,64000,27609,64,1,75.431000,set1_rep72,flang-openmp,mimalloc,72
addusxx_g,BaTiO3_nat005,64000,27609,64,2,76.055000,set1_rep72,flang-openmp,mimalloc,72
addusxx_g,BaTiO3_nat005,64000,27609,64,3,75.709000,set1_rep72,flang-openmp,mimalloc,72
addusxx_g,BaTiO3_nat005,64000,27609,64,4,75.687000,set1_rep72,flang-openmp,mimalloc,72
addusxx_g,BaTiO3_nat005,64000,27609,64,5,75.324000,set1_rep72,flang-openmp,mimalloc,72
addusxx_g,BaTiO3_nat005,64000,27609,64,6,75.383000,set1_rep72,flang-openmp,mimalloc,72
addusxx_g,BaTiO3_nat005,64000,27609,64,7,75.732000,set1_rep72,flang-openmp,mimalloc,72
addusxx_g,BaTiO3_nat005,64000,27609,64,8,75.659000,set1_rep72,flang-openmp,mimalloc,72
addusxx_g,BaTiO3_nat005,64000,27609,64,9,75.638000,set1_rep72,flang-openmp,mimalloc,72
addusxx_g,BaTiO3_nat005,64000,27609,64,10,75.576000,set1_rep72,flang-openmp,mimalloc,72
addusxx_g,BaTiO3_nat005,64000,27609,64,11,77.192000,set1_rep72,flang-openmp,mimalloc,72
addusxx_g,BaTiO3_nat005,64000,27609,64,12,75.885000,set1_rep72,flang-openmp,mimalloc,72
addusxx_g,BaTiO3_nat005,64000,27609,64,13,75.660000,set1_rep72,flang-openmp,mimalloc,72
addusxx_g,BaTiO3_nat005,64000,27609,64,14,75.677000,set1_rep72,flang-openmp,mimalloc,72
addusxx_g,BaTiO3_nat005,64000,27609,64,15,75.459000,set1_rep72,flang-openmp,mimalloc,72
addusxx_g,BaTiO3_nat005,64000,27609,64,16,75.475000,set1_rep72,flang-openmp,mimalloc,72
addusxx_g,BaTiO3_nat005,64000,27609,64,17,75.379000,set1_rep72,flang-openmp,mimalloc,72
addusxx_g,BaTiO3_nat005,64000,27609,64,18,75.743000,set1_rep72,flang-openmp,mimalloc,72
addusxx_g,BaTiO3_nat005,64000,27609,64,19,75.707000,set1_rep72,flang-openmp,mimalloc,72
addusxx_g,BaTiO3_nat005,64000,27609,72,0,69.912000,set1_rep72,flang-openmp,mimalloc,72
addusxx_g,BaTiO3_nat005,64000,27609,72,1,70.348000,set1_rep72,flang-openmp,mimalloc,72
addusxx_g,BaTiO3_nat005,64000,27609,72,2,70.132000,set1_rep72,flang-openmp,mimalloc,72
addusxx_g,BaTiO3_nat005,64000,27609,72,3,70.277000,set1_rep72,flang-openmp,mimalloc,72
addusxx_g,BaTiO3_nat005,64000,27609,72,4,70.727000,set1_rep72,flang-openmp,mimalloc,72
addusxx_g,BaTiO3_nat005,64000,27609,72,5,70.070000,set1_rep72,flang-openmp,mimalloc,72
addusxx_g,BaTiO3_nat005,64000,27609,72,6,70.046000,set1_rep72,flang-openmp,mimalloc,72
addusxx_g,BaTiO3_nat005,64000,27609,72,7,70.299000,set1_rep72,flang-openmp,mimalloc,72
addusxx_g,BaTiO3_nat005,64000,27609,72,8,71.941000,set1_rep72,flang-openmp,mimalloc,72
addusxx_g,BaTiO3_nat005,64000,27609,72,9,70.274000,set1_rep72,flang-openmp,mimalloc,72
addusxx_g,BaTiO3_nat005,64000,27609,72,10,70.430000,set1_rep72,flang-openmp,mimalloc,72
addusxx_g,BaTiO3_nat005,64000,27609,72,11,70.082000,set1_rep72,flang-openmp,mimalloc,72
addusxx_g,BaTiO3_nat005,64000,27609,72,12,69.869000,set1_rep72,flang-openmp,mimalloc,72
addusxx_g,BaTiO3_nat005,64000,27609,72,13,70.250000,set1_rep72,flang-openmp,mimalloc,72
addusxx_g,BaTiO3_nat005,64000,27609,72,14,70.240000,set1_rep72,flang-openmp,mimalloc,72
addusxx_g,BaTiO3_nat005,64000,27609,72,15,70.002000,set1_rep72,flang-openmp,mimalloc,72
addusxx_g,BaTiO3_nat005,64000,27609,72,16,69.785000,set1_rep72,flang-openmp,mimalloc,72
addusxx_g,BaTiO3_nat005,64000,27609,72,17,70.259000,set1_rep72,flang-openmp,mimalloc,72
addusxx_g,BaTiO3_nat005,64000,27609,72,18,70.501000,set1_rep72,flang-openmp,mimalloc,72
addusxx_g,BaTiO3_nat005,64000,27609,72,19,70.355000,set1_rep72,flang-openmp,mimalloc,72
addusxx_g,BaO_nat002,64000,18643,1,0,7.690000,set0,original-openmp,mimalloc,1
addusxx_g,BaO_nat002,64000,18643,1,1,7.784000,set0,original-openmp,mimalloc,1
addusxx_g,BaO_nat002,64000,18643,1,2,7.760000,set0,original-openmp,mimalloc,1
addusxx_g,BaO_nat002,64000,18643,1,3,7.668000,set0,original-openmp,mimalloc,1
addusxx_g,BaO_nat002,64000,18643,1,4,7.575000,set0,original-openmp,mimalloc,1
addusxx_g,BaO_nat002,64000,18643,1,5,7.619000,set0,original-openmp,mimalloc,1
addusxx_g,BaO_nat002,64000,18643,1,6,7.615000,set0,original-openmp,mimalloc,1
addusxx_g,BaO_nat002,64000,18643,1,7,7.904000,set0,original-openmp,mimalloc,1
addusxx_g,BaO_nat002,64000,18643,1,8,7.773000,set0,original-openmp,mimalloc,1
addusxx_g,BaO_nat002,64000,18643,1,9,7.544000,set0,original-openmp,mimalloc,1
addusxx_g,BaO_nat002,64000,18643,1,10,7.609000,set0,original-openmp,mimalloc,1
addusxx_g,BaO_nat002,64000,18643,1,11,7.553000,set0,original-openmp,mimalloc,1
addusxx_g,BaO_nat002,64000,18643,1,12,7.562000,set0,original-openmp,mimalloc,1
addusxx_g,BaO_nat002,64000,18643,1,13,7.564000,set0,original-openmp,mimalloc,1
addusxx_g,BaO_nat002,64000,18643,1,14,7.619000,set0,original-openmp,mimalloc,1
addusxx_g,BaO_nat002,64000,18643,1,15,7.586000,set0,original-openmp,mimalloc,1
addusxx_g,BaO_nat002,64000,18643,1,16,7.643000,set0,original-openmp,mimalloc,1
addusxx_g,BaO_nat002,64000,18643,1,17,7.594000,set0,original-openmp,mimalloc,1
addusxx_g,BaO_nat002,64000,18643,1,18,7.607000,set0,original-openmp,mimalloc,1
addusxx_g,BaO_nat002,64000,18643,1,19,7.560000,set0,original-openmp,mimalloc,1
addusxx_g,BaO_nat002,64000,18643,2,0,3.972000,set0,original-openmp,mimalloc,1
addusxx_g,BaO_nat002,64000,18643,2,1,3.974000,set0,original-openmp,mimalloc,1
addusxx_g,BaO_nat002,64000,18643,2,2,3.915000,set0,original-openmp,mimalloc,1
addusxx_g,BaO_nat002,64000,18643,2,3,3.899000,set0,original-openmp,mimalloc,1
addusxx_g,BaO_nat002,64000,18643,2,4,4.082000,set0,original-openmp,mimalloc,1
addusxx_g,BaO_nat002,64000,18643,2,5,4.061000,set0,original-openmp,mimalloc,1
addusxx_g,BaO_nat002,64000,18643,2,6,3.892000,set0,original-openmp,mimalloc,1
addusxx_g,BaO_nat002,64000,18643,2,7,3.863000,set0,original-openmp,mimalloc,1
addusxx_g,BaO_nat002,64000,18643,2,8,3.875000,set0,original-openmp,mimalloc,1
addusxx_g,BaO_nat002,64000,18643,2,9,3.944000,set0,original-openmp,mimalloc,1
addusxx_g,BaO_nat002,64000,18643,2,10,3.870000,set0,original-openmp,mimalloc,1
addusxx_g,BaO_nat002,64000,18643,2,11,3.855000,set0,original-openmp,mimalloc,1
addusxx_g,BaO_nat002,64000,18643,2,12,3.910000,set0,original-openmp,mimalloc,1
addusxx_g,BaO_nat002,64000,18643,2,13,3.864000,set0,original-openmp,mimalloc,1
addusxx_g,BaO_nat002,64000,18643,2,14,3.875000,set0,original-openmp,mimalloc,1
addusxx_g,BaO_nat002,64000,18643,2,15,3.904000,set0,original-openmp,mimalloc,1
addusxx_g,BaO_nat002,64000,18643,2,16,3.875000,set0,original-openmp,mimalloc,1
addusxx_g,BaO_nat002,64000,18643,2,17,3.922000,set0,original-openmp,mimalloc,1
addusxx_g,BaO_nat002,64000,18643,2,18,3.872000,set0,original-openmp,mimalloc,1
addusxx_g,BaO_nat002,64000,18643,2,19,3.871000,set0,original-openmp,mimalloc,1
addusxx_g,BaO_nat002,64000,18643,4,0,2.017000,set0,original-openmp,mimalloc,1
addusxx_g,BaO_nat002,64000,18643,4,1,2.013000,set0,original-openmp,mimalloc,1
addusxx_g,BaO_nat002,64000,18643,4,2,1.997000,set0,original-openmp,mimalloc,1
addusxx_g,BaO_nat002,64000,18643,4,3,2.146000,set0,original-openmp,mimalloc,1
addusxx_g,BaO_nat002,64000,18643,4,4,2.036000,set0,original-openmp,mimalloc,1
addusxx_g,BaO_nat002,64000,18643,4,5,1.984000,set0,original-openmp,mimalloc,1
addusxx_g,BaO_nat002,64000,18643,4,6,2.018000,set0,original-openmp,mimalloc,1
addusxx_g,BaO_nat002,64000,18643,4,7,1.973000,set0,original-openmp,mimalloc,1
addusxx_g,BaO_nat002,64000,18643,4,8,1.997000,set0,original-openmp,mimalloc,1
addusxx_g,BaO_nat002,64000,18643,4,9,1.970000,set0,original-openmp,mimalloc,1
addusxx_g,BaO_nat002,64000,18643,4,10,2.041000,set0,original-openmp,mimalloc,1
addusxx_g,BaO_nat002,64000,18643,4,11,1.989000,set0,original-openmp,mimalloc,1
addusxx_g,BaO_nat002,64000,18643,4,12,2.003000,set0,original-openmp,mimalloc,1
addusxx_g,BaO_nat002,64000,18643,4,13,1.951000,set0,original-openmp,mimalloc,1
addusxx_g,BaO_nat002,64000,18643,4,14,1.952000,set0,original-openmp,mimalloc,1
addusxx_g,BaO_nat002,64000,18643,4,15,1.952000,set0,original-openmp,mimalloc,1
addusxx_g,BaO_nat002,64000,18643,4,16,1.952000,set0,original-openmp,mimalloc,1
addusxx_g,BaO_nat002,64000,18643,4,17,1.957000,set0,original-openmp,mimalloc,1
addusxx_g,BaO_nat002,64000,18643,4,18,1.977000,set0,original-openmp,mimalloc,1
addusxx_g,BaO_nat002,64000,18643,4,19,2.006000,set0,original-openmp,mimalloc,1
addusxx_g,BaO_nat002,64000,18643,8,0,1.086000,set0,original-openmp,mimalloc,1
addusxx_g,BaO_nat002,64000,18643,8,1,1.096000,set0,original-openmp,mimalloc,1
addusxx_g,BaO_nat002,64000,18643,8,2,1.067000,set0,original-openmp,mimalloc,1
addusxx_g,BaO_nat002,64000,18643,8,3,1.079000,set0,original-openmp,mimalloc,1
addusxx_g,BaO_nat002,64000,18643,8,4,1.051000,set0,original-openmp,mimalloc,1
addusxx_g,BaO_nat002,64000,18643,8,5,1.066000,set0,original-openmp,mimalloc,1
addusxx_g,BaO_nat002,64000,18643,8,6,1.049000,set0,original-openmp,mimalloc,1
addusxx_g,BaO_nat002,64000,18643,8,7,1.060000,set0,original-openmp,mimalloc,1
addusxx_g,BaO_nat002,64000,18643,8,8,1.049000,set0,original-openmp,mimalloc,1
addusxx_g,BaO_nat002,64000,18643,8,9,1.115000,set0,original-openmp,mimalloc,1
addusxx_g,BaO_nat002,64000,18643,8,10,1.060000,set0,original-openmp,mimalloc,1
addusxx_g,BaO_nat002,64000,18643,8,11,1.045000,set0,original-openmp,mimalloc,1
addusxx_g,BaO_nat002,64000,18643,8,12,1.054000,set0,original-openmp,mimalloc,1
addusxx_g,BaO_nat002,64000,18643,8,13,1.047000,set0,original-openmp,mimalloc,1
addusxx_g,BaO_nat002,64000,18643,8,14,1.053000,set0,original-openmp,mimalloc,1
addusxx_g,BaO_nat002,64000,18643,8,15,1.054000,set0,original-openmp,mimalloc,1
addusxx_g,BaO_nat002,64000,18643,8,16,1.064000,set0,original-openmp,mimalloc,1
addusxx_g,BaO_nat002,64000,18643,8,17,1.052000,set0,original-openmp,mimalloc,1
addusxx_g,BaO_nat002,64000,18643,8,18,1.052000,set0,original-openmp,mimalloc,1
addusxx_g,BaO_nat002,64000,18643,8,19,1.049000,set0,original-openmp,mimalloc,1
addusxx_g,BaO_nat002,64000,18643,16,0,0.577000,set0,original-openmp,mimalloc,1
addusxx_g,BaO_nat002,64000,18643,16,1,0.593000,set0,original-openmp,mimalloc,1
addusxx_g,BaO_nat002,64000,18643,16,2,0.589000,set0,original-openmp,mimalloc,1
addusxx_g,BaO_nat002,64000,18643,16,3,0.598000,set0,original-openmp,mimalloc,1
addusxx_g,BaO_nat002,64000,18643,16,4,0.579000,set0,original-openmp,mimalloc,1
addusxx_g,BaO_nat002,64000,18643,16,5,0.569000,set0,original-openmp,mimalloc,1
addusxx_g,BaO_nat002,64000,18643,16,6,0.581000,set0,original-openmp,mimalloc,1
addusxx_g,BaO_nat002,64000,18643,16,7,0.579000,set0,original-openmp,mimalloc,1
addusxx_g,BaO_nat002,64000,18643,16,8,0.567000,set0,original-openmp,mimalloc,1
addusxx_g,BaO_nat002,64000,18643,16,9,0.727000,set0,original-openmp,mimalloc,1
addusxx_g,BaO_nat002,64000,18643,16,10,0.606000,set0,original-openmp,mimalloc,1
addusxx_g,BaO_nat002,64000,18643,16,11,0.574000,set0,original-openmp,mimalloc,1
addusxx_g,BaO_nat002,64000,18643,16,12,0.580000,set0,original-openmp,mimalloc,1
addusxx_g,BaO_nat002,64000,18643,16,13,0.580000,set0,original-openmp,mimalloc,1
addusxx_g,BaO_nat002,64000,18643,16,14,0.575000,set0,original-openmp,mimalloc,1
addusxx_g,BaO_nat002,64000,18643,16,15,0.573000,set0,original-openmp,mimalloc,1
addusxx_g,BaO_nat002,64000,18643,16,16,0.573000,set0,original-openmp,mimalloc,1
addusxx_g,BaO_nat002,64000,18643,16,17,0.639000,set0,original-openmp,mimalloc,1
addusxx_g,BaO_nat002,64000,18643,16,18,0.568000,set0,original-openmp,mimalloc,1
addusxx_g,BaO_nat002,64000,18643,16,19,0.574000,set0,original-openmp,mimalloc,1
addusxx_g,BaO_nat002,64000,18643,32,0,0.357000,set0,original-openmp,mimalloc,1
addusxx_g,BaO_nat002,64000,18643,32,1,0.373000,set0,original-openmp,mimalloc,1
addusxx_g,BaO_nat002,64000,18643,32,2,0.392000,set0,original-openmp,mimalloc,1
addusxx_g,BaO_nat002,64000,18643,32,3,0.370000,set0,original-openmp,mimalloc,1
addusxx_g,BaO_nat002,64000,18643,32,4,0.374000,set0,original-openmp,mimalloc,1
addusxx_g,BaO_nat002,64000,18643,32,5,0.365000,set0,original-openmp,mimalloc,1
addusxx_g,BaO_nat002,64000,18643,32,6,0.374000,set0,original-openmp,mimalloc,1
addusxx_g,BaO_nat002,64000,18643,32,7,0.377000,set0,original-openmp,mimalloc,1
addusxx_g,BaO_nat002,64000,18643,32,8,0.370000,set0,original-openmp,mimalloc,1
addusxx_g,BaO_nat002,64000,18643,32,9,0.371000,set0,original-openmp,mimalloc,1
addusxx_g,BaO_nat002,64000,18643,32,10,0.372000,set0,original-openmp,mimalloc,1
addusxx_g,BaO_nat002,64000,18643,32,11,0.365000,set0,original-openmp,mimalloc,1
addusxx_g,BaO_nat002,64000,18643,32,12,0.354000,set0,original-openmp,mimalloc,1
addusxx_g,BaO_nat002,64000,18643,32,13,0.358000,set0,original-openmp,mimalloc,1
addusxx_g,BaO_nat002,64000,18643,32,14,0.354000,set0,original-openmp,mimalloc,1
addusxx_g,BaO_nat002,64000,18643,32,15,0.362000,set0,original-openmp,mimalloc,1
addusxx_g,BaO_nat002,64000,18643,32,16,0.369000,set0,original-openmp,mimalloc,1
addusxx_g,BaO_nat002,64000,18643,32,17,0.366000,set0,original-openmp,mimalloc,1
addusxx_g,BaO_nat002,64000,18643,32,18,0.358000,set0,original-openmp,mimalloc,1
addusxx_g,BaO_nat002,64000,18643,32,19,0.361000,set0,original-openmp,mimalloc,1
addusxx_g,BaO_nat002,64000,18643,64,0,0.271000,set0,original-openmp,mimalloc,1
addusxx_g,BaO_nat002,64000,18643,64,1,0.297000,set0,original-openmp,mimalloc,1
addusxx_g,BaO_nat002,64000,18643,64,2,0.308000,set0,original-openmp,mimalloc,1
addusxx_g,BaO_nat002,64000,18643,64,3,0.303000,set0,original-openmp,mimalloc,1
addusxx_g,BaO_nat002,64000,18643,64,4,0.476000,set0,original-openmp,mimalloc,1
addusxx_g,BaO_nat002,64000,18643,64,5,0.312000,set0,original-openmp,mimalloc,1
addusxx_g,BaO_nat002,64000,18643,64,6,0.308000,set0,original-openmp,mimalloc,1
addusxx_g,BaO_nat002,64000,18643,64,7,0.293000,set0,original-openmp,mimalloc,1
addusxx_g,BaO_nat002,64000,18643,64,8,0.270000,set0,original-openmp,mimalloc,1
addusxx_g,BaO_nat002,64000,18643,64,9,0.294000,set0,original-openmp,mimalloc,1
addusxx_g,BaO_nat002,64000,18643,64,10,0.313000,set0,original-openmp,mimalloc,1
addusxx_g,BaO_nat002,64000,18643,64,11,0.318000,set0,original-openmp,mimalloc,1
addusxx_g,BaO_nat002,64000,18643,64,12,0.304000,set0,original-openmp,mimalloc,1
addusxx_g,BaO_nat002,64000,18643,64,13,0.307000,set0,original-openmp,mimalloc,1
addusxx_g,BaO_nat002,64000,18643,64,14,0.297000,set0,original-openmp,mimalloc,1
addusxx_g,BaO_nat002,64000,18643,64,15,0.291000,set0,original-openmp,mimalloc,1
addusxx_g,BaO_nat002,64000,18643,64,16,0.294000,set0,original-openmp,mimalloc,1
addusxx_g,BaO_nat002,64000,18643,64,17,0.302000,set0,original-openmp,mimalloc,1
addusxx_g,BaO_nat002,64000,18643,64,18,0.294000,set0,original-openmp,mimalloc,1
addusxx_g,BaO_nat002,64000,18643,64,19,0.294000,set0,original-openmp,mimalloc,1
addusxx_g,BaO_nat002,64000,18643,72,0,0.268000,set0,original-openmp,mimalloc,1
addusxx_g,BaO_nat002,64000,18643,72,1,0.292000,set0,original-openmp,mimalloc,1
addusxx_g,BaO_nat002,64000,18643,72,2,0.323000,set0,original-openmp,mimalloc,1
addusxx_g,BaO_nat002,64000,18643,72,3,0.302000,set0,original-openmp,mimalloc,1
addusxx_g,BaO_nat002,64000,18643,72,4,0.300000,set0,original-openmp,mimalloc,1
addusxx_g,BaO_nat002,64000,18643,72,5,0.293000,set0,original-openmp,mimalloc,1
addusxx_g,BaO_nat002,64000,18643,72,6,0.300000,set0,original-openmp,mimalloc,1
addusxx_g,BaO_nat002,64000,18643,72,7,0.311000,set0,original-openmp,mimalloc,1
addusxx_g,BaO_nat002,64000,18643,72,8,0.293000,set0,original-openmp,mimalloc,1
addusxx_g,BaO_nat002,64000,18643,72,9,0.301000,set0,original-openmp,mimalloc,1
addusxx_g,BaO_nat002,64000,18643,72,10,0.299000,set0,original-openmp,mimalloc,1
addusxx_g,BaO_nat002,64000,18643,72,11,0.296000,set0,original-openmp,mimalloc,1
addusxx_g,BaO_nat002,64000,18643,72,12,0.299000,set0,original-openmp,mimalloc,1
addusxx_g,BaO_nat002,64000,18643,72,13,0.295000,set0,original-openmp,mimalloc,1
addusxx_g,BaO_nat002,64000,18643,72,14,0.290000,set0,original-openmp,mimalloc,1
addusxx_g,BaO_nat002,64000,18643,72,15,0.329000,set0,original-openmp,mimalloc,1
addusxx_g,BaO_nat002,64000,18643,72,16,0.295000,set0,original-openmp,mimalloc,1
addusxx_g,BaO_nat002,64000,18643,72,17,0.293000,set0,original-openmp,mimalloc,1
addusxx_g,BaO_nat002,64000,18643,72,18,0.294000,set0,original-openmp,mimalloc,1
addusxx_g,BaO_nat002,64000,18643,72,19,0.298000,set0,original-openmp,mimalloc,1
addusxx_g,BaO_nat002,64000,18643,1,0,689.805000,set0_rep72,original-openmp,mimalloc,72
addusxx_g,BaO_nat002,64000,18643,1,1,688.584000,set0_rep72,original-openmp,mimalloc,72
addusxx_g,BaO_nat002,64000,18643,1,2,689.643000,set0_rep72,original-openmp,mimalloc,72
addusxx_g,BaO_nat002,64000,18643,1,3,688.224000,set0_rep72,original-openmp,mimalloc,72
addusxx_g,BaO_nat002,64000,18643,1,4,687.654000,set0_rep72,original-openmp,mimalloc,72
addusxx_g,BaO_nat002,64000,18643,1,5,689.093000,set0_rep72,original-openmp,mimalloc,72
addusxx_g,BaO_nat002,64000,18643,1,6,687.980000,set0_rep72,original-openmp,mimalloc,72
addusxx_g,BaO_nat002,64000,18643,1,7,688.015000,set0_rep72,original-openmp,mimalloc,72
addusxx_g,BaO_nat002,64000,18643,1,8,687.738000,set0_rep72,original-openmp,mimalloc,72
addusxx_g,BaO_nat002,64000,18643,1,9,687.448000,set0_rep72,original-openmp,mimalloc,72
addusxx_g,BaO_nat002,64000,18643,1,10,698.850000,set0_rep72,original-openmp,mimalloc,72
addusxx_g,BaO_nat002,64000,18643,1,11,688.267000,set0_rep72,original-openmp,mimalloc,72
addusxx_g,BaO_nat002,64000,18643,1,12,688.328000,set0_rep72,original-openmp,mimalloc,72
addusxx_g,BaO_nat002,64000,18643,1,13,700.253000,set0_rep72,original-openmp,mimalloc,72
addusxx_g,BaO_nat002,64000,18643,1,14,688.464000,set0_rep72,original-openmp,mimalloc,72
addusxx_g,BaO_nat002,64000,18643,1,15,687.391000,set0_rep72,original-openmp,mimalloc,72
addusxx_g,BaO_nat002,64000,18643,1,16,688.659000,set0_rep72,original-openmp,mimalloc,72
addusxx_g,BaO_nat002,64000,18643,1,17,688.262000,set0_rep72,original-openmp,mimalloc,72
addusxx_g,BaO_nat002,64000,18643,1,18,687.585000,set0_rep72,original-openmp,mimalloc,72
addusxx_g,BaO_nat002,64000,18643,1,19,687.846000,set0_rep72,original-openmp,mimalloc,72
addusxx_g,BaO_nat002,64000,18643,2,0,379.399000,set0_rep72,original-openmp,mimalloc,72
addusxx_g,BaO_nat002,64000,18643,2,1,377.873000,set0_rep72,original-openmp,mimalloc,72
addusxx_g,BaO_nat002,64000,18643,2,2,375.669000,set0_rep72,original-openmp,mimalloc,72
addusxx_g,BaO_nat002,64000,18643,2,3,379.922000,set0_rep72,original-openmp,mimalloc,72
addusxx_g,BaO_nat002,64000,18643,2,4,376.746000,set0_rep72,original-openmp,mimalloc,72
addusxx_g,BaO_nat002,64000,18643,2,5,375.062000,set0_rep72,original-openmp,mimalloc,72
addusxx_g,BaO_nat002,64000,18643,2,6,379.048000,set0_rep72,original-openmp,mimalloc,72
addusxx_g,BaO_nat002,64000,18643,2,7,378.885000,set0_rep72,original-openmp,mimalloc,72
addusxx_g,BaO_nat002,64000,18643,2,8,376.104000,set0_rep72,original-openmp,mimalloc,72
addusxx_g,BaO_nat002,64000,18643,2,9,371.851000,set0_rep72,original-openmp,mimalloc,72
addusxx_g,BaO_nat002,64000,18643,2,10,372.426000,set0_rep72,original-openmp,mimalloc,72
addusxx_g,BaO_nat002,64000,18643,2,11,371.809000,set0_rep72,original-openmp,mimalloc,72
addusxx_g,BaO_nat002,64000,18643,2,12,369.814000,set0_rep72,original-openmp,mimalloc,72
addusxx_g,BaO_nat002,64000,18643,2,13,369.372000,set0_rep72,original-openmp,mimalloc,72
addusxx_g,BaO_nat002,64000,18643,2,14,372.049000,set0_rep72,original-openmp,mimalloc,72
addusxx_g,BaO_nat002,64000,18643,2,15,371.592000,set0_rep72,original-openmp,mimalloc,72
addusxx_g,BaO_nat002,64000,18643,2,16,369.953000,set0_rep72,original-openmp,mimalloc,72
addusxx_g,BaO_nat002,64000,18643,2,17,369.011000,set0_rep72,original-openmp,mimalloc,72
addusxx_g,BaO_nat002,64000,18643,2,18,369.423000,set0_rep72,original-openmp,mimalloc,72
addusxx_g,BaO_nat002,64000,18643,2,19,370.708000,set0_rep72,original-openmp,mimalloc,72
addusxx_g,BaO_nat002,64000,18643,4,0,205.636000,set0_rep72,original-openmp,mimalloc,72
addusxx_g,BaO_nat002,64000,18643,4,1,201.994000,set0_rep72,original-openmp,mimalloc,72
addusxx_g,BaO_nat002,64000,18643,4,2,202.191000,set0_rep72,original-openmp,mimalloc,72
addusxx_g,BaO_nat002,64000,18643,4,3,201.510000,set0_rep72,original-openmp,mimalloc,72
addusxx_g,BaO_nat002,64000,18643,4,4,200.946000,set0_rep72,original-openmp,mimalloc,72
addusxx_g,BaO_nat002,64000,18643,4,5,202.256000,set0_rep72,original-openmp,mimalloc,72
addusxx_g,BaO_nat002,64000,18643,4,6,203.596000,set0_rep72,original-openmp,mimalloc,72
addusxx_g,BaO_nat002,64000,18643,4,7,204.487000,set0_rep72,original-openmp,mimalloc,72
addusxx_g,BaO_nat002,64000,18643,4,8,202.460000,set0_rep72,original-openmp,mimalloc,72
addusxx_g,BaO_nat002,64000,18643,4,9,202.624000,set0_rep72,original-openmp,mimalloc,72
addusxx_g,BaO_nat002,64000,18643,4,10,202.497000,set0_rep72,original-openmp,mimalloc,72
addusxx_g,BaO_nat002,64000,18643,4,11,202.755000,set0_rep72,original-openmp,mimalloc,72
addusxx_g,BaO_nat002,64000,18643,4,12,202.216000,set0_rep72,original-openmp,mimalloc,72
addusxx_g,BaO_nat002,64000,18643,4,13,202.588000,set0_rep72,original-openmp,mimalloc,72
addusxx_g,BaO_nat002,64000,18643,4,14,205.513000,set0_rep72,original-openmp,mimalloc,72
addusxx_g,BaO_nat002,64000,18643,4,15,201.723000,set0_rep72,original-openmp,mimalloc,72
addusxx_g,BaO_nat002,64000,18643,4,16,205.986000,set0_rep72,original-openmp,mimalloc,72
addusxx_g,BaO_nat002,64000,18643,4,17,207.671000,set0_rep72,original-openmp,mimalloc,72
addusxx_g,BaO_nat002,64000,18643,4,18,206.678000,set0_rep72,original-openmp,mimalloc,72
addusxx_g,BaO_nat002,64000,18643,4,19,204.909000,set0_rep72,original-openmp,mimalloc,72
addusxx_g,BaO_nat002,64000,18643,8,0,113.777000,set0_rep72,original-openmp,mimalloc,72
addusxx_g,BaO_nat002,64000,18643,8,1,111.730000,set0_rep72,original-openmp,mimalloc,72
addusxx_g,BaO_nat002,64000,18643,8,2,110.642000,set0_rep72,original-openmp,mimalloc,72
addusxx_g,BaO_nat002,64000,18643,8,3,110.451000,set0_rep72,original-openmp,mimalloc,72
addusxx_g,BaO_nat002,64000,18643,8,4,110.131000,set0_rep72,original-openmp,mimalloc,72
addusxx_g,BaO_nat002,64000,18643,8,5,110.294000,set0_rep72,original-openmp,mimalloc,72
addusxx_g,BaO_nat002,64000,18643,8,6,109.696000,set0_rep72,original-openmp,mimalloc,72
addusxx_g,BaO_nat002,64000,18643,8,7,109.485000,set0_rep72,original-openmp,mimalloc,72
addusxx_g,BaO_nat002,64000,18643,8,8,109.065000,set0_rep72,original-openmp,mimalloc,72
addusxx_g,BaO_nat002,64000,18643,8,9,109.018000,set0_rep72,original-openmp,mimalloc,72
addusxx_g,BaO_nat002,64000,18643,8,10,108.880000,set0_rep72,original-openmp,mimalloc,72
addusxx_g,BaO_nat002,64000,18643,8,11,109.098000,set0_rep72,original-openmp,mimalloc,72
addusxx_g,BaO_nat002,64000,18643,8,12,109.289000,set0_rep72,original-openmp,mimalloc,72
addusxx_g,BaO_nat002,64000,18643,8,13,110.766000,set0_rep72,original-openmp,mimalloc,72
addusxx_g,BaO_nat002,64000,18643,8,14,110.840000,set0_rep72,original-openmp,mimalloc,72
addusxx_g,BaO_nat002,64000,18643,8,15,110.558000,set0_rep72,original-openmp,mimalloc,72
addusxx_g,BaO_nat002,64000,18643,8,16,110.657000,set0_rep72,original-openmp,mimalloc,72
addusxx_g,BaO_nat002,64000,18643,8,17,109.758000,set0_rep72,original-openmp,mimalloc,72
addusxx_g,BaO_nat002,64000,18643,8,18,111.588000,set0_rep72,original-openmp,mimalloc,72
addusxx_g,BaO_nat002,64000,18643,8,19,110.375000,set0_rep72,original-openmp,mimalloc,72
addusxx_g,BaO_nat002,64000,18643,16,0,61.803000,set0_rep72,original-openmp,mimalloc,72
addusxx_g,BaO_nat002,64000,18643,16,1,61.879000,set0_rep72,original-openmp,mimalloc,72
addusxx_g,BaO_nat002,64000,18643,16,2,62.529000,set0_rep72,original-openmp,mimalloc,72
addusxx_g,BaO_nat002,64000,18643,16,3,61.415000,set0_rep72,original-openmp,mimalloc,72
addusxx_g,BaO_nat002,64000,18643,16,4,61.461000,set0_rep72,original-openmp,mimalloc,72
addusxx_g,BaO_nat002,64000,18643,16,5,61.794000,set0_rep72,original-openmp,mimalloc,72
addusxx_g,BaO_nat002,64000,18643,16,6,61.869000,set0_rep72,original-openmp,mimalloc,72
addusxx_g,BaO_nat002,64000,18643,16,7,62.508000,set0_rep72,original-openmp,mimalloc,72
addusxx_g,BaO_nat002,64000,18643,16,8,60.934000,set0_rep72,original-openmp,mimalloc,72
addusxx_g,BaO_nat002,64000,18643,16,9,60.868000,set0_rep72,original-openmp,mimalloc,72
addusxx_g,BaO_nat002,64000,18643,16,10,62.061000,set0_rep72,original-openmp,mimalloc,72
addusxx_g,BaO_nat002,64000,18643,16,11,60.846000,set0_rep72,original-openmp,mimalloc,72
addusxx_g,BaO_nat002,64000,18643,16,12,62.356000,set0_rep72,original-openmp,mimalloc,72
addusxx_g,BaO_nat002,64000,18643,16,13,61.347000,set0_rep72,original-openmp,mimalloc,72
addusxx_g,BaO_nat002,64000,18643,16,14,62.092000,set0_rep72,original-openmp,mimalloc,72
addusxx_g,BaO_nat002,64000,18643,16,15,62.214000,set0_rep72,original-openmp,mimalloc,72
addusxx_g,BaO_nat002,64000,18643,16,16,76.056000,set0_rep72,original-openmp,mimalloc,72
addusxx_g,BaO_nat002,64000,18643,16,17,62.679000,set0_rep72,original-openmp,mimalloc,72
addusxx_g,BaO_nat002,64000,18643,16,18,61.256000,set0_rep72,original-openmp,mimalloc,72
addusxx_g,BaO_nat002,64000,18643,16,19,61.909000,set0_rep72,original-openmp,mimalloc,72
addusxx_g,BaO_nat002,64000,18643,32,0,36.614000,set0_rep72,original-openmp,mimalloc,72
addusxx_g,BaO_nat002,64000,18643,32,1,36.761000,set0_rep72,original-openmp,mimalloc,72
addusxx_g,BaO_nat002,64000,18643,32,2,36.690000,set0_rep72,original-openmp,mimalloc,72
addusxx_g,BaO_nat002,64000,18643,32,3,36.760000,set0_rep72,original-openmp,mimalloc,72
addusxx_g,BaO_nat002,64000,18643,32,4,36.725000,set0_rep72,original-openmp,mimalloc,72
addusxx_g,BaO_nat002,64000,18643,32,5,36.866000,set0_rep72,original-openmp,mimalloc,72
addusxx_g,BaO_nat002,64000,18643,32,6,36.786000,set0_rep72,original-openmp,mimalloc,72
addusxx_g,BaO_nat002,64000,18643,32,7,36.633000,set0_rep72,original-openmp,mimalloc,72
addusxx_g,BaO_nat002,64000,18643,32,8,36.774000,set0_rep72,original-openmp,mimalloc,72
addusxx_g,BaO_nat002,64000,18643,32,9,36.883000,set0_rep72,original-openmp,mimalloc,72
addusxx_g,BaO_nat002,64000,18643,32,10,38.244000,set0_rep72,original-openmp,mimalloc,72
addusxx_g,BaO_nat002,64000,18643,32,11,36.655000,set0_rep72,original-openmp,mimalloc,72
addusxx_g,BaO_nat002,64000,18643,32,12,36.881000,set0_rep72,original-openmp,mimalloc,72
addusxx_g,BaO_nat002,64000,18643,32,13,36.858000,set0_rep72,original-openmp,mimalloc,72
addusxx_g,BaO_nat002,64000,18643,32,14,36.852000,set0_rep72,original-openmp,mimalloc,72
addusxx_g,BaO_nat002,64000,18643,32,15,36.868000,set0_rep72,original-openmp,mimalloc,72
addusxx_g,BaO_nat002,64000,18643,32,16,36.884000,set0_rep72,original-openmp,mimalloc,72
addusxx_g,BaO_nat002,64000,18643,32,17,36.884000,set0_rep72,original-openmp,mimalloc,72
addusxx_g,BaO_nat002,64000,18643,32,18,37.033000,set0_rep72,original-openmp,mimalloc,72
addusxx_g,BaO_nat002,64000,18643,32,19,36.894000,set0_rep72,original-openmp,mimalloc,72
addusxx_g,BaO_nat002,64000,18643,64,0,24.251000,set0_rep72,original-openmp,mimalloc,72
addusxx_g,BaO_nat002,64000,18643,64,1,24.408000,set0_rep72,original-openmp,mimalloc,72
addusxx_g,BaO_nat002,64000,18643,64,2,24.914000,set0_rep72,original-openmp,mimalloc,72
addusxx_g,BaO_nat002,64000,18643,64,3,24.616000,set0_rep72,original-openmp,mimalloc,72
addusxx_g,BaO_nat002,64000,18643,64,4,24.463000,set0_rep72,original-openmp,mimalloc,72
addusxx_g,BaO_nat002,64000,18643,64,5,24.440000,set0_rep72,original-openmp,mimalloc,72
addusxx_g,BaO_nat002,64000,18643,64,6,24.644000,set0_rep72,original-openmp,mimalloc,72
addusxx_g,BaO_nat002,64000,18643,64,7,24.894000,set0_rep72,original-openmp,mimalloc,72
addusxx_g,BaO_nat002,64000,18643,64,8,24.398000,set0_rep72,original-openmp,mimalloc,72
addusxx_g,BaO_nat002,64000,18643,64,9,24.399000,set0_rep72,original-openmp,mimalloc,72
addusxx_g,BaO_nat002,64000,18643,64,10,24.532000,set0_rep72,original-openmp,mimalloc,72
addusxx_g,BaO_nat002,64000,18643,64,11,24.599000,set0_rep72,original-openmp,mimalloc,72
addusxx_g,BaO_nat002,64000,18643,64,12,24.428000,set0_rep72,original-openmp,mimalloc,72
addusxx_g,BaO_nat002,64000,18643,64,13,24.230000,set0_rep72,original-openmp,mimalloc,72
addusxx_g,BaO_nat002,64000,18643,64,14,24.864000,set0_rep72,original-openmp,mimalloc,72
addusxx_g,BaO_nat002,64000,18643,64,15,24.471000,set0_rep72,original-openmp,mimalloc,72
addusxx_g,BaO_nat002,64000,18643,64,16,24.570000,set0_rep72,original-openmp,mimalloc,72
addusxx_g,BaO_nat002,64000,18643,64,17,24.305000,set0_rep72,original-openmp,mimalloc,72
addusxx_g,BaO_nat002,64000,18643,64,18,24.559000,set0_rep72,original-openmp,mimalloc,72
addusxx_g,BaO_nat002,64000,18643,64,19,24.554000,set0_rep72,original-openmp,mimalloc,72
addusxx_g,BaO_nat002,64000,18643,72,0,22.151000,set0_rep72,original-openmp,mimalloc,72
addusxx_g,BaO_nat002,64000,18643,72,1,22.320000,set0_rep72,original-openmp,mimalloc,72
addusxx_g,BaO_nat002,64000,18643,72,2,22.355000,set0_rep72,original-openmp,mimalloc,72
addusxx_g,BaO_nat002,64000,18643,72,3,22.396000,set0_rep72,original-openmp,mimalloc,72
addusxx_g,BaO_nat002,64000,18643,72,4,22.412000,set0_rep72,original-openmp,mimalloc,72
addusxx_g,BaO_nat002,64000,18643,72,5,22.383000,set0_rep72,original-openmp,mimalloc,72
addusxx_g,BaO_nat002,64000,18643,72,6,22.188000,set0_rep72,original-openmp,mimalloc,72
addusxx_g,BaO_nat002,64000,18643,72,7,22.470000,set0_rep72,original-openmp,mimalloc,72
addusxx_g,BaO_nat002,64000,18643,72,8,22.324000,set0_rep72,original-openmp,mimalloc,72
addusxx_g,BaO_nat002,64000,18643,72,9,22.737000,set0_rep72,original-openmp,mimalloc,72
addusxx_g,BaO_nat002,64000,18643,72,10,22.363000,set0_rep72,original-openmp,mimalloc,72
addusxx_g,BaO_nat002,64000,18643,72,11,25.735000,set0_rep72,original-openmp,mimalloc,72
addusxx_g,BaO_nat002,64000,18643,72,12,22.363000,set0_rep72,original-openmp,mimalloc,72
addusxx_g,BaO_nat002,64000,18643,72,13,22.336000,set0_rep72,original-openmp,mimalloc,72
addusxx_g,BaO_nat002,64000,18643,72,14,22.492000,set0_rep72,original-openmp,mimalloc,72
addusxx_g,BaO_nat002,64000,18643,72,15,22.407000,set0_rep72,original-openmp,mimalloc,72
addusxx_g,BaO_nat002,64000,18643,72,16,22.234000,set0_rep72,original-openmp,mimalloc,72
addusxx_g,BaO_nat002,64000,18643,72,17,22.325000,set0_rep72,original-openmp,mimalloc,72
addusxx_g,BaO_nat002,64000,18643,72,18,22.729000,set0_rep72,original-openmp,mimalloc,72
addusxx_g,BaO_nat002,64000,18643,72,19,22.349000,set0_rep72,original-openmp,mimalloc,72
addusxx_g,BaO_nat002,64000,18643,1,0,7.562000,set1,original-openmp,mimalloc,1
addusxx_g,BaO_nat002,64000,18643,1,1,7.539000,set1,original-openmp,mimalloc,1
addusxx_g,BaO_nat002,64000,18643,1,2,7.586000,set1,original-openmp,mimalloc,1
addusxx_g,BaO_nat002,64000,18643,1,3,7.579000,set1,original-openmp,mimalloc,1
addusxx_g,BaO_nat002,64000,18643,1,4,7.553000,set1,original-openmp,mimalloc,1
addusxx_g,BaO_nat002,64000,18643,1,5,7.530000,set1,original-openmp,mimalloc,1
addusxx_g,BaO_nat002,64000,18643,1,6,7.565000,set1,original-openmp,mimalloc,1
addusxx_g,BaO_nat002,64000,18643,1,7,7.598000,set1,original-openmp,mimalloc,1
addusxx_g,BaO_nat002,64000,18643,1,8,7.691000,set1,original-openmp,mimalloc,1
addusxx_g,BaO_nat002,64000,18643,1,9,7.563000,set1,original-openmp,mimalloc,1
addusxx_g,BaO_nat002,64000,18643,1,10,7.555000,set1,original-openmp,mimalloc,1
addusxx_g,BaO_nat002,64000,18643,1,11,7.612000,set1,original-openmp,mimalloc,1
addusxx_g,BaO_nat002,64000,18643,1,12,7.725000,set1,original-openmp,mimalloc,1
addusxx_g,BaO_nat002,64000,18643,1,13,7.922000,set1,original-openmp,mimalloc,1
addusxx_g,BaO_nat002,64000,18643,1,14,7.564000,set1,original-openmp,mimalloc,1
addusxx_g,BaO_nat002,64000,18643,1,15,7.611000,set1,original-openmp,mimalloc,1
addusxx_g,BaO_nat002,64000,18643,1,16,7.548000,set1,original-openmp,mimalloc,1
addusxx_g,BaO_nat002,64000,18643,1,17,7.686000,set1,original-openmp,mimalloc,1
addusxx_g,BaO_nat002,64000,18643,1,18,7.632000,set1,original-openmp,mimalloc,1
addusxx_g,BaO_nat002,64000,18643,1,19,7.602000,set1,original-openmp,mimalloc,1
addusxx_g,BaO_nat002,64000,18643,2,0,3.909000,set1,original-openmp,mimalloc,1
addusxx_g,BaO_nat002,64000,18643,2,1,3.901000,set1,original-openmp,mimalloc,1
addusxx_g,BaO_nat002,64000,18643,2,2,3.903000,set1,original-openmp,mimalloc,1
addusxx_g,BaO_nat002,64000,18643,2,3,3.913000,set1,original-openmp,mimalloc,1
addusxx_g,BaO_nat002,64000,18643,2,4,3.931000,set1,original-openmp,mimalloc,1
addusxx_g,BaO_nat002,64000,18643,2,5,3.954000,set1,original-openmp,mimalloc,1
addusxx_g,BaO_nat002,64000,18643,2,6,3.907000,set1,original-openmp,mimalloc,1
addusxx_g,BaO_nat002,64000,18643,2,7,3.906000,set1,original-openmp,mimalloc,1
addusxx_g,BaO_nat002,64000,18643,2,8,3.888000,set1,original-openmp,mimalloc,1
addusxx_g,BaO_nat002,64000,18643,2,9,3.903000,set1,original-openmp,mimalloc,1
addusxx_g,BaO_nat002,64000,18643,2,10,3.910000,set1,original-openmp,mimalloc,1
addusxx_g,BaO_nat002,64000,18643,2,11,3.896000,set1,original-openmp,mimalloc,1
addusxx_g,BaO_nat002,64000,18643,2,12,3.948000,set1,original-openmp,mimalloc,1
addusxx_g,BaO_nat002,64000,18643,2,13,3.906000,set1,original-openmp,mimalloc,1
addusxx_g,BaO_nat002,64000,18643,2,14,3.872000,set1,original-openmp,mimalloc,1
addusxx_g,BaO_nat002,64000,18643,2,15,3.894000,set1,original-openmp,mimalloc,1
addusxx_g,BaO_nat002,64000,18643,2,16,3.892000,set1,original-openmp,mimalloc,1
addusxx_g,BaO_nat002,64000,18643,2,17,3.932000,set1,original-openmp,mimalloc,1
addusxx_g,BaO_nat002,64000,18643,2,18,3.882000,set1,original-openmp,mimalloc,1
addusxx_g,BaO_nat002,64000,18643,2,19,3.974000,set1,original-openmp,mimalloc,1
addusxx_g,BaO_nat002,64000,18643,4,0,1.972000,set1,original-openmp,mimalloc,1
addusxx_g,BaO_nat002,64000,18643,4,1,1.973000,set1,original-openmp,mimalloc,1
addusxx_g,BaO_nat002,64000,18643,4,2,1.978000,set1,original-openmp,mimalloc,1
addusxx_g,BaO_nat002,64000,18643,4,3,1.979000,set1,original-openmp,mimalloc,1
addusxx_g,BaO_nat002,64000,18643,4,4,2.009000,set1,original-openmp,mimalloc,1
addusxx_g,BaO_nat002,64000,18643,4,5,1.962000,set1,original-openmp,mimalloc,1
addusxx_g,BaO_nat002,64000,18643,4,6,1.978000,set1,original-openmp,mimalloc,1
addusxx_g,BaO_nat002,64000,18643,4,7,1.977000,set1,original-openmp,mimalloc,1
addusxx_g,BaO_nat002,64000,18643,4,8,1.952000,set1,original-openmp,mimalloc,1
addusxx_g,BaO_nat002,64000,18643,4,9,1.955000,set1,original-openmp,mimalloc,1
addusxx_g,BaO_nat002,64000,18643,4,10,1.993000,set1,original-openmp,mimalloc,1
addusxx_g,BaO_nat002,64000,18643,4,11,1.971000,set1,original-openmp,mimalloc,1
addusxx_g,BaO_nat002,64000,18643,4,12,1.956000,set1,original-openmp,mimalloc,1
addusxx_g,BaO_nat002,64000,18643,4,13,1.981000,set1,original-openmp,mimalloc,1
addusxx_g,BaO_nat002,64000,18643,4,14,1.969000,set1,original-openmp,mimalloc,1
addusxx_g,BaO_nat002,64000,18643,4,15,2.045000,set1,original-openmp,mimalloc,1
addusxx_g,BaO_nat002,64000,18643,4,16,1.947000,set1,original-openmp,mimalloc,1
addusxx_g,BaO_nat002,64000,18643,4,17,1.956000,set1,original-openmp,mimalloc,1
addusxx_g,BaO_nat002,64000,18643,4,18,1.968000,set1,original-openmp,mimalloc,1
addusxx_g,BaO_nat002,64000,18643,4,19,1.960000,set1,original-openmp,mimalloc,1
addusxx_g,BaO_nat002,64000,18643,8,0,1.064000,set1,original-openmp,mimalloc,1
addusxx_g,BaO_nat002,64000,18643,8,1,1.060000,set1,original-openmp,mimalloc,1
addusxx_g,BaO_nat002,64000,18643,8,2,1.070000,set1,original-openmp,mimalloc,1
addusxx_g,BaO_nat002,64000,18643,8,3,1.055000,set1,original-openmp,mimalloc,1
addusxx_g,BaO_nat002,64000,18643,8,4,1.056000,set1,original-openmp,mimalloc,1
addusxx_g,BaO_nat002,64000,18643,8,5,1.049000,set1,original-openmp,mimalloc,1
addusxx_g,BaO_nat002,64000,18643,8,6,1.049000,set1,original-openmp,mimalloc,1
addusxx_g,BaO_nat002,64000,18643,8,7,1.045000,set1,original-openmp,mimalloc,1
addusxx_g,BaO_nat002,64000,18643,8,8,1.065000,set1,original-openmp,mimalloc,1
addusxx_g,BaO_nat002,64000,18643,8,9,1.049000,set1,original-openmp,mimalloc,1
addusxx_g,BaO_nat002,64000,18643,8,10,1.059000,set1,original-openmp,mimalloc,1
addusxx_g,BaO_nat002,64000,18643,8,11,1.052000,set1,original-openmp,mimalloc,1
addusxx_g,BaO_nat002,64000,18643,8,12,1.064000,set1,original-openmp,mimalloc,1
addusxx_g,BaO_nat002,64000,18643,8,13,1.049000,set1,original-openmp,mimalloc,1
addusxx_g,BaO_nat002,64000,18643,8,14,1.063000,set1,original-openmp,mimalloc,1
addusxx_g,BaO_nat002,64000,18643,8,15,1.065000,set1,original-openmp,mimalloc,1
addusxx_g,BaO_nat002,64000,18643,8,16,1.069000,set1,original-openmp,mimalloc,1
addusxx_g,BaO_nat002,64000,18643,8,17,1.058000,set1,original-openmp,mimalloc,1
addusxx_g,BaO_nat002,64000,18643,8,18,1.069000,set1,original-openmp,mimalloc,1
addusxx_g,BaO_nat002,64000,18643,8,19,1.050000,set1,original-openmp,mimalloc,1
addusxx_g,BaO_nat002,64000,18643,16,0,0.555000,set1,original-openmp,mimalloc,1
addusxx_g,BaO_nat002,64000,18643,16,1,0.569000,set1,original-openmp,mimalloc,1
addusxx_g,BaO_nat002,64000,18643,16,2,0.574000,set1,original-openmp,mimalloc,1
addusxx_g,BaO_nat002,64000,18643,16,3,0.567000,set1,original-openmp,mimalloc,1
addusxx_g,BaO_nat002,64000,18643,16,4,0.569000,set1,original-openmp,mimalloc,1
addusxx_g,BaO_nat002,64000,18643,16,5,0.566000,set1,original-openmp,mimalloc,1
addusxx_g,BaO_nat002,64000,18643,16,6,0.559000,set1,original-openmp,mimalloc,1
addusxx_g,BaO_nat002,64000,18643,16,7,0.558000,set1,original-openmp,mimalloc,1
addusxx_g,BaO_nat002,64000,18643,16,8,0.566000,set1,original-openmp,mimalloc,1
addusxx_g,BaO_nat002,64000,18643,16,9,0.565000,set1,original-openmp,mimalloc,1
addusxx_g,BaO_nat002,64000,18643,16,10,0.579000,set1,original-openmp,mimalloc,1
addusxx_g,BaO_nat002,64000,18643,16,11,0.564000,set1,original-openmp,mimalloc,1
addusxx_g,BaO_nat002,64000,18643,16,12,0.556000,set1,original-openmp,mimalloc,1
addusxx_g,BaO_nat002,64000,18643,16,13,0.559000,set1,original-openmp,mimalloc,1
addusxx_g,BaO_nat002,64000,18643,16,14,0.562000,set1,original-openmp,mimalloc,1
addusxx_g,BaO_nat002,64000,18643,16,15,0.561000,set1,original-openmp,mimalloc,1
addusxx_g,BaO_nat002,64000,18643,16,16,0.559000,set1,original-openmp,mimalloc,1
addusxx_g,BaO_nat002,64000,18643,16,17,0.563000,set1,original-openmp,mimalloc,1
addusxx_g,BaO_nat002,64000,18643,16,18,0.588000,set1,original-openmp,mimalloc,1
addusxx_g,BaO_nat002,64000,18643,16,19,0.568000,set1,original-openmp,mimalloc,1
addusxx_g,BaO_nat002,64000,18643,32,0,0.342000,set1,original-openmp,mimalloc,1
addusxx_g,BaO_nat002,64000,18643,32,1,0.433000,set1,original-openmp,mimalloc,1
addusxx_g,BaO_nat002,64000,18643,32,2,0.404000,set1,original-openmp,mimalloc,1
addusxx_g,BaO_nat002,64000,18643,32,3,0.353000,set1,original-openmp,mimalloc,1
addusxx_g,BaO_nat002,64000,18643,32,4,0.387000,set1,original-openmp,mimalloc,1
addusxx_g,BaO_nat002,64000,18643,32,5,0.368000,set1,original-openmp,mimalloc,1
addusxx_g,BaO_nat002,64000,18643,32,6,0.359000,set1,original-openmp,mimalloc,1
addusxx_g,BaO_nat002,64000,18643,32,7,0.357000,set1,original-openmp,mimalloc,1
addusxx_g,BaO_nat002,64000,18643,32,8,0.360000,set1,original-openmp,mimalloc,1
addusxx_g,BaO_nat002,64000,18643,32,9,0.359000,set1,original-openmp,mimalloc,1
addusxx_g,BaO_nat002,64000,18643,32,10,0.364000,set1,original-openmp,mimalloc,1
addusxx_g,BaO_nat002,64000,18643,32,11,0.355000,set1,original-openmp,mimalloc,1
addusxx_g,BaO_nat002,64000,18643,32,12,0.362000,set1,original-openmp,mimalloc,1
addusxx_g,BaO_nat002,64000,18643,32,13,0.359000,set1,original-openmp,mimalloc,1
addusxx_g,BaO_nat002,64000,18643,32,14,0.353000,set1,original-openmp,mimalloc,1
addusxx_g,BaO_nat002,64000,18643,32,15,0.355000,set1,original-openmp,mimalloc,1
addusxx_g,BaO_nat002,64000,18643,32,16,0.354000,set1,original-openmp,mimalloc,1
addusxx_g,BaO_nat002,64000,18643,32,17,0.373000,set1,original-openmp,mimalloc,1
addusxx_g,BaO_nat002,64000,18643,32,18,0.358000,set1,original-openmp,mimalloc,1
addusxx_g,BaO_nat002,64000,18643,32,19,0.349000,set1,original-openmp,mimalloc,1
addusxx_g,BaO_nat002,64000,18643,64,0,0.264000,set1,original-openmp,mimalloc,1
addusxx_g,BaO_nat002,64000,18643,64,1,0.296000,set1,original-openmp,mimalloc,1
addusxx_g,BaO_nat002,64000,18643,64,2,0.306000,set1,original-openmp,mimalloc,1
addusxx_g,BaO_nat002,64000,18643,64,3,0.306000,set1,original-openmp,mimalloc,1
addusxx_g,BaO_nat002,64000,18643,64,4,0.306000,set1,original-openmp,mimalloc,1
addusxx_g,BaO_nat002,64000,18643,64,5,0.314000,set1,original-openmp,mimalloc,1
addusxx_g,BaO_nat002,64000,18643,64,6,0.290000,set1,original-openmp,mimalloc,1
addusxx_g,BaO_nat002,64000,18643,64,7,0.289000,set1,original-openmp,mimalloc,1
addusxx_g,BaO_nat002,64000,18643,64,8,0.288000,set1,original-openmp,mimalloc,1
addusxx_g,BaO_nat002,64000,18643,64,9,0.285000,set1,original-openmp,mimalloc,1
addusxx_g,BaO_nat002,64000,18643,64,10,0.288000,set1,original-openmp,mimalloc,1
addusxx_g,BaO_nat002,64000,18643,64,11,0.291000,set1,original-openmp,mimalloc,1
addusxx_g,BaO_nat002,64000,18643,64,12,0.274000,set1,original-openmp,mimalloc,1
addusxx_g,BaO_nat002,64000,18643,64,13,0.277000,set1,original-openmp,mimalloc,1
addusxx_g,BaO_nat002,64000,18643,64,14,0.261000,set1,original-openmp,mimalloc,1
addusxx_g,BaO_nat002,64000,18643,64,15,0.261000,set1,original-openmp,mimalloc,1
addusxx_g,BaO_nat002,64000,18643,64,16,0.258000,set1,original-openmp,mimalloc,1
addusxx_g,BaO_nat002,64000,18643,64,17,0.289000,set1,original-openmp,mimalloc,1
addusxx_g,BaO_nat002,64000,18643,64,18,0.291000,set1,original-openmp,mimalloc,1
addusxx_g,BaO_nat002,64000,18643,64,19,0.310000,set1,original-openmp,mimalloc,1
addusxx_g,BaO_nat002,64000,18643,72,0,0.281000,set1,original-openmp,mimalloc,1
addusxx_g,BaO_nat002,64000,18643,72,1,0.310000,set1,original-openmp,mimalloc,1
addusxx_g,BaO_nat002,64000,18643,72,2,0.313000,set1,original-openmp,mimalloc,1
addusxx_g,BaO_nat002,64000,18643,72,3,0.324000,set1,original-openmp,mimalloc,1
addusxx_g,BaO_nat002,64000,18643,72,4,0.308000,set1,original-openmp,mimalloc,1
addusxx_g,BaO_nat002,64000,18643,72,5,0.307000,set1,original-openmp,mimalloc,1
addusxx_g,BaO_nat002,64000,18643,72,6,0.307000,set1,original-openmp,mimalloc,1
addusxx_g,BaO_nat002,64000,18643,72,7,0.304000,set1,original-openmp,mimalloc,1
addusxx_g,BaO_nat002,64000,18643,72,8,0.336000,set1,original-openmp,mimalloc,1
addusxx_g,BaO_nat002,64000,18643,72,9,0.308000,set1,original-openmp,mimalloc,1
addusxx_g,BaO_nat002,64000,18643,72,10,0.308000,set1,original-openmp,mimalloc,1
addusxx_g,BaO_nat002,64000,18643,72,11,0.304000,set1,original-openmp,mimalloc,1
addusxx_g,BaO_nat002,64000,18643,72,12,0.354000,set1,original-openmp,mimalloc,1
addusxx_g,BaO_nat002,64000,18643,72,13,0.311000,set1,original-openmp,mimalloc,1
addusxx_g,BaO_nat002,64000,18643,72,14,0.305000,set1,original-openmp,mimalloc,1
addusxx_g,BaO_nat002,64000,18643,72,15,0.335000,set1,original-openmp,mimalloc,1
addusxx_g,BaO_nat002,64000,18643,72,16,0.303000,set1,original-openmp,mimalloc,1
addusxx_g,BaO_nat002,64000,18643,72,17,0.303000,set1,original-openmp,mimalloc,1
addusxx_g,BaO_nat002,64000,18643,72,18,0.302000,set1,original-openmp,mimalloc,1
addusxx_g,BaO_nat002,64000,18643,72,19,0.298000,set1,original-openmp,mimalloc,1
addusxx_g,BaO_nat002,64000,18643,1,0,685.463000,set1_rep72,original-openmp,mimalloc,72
addusxx_g,BaO_nat002,64000,18643,1,1,679.347000,set1_rep72,original-openmp,mimalloc,72
addusxx_g,BaO_nat002,64000,18643,1,2,681.426000,set1_rep72,original-openmp,mimalloc,72
addusxx_g,BaO_nat002,64000,18643,1,3,685.531000,set1_rep72,original-openmp,mimalloc,72
addusxx_g,BaO_nat002,64000,18643,1,4,679.479000,set1_rep72,original-openmp,mimalloc,72
addusxx_g,BaO_nat002,64000,18643,1,5,680.436000,set1_rep72,original-openmp,mimalloc,72
addusxx_g,BaO_nat002,64000,18643,1,6,680.565000,set1_rep72,original-openmp,mimalloc,72
addusxx_g,BaO_nat002,64000,18643,1,7,684.534000,set1_rep72,original-openmp,mimalloc,72
addusxx_g,BaO_nat002,64000,18643,1,8,685.157000,set1_rep72,original-openmp,mimalloc,72
addusxx_g,BaO_nat002,64000,18643,1,9,680.863000,set1_rep72,original-openmp,mimalloc,72
addusxx_g,BaO_nat002,64000,18643,1,10,679.810000,set1_rep72,original-openmp,mimalloc,72
addusxx_g,BaO_nat002,64000,18643,1,11,681.922000,set1_rep72,original-openmp,mimalloc,72
addusxx_g,BaO_nat002,64000,18643,1,12,679.257000,set1_rep72,original-openmp,mimalloc,72
addusxx_g,BaO_nat002,64000,18643,1,13,680.194000,set1_rep72,original-openmp,mimalloc,72
addusxx_g,BaO_nat002,64000,18643,1,14,681.622000,set1_rep72,original-openmp,mimalloc,72
addusxx_g,BaO_nat002,64000,18643,1,15,681.676000,set1_rep72,original-openmp,mimalloc,72
addusxx_g,BaO_nat002,64000,18643,1,16,681.751000,set1_rep72,original-openmp,mimalloc,72
addusxx_g,BaO_nat002,64000,18643,1,17,679.573000,set1_rep72,original-openmp,mimalloc,72
addusxx_g,BaO_nat002,64000,18643,1,18,681.410000,set1_rep72,original-openmp,mimalloc,72
addusxx_g,BaO_nat002,64000,18643,1,19,682.501000,set1_rep72,original-openmp,mimalloc,72
addusxx_g,BaO_nat002,64000,18643,2,0,384.575000,set1_rep72,original-openmp,mimalloc,72
addusxx_g,BaO_nat002,64000,18643,2,1,380.002000,set1_rep72,original-openmp,mimalloc,72
addusxx_g,BaO_nat002,64000,18643,2,2,379.515000,set1_rep72,original-openmp,mimalloc,72
addusxx_g,BaO_nat002,64000,18643,2,3,373.163000,set1_rep72,original-openmp,mimalloc,72
addusxx_g,BaO_nat002,64000,18643,2,4,372.833000,set1_rep72,original-openmp,mimalloc,72
addusxx_g,BaO_nat002,64000,18643,2,5,374.399000,set1_rep72,original-openmp,mimalloc,72
addusxx_g,BaO_nat002,64000,18643,2,6,377.893000,set1_rep72,original-openmp,mimalloc,72
addusxx_g,BaO_nat002,64000,18643,2,7,380.304000,set1_rep72,original-openmp,mimalloc,72
addusxx_g,BaO_nat002,64000,18643,2,8,379.655000,set1_rep72,original-openmp,mimalloc,72
addusxx_g,BaO_nat002,64000,18643,2,9,378.027000,set1_rep72,original-openmp,mimalloc,72
addusxx_g,BaO_nat002,64000,18643,2,10,373.612000,set1_rep72,original-openmp,mimalloc,72
addusxx_g,BaO_nat002,64000,18643,2,11,372.845000,set1_rep72,original-openmp,mimalloc,72
addusxx_g,BaO_nat002,64000,18643,2,12,374.507000,set1_rep72,original-openmp,mimalloc,72
addusxx_g,BaO_nat002,64000,18643,2,13,373.272000,set1_rep72,original-openmp,mimalloc,72
addusxx_g,BaO_nat002,64000,18643,2,14,371.515000,set1_rep72,original-openmp,mimalloc,72
addusxx_g,BaO_nat002,64000,18643,2,15,373.702000,set1_rep72,original-openmp,mimalloc,72
addusxx_g,BaO_nat002,64000,18643,2,16,375.892000,set1_rep72,original-openmp,mimalloc,72
addusxx_g,BaO_nat002,64000,18643,2,17,379.501000,set1_rep72,original-openmp,mimalloc,72
addusxx_g,BaO_nat002,64000,18643,2,18,384.439000,set1_rep72,original-openmp,mimalloc,72
addusxx_g,BaO_nat002,64000,18643,2,19,377.480000,set1_rep72,original-openmp,mimalloc,72
addusxx_g,BaO_nat002,64000,18643,4,0,207.540000,set1_rep72,original-openmp,mimalloc,72
addusxx_g,BaO_nat002,64000,18643,4,1,210.944000,set1_rep72,original-openmp,mimalloc,72
addusxx_g,BaO_nat002,64000,18643,4,2,213.583000,set1_rep72,original-openmp,mimalloc,72
addusxx_g,BaO_nat002,64000,18643,4,3,212.805000,set1_rep72,original-openmp,mimalloc,72
addusxx_g,BaO_nat002,64000,18643,4,4,206.929000,set1_rep72,original-openmp,mimalloc,72
addusxx_g,BaO_nat002,64000,18643,4,5,206.740000,set1_rep72,original-openmp,mimalloc,72
addusxx_g,BaO_nat002,64000,18643,4,6,212.169000,set1_rep72,original-openmp,mimalloc,72
addusxx_g,BaO_nat002,64000,18643,4,7,210.446000,set1_rep72,original-openmp,mimalloc,72
addusxx_g,BaO_nat002,64000,18643,4,8,219.322000,set1_rep72,original-openmp,mimalloc,72
addusxx_g,BaO_nat002,64000,18643,4,9,215.507000,set1_rep72,original-openmp,mimalloc,72
addusxx_g,BaO_nat002,64000,18643,4,10,210.460000,set1_rep72,original-openmp,mimalloc,72
addusxx_g,BaO_nat002,64000,18643,4,11,198.217000,set1_rep72,original-openmp,mimalloc,72
addusxx_g,BaO_nat002,64000,18643,4,12,198.702000,set1_rep72,original-openmp,mimalloc,72
addusxx_g,BaO_nat002,64000,18643,4,13,201.288000,set1_rep72,original-openmp,mimalloc,72
addusxx_g,BaO_nat002,64000,18643,4,14,208.690000,set1_rep72,original-openmp,mimalloc,72
addusxx_g,BaO_nat002,64000,18643,4,15,216.399000,set1_rep72,original-openmp,mimalloc,72
addusxx_g,BaO_nat002,64000,18643,4,16,217.920000,set1_rep72,original-openmp,mimalloc,72
addusxx_g,BaO_nat002,64000,18643,4,17,214.123000,set1_rep72,original-openmp,mimalloc,72
addusxx_g,BaO_nat002,64000,18643,4,18,209.986000,set1_rep72,original-openmp,mimalloc,72
addusxx_g,BaO_nat002,64000,18643,4,19,217.795000,set1_rep72,original-openmp,mimalloc,72
addusxx_g,BaO_nat002,64000,18643,8,0,113.101000,set1_rep72,original-openmp,mimalloc,72
addusxx_g,BaO_nat002,64000,18643,8,1,111.752000,set1_rep72,original-openmp,mimalloc,72
addusxx_g,BaO_nat002,64000,18643,8,2,114.084000,set1_rep72,original-openmp,mimalloc,72
addusxx_g,BaO_nat002,64000,18643,8,3,113.814000,set1_rep72,original-openmp,mimalloc,72
addusxx_g,BaO_nat002,64000,18643,8,4,113.211000,set1_rep72,original-openmp,mimalloc,72
addusxx_g,BaO_nat002,64000,18643,8,5,112.960000,set1_rep72,original-openmp,mimalloc,72
addusxx_g,BaO_nat002,64000,18643,8,6,114.515000,set1_rep72,original-openmp,mimalloc,72
addusxx_g,BaO_nat002,64000,18643,8,7,114.546000,set1_rep72,original-openmp,mimalloc,72
addusxx_g,BaO_nat002,64000,18643,8,8,111.975000,set1_rep72,original-openmp,mimalloc,72
addusxx_g,BaO_nat002,64000,18643,8,9,113.842000,set1_rep72,original-openmp,mimalloc,72
addusxx_g,BaO_nat002,64000,18643,8,10,114.800000,set1_rep72,original-openmp,mimalloc,72
addusxx_g,BaO_nat002,64000,18643,8,11,112.276000,set1_rep72,original-openmp,mimalloc,72
addusxx_g,BaO_nat002,64000,18643,8,12,113.115000,set1_rep72,original-openmp,mimalloc,72
addusxx_g,BaO_nat002,64000,18643,8,13,112.406000,set1_rep72,original-openmp,mimalloc,72
addusxx_g,BaO_nat002,64000,18643,8,14,114.212000,set1_rep72,original-openmp,mimalloc,72
addusxx_g,BaO_nat002,64000,18643,8,15,113.644000,set1_rep72,original-openmp,mimalloc,72
addusxx_g,BaO_nat002,64000,18643,8,16,126.547000,set1_rep72,original-openmp,mimalloc,72
addusxx_g,BaO_nat002,64000,18643,8,17,113.766000,set1_rep72,original-openmp,mimalloc,72
addusxx_g,BaO_nat002,64000,18643,8,18,113.283000,set1_rep72,original-openmp,mimalloc,72
addusxx_g,BaO_nat002,64000,18643,8,19,114.004000,set1_rep72,original-openmp,mimalloc,72
addusxx_g,BaO_nat002,64000,18643,16,0,60.772000,set1_rep72,original-openmp,mimalloc,72
addusxx_g,BaO_nat002,64000,18643,16,1,62.086000,set1_rep72,original-openmp,mimalloc,72
addusxx_g,BaO_nat002,64000,18643,16,2,61.933000,set1_rep72,original-openmp,mimalloc,72
addusxx_g,BaO_nat002,64000,18643,16,3,62.241000,set1_rep72,original-openmp,mimalloc,72
addusxx_g,BaO_nat002,64000,18643,16,4,61.920000,set1_rep72,original-openmp,mimalloc,72
addusxx_g,BaO_nat002,64000,18643,16,5,61.991000,set1_rep72,original-openmp,mimalloc,72
addusxx_g,BaO_nat002,64000,18643,16,6,62.100000,set1_rep72,original-openmp,mimalloc,72
addusxx_g,BaO_nat002,64000,18643,16,7,61.588000,set1_rep72,original-openmp,mimalloc,72
addusxx_g,BaO_nat002,64000,18643,16,8,62.164000,set1_rep72,original-openmp,mimalloc,72
addusxx_g,BaO_nat002,64000,18643,16,9,61.609000,set1_rep72,original-openmp,mimalloc,72
addusxx_g,BaO_nat002,64000,18643,16,10,60.610000,set1_rep72,original-openmp,mimalloc,72
addusxx_g,BaO_nat002,64000,18643,16,11,61.427000,set1_rep72,original-openmp,mimalloc,72
addusxx_g,BaO_nat002,64000,18643,16,12,60.875000,set1_rep72,original-openmp,mimalloc,72
addusxx_g,BaO_nat002,64000,18643,16,13,60.426000,set1_rep72,original-openmp,mimalloc,72
addusxx_g,BaO_nat002,64000,18643,16,14,60.386000,set1_rep72,original-openmp,mimalloc,72
addusxx_g,BaO_nat002,64000,18643,16,15,60.390000,set1_rep72,original-openmp,mimalloc,72
addusxx_g,BaO_nat002,64000,18643,16,16,60.104000,set1_rep72,original-openmp,mimalloc,72
addusxx_g,BaO_nat002,64000,18643,16,17,60.685000,set1_rep72,original-openmp,mimalloc,72
addusxx_g,BaO_nat002,64000,18643,16,18,60.122000,set1_rep72,original-openmp,mimalloc,72
addusxx_g,BaO_nat002,64000,18643,16,19,60.430000,set1_rep72,original-openmp,mimalloc,72
addusxx_g,BaO_nat002,64000,18643,32,0,36.155000,set1_rep72,original-openmp,mimalloc,72
addusxx_g,BaO_nat002,64000,18643,32,1,36.409000,set1_rep72,original-openmp,mimalloc,72
addusxx_g,BaO_nat002,64000,18643,32,2,36.636000,set1_rep72,original-openmp,mimalloc,72
addusxx_g,BaO_nat002,64000,18643,32,3,36.367000,set1_rep72,original-openmp,mimalloc,72
addusxx_g,BaO_nat002,64000,18643,32,4,36.475000,set1_rep72,original-openmp,mimalloc,72
addusxx_g,BaO_nat002,64000,18643,32,5,36.701000,set1_rep72,original-openmp,mimalloc,72
addusxx_g,BaO_nat002,64000,18643,32,6,36.665000,set1_rep72,original-openmp,mimalloc,72
addusxx_g,BaO_nat002,64000,18643,32,7,36.764000,set1_rep72,original-openmp,mimalloc,72
addusxx_g,BaO_nat002,64000,18643,32,8,36.759000,set1_rep72,original-openmp,mimalloc,72
addusxx_g,BaO_nat002,64000,18643,32,9,36.540000,set1_rep72,original-openmp,mimalloc,72
addusxx_g,BaO_nat002,64000,18643,32,10,36.582000,set1_rep72,original-openmp,mimalloc,72
addusxx_g,BaO_nat002,64000,18643,32,11,36.643000,set1_rep72,original-openmp,mimalloc,72
addusxx_g,BaO_nat002,64000,18643,32,12,36.618000,set1_rep72,original-openmp,mimalloc,72
addusxx_g,BaO_nat002,64000,18643,32,13,36.529000,set1_rep72,original-openmp,mimalloc,72
addusxx_g,BaO_nat002,64000,18643,32,14,36.657000,set1_rep72,original-openmp,mimalloc,72
addusxx_g,BaO_nat002,64000,18643,32,15,36.787000,set1_rep72,original-openmp,mimalloc,72
addusxx_g,BaO_nat002,64000,18643,32,16,36.748000,set1_rep72,original-openmp,mimalloc,72
addusxx_g,BaO_nat002,64000,18643,32,17,36.832000,set1_rep72,original-openmp,mimalloc,72
addusxx_g,BaO_nat002,64000,18643,32,18,36.862000,set1_rep72,original-openmp,mimalloc,72
addusxx_g,BaO_nat002,64000,18643,32,19,36.881000,set1_rep72,original-openmp,mimalloc,72
addusxx_g,BaO_nat002,64000,18643,64,0,24.356000,set1_rep72,original-openmp,mimalloc,72
addusxx_g,BaO_nat002,64000,18643,64,1,24.457000,set1_rep72,original-openmp,mimalloc,72
addusxx_g,BaO_nat002,64000,18643,64,2,24.389000,set1_rep72,original-openmp,mimalloc,72
addusxx_g,BaO_nat002,64000,18643,64,3,24.451000,set1_rep72,original-openmp,mimalloc,72
addusxx_g,BaO_nat002,64000,18643,64,4,24.548000,set1_rep72,original-openmp,mimalloc,72
addusxx_g,BaO_nat002,64000,18643,64,5,24.851000,set1_rep72,original-openmp,mimalloc,72
addusxx_g,BaO_nat002,64000,18643,64,6,24.347000,set1_rep72,original-openmp,mimalloc,72
addusxx_g,BaO_nat002,64000,18643,64,7,24.492000,set1_rep72,original-openmp,mimalloc,72
addusxx_g,BaO_nat002,64000,18643,64,8,24.452000,set1_rep72,original-openmp,mimalloc,72
addusxx_g,BaO_nat002,64000,18643,64,9,24.449000,set1_rep72,original-openmp,mimalloc,72
addusxx_g,BaO_nat002,64000,18643,64,10,24.490000,set1_rep72,original-openmp,mimalloc,72
addusxx_g,BaO_nat002,64000,18643,64,11,24.515000,set1_rep72,original-openmp,mimalloc,72
addusxx_g,BaO_nat002,64000,18643,64,12,24.280000,set1_rep72,original-openmp,mimalloc,72
addusxx_g,BaO_nat002,64000,18643,64,13,24.582000,set1_rep72,original-openmp,mimalloc,72
addusxx_g,BaO_nat002,64000,18643,64,14,24.503000,set1_rep72,original-openmp,mimalloc,72
addusxx_g,BaO_nat002,64000,18643,64,15,24.403000,set1_rep72,original-openmp,mimalloc,72
addusxx_g,BaO_nat002,64000,18643,64,16,24.306000,set1_rep72,original-openmp,mimalloc,72
addusxx_g,BaO_nat002,64000,18643,64,17,24.361000,set1_rep72,original-openmp,mimalloc,72
addusxx_g,BaO_nat002,64000,18643,64,18,24.420000,set1_rep72,original-openmp,mimalloc,72
addusxx_g,BaO_nat002,64000,18643,64,19,24.455000,set1_rep72,original-openmp,mimalloc,72
addusxx_g,BaO_nat002,64000,18643,72,0,22.204000,set1_rep72,original-openmp,mimalloc,72
addusxx_g,BaO_nat002,64000,18643,72,1,22.419000,set1_rep72,original-openmp,mimalloc,72
addusxx_g,BaO_nat002,64000,18643,72,2,24.351000,set1_rep72,original-openmp,mimalloc,72
addusxx_g,BaO_nat002,64000,18643,72,3,22.338000,set1_rep72,original-openmp,mimalloc,72
addusxx_g,BaO_nat002,64000,18643,72,4,22.399000,set1_rep72,original-openmp,mimalloc,72
addusxx_g,BaO_nat002,64000,18643,72,5,22.325000,set1_rep72,original-openmp,mimalloc,72
addusxx_g,BaO_nat002,64000,18643,72,6,22.425000,set1_rep72,original-openmp,mimalloc,72
addusxx_g,BaO_nat002,64000,18643,72,7,22.345000,set1_rep72,original-openmp,mimalloc,72
addusxx_g,BaO_nat002,64000,18643,72,8,22.432000,set1_rep72,original-openmp,mimalloc,72
addusxx_g,BaO_nat002,64000,18643,72,9,22.412000,set1_rep72,original-openmp,mimalloc,72
addusxx_g,BaO_nat002,64000,18643,72,10,22.446000,set1_rep72,original-openmp,mimalloc,72
addusxx_g,BaO_nat002,64000,18643,72,11,22.337000,set1_rep72,original-openmp,mimalloc,72
addusxx_g,BaO_nat002,64000,18643,72,12,22.156000,set1_rep72,original-openmp,mimalloc,72
addusxx_g,BaO_nat002,64000,18643,72,13,22.388000,set1_rep72,original-openmp,mimalloc,72
addusxx_g,BaO_nat002,64000,18643,72,14,22.368000,set1_rep72,original-openmp,mimalloc,72
addusxx_g,BaO_nat002,64000,18643,72,15,22.308000,set1_rep72,original-openmp,mimalloc,72
addusxx_g,BaO_nat002,64000,18643,72,16,22.359000,set1_rep72,original-openmp,mimalloc,72
addusxx_g,BaO_nat002,64000,18643,72,17,22.357000,set1_rep72,original-openmp,mimalloc,72
addusxx_g,BaO_nat002,64000,18643,72,18,22.342000,set1_rep72,original-openmp,mimalloc,72
addusxx_g,BaO_nat002,64000,18643,72,19,22.394000,set1_rep72,original-openmp,mimalloc,72
addusxx_g,BaTiO3_nat005,64000,27609,1,0,26.199000,set0,original-openmp,mimalloc,1
addusxx_g,BaTiO3_nat005,64000,27609,1,1,26.326000,set0,original-openmp,mimalloc,1
addusxx_g,BaTiO3_nat005,64000,27609,1,2,26.309000,set0,original-openmp,mimalloc,1
addusxx_g,BaTiO3_nat005,64000,27609,1,3,26.267000,set0,original-openmp,mimalloc,1
addusxx_g,BaTiO3_nat005,64000,27609,1,4,26.420000,set0,original-openmp,mimalloc,1
addusxx_g,BaTiO3_nat005,64000,27609,1,5,26.463000,set0,original-openmp,mimalloc,1
addusxx_g,BaTiO3_nat005,64000,27609,1,6,26.413000,set0,original-openmp,mimalloc,1
addusxx_g,BaTiO3_nat005,64000,27609,1,7,26.557000,set0,original-openmp,mimalloc,1
addusxx_g,BaTiO3_nat005,64000,27609,1,8,26.572000,set0,original-openmp,mimalloc,1
addusxx_g,BaTiO3_nat005,64000,27609,1,9,26.467000,set0,original-openmp,mimalloc,1
addusxx_g,BaTiO3_nat005,64000,27609,1,10,27.163000,set0,original-openmp,mimalloc,1
addusxx_g,BaTiO3_nat005,64000,27609,1,11,26.918000,set0,original-openmp,mimalloc,1
addusxx_g,BaTiO3_nat005,64000,27609,1,12,26.623000,set0,original-openmp,mimalloc,1
addusxx_g,BaTiO3_nat005,64000,27609,1,13,26.658000,set0,original-openmp,mimalloc,1
addusxx_g,BaTiO3_nat005,64000,27609,1,14,26.635000,set0,original-openmp,mimalloc,1
addusxx_g,BaTiO3_nat005,64000,27609,1,15,26.827000,set0,original-openmp,mimalloc,1
addusxx_g,BaTiO3_nat005,64000,27609,1,16,26.782000,set0,original-openmp,mimalloc,1
addusxx_g,BaTiO3_nat005,64000,27609,1,17,26.826000,set0,original-openmp,mimalloc,1
addusxx_g,BaTiO3_nat005,64000,27609,1,18,27.020000,set0,original-openmp,mimalloc,1
addusxx_g,BaTiO3_nat005,64000,27609,1,19,26.926000,set0,original-openmp,mimalloc,1
addusxx_g,BaTiO3_nat005,64000,27609,2,0,14.502000,set0,original-openmp,mimalloc,1
addusxx_g,BaTiO3_nat005,64000,27609,2,1,14.348000,set0,original-openmp,mimalloc,1
addusxx_g,BaTiO3_nat005,64000,27609,2,2,14.522000,set0,original-openmp,mimalloc,1
addusxx_g,BaTiO3_nat005,64000,27609,2,3,14.584000,set0,original-openmp,mimalloc,1
addusxx_g,BaTiO3_nat005,64000,27609,2,4,14.527000,set0,original-openmp,mimalloc,1
addusxx_g,BaTiO3_nat005,64000,27609,2,5,14.669000,set0,original-openmp,mimalloc,1
addusxx_g,BaTiO3_nat005,64000,27609,2,6,14.514000,set0,original-openmp,mimalloc,1
addusxx_g,BaTiO3_nat005,64000,27609,2,7,14.440000,set0,original-openmp,mimalloc,1
addusxx_g,BaTiO3_nat005,64000,27609,2,8,14.408000,set0,original-openmp,mimalloc,1
addusxx_g,BaTiO3_nat005,64000,27609,2,9,14.375000,set0,original-openmp,mimalloc,1
addusxx_g,BaTiO3_nat005,64000,27609,2,10,14.599000,set0,original-openmp,mimalloc,1
addusxx_g,BaTiO3_nat005,64000,27609,2,11,14.560000,set0,original-openmp,mimalloc,1
addusxx_g,BaTiO3_nat005,64000,27609,2,12,14.574000,set0,original-openmp,mimalloc,1
addusxx_g,BaTiO3_nat005,64000,27609,2,13,14.581000,set0,original-openmp,mimalloc,1
addusxx_g,BaTiO3_nat005,64000,27609,2,14,14.641000,set0,original-openmp,mimalloc,1
addusxx_g,BaTiO3_nat005,64000,27609,2,15,14.804000,set0,original-openmp,mimalloc,1
addusxx_g,BaTiO3_nat005,64000,27609,2,16,14.770000,set0,original-openmp,mimalloc,1
addusxx_g,BaTiO3_nat005,64000,27609,2,17,14.673000,set0,original-openmp,mimalloc,1
addusxx_g,BaTiO3_nat005,64000,27609,2,18,14.756000,set0,original-openmp,mimalloc,1
addusxx_g,BaTiO3_nat005,64000,27609,2,19,14.769000,set0,original-openmp,mimalloc,1
addusxx_g,BaTiO3_nat005,64000,27609,4,0,7.657000,set0,original-openmp,mimalloc,1
addusxx_g,BaTiO3_nat005,64000,27609,4,1,7.699000,set0,original-openmp,mimalloc,1
addusxx_g,BaTiO3_nat005,64000,27609,4,2,7.650000,set0,original-openmp,mimalloc,1
addusxx_g,BaTiO3_nat005,64000,27609,4,3,7.666000,set0,original-openmp,mimalloc,1
addusxx_g,BaTiO3_nat005,64000,27609,4,4,7.705000,set0,original-openmp,mimalloc,1
addusxx_g,BaTiO3_nat005,64000,27609,4,5,7.668000,set0,original-openmp,mimalloc,1
addusxx_g,BaTiO3_nat005,64000,27609,4,6,7.730000,set0,original-openmp,mimalloc,1
addusxx_g,BaTiO3_nat005,64000,27609,4,7,7.657000,set0,original-openmp,mimalloc,1
addusxx_g,BaTiO3_nat005,64000,27609,4,8,7.710000,set0,original-openmp,mimalloc,1
addusxx_g,BaTiO3_nat005,64000,27609,4,9,7.606000,set0,original-openmp,mimalloc,1
addusxx_g,BaTiO3_nat005,64000,27609,4,10,7.607000,set0,original-openmp,mimalloc,1
addusxx_g,BaTiO3_nat005,64000,27609,4,11,7.670000,set0,original-openmp,mimalloc,1
addusxx_g,BaTiO3_nat005,64000,27609,4,12,7.679000,set0,original-openmp,mimalloc,1
addusxx_g,BaTiO3_nat005,64000,27609,4,13,7.671000,set0,original-openmp,mimalloc,1
addusxx_g,BaTiO3_nat005,64000,27609,4,14,7.630000,set0,original-openmp,mimalloc,1
addusxx_g,BaTiO3_nat005,64000,27609,4,15,7.689000,set0,original-openmp,mimalloc,1
addusxx_g,BaTiO3_nat005,64000,27609,4,16,7.673000,set0,original-openmp,mimalloc,1
addusxx_g,BaTiO3_nat005,64000,27609,4,17,7.697000,set0,original-openmp,mimalloc,1
addusxx_g,BaTiO3_nat005,64000,27609,4,18,7.687000,set0,original-openmp,mimalloc,1
addusxx_g,BaTiO3_nat005,64000,27609,4,19,7.709000,set0,original-openmp,mimalloc,1
addusxx_g,BaTiO3_nat005,64000,27609,8,0,4.014000,set0,original-openmp,mimalloc,1
addusxx_g,BaTiO3_nat005,64000,27609,8,1,4.025000,set0,original-openmp,mimalloc,1
addusxx_g,BaTiO3_nat005,64000,27609,8,2,4.036000,set0,original-openmp,mimalloc,1
addusxx_g,BaTiO3_nat005,64000,27609,8,3,4.067000,set0,original-openmp,mimalloc,1
addusxx_g,BaTiO3_nat005,64000,27609,8,4,4.070000,set0,original-openmp,mimalloc,1
addusxx_g,BaTiO3_nat005,64000,27609,8,5,4.050000,set0,original-openmp,mimalloc,1
addusxx_g,BaTiO3_nat005,64000,27609,8,6,4.059000,set0,original-openmp,mimalloc,1
addusxx_g,BaTiO3_nat005,64000,27609,8,7,4.036000,set0,original-openmp,mimalloc,1
addusxx_g,BaTiO3_nat005,64000,27609,8,8,4.056000,set0,original-openmp,mimalloc,1
addusxx_g,BaTiO3_nat005,64000,27609,8,9,4.078000,set0,original-openmp,mimalloc,1
addusxx_g,BaTiO3_nat005,64000,27609,8,10,4.100000,set0,original-openmp,mimalloc,1
addusxx_g,BaTiO3_nat005,64000,27609,8,11,4.095000,set0,original-openmp,mimalloc,1
addusxx_g,BaTiO3_nat005,64000,27609,8,12,4.105000,set0,original-openmp,mimalloc,1
addusxx_g,BaTiO3_nat005,64000,27609,8,13,4.119000,set0,original-openmp,mimalloc,1
addusxx_g,BaTiO3_nat005,64000,27609,8,14,4.110000,set0,original-openmp,mimalloc,1
addusxx_g,BaTiO3_nat005,64000,27609,8,15,4.090000,set0,original-openmp,mimalloc,1
addusxx_g,BaTiO3_nat005,64000,27609,8,16,4.055000,set0,original-openmp,mimalloc,1
addusxx_g,BaTiO3_nat005,64000,27609,8,17,4.100000,set0,original-openmp,mimalloc,1
addusxx_g,BaTiO3_nat005,64000,27609,8,18,4.082000,set0,original-openmp,mimalloc,1
addusxx_g,BaTiO3_nat005,64000,27609,8,19,4.054000,set0,original-openmp,mimalloc,1
addusxx_g,BaTiO3_nat005,64000,27609,16,0,2.139000,set0,original-openmp,mimalloc,1
addusxx_g,BaTiO3_nat005,64000,27609,16,1,2.156000,set0,original-openmp,mimalloc,1
addusxx_g,BaTiO3_nat005,64000,27609,16,2,2.147000,set0,original-openmp,mimalloc,1
addusxx_g,BaTiO3_nat005,64000,27609,16,3,2.151000,set0,original-openmp,mimalloc,1
addusxx_g,BaTiO3_nat005,64000,27609,16,4,2.186000,set0,original-openmp,mimalloc,1
addusxx_g,BaTiO3_nat005,64000,27609,16,5,2.169000,set0,original-openmp,mimalloc,1
addusxx_g,BaTiO3_nat005,64000,27609,16,6,2.154000,set0,original-openmp,mimalloc,1
addusxx_g,BaTiO3_nat005,64000,27609,16,7,2.143000,set0,original-openmp,mimalloc,1
addusxx_g,BaTiO3_nat005,64000,27609,16,8,2.161000,set0,original-openmp,mimalloc,1
addusxx_g,BaTiO3_nat005,64000,27609,16,9,2.177000,set0,original-openmp,mimalloc,1
addusxx_g,BaTiO3_nat005,64000,27609,16,10,2.142000,set0,original-openmp,mimalloc,1
addusxx_g,BaTiO3_nat005,64000,27609,16,11,2.169000,set0,original-openmp,mimalloc,1
addusxx_g,BaTiO3_nat005,64000,27609,16,12,2.133000,set0,original-openmp,mimalloc,1
addusxx_g,BaTiO3_nat005,64000,27609,16,13,2.136000,set0,original-openmp,mimalloc,1
addusxx_g,BaTiO3_nat005,64000,27609,16,14,2.152000,set0,original-openmp,mimalloc,1
addusxx_g,BaTiO3_nat005,64000,27609,16,15,2.180000,set0,original-openmp,mimalloc,1
addusxx_g,BaTiO3_nat005,64000,27609,16,16,2.117000,set0,original-openmp,mimalloc,1
addusxx_g,BaTiO3_nat005,64000,27609,16,17,2.174000,set0,original-openmp,mimalloc,1
addusxx_g,BaTiO3_nat005,64000,27609,16,18,2.149000,set0,original-openmp,mimalloc,1
addusxx_g,BaTiO3_nat005,64000,27609,16,19,2.150000,set0,original-openmp,mimalloc,1
addusxx_g,BaTiO3_nat005,64000,27609,32,0,1.284000,set0,original-openmp,mimalloc,1
addusxx_g,BaTiO3_nat005,64000,27609,32,1,1.287000,set0,original-openmp,mimalloc,1
addusxx_g,BaTiO3_nat005,64000,27609,32,2,1.280000,set0,original-openmp,mimalloc,1
addusxx_g,BaTiO3_nat005,64000,27609,32,3,1.284000,set0,original-openmp,mimalloc,1
addusxx_g,BaTiO3_nat005,64000,27609,32,4,1.314000,set0,original-openmp,mimalloc,1
addusxx_g,BaTiO3_nat005,64000,27609,32,5,1.290000,set0,original-openmp,mimalloc,1
addusxx_g,BaTiO3_nat005,64000,27609,32,6,1.310000,set0,original-openmp,mimalloc,1
addusxx_g,BaTiO3_nat005,64000,27609,32,7,1.281000,set0,original-openmp,mimalloc,1
addusxx_g,BaTiO3_nat005,64000,27609,32,8,1.377000,set0,original-openmp,mimalloc,1
addusxx_g,BaTiO3_nat005,64000,27609,32,9,1.295000,set0,original-openmp,mimalloc,1
addusxx_g,BaTiO3_nat005,64000,27609,32,10,1.288000,set0,original-openmp,mimalloc,1
addusxx_g,BaTiO3_nat005,64000,27609,32,11,1.292000,set0,original-openmp,mimalloc,1
addusxx_g,BaTiO3_nat005,64000,27609,32,12,1.290000,set0,original-openmp,mimalloc,1
addusxx_g,BaTiO3_nat005,64000,27609,32,13,1.319000,set0,original-openmp,mimalloc,1
addusxx_g,BaTiO3_nat005,64000,27609,32,14,1.303000,set0,original-openmp,mimalloc,1
addusxx_g,BaTiO3_nat005,64000,27609,32,15,1.348000,set0,original-openmp,mimalloc,1
addusxx_g,BaTiO3_nat005,64000,27609,32,16,1.296000,set0,original-openmp,mimalloc,1
addusxx_g,BaTiO3_nat005,64000,27609,32,17,1.318000,set0,original-openmp,mimalloc,1
addusxx_g,BaTiO3_nat005,64000,27609,32,18,1.284000,set0,original-openmp,mimalloc,1
addusxx_g,BaTiO3_nat005,64000,27609,32,19,1.292000,set0,original-openmp,mimalloc,1
addusxx_g,BaTiO3_nat005,64000,27609,64,0,0.649000,set0,original-openmp,mimalloc,1
addusxx_g,BaTiO3_nat005,64000,27609,64,1,0.693000,set0,original-openmp,mimalloc,1
addusxx_g,BaTiO3_nat005,64000,27609,64,2,0.687000,set0,original-openmp,mimalloc,1
addusxx_g,BaTiO3_nat005,64000,27609,64,3,0.694000,set0,original-openmp,mimalloc,1
addusxx_g,BaTiO3_nat005,64000,27609,64,4,0.748000,set0,original-openmp,mimalloc,1
addusxx_g,BaTiO3_nat005,64000,27609,64,5,0.727000,set0,original-openmp,mimalloc,1
addusxx_g,BaTiO3_nat005,64000,27609,64,6,0.689000,set0,original-openmp,mimalloc,1
addusxx_g,BaTiO3_nat005,64000,27609,64,7,0.683000,set0,original-openmp,mimalloc,1
addusxx_g,BaTiO3_nat005,64000,27609,64,8,0.692000,set0,original-openmp,mimalloc,1
addusxx_g,BaTiO3_nat005,64000,27609,64,9,0.712000,set0,original-openmp,mimalloc,1
addusxx_g,BaTiO3_nat005,64000,27609,64,10,0.700000,set0,original-openmp,mimalloc,1
addusxx_g,BaTiO3_nat005,64000,27609,64,11,0.698000,set0,original-openmp,mimalloc,1
addusxx_g,BaTiO3_nat005,64000,27609,64,12,0.691000,set0,original-openmp,mimalloc,1
addusxx_g,BaTiO3_nat005,64000,27609,64,13,0.692000,set0,original-openmp,mimalloc,1
addusxx_g,BaTiO3_nat005,64000,27609,64,14,0.714000,set0,original-openmp,mimalloc,1
addusxx_g,BaTiO3_nat005,64000,27609,64,15,0.686000,set0,original-openmp,mimalloc,1
addusxx_g,BaTiO3_nat005,64000,27609,64,16,0.689000,set0,original-openmp,mimalloc,1
addusxx_g,BaTiO3_nat005,64000,27609,64,17,0.691000,set0,original-openmp,mimalloc,1
addusxx_g,BaTiO3_nat005,64000,27609,64,18,0.693000,set0,original-openmp,mimalloc,1
addusxx_g,BaTiO3_nat005,64000,27609,64,19,0.714000,set0,original-openmp,mimalloc,1
addusxx_g,BaTiO3_nat005,64000,27609,72,0,0.650000,set0,original-openmp,mimalloc,1
addusxx_g,BaTiO3_nat005,64000,27609,72,1,0.707000,set0,original-openmp,mimalloc,1
addusxx_g,BaTiO3_nat005,64000,27609,72,2,0.713000,set0,original-openmp,mimalloc,1
addusxx_g,BaTiO3_nat005,64000,27609,72,3,0.692000,set0,original-openmp,mimalloc,1
addusxx_g,BaTiO3_nat005,64000,27609,72,4,0.691000,set0,original-openmp,mimalloc,1
addusxx_g,BaTiO3_nat005,64000,27609,72,5,0.693000,set0,original-openmp,mimalloc,1
addusxx_g,BaTiO3_nat005,64000,27609,72,6,0.672000,set0,original-openmp,mimalloc,1
addusxx_g,BaTiO3_nat005,64000,27609,72,7,0.688000,set0,original-openmp,mimalloc,1
addusxx_g,BaTiO3_nat005,64000,27609,72,8,0.718000,set0,original-openmp,mimalloc,1
addusxx_g,BaTiO3_nat005,64000,27609,72,9,0.712000,set0,original-openmp,mimalloc,1
addusxx_g,BaTiO3_nat005,64000,27609,72,10,0.679000,set0,original-openmp,mimalloc,1
addusxx_g,BaTiO3_nat005,64000,27609,72,11,0.701000,set0,original-openmp,mimalloc,1
addusxx_g,BaTiO3_nat005,64000,27609,72,12,0.676000,set0,original-openmp,mimalloc,1
addusxx_g,BaTiO3_nat005,64000,27609,72,13,0.717000,set0,original-openmp,mimalloc,1
addusxx_g,BaTiO3_nat005,64000,27609,72,14,0.673000,set0,original-openmp,mimalloc,1
addusxx_g,BaTiO3_nat005,64000,27609,72,15,0.684000,set0,original-openmp,mimalloc,1
addusxx_g,BaTiO3_nat005,64000,27609,72,16,0.684000,set0,original-openmp,mimalloc,1
addusxx_g,BaTiO3_nat005,64000,27609,72,17,0.693000,set0,original-openmp,mimalloc,1
addusxx_g,BaTiO3_nat005,64000,27609,72,18,0.773000,set0,original-openmp,mimalloc,1
addusxx_g,BaTiO3_nat005,64000,27609,72,19,0.689000,set0,original-openmp,mimalloc,1
addusxx_g,BaTiO3_nat005,64000,27609,1,0,2009.266000,set0_rep72,original-openmp,mimalloc,72
addusxx_g,BaTiO3_nat005,64000,27609,1,1,2015.350000,set0_rep72,original-openmp,mimalloc,72
addusxx_g,BaTiO3_nat005,64000,27609,1,2,2013.010000,set0_rep72,original-openmp,mimalloc,72
addusxx_g,BaTiO3_nat005,64000,27609,1,3,2014.040000,set0_rep72,original-openmp,mimalloc,72
addusxx_g,BaTiO3_nat005,64000,27609,1,4,2012.165000,set0_rep72,original-openmp,mimalloc,72
addusxx_g,BaTiO3_nat005,64000,27609,1,5,2006.128000,set0_rep72,original-openmp,mimalloc,72
addusxx_g,BaTiO3_nat005,64000,27609,1,6,2006.984000,set0_rep72,original-openmp,mimalloc,72
addusxx_g,BaTiO3_nat005,64000,27609,1,7,2008.332000,set0_rep72,original-openmp,mimalloc,72
addusxx_g,BaTiO3_nat005,64000,27609,1,8,2010.409000,set0_rep72,original-openmp,mimalloc,72
addusxx_g,BaTiO3_nat005,64000,27609,1,9,2006.845000,set0_rep72,original-openmp,mimalloc,72
addusxx_g,BaTiO3_nat005,64000,27609,1,10,2007.757000,set0_rep72,original-openmp,mimalloc,72
addusxx_g,BaTiO3_nat005,64000,27609,1,11,2023.901000,set0_rep72,original-openmp,mimalloc,72
addusxx_g,BaTiO3_nat005,64000,27609,1,12,2026.052000,set0_rep72,original-openmp,mimalloc,72
addusxx_g,BaTiO3_nat005,64000,27609,1,13,2008.660000,set0_rep72,original-openmp,mimalloc,72
addusxx_g,BaTiO3_nat005,64000,27609,1,14,2017.906000,set0_rep72,original-openmp,mimalloc,72
addusxx_g,BaTiO3_nat005,64000,27609,1,15,2008.911000,set0_rep72,original-openmp,mimalloc,72
addusxx_g,BaTiO3_nat005,64000,27609,1,16,2006.223000,set0_rep72,original-openmp,mimalloc,72
addusxx_g,BaTiO3_nat005,64000,27609,1,17,2006.535000,set0_rep72,original-openmp,mimalloc,72
addusxx_g,BaTiO3_nat005,64000,27609,1,18,2005.176000,set0_rep72,original-openmp,mimalloc,72
addusxx_g,BaTiO3_nat005,64000,27609,1,19,2010.576000,set0_rep72,original-openmp,mimalloc,72
addusxx_g,BaTiO3_nat005,64000,27609,2,0,1212.446000,set0_rep72,original-openmp,mimalloc,72
addusxx_g,BaTiO3_nat005,64000,27609,2,1,1168.334000,set0_rep72,original-openmp,mimalloc,72
addusxx_g,BaTiO3_nat005,64000,27609,2,2,1142.297000,set0_rep72,original-openmp,mimalloc,72
addusxx_g,BaTiO3_nat005,64000,27609,2,3,1126.374000,set0_rep72,original-openmp,mimalloc,72
addusxx_g,BaTiO3_nat005,64000,27609,2,4,1076.970000,set0_rep72,original-openmp,mimalloc,72
addusxx_g,BaTiO3_nat005,64000,27609,2,5,1070.826000,set0_rep72,original-openmp,mimalloc,72
addusxx_g,BaTiO3_nat005,64000,27609,2,6,1085.593000,set0_rep72,original-openmp,mimalloc,72
addusxx_g,BaTiO3_nat005,64000,27609,2,7,1095.325000,set0_rep72,original-openmp,mimalloc,72
addusxx_g,BaTiO3_nat005,64000,27609,2,8,1075.759000,set0_rep72,original-openmp,mimalloc,72
addusxx_g,BaTiO3_nat005,64000,27609,2,9,1071.828000,set0_rep72,original-openmp,mimalloc,72
addusxx_g,BaTiO3_nat005,64000,27609,2,10,1073.662000,set0_rep72,original-openmp,mimalloc,72
addusxx_g,BaTiO3_nat005,64000,27609,2,11,1067.613000,set0_rep72,original-openmp,mimalloc,72
addusxx_g,BaTiO3_nat005,64000,27609,2,12,1054.780000,set0_rep72,original-openmp,mimalloc,72
addusxx_g,BaTiO3_nat005,64000,27609,2,13,1048.684000,set0_rep72,original-openmp,mimalloc,72
addusxx_g,BaTiO3_nat005,64000,27609,2,14,1050.801000,set0_rep72,original-openmp,mimalloc,72
addusxx_g,BaTiO3_nat005,64000,27609,2,15,1048.830000,set0_rep72,original-openmp,mimalloc,72
addusxx_g,BaTiO3_nat005,64000,27609,2,16,1049.680000,set0_rep72,original-openmp,mimalloc,72
addusxx_g,BaTiO3_nat005,64000,27609,2,17,1051.476000,set0_rep72,original-openmp,mimalloc,72
addusxx_g,BaTiO3_nat005,64000,27609,2,18,1083.213000,set0_rep72,original-openmp,mimalloc,72
addusxx_g,BaTiO3_nat005,64000,27609,2,19,1077.120000,set0_rep72,original-openmp,mimalloc,72
addusxx_g,BaTiO3_nat005,64000,27609,4,0,625.204000,set0_rep72,original-openmp,mimalloc,72
addusxx_g,BaTiO3_nat005,64000,27609,4,1,625.573000,set0_rep72,original-openmp,mimalloc,72
addusxx_g,BaTiO3_nat005,64000,27609,4,2,610.692000,set0_rep72,original-openmp,mimalloc,72
addusxx_g,BaTiO3_nat005,64000,27609,4,3,626.607000,set0_rep72,original-openmp,mimalloc,72
addusxx_g,BaTiO3_nat005,64000,27609,4,4,626.063000,set0_rep72,original-openmp,mimalloc,72
addusxx_g,BaTiO3_nat005,64000,27609,4,5,612.200000,set0_rep72,original-openmp,mimalloc,72
addusxx_g,BaTiO3_nat005,64000,27609,4,6,613.533000,set0_rep72,original-openmp,mimalloc,72
addusxx_g,BaTiO3_nat005,64000,27609,4,7,612.666000,set0_rep72,original-openmp,mimalloc,72
addusxx_g,BaTiO3_nat005,64000,27609,4,8,609.254000,set0_rep72,original-openmp,mimalloc,72
addusxx_g,BaTiO3_nat005,64000,27609,4,9,594.819000,set0_rep72,original-openmp,mimalloc,72
addusxx_g,BaTiO3_nat005,64000,27609,4,10,597.192000,set0_rep72,original-openmp,mimalloc,72
addusxx_g,BaTiO3_nat005,64000,27609,4,11,621.568000,set0_rep72,original-openmp,mimalloc,72
addusxx_g,BaTiO3_nat005,64000,27609,4,12,612.627000,set0_rep72,original-openmp,mimalloc,72
addusxx_g,BaTiO3_nat005,64000,27609,4,13,607.343000,set0_rep72,original-openmp,mimalloc,72
addusxx_g,BaTiO3_nat005,64000,27609,4,14,592.983000,set0_rep72,original-openmp,mimalloc,72
addusxx_g,BaTiO3_nat005,64000,27609,4,15,595.384000,set0_rep72,original-openmp,mimalloc,72
addusxx_g,BaTiO3_nat005,64000,27609,4,16,596.352000,set0_rep72,original-openmp,mimalloc,72
addusxx_g,BaTiO3_nat005,64000,27609,4,17,623.080000,set0_rep72,original-openmp,mimalloc,72
addusxx_g,BaTiO3_nat005,64000,27609,4,18,627.596000,set0_rep72,original-openmp,mimalloc,72
addusxx_g,BaTiO3_nat005,64000,27609,4,19,616.706000,set0_rep72,original-openmp,mimalloc,72
addusxx_g,BaTiO3_nat005,64000,27609,8,0,333.091000,set0_rep72,original-openmp,mimalloc,72
addusxx_g,BaTiO3_nat005,64000,27609,8,1,311.462000,set0_rep72,original-openmp,mimalloc,72
addusxx_g,BaTiO3_nat005,64000,27609,8,2,310.601000,set0_rep72,original-openmp,mimalloc,72
addusxx_g,BaTiO3_nat005,64000,27609,8,3,310.087000,set0_rep72,original-openmp,mimalloc,72
addusxx_g,BaTiO3_nat005,64000,27609,8,4,312.609000,set0_rep72,original-openmp,mimalloc,72
addusxx_g,BaTiO3_nat005,64000,27609,8,5,319.097000,set0_rep72,original-openmp,mimalloc,72
addusxx_g,BaTiO3_nat005,64000,27609,8,6,311.548000,set0_rep72,original-openmp,mimalloc,72
addusxx_g,BaTiO3_nat005,64000,27609,8,7,311.060000,set0_rep72,original-openmp,mimalloc,72
addusxx_g,BaTiO3_nat005,64000,27609,8,8,311.506000,set0_rep72,original-openmp,mimalloc,72
addusxx_g,BaTiO3_nat005,64000,27609,8,9,311.026000,set0_rep72,original-openmp,mimalloc,72
addusxx_g,BaTiO3_nat005,64000,27609,8,10,311.717000,set0_rep72,original-openmp,mimalloc,72
addusxx_g,BaTiO3_nat005,64000,27609,8,11,310.897000,set0_rep72,original-openmp,mimalloc,72
addusxx_g,BaTiO3_nat005,64000,27609,8,12,311.187000,set0_rep72,original-openmp,mimalloc,72
addusxx_g,BaTiO3_nat005,64000,27609,8,13,311.879000,set0_rep72,original-openmp,mimalloc,72
addusxx_g,BaTiO3_nat005,64000,27609,8,14,318.144000,set0_rep72,original-openmp,mimalloc,72
addusxx_g,BaTiO3_nat005,64000,27609,8,15,312.976000,set0_rep72,original-openmp,mimalloc,72
addusxx_g,BaTiO3_nat005,64000,27609,8,16,314.238000,set0_rep72,original-openmp,mimalloc,72
addusxx_g,BaTiO3_nat005,64000,27609,8,17,323.481000,set0_rep72,original-openmp,mimalloc,72
addusxx_g,BaTiO3_nat005,64000,27609,8,18,318.375000,set0_rep72,original-openmp,mimalloc,72
addusxx_g,BaTiO3_nat005,64000,27609,8,19,311.694000,set0_rep72,original-openmp,mimalloc,72
addusxx_g,BaTiO3_nat005,64000,27609,16,0,171.981000,set0_rep72,original-openmp,mimalloc,72
addusxx_g,BaTiO3_nat005,64000,27609,16,1,170.874000,set0_rep72,original-openmp,mimalloc,72
addusxx_g,BaTiO3_nat005,64000,27609,16,2,170.284000,set0_rep72,original-openmp,mimalloc,72
addusxx_g,BaTiO3_nat005,64000,27609,16,3,170.363000,set0_rep72,original-openmp,mimalloc,72
addusxx_g,BaTiO3_nat005,64000,27609,16,4,170.927000,set0_rep72,original-openmp,mimalloc,72
addusxx_g,BaTiO3_nat005,64000,27609,16,5,171.008000,set0_rep72,original-openmp,mimalloc,72
addusxx_g,BaTiO3_nat005,64000,27609,16,6,170.805000,set0_rep72,original-openmp,mimalloc,72
addusxx_g,BaTiO3_nat005,64000,27609,16,7,171.510000,set0_rep72,original-openmp,mimalloc,72
addusxx_g,BaTiO3_nat005,64000,27609,16,8,170.207000,set0_rep72,original-openmp,mimalloc,72
addusxx_g,BaTiO3_nat005,64000,27609,16,9,170.228000,set0_rep72,original-openmp,mimalloc,72
addusxx_g,BaTiO3_nat005,64000,27609,16,10,170.079000,set0_rep72,original-openmp,mimalloc,72
addusxx_g,BaTiO3_nat005,64000,27609,16,11,170.698000,set0_rep72,original-openmp,mimalloc,72
addusxx_g,BaTiO3_nat005,64000,27609,16,12,170.132000,set0_rep72,original-openmp,mimalloc,72
addusxx_g,BaTiO3_nat005,64000,27609,16,13,170.570000,set0_rep72,original-openmp,mimalloc,72
addusxx_g,BaTiO3_nat005,64000,27609,16,14,170.891000,set0_rep72,original-openmp,mimalloc,72
addusxx_g,BaTiO3_nat005,64000,27609,16,15,170.368000,set0_rep72,original-openmp,mimalloc,72
addusxx_g,BaTiO3_nat005,64000,27609,16,16,169.757000,set0_rep72,original-openmp,mimalloc,72
addusxx_g,BaTiO3_nat005,64000,27609,16,17,170.504000,set0_rep72,original-openmp,mimalloc,72
addusxx_g,BaTiO3_nat005,64000,27609,16,18,170.459000,set0_rep72,original-openmp,mimalloc,72
addusxx_g,BaTiO3_nat005,64000,27609,16,19,170.709000,set0_rep72,original-openmp,mimalloc,72
addusxx_g,BaTiO3_nat005,64000,27609,32,0,101.293000,set0_rep72,original-openmp,mimalloc,72
addusxx_g,BaTiO3_nat005,64000,27609,32,1,113.815000,set0_rep72,original-openmp,mimalloc,72
addusxx_g,BaTiO3_nat005,64000,27609,32,2,101.748000,set0_rep72,original-openmp,mimalloc,72
addusxx_g,BaTiO3_nat005,64000,27609,32,3,100.654000,set0_rep72,original-openmp,mimalloc,72
addusxx_g,BaTiO3_nat005,64000,27609,32,4,101.628000,set0_rep72,original-openmp,mimalloc,72
addusxx_g,BaTiO3_nat005,64000,27609,32,5,102.123000,set0_rep72,original-openmp,mimalloc,72
addusxx_g,BaTiO3_nat005,64000,27609,32,6,101.314000,set0_rep72,original-openmp,mimalloc,72
addusxx_g,BaTiO3_nat005,64000,27609,32,7,102.695000,set0_rep72,original-openmp,mimalloc,72
addusxx_g,BaTiO3_nat005,64000,27609,32,8,102.139000,set0_rep72,original-openmp,mimalloc,72
addusxx_g,BaTiO3_nat005,64000,27609,32,9,101.557000,set0_rep72,original-openmp,mimalloc,72
addusxx_g,BaTiO3_nat005,64000,27609,32,10,101.937000,set0_rep72,original-openmp,mimalloc,72
addusxx_g,BaTiO3_nat005,64000,27609,32,11,102.854000,set0_rep72,original-openmp,mimalloc,72
addusxx_g,BaTiO3_nat005,64000,27609,32,12,101.540000,set0_rep72,original-openmp,mimalloc,72
addusxx_g,BaTiO3_nat005,64000,27609,32,13,102.899000,set0_rep72,original-openmp,mimalloc,72
addusxx_g,BaTiO3_nat005,64000,27609,32,14,102.299000,set0_rep72,original-openmp,mimalloc,72
addusxx_g,BaTiO3_nat005,64000,27609,32,15,101.168000,set0_rep72,original-openmp,mimalloc,72
addusxx_g,BaTiO3_nat005,64000,27609,32,16,102.964000,set0_rep72,original-openmp,mimalloc,72
addusxx_g,BaTiO3_nat005,64000,27609,32,17,103.386000,set0_rep72,original-openmp,mimalloc,72
addusxx_g,BaTiO3_nat005,64000,27609,32,18,102.415000,set0_rep72,original-openmp,mimalloc,72
addusxx_g,BaTiO3_nat005,64000,27609,32,19,103.335000,set0_rep72,original-openmp,mimalloc,72
addusxx_g,BaTiO3_nat005,64000,27609,64,0,65.016000,set0_rep72,original-openmp,mimalloc,72
addusxx_g,BaTiO3_nat005,64000,27609,64,1,66.033000,set0_rep72,original-openmp,mimalloc,72
addusxx_g,BaTiO3_nat005,64000,27609,64,2,65.352000,set0_rep72,original-openmp,mimalloc,72
addusxx_g,BaTiO3_nat005,64000,27609,64,3,66.615000,set0_rep72,original-openmp,mimalloc,72
addusxx_g,BaTiO3_nat005,64000,27609,64,4,64.778000,set0_rep72,original-openmp,mimalloc,72
addusxx_g,BaTiO3_nat005,64000,27609,64,5,66.025000,set0_rep72,original-openmp,mimalloc,72
addusxx_g,BaTiO3_nat005,64000,27609,64,6,66.050000,set0_rep72,original-openmp,mimalloc,72
addusxx_g,BaTiO3_nat005,64000,27609,64,7,66.759000,set0_rep72,original-openmp,mimalloc,72
addusxx_g,BaTiO3_nat005,64000,27609,64,8,65.788000,set0_rep72,original-openmp,mimalloc,72
addusxx_g,BaTiO3_nat005,64000,27609,64,9,65.335000,set0_rep72,original-openmp,mimalloc,72
addusxx_g,BaTiO3_nat005,64000,27609,64,10,65.807000,set0_rep72,original-openmp,mimalloc,72
addusxx_g,BaTiO3_nat005,64000,27609,64,11,65.926000,set0_rep72,original-openmp,mimalloc,72
addusxx_g,BaTiO3_nat005,64000,27609,64,12,65.169000,set0_rep72,original-openmp,mimalloc,72
addusxx_g,BaTiO3_nat005,64000,27609,64,13,66.098000,set0_rep72,original-openmp,mimalloc,72
addusxx_g,BaTiO3_nat005,64000,27609,64,14,65.848000,set0_rep72,original-openmp,mimalloc,72
addusxx_g,BaTiO3_nat005,64000,27609,64,15,66.396000,set0_rep72,original-openmp,mimalloc,72
addusxx_g,BaTiO3_nat005,64000,27609,64,16,65.598000,set0_rep72,original-openmp,mimalloc,72
addusxx_g,BaTiO3_nat005,64000,27609,64,17,66.294000,set0_rep72,original-openmp,mimalloc,72
addusxx_g,BaTiO3_nat005,64000,27609,64,18,66.215000,set0_rep72,original-openmp,mimalloc,72
addusxx_g,BaTiO3_nat005,64000,27609,64,19,65.772000,set0_rep72,original-openmp,mimalloc,72
addusxx_g,BaTiO3_nat005,64000,27609,72,0,61.268000,set0_rep72,original-openmp,mimalloc,72
addusxx_g,BaTiO3_nat005,64000,27609,72,1,61.240000,set0_rep72,original-openmp,mimalloc,72
addusxx_g,BaTiO3_nat005,64000,27609,72,2,61.075000,set0_rep72,original-openmp,mimalloc,72
addusxx_g,BaTiO3_nat005,64000,27609,72,3,60.695000,set0_rep72,original-openmp,mimalloc,72
addusxx_g,BaTiO3_nat005,64000,27609,72,4,60.465000,set0_rep72,original-openmp,mimalloc,72
addusxx_g,BaTiO3_nat005,64000,27609,72,5,60.884000,set0_rep72,original-openmp,mimalloc,72
addusxx_g,BaTiO3_nat005,64000,27609,72,6,61.409000,set0_rep72,original-openmp,mimalloc,72
addusxx_g,BaTiO3_nat005,64000,27609,72,7,60.403000,set0_rep72,original-openmp,mimalloc,72
addusxx_g,BaTiO3_nat005,64000,27609,72,8,60.850000,set0_rep72,original-openmp,mimalloc,72
addusxx_g,BaTiO3_nat005,64000,27609,72,9,62.428000,set0_rep72,original-openmp,mimalloc,72
addusxx_g,BaTiO3_nat005,64000,27609,72,10,61.430000,set0_rep72,original-openmp,mimalloc,72
addusxx_g,BaTiO3_nat005,64000,27609,72,11,60.587000,set0_rep72,original-openmp,mimalloc,72
addusxx_g,BaTiO3_nat005,64000,27609,72,12,60.946000,set0_rep72,original-openmp,mimalloc,72
addusxx_g,BaTiO3_nat005,64000,27609,72,13,60.983000,set0_rep72,original-openmp,mimalloc,72
addusxx_g,BaTiO3_nat005,64000,27609,72,14,61.048000,set0_rep72,original-openmp,mimalloc,72
addusxx_g,BaTiO3_nat005,64000,27609,72,15,60.290000,set0_rep72,original-openmp,mimalloc,72
addusxx_g,BaTiO3_nat005,64000,27609,72,16,60.669000,set0_rep72,original-openmp,mimalloc,72
addusxx_g,BaTiO3_nat005,64000,27609,72,17,61.461000,set0_rep72,original-openmp,mimalloc,72
addusxx_g,BaTiO3_nat005,64000,27609,72,18,61.234000,set0_rep72,original-openmp,mimalloc,72
addusxx_g,BaTiO3_nat005,64000,27609,72,19,60.582000,set0_rep72,original-openmp,mimalloc,72
addusxx_g,BaTiO3_nat005,64000,27609,1,0,27.095000,set1,original-openmp,mimalloc,1
addusxx_g,BaTiO3_nat005,64000,27609,1,1,26.925000,set1,original-openmp,mimalloc,1
addusxx_g,BaTiO3_nat005,64000,27609,1,2,27.123000,set1,original-openmp,mimalloc,1
addusxx_g,BaTiO3_nat005,64000,27609,1,3,27.602000,set1,original-openmp,mimalloc,1
addusxx_g,BaTiO3_nat005,64000,27609,1,4,27.360000,set1,original-openmp,mimalloc,1
addusxx_g,BaTiO3_nat005,64000,27609,1,5,27.233000,set1,original-openmp,mimalloc,1
addusxx_g,BaTiO3_nat005,64000,27609,1,6,26.981000,set1,original-openmp,mimalloc,1
addusxx_g,BaTiO3_nat005,64000,27609,1,7,26.931000,set1,original-openmp,mimalloc,1
addusxx_g,BaTiO3_nat005,64000,27609,1,8,26.963000,set1,original-openmp,mimalloc,1
addusxx_g,BaTiO3_nat005,64000,27609,1,9,28.333000,set1,original-openmp,mimalloc,1
addusxx_g,BaTiO3_nat005,64000,27609,1,10,36.345000,set1,original-openmp,mimalloc,1
addusxx_g,BaTiO3_nat005,64000,27609,1,11,26.851000,set1,original-openmp,mimalloc,1
addusxx_g,BaTiO3_nat005,64000,27609,1,12,27.248000,set1,original-openmp,mimalloc,1
addusxx_g,BaTiO3_nat005,64000,27609,1,13,26.941000,set1,original-openmp,mimalloc,1
addusxx_g,BaTiO3_nat005,64000,27609,1,14,35.691000,set1,original-openmp,mimalloc,1
addusxx_g,BaTiO3_nat005,64000,27609,1,15,28.747000,set1,original-openmp,mimalloc,1
addusxx_g,BaTiO3_nat005,64000,27609,1,16,28.072000,set1,original-openmp,mimalloc,1
addusxx_g,BaTiO3_nat005,64000,27609,1,17,27.350000,set1,original-openmp,mimalloc,1
addusxx_g,BaTiO3_nat005,64000,27609,1,18,27.705000,set1,original-openmp,mimalloc,1
addusxx_g,BaTiO3_nat005,64000,27609,1,19,27.496000,set1,original-openmp,mimalloc,1
addusxx_g,BaTiO3_nat005,64000,27609,2,0,14.395000,set1,original-openmp,mimalloc,1
addusxx_g,BaTiO3_nat005,64000,27609,2,1,14.443000,set1,original-openmp,mimalloc,1
addusxx_g,BaTiO3_nat005,64000,27609,2,2,14.421000,set1,original-openmp,mimalloc,1
addusxx_g,BaTiO3_nat005,64000,27609,2,3,14.564000,set1,original-openmp,mimalloc,1
addusxx_g,BaTiO3_nat005,64000,27609,2,4,14.334000,set1,original-openmp,mimalloc,1
addusxx_g,BaTiO3_nat005,64000,27609,2,5,14.472000,set1,original-openmp,mimalloc,1
addusxx_g,BaTiO3_nat005,64000,27609,2,6,14.450000,set1,original-openmp,mimalloc,1
addusxx_g,BaTiO3_nat005,64000,27609,2,7,14.551000,set1,original-openmp,mimalloc,1
addusxx_g,BaTiO3_nat005,64000,27609,2,8,14.518000,set1,original-openmp,mimalloc,1
addusxx_g,BaTiO3_nat005,64000,27609,2,9,14.681000,set1,original-openmp,mimalloc,1
addusxx_g,BaTiO3_nat005,64000,27609,2,10,14.605000,set1,original-openmp,mimalloc,1
addusxx_g,BaTiO3_nat005,64000,27609,2,11,14.683000,set1,original-openmp,mimalloc,1
addusxx_g,BaTiO3_nat005,64000,27609,2,12,14.600000,set1,original-openmp,mimalloc,1
addusxx_g,BaTiO3_nat005,64000,27609,2,13,14.657000,set1,original-openmp,mimalloc,1
addusxx_g,BaTiO3_nat005,64000,27609,2,14,14.929000,set1,original-openmp,mimalloc,1
addusxx_g,BaTiO3_nat005,64000,27609,2,15,14.666000,set1,original-openmp,mimalloc,1
addusxx_g,BaTiO3_nat005,64000,27609,2,16,14.756000,set1,original-openmp,mimalloc,1
addusxx_g,BaTiO3_nat005,64000,27609,2,17,14.734000,set1,original-openmp,mimalloc,1
addusxx_g,BaTiO3_nat005,64000,27609,2,18,14.875000,set1,original-openmp,mimalloc,1
addusxx_g,BaTiO3_nat005,64000,27609,2,19,14.689000,set1,original-openmp,mimalloc,1
addusxx_g,BaTiO3_nat005,64000,27609,4,0,7.945000,set1,original-openmp,mimalloc,1
addusxx_g,BaTiO3_nat005,64000,27609,4,1,7.927000,set1,original-openmp,mimalloc,1
addusxx_g,BaTiO3_nat005,64000,27609,4,2,7.695000,set1,original-openmp,mimalloc,1
addusxx_g,BaTiO3_nat005,64000,27609,4,3,7.877000,set1,original-openmp,mimalloc,1
addusxx_g,BaTiO3_nat005,64000,27609,4,4,7.789000,set1,original-openmp,mimalloc,1
addusxx_g,BaTiO3_nat005,64000,27609,4,5,7.978000,set1,original-openmp,mimalloc,1
addusxx_g,BaTiO3_nat005,64000,27609,4,6,7.802000,set1,original-openmp,mimalloc,1
addusxx_g,BaTiO3_nat005,64000,27609,4,7,7.774000,set1,original-openmp,mimalloc,1
addusxx_g,BaTiO3_nat005,64000,27609,4,8,7.802000,set1,original-openmp,mimalloc,1
addusxx_g,BaTiO3_nat005,64000,27609,4,9,7.774000,set1,original-openmp,mimalloc,1
addusxx_g,BaTiO3_nat005,64000,27609,4,10,7.815000,set1,original-openmp,mimalloc,1
addusxx_g,BaTiO3_nat005,64000,27609,4,11,7.804000,set1,original-openmp,mimalloc,1
addusxx_g,BaTiO3_nat005,64000,27609,4,12,7.846000,set1,original-openmp,mimalloc,1
addusxx_g,BaTiO3_nat005,64000,27609,4,13,7.763000,set1,original-openmp,mimalloc,1
addusxx_g,BaTiO3_nat005,64000,27609,4,14,7.644000,set1,original-openmp,mimalloc,1
addusxx_g,BaTiO3_nat005,64000,27609,4,15,7.731000,set1,original-openmp,mimalloc,1
addusxx_g,BaTiO3_nat005,64000,27609,4,16,7.716000,set1,original-openmp,mimalloc,1
addusxx_g,BaTiO3_nat005,64000,27609,4,17,7.635000,set1,original-openmp,mimalloc,1
addusxx_g,BaTiO3_nat005,64000,27609,4,18,7.971000,set1,original-openmp,mimalloc,1
addusxx_g,BaTiO3_nat005,64000,27609,4,19,7.636000,set1,original-openmp,mimalloc,1
addusxx_g,BaTiO3_nat005,64000,27609,8,0,4.517000,set1,original-openmp,mimalloc,1
addusxx_g,BaTiO3_nat005,64000,27609,8,1,4.098000,set1,original-openmp,mimalloc,1
addusxx_g,BaTiO3_nat005,64000,27609,8,2,4.222000,set1,original-openmp,mimalloc,1
addusxx_g,BaTiO3_nat005,64000,27609,8,3,4.082000,set1,original-openmp,mimalloc,1
addusxx_g,BaTiO3_nat005,64000,27609,8,4,4.116000,set1,original-openmp,mimalloc,1
addusxx_g,BaTiO3_nat005,64000,27609,8,5,4.138000,set1,original-openmp,mimalloc,1
addusxx_g,BaTiO3_nat005,64000,27609,8,6,4.318000,set1,original-openmp,mimalloc,1
addusxx_g,BaTiO3_nat005,64000,27609,8,7,4.172000,set1,original-openmp,mimalloc,1
addusxx_g,BaTiO3_nat005,64000,27609,8,8,4.167000,set1,original-openmp,mimalloc,1
addusxx_g,BaTiO3_nat005,64000,27609,8,9,4.158000,set1,original-openmp,mimalloc,1
addusxx_g,BaTiO3_nat005,64000,27609,8,10,4.219000,set1,original-openmp,mimalloc,1
addusxx_g,BaTiO3_nat005,64000,27609,8,11,4.157000,set1,original-openmp,mimalloc,1
addusxx_g,BaTiO3_nat005,64000,27609,8,12,4.179000,set1,original-openmp,mimalloc,1
addusxx_g,BaTiO3_nat005,64000,27609,8,13,4.149000,set1,original-openmp,mimalloc,1
addusxx_g,BaTiO3_nat005,64000,27609,8,14,4.139000,set1,original-openmp,mimalloc,1
addusxx_g,BaTiO3_nat005,64000,27609,8,15,4.110000,set1,original-openmp,mimalloc,1
addusxx_g,BaTiO3_nat005,64000,27609,8,16,4.182000,set1,original-openmp,mimalloc,1
addusxx_g,BaTiO3_nat005,64000,27609,8,17,4.182000,set1,original-openmp,mimalloc,1
addusxx_g,BaTiO3_nat005,64000,27609,8,18,4.166000,set1,original-openmp,mimalloc,1
addusxx_g,BaTiO3_nat005,64000,27609,8,19,4.150000,set1,original-openmp,mimalloc,1
addusxx_g,BaTiO3_nat005,64000,27609,16,0,2.158000,set1,original-openmp,mimalloc,1
addusxx_g,BaTiO3_nat005,64000,27609,16,1,2.130000,set1,original-openmp,mimalloc,1
addusxx_g,BaTiO3_nat005,64000,27609,16,2,2.214000,set1,original-openmp,mimalloc,1
addusxx_g,BaTiO3_nat005,64000,27609,16,3,2.206000,set1,original-openmp,mimalloc,1
addusxx_g,BaTiO3_nat005,64000,27609,16,4,2.242000,set1,original-openmp,mimalloc,1
addusxx_g,BaTiO3_nat005,64000,27609,16,5,2.150000,set1,original-openmp,mimalloc,1
addusxx_g,BaTiO3_nat005,64000,27609,16,6,2.127000,set1,original-openmp,mimalloc,1
addusxx_g,BaTiO3_nat005,64000,27609,16,7,2.130000,set1,original-openmp,mimalloc,1
addusxx_g,BaTiO3_nat005,64000,27609,16,8,2.138000,set1,original-openmp,mimalloc,1
addusxx_g,BaTiO3_nat005,64000,27609,16,9,2.139000,set1,original-openmp,mimalloc,1
addusxx_g,BaTiO3_nat005,64000,27609,16,10,2.122000,set1,original-openmp,mimalloc,1
addusxx_g,BaTiO3_nat005,64000,27609,16,11,2.118000,set1,original-openmp,mimalloc,1
addusxx_g,BaTiO3_nat005,64000,27609,16,12,2.155000,set1,original-openmp,mimalloc,1
addusxx_g,BaTiO3_nat005,64000,27609,16,13,2.167000,set1,original-openmp,mimalloc,1
addusxx_g,BaTiO3_nat005,64000,27609,16,14,2.115000,set1,original-openmp,mimalloc,1
addusxx_g,BaTiO3_nat005,64000,27609,16,15,2.121000,set1,original-openmp,mimalloc,1
addusxx_g,BaTiO3_nat005,64000,27609,16,16,2.164000,set1,original-openmp,mimalloc,1
addusxx_g,BaTiO3_nat005,64000,27609,16,17,2.179000,set1,original-openmp,mimalloc,1
addusxx_g,BaTiO3_nat005,64000,27609,16,18,2.174000,set1,original-openmp,mimalloc,1
addusxx_g,BaTiO3_nat005,64000,27609,16,19,2.150000,set1,original-openmp,mimalloc,1
addusxx_g,BaTiO3_nat005,64000,27609,32,0,1.321000,set1,original-openmp,mimalloc,1
addusxx_g,BaTiO3_nat005,64000,27609,32,1,1.267000,set1,original-openmp,mimalloc,1
addusxx_g,BaTiO3_nat005,64000,27609,32,2,1.379000,set1,original-openmp,mimalloc,1
addusxx_g,BaTiO3_nat005,64000,27609,32,3,1.281000,set1,original-openmp,mimalloc,1
addusxx_g,BaTiO3_nat005,64000,27609,32,4,1.321000,set1,original-openmp,mimalloc,1
addusxx_g,BaTiO3_nat005,64000,27609,32,5,1.259000,set1,original-openmp,mimalloc,1
addusxx_g,BaTiO3_nat005,64000,27609,32,6,1.303000,set1,original-openmp,mimalloc,1
addusxx_g,BaTiO3_nat005,64000,27609,32,7,1.268000,set1,original-openmp,mimalloc,1
addusxx_g,BaTiO3_nat005,64000,27609,32,8,1.312000,set1,original-openmp,mimalloc,1
addusxx_g,BaTiO3_nat005,64000,27609,32,9,1.308000,set1,original-openmp,mimalloc,1
addusxx_g,BaTiO3_nat005,64000,27609,32,10,1.483000,set1,original-openmp,mimalloc,1
addusxx_g,BaTiO3_nat005,64000,27609,32,11,1.321000,set1,original-openmp,mimalloc,1
addusxx_g,BaTiO3_nat005,64000,27609,32,12,1.344000,set1,original-openmp,mimalloc,1
addusxx_g,BaTiO3_nat005,64000,27609,32,13,1.307000,set1,original-openmp,mimalloc,1
addusxx_g,BaTiO3_nat005,64000,27609,32,14,1.262000,set1,original-openmp,mimalloc,1
addusxx_g,BaTiO3_nat005,64000,27609,32,15,1.316000,set1,original-openmp,mimalloc,1
addusxx_g,BaTiO3_nat005,64000,27609,32,16,1.350000,set1,original-openmp,mimalloc,1
addusxx_g,BaTiO3_nat005,64000,27609,32,17,1.287000,set1,original-openmp,mimalloc,1
addusxx_g,BaTiO3_nat005,64000,27609,32,18,1.334000,set1,original-openmp,mimalloc,1
addusxx_g,BaTiO3_nat005,64000,27609,32,19,1.255000,set1,original-openmp,mimalloc,1
addusxx_g,BaTiO3_nat005,64000,27609,64,0,0.651000,set1,original-openmp,mimalloc,1
addusxx_g,BaTiO3_nat005,64000,27609,64,1,0.741000,set1,original-openmp,mimalloc,1
addusxx_g,BaTiO3_nat005,64000,27609,64,2,0.891000,set1,original-openmp,mimalloc,1
addusxx_g,BaTiO3_nat005,64000,27609,64,3,0.712000,set1,original-openmp,mimalloc,1
addusxx_g,BaTiO3_nat005,64000,27609,64,4,0.688000,set1,original-openmp,mimalloc,1
addusxx_g,BaTiO3_nat005,64000,27609,64,5,0.690000,set1,original-openmp,mimalloc,1
addusxx_g,BaTiO3_nat005,64000,27609,64,6,0.724000,set1,original-openmp,mimalloc,1
addusxx_g,BaTiO3_nat005,64000,27609,64,7,0.688000,set1,original-openmp,mimalloc,1
addusxx_g,BaTiO3_nat005,64000,27609,64,8,0.711000,set1,original-openmp,mimalloc,1
addusxx_g,BaTiO3_nat005,64000,27609,64,9,0.700000,set1,original-openmp,mimalloc,1
addusxx_g,BaTiO3_nat005,64000,27609,64,10,0.680000,set1,original-openmp,mimalloc,1
addusxx_g,BaTiO3_nat005,64000,27609,64,11,0.705000,set1,original-openmp,mimalloc,1
addusxx_g,BaTiO3_nat005,64000,27609,64,12,0.683000,set1,original-openmp,mimalloc,1
addusxx_g,BaTiO3_nat005,64000,27609,64,13,0.667000,set1,original-openmp,mimalloc,1
addusxx_g,BaTiO3_nat005,64000,27609,64,14,0.728000,set1,original-openmp,mimalloc,1
addusxx_g,BaTiO3_nat005,64000,27609,64,15,0.698000,set1,original-openmp,mimalloc,1
addusxx_g,BaTiO3_nat005,64000,27609,64,16,0.774000,set1,original-openmp,mimalloc,1
addusxx_g,BaTiO3_nat005,64000,27609,64,17,0.682000,set1,original-openmp,mimalloc,1
addusxx_g,BaTiO3_nat005,64000,27609,64,18,0.691000,set1,original-openmp,mimalloc,1
addusxx_g,BaTiO3_nat005,64000,27609,64,19,0.748000,set1,original-openmp,mimalloc,1
addusxx_g,BaTiO3_nat005,64000,27609,72,0,0.702000,set1,original-openmp,mimalloc,1
addusxx_g,BaTiO3_nat005,64000,27609,72,1,0.810000,set1,original-openmp,mimalloc,1
addusxx_g,BaTiO3_nat005,64000,27609,72,2,0.794000,set1,original-openmp,mimalloc,1
addusxx_g,BaTiO3_nat005,64000,27609,72,3,0.683000,set1,original-openmp,mimalloc,1
addusxx_g,BaTiO3_nat005,64000,27609,72,4,0.726000,set1,original-openmp,mimalloc,1
addusxx_g,BaTiO3_nat005,64000,27609,72,5,0.727000,set1,original-openmp,mimalloc,1
addusxx_g,BaTiO3_nat005,64000,27609,72,6,0.712000,set1,original-openmp,mimalloc,1
addusxx_g,BaTiO3_nat005,64000,27609,72,7,0.737000,set1,original-openmp,mimalloc,1
addusxx_g,BaTiO3_nat005,64000,27609,72,8,0.710000,set1,original-openmp,mimalloc,1
addusxx_g,BaTiO3_nat005,64000,27609,72,9,0.756000,set1,original-openmp,mimalloc,1
addusxx_g,BaTiO3_nat005,64000,27609,72,10,0.679000,set1,original-openmp,mimalloc,1
addusxx_g,BaTiO3_nat005,64000,27609,72,11,1.256000,set1,original-openmp,mimalloc,1
addusxx_g,BaTiO3_nat005,64000,27609,72,12,0.702000,set1,original-openmp,mimalloc,1
addusxx_g,BaTiO3_nat005,64000,27609,72,13,1.039000,set1,original-openmp,mimalloc,1
addusxx_g,BaTiO3_nat005,64000,27609,72,14,0.766000,set1,original-openmp,mimalloc,1
addusxx_g,BaTiO3_nat005,64000,27609,72,15,0.705000,set1,original-openmp,mimalloc,1
addusxx_g,BaTiO3_nat005,64000,27609,72,16,0.701000,set1,original-openmp,mimalloc,1
addusxx_g,BaTiO3_nat005,64000,27609,72,17,0.740000,set1,original-openmp,mimalloc,1
addusxx_g,BaTiO3_nat005,64000,27609,72,18,0.675000,set1,original-openmp,mimalloc,1
addusxx_g,BaTiO3_nat005,64000,27609,72,19,0.691000,set1,original-openmp,mimalloc,1
addusxx_g,BaTiO3_nat005,64000,27609,1,0,2100.522000,set1_rep72,original-openmp,mimalloc,72
addusxx_g,BaTiO3_nat005,64000,27609,1,1,2097.121000,set1_rep72,original-openmp,mimalloc,72
addusxx_g,BaTiO3_nat005,64000,27609,1,2,2103.741000,set1_rep72,original-openmp,mimalloc,72
addusxx_g,BaTiO3_nat005,64000,27609,1,3,2099.179000,set1_rep72,original-openmp,mimalloc,72
addusxx_g,BaTiO3_nat005,64000,27609,1,4,2109.570000,set1_rep72,original-openmp,mimalloc,72
addusxx_g,BaTiO3_nat005,64000,27609,1,5,2111.419000,set1_rep72,original-openmp,mimalloc,72
addusxx_g,BaTiO3_nat005,64000,27609,1,6,2118.055000,set1_rep72,original-openmp,mimalloc,72
addusxx_g,BaTiO3_nat005,64000,27609,1,7,2108.835000,set1_rep72,original-openmp,mimalloc,72
addusxx_g,BaTiO3_nat005,64000,27609,1,8,2119.019000,set1_rep72,original-openmp,mimalloc,72
addusxx_g,BaTiO3_nat005,64000,27609,1,9,2132.810000,set1_rep72,original-openmp,mimalloc,72
addusxx_g,BaTiO3_nat005,64000,27609,1,10,2135.716000,set1_rep72,original-openmp,mimalloc,72
addusxx_g,BaTiO3_nat005,64000,27609,1,11,2129.216000,set1_rep72,original-openmp,mimalloc,72
addusxx_g,BaTiO3_nat005,64000,27609,1,12,2157.244000,set1_rep72,original-openmp,mimalloc,72
addusxx_g,BaTiO3_nat005,64000,27609,1,13,2116.783000,set1_rep72,original-openmp,mimalloc,72
addusxx_g,BaTiO3_nat005,64000,27609,1,14,2117.321000,set1_rep72,original-openmp,mimalloc,72
addusxx_g,BaTiO3_nat005,64000,27609,1,15,2122.984000,set1_rep72,original-openmp,mimalloc,72
addusxx_g,BaTiO3_nat005,64000,27609,1,16,2123.025000,set1_rep72,original-openmp,mimalloc,72
addusxx_g,BaTiO3_nat005,64000,27609,1,17,2123.533000,set1_rep72,original-openmp,mimalloc,72
addusxx_g,BaTiO3_nat005,64000,27609,1,18,2120.999000,set1_rep72,original-openmp,mimalloc,72
addusxx_g,BaTiO3_nat005,64000,27609,1,19,2114.582000,set1_rep72,original-openmp,mimalloc,72
addusxx_g,BaTiO3_nat005,64000,27609,2,0,1194.078000,set1_rep72,original-openmp,mimalloc,72
addusxx_g,BaTiO3_nat005,64000,27609,2,1,1154.309000,set1_rep72,original-openmp,mimalloc,72
addusxx_g,BaTiO3_nat005,64000,27609,2,2,1146.458000,set1_rep72,original-openmp,mimalloc,72
addusxx_g,BaTiO3_nat005,64000,27609,2,3,1115.612000,set1_rep72,original-openmp,mimalloc,72
addusxx_g,BaTiO3_nat005,64000,27609,2,4,1097.864000,set1_rep72,original-openmp,mimalloc,72
addusxx_g,BaTiO3_nat005,64000,27609,2,5,1095.135000,set1_rep72,original-openmp,mimalloc,72
addusxx_g,BaTiO3_nat005,64000,27609,2,6,1108.245000,set1_rep72,original-openmp,mimalloc,72
addusxx_g,BaTiO3_nat005,64000,27609,2,7,1114.177000,set1_rep72,original-openmp,mimalloc,72
addusxx_g,BaTiO3_nat005,64000,27609,2,8,1104.449000,set1_rep72,original-openmp,mimalloc,72
addusxx_g,BaTiO3_nat005,64000,27609,2,9,1094.499000,set1_rep72,original-openmp,mimalloc,72
addusxx_g,BaTiO3_nat005,64000,27609,2,10,1093.500000,set1_rep72,original-openmp,mimalloc,72
addusxx_g,BaTiO3_nat005,64000,27609,2,11,1104.489000,set1_rep72,original-openmp,mimalloc,72
addusxx_g,BaTiO3_nat005,64000,27609,2,12,1121.843000,set1_rep72,original-openmp,mimalloc,72
addusxx_g,BaTiO3_nat005,64000,27609,2,13,1145.430000,set1_rep72,original-openmp,mimalloc,72
addusxx_g,BaTiO3_nat005,64000,27609,2,14,1204.683000,set1_rep72,original-openmp,mimalloc,72
addusxx_g,BaTiO3_nat005,64000,27609,2,15,1135.364000,set1_rep72,original-openmp,mimalloc,72
addusxx_g,BaTiO3_nat005,64000,27609,2,16,1125.121000,set1_rep72,original-openmp,mimalloc,72
addusxx_g,BaTiO3_nat005,64000,27609,2,17,1103.561000,set1_rep72,original-openmp,mimalloc,72
addusxx_g,BaTiO3_nat005,64000,27609,2,18,1097.108000,set1_rep72,original-openmp,mimalloc,72
addusxx_g,BaTiO3_nat005,64000,27609,2,19,1208.229000,set1_rep72,original-openmp,mimalloc,72
addusxx_g,BaTiO3_nat005,64000,27609,4,0,604.964000,set1_rep72,original-openmp,mimalloc,72
addusxx_g,BaTiO3_nat005,64000,27609,4,1,607.772000,set1_rep72,original-openmp,mimalloc,72
addusxx_g,BaTiO3_nat005,64000,27609,4,2,642.583000,set1_rep72,original-openmp,mimalloc,72
addusxx_g,BaTiO3_nat005,64000,27609,4,3,610.372000,set1_rep72,original-openmp,mimalloc,72
addusxx_g,BaTiO3_nat005,64000,27609,4,4,586.456000,set1_rep72,original-openmp,mimalloc,72
addusxx_g,BaTiO3_nat005,64000,27609,4,5,590.012000,set1_rep72,original-openmp,mimalloc,72
addusxx_g,BaTiO3_nat005,64000,27609,4,6,598.280000,set1_rep72,original-openmp,mimalloc,72
addusxx_g,BaTiO3_nat005,64000,27609,4,7,585.247000,set1_rep72,original-openmp,mimalloc,72
addusxx_g,BaTiO3_nat005,64000,27609,4,8,584.313000,set1_rep72,original-openmp,mimalloc,72
addusxx_g,BaTiO3_nat005,64000,27609,4,9,588.342000,set1_rep72,original-openmp,mimalloc,72
addusxx_g,BaTiO3_nat005,64000,27609,4,10,592.897000,set1_rep72,original-openmp,mimalloc,72
addusxx_g,BaTiO3_nat005,64000,27609,4,11,585.028000,set1_rep72,original-openmp,mimalloc,72
addusxx_g,BaTiO3_nat005,64000,27609,4,12,581.838000,set1_rep72,original-openmp,mimalloc,72
addusxx_g,BaTiO3_nat005,64000,27609,4,13,582.540000,set1_rep72,original-openmp,mimalloc,72
addusxx_g,BaTiO3_nat005,64000,27609,4,14,575.079000,set1_rep72,original-openmp,mimalloc,72
addusxx_g,BaTiO3_nat005,64000,27609,4,15,578.666000,set1_rep72,original-openmp,mimalloc,72
addusxx_g,BaTiO3_nat005,64000,27609,4,16,589.257000,set1_rep72,original-openmp,mimalloc,72
addusxx_g,BaTiO3_nat005,64000,27609,4,17,578.132000,set1_rep72,original-openmp,mimalloc,72
addusxx_g,BaTiO3_nat005,64000,27609,4,18,586.078000,set1_rep72,original-openmp,mimalloc,72
addusxx_g,BaTiO3_nat005,64000,27609,4,19,591.708000,set1_rep72,original-openmp,mimalloc,72
addusxx_g,BaTiO3_nat005,64000,27609,8,0,321.773000,set1_rep72,original-openmp,mimalloc,72
addusxx_g,BaTiO3_nat005,64000,27609,8,1,322.824000,set1_rep72,original-openmp,mimalloc,72
addusxx_g,BaTiO3_nat005,64000,27609,8,2,323.369000,set1_rep72,original-openmp,mimalloc,72
addusxx_g,BaTiO3_nat005,64000,27609,8,3,319.151000,set1_rep72,original-openmp,mimalloc,72
addusxx_g,BaTiO3_nat005,64000,27609,8,4,312.444000,set1_rep72,original-openmp,mimalloc,72
addusxx_g,BaTiO3_nat005,64000,27609,8,5,312.254000,set1_rep72,original-openmp,mimalloc,72
addusxx_g,BaTiO3_nat005,64000,27609,8,6,312.711000,set1_rep72,original-openmp,mimalloc,72
addusxx_g,BaTiO3_nat005,64000,27609,8,7,311.841000,set1_rep72,original-openmp,mimalloc,72
addusxx_g,BaTiO3_nat005,64000,27609,8,8,311.387000,set1_rep72,original-openmp,mimalloc,72
addusxx_g,BaTiO3_nat005,64000,27609,8,9,312.705000,set1_rep72,original-openmp,mimalloc,72
addusxx_g,BaTiO3_nat005,64000,27609,8,10,312.586000,set1_rep72,original-openmp,mimalloc,72
addusxx_g,BaTiO3_nat005,64000,27609,8,11,311.420000,set1_rep72,original-openmp,mimalloc,72
addusxx_g,BaTiO3_nat005,64000,27609,8,12,311.798000,set1_rep72,original-openmp,mimalloc,72
addusxx_g,BaTiO3_nat005,64000,27609,8,13,312.893000,set1_rep72,original-openmp,mimalloc,72
addusxx_g,BaTiO3_nat005,64000,27609,8,14,311.144000,set1_rep72,original-openmp,mimalloc,72
addusxx_g,BaTiO3_nat005,64000,27609,8,15,310.700000,set1_rep72,original-openmp,mimalloc,72
addusxx_g,BaTiO3_nat005,64000,27609,8,16,312.120000,set1_rep72,original-openmp,mimalloc,72
addusxx_g,BaTiO3_nat005,64000,27609,8,17,311.893000,set1_rep72,original-openmp,mimalloc,72
addusxx_g,BaTiO3_nat005,64000,27609,8,18,311.068000,set1_rep72,original-openmp,mimalloc,72
addusxx_g,BaTiO3_nat005,64000,27609,8,19,312.812000,set1_rep72,original-openmp,mimalloc,72
addusxx_g,BaTiO3_nat005,64000,27609,16,0,172.793000,set1_rep72,original-openmp,mimalloc,72
addusxx_g,BaTiO3_nat005,64000,27609,16,1,173.006000,set1_rep72,original-openmp,mimalloc,72
addusxx_g,BaTiO3_nat005,64000,27609,16,2,171.028000,set1_rep72,original-openmp,mimalloc,72
addusxx_g,BaTiO3_nat005,64000,27609,16,3,171.261000,set1_rep72,original-openmp,mimalloc,72
addusxx_g,BaTiO3_nat005,64000,27609,16,4,171.849000,set1_rep72,original-openmp,mimalloc,72
addusxx_g,BaTiO3_nat005,64000,27609,16,5,171.484000,set1_rep72,original-openmp,mimalloc,72
addusxx_g,BaTiO3_nat005,64000,27609,16,6,170.306000,set1_rep72,original-openmp,mimalloc,72
addusxx_g,BaTiO3_nat005,64000,27609,16,7,172.036000,set1_rep72,original-openmp,mimalloc,72
addusxx_g,BaTiO3_nat005,64000,27609,16,8,171.305000,set1_rep72,original-openmp,mimalloc,72
addusxx_g,BaTiO3_nat005,64000,27609,16,9,171.197000,set1_rep72,original-openmp,mimalloc,72
addusxx_g,BaTiO3_nat005,64000,27609,16,10,170.734000,set1_rep72,original-openmp,mimalloc,72
addusxx_g,BaTiO3_nat005,64000,27609,16,11,172.249000,set1_rep72,original-openmp,mimalloc,72
addusxx_g,BaTiO3_nat005,64000,27609,16,12,172.036000,set1_rep72,original-openmp,mimalloc,72
addusxx_g,BaTiO3_nat005,64000,27609,16,13,172.689000,set1_rep72,original-openmp,mimalloc,72
addusxx_g,BaTiO3_nat005,64000,27609,16,14,171.895000,set1_rep72,original-openmp,mimalloc,72
addusxx_g,BaTiO3_nat005,64000,27609,16,15,172.475000,set1_rep72,original-openmp,mimalloc,72
addusxx_g,BaTiO3_nat005,64000,27609,16,16,171.154000,set1_rep72,original-openmp,mimalloc,72
addusxx_g,BaTiO3_nat005,64000,27609,16,17,172.382000,set1_rep72,original-openmp,mimalloc,72
addusxx_g,BaTiO3_nat005,64000,27609,16,18,172.948000,set1_rep72,original-openmp,mimalloc,72
addusxx_g,BaTiO3_nat005,64000,27609,16,19,171.600000,set1_rep72,original-openmp,mimalloc,72
addusxx_g,BaTiO3_nat005,64000,27609,32,0,100.972000,set1_rep72,original-openmp,mimalloc,72
addusxx_g,BaTiO3_nat005,64000,27609,32,1,101.384000,set1_rep72,original-openmp,mimalloc,72
addusxx_g,BaTiO3_nat005,64000,27609,32,2,101.119000,set1_rep72,original-openmp,mimalloc,72
addusxx_g,BaTiO3_nat005,64000,27609,32,3,101.307000,set1_rep72,original-openmp,mimalloc,72
addusxx_g,BaTiO3_nat005,64000,27609,32,4,101.435000,set1_rep72,original-openmp,mimalloc,72
addusxx_g,BaTiO3_nat005,64000,27609,32,5,101.536000,set1_rep72,original-openmp,mimalloc,72
addusxx_g,BaTiO3_nat005,64000,27609,32,6,101.600000,set1_rep72,original-openmp,mimalloc,72
addusxx_g,BaTiO3_nat005,64000,27609,32,7,101.527000,set1_rep72,original-openmp,mimalloc,72
addusxx_g,BaTiO3_nat005,64000,27609,32,8,101.384000,set1_rep72,original-openmp,mimalloc,72
addusxx_g,BaTiO3_nat005,64000,27609,32,9,101.353000,set1_rep72,original-openmp,mimalloc,72
addusxx_g,BaTiO3_nat005,64000,27609,32,10,100.866000,set1_rep72,original-openmp,mimalloc,72
addusxx_g,BaTiO3_nat005,64000,27609,32,11,101.227000,set1_rep72,original-openmp,mimalloc,72
addusxx_g,BaTiO3_nat005,64000,27609,32,12,100.939000,set1_rep72,original-openmp,mimalloc,72
addusxx_g,BaTiO3_nat005,64000,27609,32,13,101.255000,set1_rep72,original-openmp,mimalloc,72
addusxx_g,BaTiO3_nat005,64000,27609,32,14,101.004000,set1_rep72,original-openmp,mimalloc,72
addusxx_g,BaTiO3_nat005,64000,27609,32,15,101.137000,set1_rep72,original-openmp,mimalloc,72
addusxx_g,BaTiO3_nat005,64000,27609,32,16,101.151000,set1_rep72,original-openmp,mimalloc,72
addusxx_g,BaTiO3_nat005,64000,27609,32,17,101.312000,set1_rep72,original-openmp,mimalloc,72
addusxx_g,BaTiO3_nat005,64000,27609,32,18,101.695000,set1_rep72,original-openmp,mimalloc,72
addusxx_g,BaTiO3_nat005,64000,27609,32,19,100.939000,set1_rep72,original-openmp,mimalloc,72
addusxx_g,BaTiO3_nat005,64000,27609,64,0,63.871000,set1_rep72,original-openmp,mimalloc,72
addusxx_g,BaTiO3_nat005,64000,27609,64,1,64.332000,set1_rep72,original-openmp,mimalloc,72
addusxx_g,BaTiO3_nat005,64000,27609,64,2,64.740000,set1_rep72,original-openmp,mimalloc,72
addusxx_g,BaTiO3_nat005,64000,27609,64,3,64.066000,set1_rep72,original-openmp,mimalloc,72
addusxx_g,BaTiO3_nat005,64000,27609,64,4,64.233000,set1_rep72,original-openmp,mimalloc,72
addusxx_g,BaTiO3_nat005,64000,27609,64,5,64.572000,set1_rep72,original-openmp,mimalloc,72
addusxx_g,BaTiO3_nat005,64000,27609,64,6,64.024000,set1_rep72,original-openmp,mimalloc,72
addusxx_g,BaTiO3_nat005,64000,27609,64,7,63.935000,set1_rep72,original-openmp,mimalloc,72
addusxx_g,BaTiO3_nat005,64000,27609,64,8,64.464000,set1_rep72,original-openmp,mimalloc,72
addusxx_g,BaTiO3_nat005,64000,27609,64,9,63.944000,set1_rep72,original-openmp,mimalloc,72
addusxx_g,BaTiO3_nat005,64000,27609,64,10,64.606000,set1_rep72,original-openmp,mimalloc,72
addusxx_g,BaTiO3_nat005,64000,27609,64,11,63.945000,set1_rep72,original-openmp,mimalloc,72
addusxx_g,BaTiO3_nat005,64000,27609,64,12,67.664000,set1_rep72,original-openmp,mimalloc,72
addusxx_g,BaTiO3_nat005,64000,27609,64,13,64.792000,set1_rep72,original-openmp,mimalloc,72
addusxx_g,BaTiO3_nat005,64000,27609,64,14,64.036000,set1_rep72,original-openmp,mimalloc,72
addusxx_g,BaTiO3_nat005,64000,27609,64,15,64.362000,set1_rep72,original-openmp,mimalloc,72
addusxx_g,BaTiO3_nat005,64000,27609,64,16,64.438000,set1_rep72,original-openmp,mimalloc,72
addusxx_g,BaTiO3_nat005,64000,27609,64,17,64.417000,set1_rep72,original-openmp,mimalloc,72
addusxx_g,BaTiO3_nat005,64000,27609,64,18,64.097000,set1_rep72,original-openmp,mimalloc,72
addusxx_g,BaTiO3_nat005,64000,27609,64,19,64.117000,set1_rep72,original-openmp,mimalloc,72
addusxx_g,BaTiO3_nat005,64000,27609,72,0,59.841000,set1_rep72,original-openmp,mimalloc,72
addusxx_g,BaTiO3_nat005,64000,27609,72,1,59.795000,set1_rep72,original-openmp,mimalloc,72
addusxx_g,BaTiO3_nat005,64000,27609,72,2,59.435000,set1_rep72,original-openmp,mimalloc,72
addusxx_g,BaTiO3_nat005,64000,27609,72,3,59.821000,set1_rep72,original-openmp,mimalloc,72
addusxx_g,BaTiO3_nat005,64000,27609,72,4,59.485000,set1_rep72,original-openmp,mimalloc,72
addusxx_g,BaTiO3_nat005,64000,27609,72,5,59.573000,set1_rep72,original-openmp,mimalloc,72
addusxx_g,BaTiO3_nat005,64000,27609,72,6,59.697000,set1_rep72,original-openmp,mimalloc,72
addusxx_g,BaTiO3_nat005,64000,27609,72,7,59.625000,set1_rep72,original-openmp,mimalloc,72
addusxx_g,BaTiO3_nat005,64000,27609,72,8,61.707000,set1_rep72,original-openmp,mimalloc,72
addusxx_g,BaTiO3_nat005,64000,27609,72,9,59.300000,set1_rep72,original-openmp,mimalloc,72
addusxx_g,BaTiO3_nat005,64000,27609,72,10,59.540000,set1_rep72,original-openmp,mimalloc,72
addusxx_g,BaTiO3_nat005,64000,27609,72,11,59.681000,set1_rep72,original-openmp,mimalloc,72
addusxx_g,BaTiO3_nat005,64000,27609,72,12,59.624000,set1_rep72,original-openmp,mimalloc,72
addusxx_g,BaTiO3_nat005,64000,27609,72,13,59.479000,set1_rep72,original-openmp,mimalloc,72
addusxx_g,BaTiO3_nat005,64000,27609,72,14,59.383000,set1_rep72,original-openmp,mimalloc,72
addusxx_g,BaTiO3_nat005,64000,27609,72,15,59.483000,set1_rep72,original-openmp,mimalloc,72
addusxx_g,BaTiO3_nat005,64000,27609,72,16,59.068000,set1_rep72,original-openmp,mimalloc,72
addusxx_g,BaTiO3_nat005,64000,27609,72,17,59.563000,set1_rep72,original-openmp,mimalloc,72
addusxx_g,BaTiO3_nat005,64000,27609,72,18,59.215000,set1_rep72,original-openmp,mimalloc,72
addusxx_g,BaTiO3_nat005,64000,27609,72,19,59.842000,set1_rep72,original-openmp,mimalloc,72
