kernel,mode,nnr,ngmt,threads,rep,ms,inputs,lane,alloc,deck_rep
newdxx_g,BaO_nat002,64000,18643,1,0,7.132000,set0,original-openmp,mimalloc,1
newdxx_g,BaO_nat002,64000,18643,1,1,7.092000,set0,original-openmp,mimalloc,1
newdxx_g,BaO_nat002,64000,18643,1,2,7.010000,set0,original-openmp,mimalloc,1
newdxx_g,BaO_nat002,64000,18643,1,3,7.042000,set0,original-openmp,mimalloc,1
newdxx_g,BaO_nat002,64000,18643,1,4,6.988000,set0,original-openmp,mimalloc,1
newdxx_g,BaO_nat002,64000,18643,1,5,6.994000,set0,original-openmp,mimalloc,1
newdxx_g,BaO_nat002,64000,18643,1,6,6.946000,set0,original-openmp,mimalloc,1
newdxx_g,BaO_nat002,64000,18643,1,7,6.951000,set0,original-openmp,mimalloc,1
newdxx_g,BaO_nat002,64000,18643,1,8,6.998000,set0,original-openmp,mimalloc,1
newdxx_g,BaO_nat002,64000,18643,1,9,6.981000,set0,original-openmp,mimalloc,1
newdxx_g,BaO_nat002,64000,18643,1,10,6.971000,set0,original-openmp,mimalloc,1
newdxx_g,BaO_nat002,64000,18643,1,11,6.932000,set0,original-openmp,mimalloc,1
newdxx_g,BaO_nat002,64000,18643,1,12,6.927000,set0,original-openmp,mimalloc,1
newdxx_g,BaO_nat002,64000,18643,1,13,6.909000,set0,original-openmp,mimalloc,1
newdxx_g,BaO_nat002,64000,18643,1,14,6.971000,set0,original-openmp,mimalloc,1
newdxx_g,BaO_nat002,64000,18643,1,15,6.938000,set0,original-openmp,mimalloc,1
newdxx_g,BaO_nat002,64000,18643,1,16,6.915000,set0,original-openmp,mimalloc,1
newdxx_g,BaO_nat002,64000,18643,1,17,6.952000,set0,original-openmp,mimalloc,1
newdxx_g,BaO_nat002,64000,18643,1,18,6.908000,set0,original-openmp,mimalloc,1
newdxx_g,BaO_nat002,64000,18643,1,19,6.850000,set0,original-openmp,mimalloc,1
newdxx_g,BaO_nat002,64000,18643,2,0,6.062000,set0,original-openmp,mimalloc,1
newdxx_g,BaO_nat002,64000,18643,2,1,5.800000,set0,original-openmp,mimalloc,1
newdxx_g,BaO_nat002,64000,18643,2,2,5.986000,set0,original-openmp,mimalloc,1
newdxx_g,BaO_nat002,64000,18643,2,3,5.781000,set0,original-openmp,mimalloc,1
newdxx_g,BaO_nat002,64000,18643,2,4,5.777000,set0,original-openmp,mimalloc,1
newdxx_g,BaO_nat002,64000,18643,2,5,5.716000,set0,original-openmp,mimalloc,1
newdxx_g,BaO_nat002,64000,18643,2,6,5.723000,set0,original-openmp,mimalloc,1
newdxx_g,BaO_nat002,64000,18643,2,7,5.744000,set0,original-openmp,mimalloc,1
newdxx_g,BaO_nat002,64000,18643,2,8,5.710000,set0,original-openmp,mimalloc,1
newdxx_g,BaO_nat002,64000,18643,2,9,5.831000,set0,original-openmp,mimalloc,1
newdxx_g,BaO_nat002,64000,18643,2,10,5.756000,set0,original-openmp,mimalloc,1
newdxx_g,BaO_nat002,64000,18643,2,11,5.733000,set0,original-openmp,mimalloc,1
newdxx_g,BaO_nat002,64000,18643,2,12,5.745000,set0,original-openmp,mimalloc,1
newdxx_g,BaO_nat002,64000,18643,2,13,5.923000,set0,original-openmp,mimalloc,1
newdxx_g,BaO_nat002,64000,18643,2,14,5.751000,set0,original-openmp,mimalloc,1
newdxx_g,BaO_nat002,64000,18643,2,15,5.774000,set0,original-openmp,mimalloc,1
newdxx_g,BaO_nat002,64000,18643,2,16,5.770000,set0,original-openmp,mimalloc,1
newdxx_g,BaO_nat002,64000,18643,2,17,5.967000,set0,original-openmp,mimalloc,1
newdxx_g,BaO_nat002,64000,18643,2,18,5.826000,set0,original-openmp,mimalloc,1
newdxx_g,BaO_nat002,64000,18643,2,19,5.741000,set0,original-openmp,mimalloc,1
newdxx_g,BaO_nat002,64000,18643,4,0,5.798000,set0,original-openmp,mimalloc,1
newdxx_g,BaO_nat002,64000,18643,4,1,5.807000,set0,original-openmp,mimalloc,1
newdxx_g,BaO_nat002,64000,18643,4,2,6.076000,set0,original-openmp,mimalloc,1
newdxx_g,BaO_nat002,64000,18643,4,3,5.824000,set0,original-openmp,mimalloc,1
newdxx_g,BaO_nat002,64000,18643,4,4,5.797000,set0,original-openmp,mimalloc,1
newdxx_g,BaO_nat002,64000,18643,4,5,5.778000,set0,original-openmp,mimalloc,1
newdxx_g,BaO_nat002,64000,18643,4,6,5.673000,set0,original-openmp,mimalloc,1
newdxx_g,BaO_nat002,64000,18643,4,7,5.822000,set0,original-openmp,mimalloc,1
newdxx_g,BaO_nat002,64000,18643,4,8,5.785000,set0,original-openmp,mimalloc,1
newdxx_g,BaO_nat002,64000,18643,4,9,5.775000,set0,original-openmp,mimalloc,1
newdxx_g,BaO_nat002,64000,18643,4,10,5.739000,set0,original-openmp,mimalloc,1
newdxx_g,BaO_nat002,64000,18643,4,11,5.777000,set0,original-openmp,mimalloc,1
newdxx_g,BaO_nat002,64000,18643,4,12,5.758000,set0,original-openmp,mimalloc,1
newdxx_g,BaO_nat002,64000,18643,4,13,5.723000,set0,original-openmp,mimalloc,1
newdxx_g,BaO_nat002,64000,18643,4,14,5.759000,set0,original-openmp,mimalloc,1
newdxx_g,BaO_nat002,64000,18643,4,15,5.768000,set0,original-openmp,mimalloc,1
newdxx_g,BaO_nat002,64000,18643,4,16,5.742000,set0,original-openmp,mimalloc,1
newdxx_g,BaO_nat002,64000,18643,4,17,5.782000,set0,original-openmp,mimalloc,1
newdxx_g,BaO_nat002,64000,18643,4,18,5.713000,set0,original-openmp,mimalloc,1
newdxx_g,BaO_nat002,64000,18643,4,19,5.766000,set0,original-openmp,mimalloc,1
newdxx_g,BaO_nat002,64000,18643,8,0,5.783000,set0,original-openmp,mimalloc,1
newdxx_g,BaO_nat002,64000,18643,8,1,5.961000,set0,original-openmp,mimalloc,1
newdxx_g,BaO_nat002,64000,18643,8,2,5.796000,set0,original-openmp,mimalloc,1
newdxx_g,BaO_nat002,64000,18643,8,3,5.974000,set0,original-openmp,mimalloc,1
newdxx_g,BaO_nat002,64000,18643,8,4,5.814000,set0,original-openmp,mimalloc,1
newdxx_g,BaO_nat002,64000,18643,8,5,5.736000,set0,original-openmp,mimalloc,1
newdxx_g,BaO_nat002,64000,18643,8,6,5.733000,set0,original-openmp,mimalloc,1
newdxx_g,BaO_nat002,64000,18643,8,7,5.669000,set0,original-openmp,mimalloc,1
newdxx_g,BaO_nat002,64000,18643,8,8,5.758000,set0,original-openmp,mimalloc,1
newdxx_g,BaO_nat002,64000,18643,8,9,5.715000,set0,original-openmp,mimalloc,1
newdxx_g,BaO_nat002,64000,18643,8,10,5.717000,set0,original-openmp,mimalloc,1
newdxx_g,BaO_nat002,64000,18643,8,11,5.704000,set0,original-openmp,mimalloc,1
newdxx_g,BaO_nat002,64000,18643,8,12,5.719000,set0,original-openmp,mimalloc,1
newdxx_g,BaO_nat002,64000,18643,8,13,5.736000,set0,original-openmp,mimalloc,1
newdxx_g,BaO_nat002,64000,18643,8,14,5.663000,set0,original-openmp,mimalloc,1
newdxx_g,BaO_nat002,64000,18643,8,15,5.644000,set0,original-openmp,mimalloc,1
newdxx_g,BaO_nat002,64000,18643,8,16,5.625000,set0,original-openmp,mimalloc,1
newdxx_g,BaO_nat002,64000,18643,8,17,5.810000,set0,original-openmp,mimalloc,1
newdxx_g,BaO_nat002,64000,18643,8,18,5.768000,set0,original-openmp,mimalloc,1
newdxx_g,BaO_nat002,64000,18643,8,19,5.751000,set0,original-openmp,mimalloc,1
newdxx_g,BaO_nat002,64000,18643,16,0,5.807000,set0,original-openmp,mimalloc,1
newdxx_g,BaO_nat002,64000,18643,16,1,5.797000,set0,original-openmp,mimalloc,1
newdxx_g,BaO_nat002,64000,18643,16,2,5.858000,set0,original-openmp,mimalloc,1
newdxx_g,BaO_nat002,64000,18643,16,3,5.768000,set0,original-openmp,mimalloc,1
newdxx_g,BaO_nat002,64000,18643,16,4,5.760000,set0,original-openmp,mimalloc,1
newdxx_g,BaO_nat002,64000,18643,16,5,5.784000,set0,original-openmp,mimalloc,1
newdxx_g,BaO_nat002,64000,18643,16,6,5.760000,set0,original-openmp,mimalloc,1
newdxx_g,BaO_nat002,64000,18643,16,7,5.708000,set0,original-openmp,mimalloc,1
newdxx_g,BaO_nat002,64000,18643,16,8,5.764000,set0,original-openmp,mimalloc,1
newdxx_g,BaO_nat002,64000,18643,16,9,5.854000,set0,original-openmp,mimalloc,1
newdxx_g,BaO_nat002,64000,18643,16,10,5.823000,set0,original-openmp,mimalloc,1
newdxx_g,BaO_nat002,64000,18643,16,11,5.765000,set0,original-openmp,mimalloc,1
newdxx_g,BaO_nat002,64000,18643,16,12,5.752000,set0,original-openmp,mimalloc,1
newdxx_g,BaO_nat002,64000,18643,16,13,6.111000,set0,original-openmp,mimalloc,1
newdxx_g,BaO_nat002,64000,18643,16,14,5.728000,set0,original-openmp,mimalloc,1
newdxx_g,BaO_nat002,64000,18643,16,15,5.743000,set0,original-openmp,mimalloc,1
newdxx_g,BaO_nat002,64000,18643,16,16,5.741000,set0,original-openmp,mimalloc,1
newdxx_g,BaO_nat002,64000,18643,16,17,5.681000,set0,original-openmp,mimalloc,1
newdxx_g,BaO_nat002,64000,18643,16,18,5.672000,set0,original-openmp,mimalloc,1
newdxx_g,BaO_nat002,64000,18643,16,19,5.701000,set0,original-openmp,mimalloc,1
newdxx_g,BaO_nat002,64000,18643,32,0,5.857000,set0,original-openmp,mimalloc,1
newdxx_g,BaO_nat002,64000,18643,32,1,5.826000,set0,original-openmp,mimalloc,1
newdxx_g,BaO_nat002,64000,18643,32,2,5.799000,set0,original-openmp,mimalloc,1
newdxx_g,BaO_nat002,64000,18643,32,3,5.783000,set0,original-openmp,mimalloc,1
newdxx_g,BaO_nat002,64000,18643,32,4,5.950000,set0,original-openmp,mimalloc,1
newdxx_g,BaO_nat002,64000,18643,32,5,5.765000,set0,original-openmp,mimalloc,1
newdxx_g,BaO_nat002,64000,18643,32,6,5.774000,set0,original-openmp,mimalloc,1
newdxx_g,BaO_nat002,64000,18643,32,7,5.814000,set0,original-openmp,mimalloc,1
newdxx_g,BaO_nat002,64000,18643,32,8,5.722000,set0,original-openmp,mimalloc,1
newdxx_g,BaO_nat002,64000,18643,32,9,5.908000,set0,original-openmp,mimalloc,1
newdxx_g,BaO_nat002,64000,18643,32,10,5.906000,set0,original-openmp,mimalloc,1
newdxx_g,BaO_nat002,64000,18643,32,11,5.737000,set0,original-openmp,mimalloc,1
newdxx_g,BaO_nat002,64000,18643,32,12,5.896000,set0,original-openmp,mimalloc,1
newdxx_g,BaO_nat002,64000,18643,32,13,5.822000,set0,original-openmp,mimalloc,1
newdxx_g,BaO_nat002,64000,18643,32,14,5.685000,set0,original-openmp,mimalloc,1
newdxx_g,BaO_nat002,64000,18643,32,15,5.701000,set0,original-openmp,mimalloc,1
newdxx_g,BaO_nat002,64000,18643,32,16,5.693000,set0,original-openmp,mimalloc,1
newdxx_g,BaO_nat002,64000,18643,32,17,5.657000,set0,original-openmp,mimalloc,1
newdxx_g,BaO_nat002,64000,18643,32,18,5.706000,set0,original-openmp,mimalloc,1
newdxx_g,BaO_nat002,64000,18643,32,19,5.796000,set0,original-openmp,mimalloc,1
newdxx_g,BaO_nat002,64000,18643,64,0,5.871000,set0,original-openmp,mimalloc,1
newdxx_g,BaO_nat002,64000,18643,64,1,5.961000,set0,original-openmp,mimalloc,1
newdxx_g,BaO_nat002,64000,18643,64,2,5.900000,set0,original-openmp,mimalloc,1
newdxx_g,BaO_nat002,64000,18643,64,3,5.852000,set0,original-openmp,mimalloc,1
newdxx_g,BaO_nat002,64000,18643,64,4,5.802000,set0,original-openmp,mimalloc,1
newdxx_g,BaO_nat002,64000,18643,64,5,5.817000,set0,original-openmp,mimalloc,1
newdxx_g,BaO_nat002,64000,18643,64,6,6.068000,set0,original-openmp,mimalloc,1
newdxx_g,BaO_nat002,64000,18643,64,7,5.820000,set0,original-openmp,mimalloc,1
newdxx_g,BaO_nat002,64000,18643,64,8,5.875000,set0,original-openmp,mimalloc,1
newdxx_g,BaO_nat002,64000,18643,64,9,5.837000,set0,original-openmp,mimalloc,1
newdxx_g,BaO_nat002,64000,18643,64,10,5.791000,set0,original-openmp,mimalloc,1
newdxx_g,BaO_nat002,64000,18643,64,11,6.144000,set0,original-openmp,mimalloc,1
newdxx_g,BaO_nat002,64000,18643,64,12,5.805000,set0,original-openmp,mimalloc,1
newdxx_g,BaO_nat002,64000,18643,64,13,5.801000,set0,original-openmp,mimalloc,1
newdxx_g,BaO_nat002,64000,18643,64,14,5.826000,set0,original-openmp,mimalloc,1
newdxx_g,BaO_nat002,64000,18643,64,15,5.764000,set0,original-openmp,mimalloc,1
newdxx_g,BaO_nat002,64000,18643,64,16,5.729000,set0,original-openmp,mimalloc,1
newdxx_g,BaO_nat002,64000,18643,64,17,5.776000,set0,original-openmp,mimalloc,1
newdxx_g,BaO_nat002,64000,18643,64,18,5.744000,set0,original-openmp,mimalloc,1
newdxx_g,BaO_nat002,64000,18643,64,19,5.916000,set0,original-openmp,mimalloc,1
newdxx_g,BaO_nat002,64000,18643,72,0,5.817000,set0,original-openmp,mimalloc,1
newdxx_g,BaO_nat002,64000,18643,72,1,6.256000,set0,original-openmp,mimalloc,1
newdxx_g,BaO_nat002,64000,18643,72,2,5.860000,set0,original-openmp,mimalloc,1
newdxx_g,BaO_nat002,64000,18643,72,3,5.877000,set0,original-openmp,mimalloc,1
newdxx_g,BaO_nat002,64000,18643,72,4,5.891000,set0,original-openmp,mimalloc,1
newdxx_g,BaO_nat002,64000,18643,72,5,5.800000,set0,original-openmp,mimalloc,1
newdxx_g,BaO_nat002,64000,18643,72,6,5.838000,set0,original-openmp,mimalloc,1
newdxx_g,BaO_nat002,64000,18643,72,7,5.832000,set0,original-openmp,mimalloc,1
newdxx_g,BaO_nat002,64000,18643,72,8,5.799000,set0,original-openmp,mimalloc,1
newdxx_g,BaO_nat002,64000,18643,72,9,5.926000,set0,original-openmp,mimalloc,1
newdxx_g,BaO_nat002,64000,18643,72,10,5.802000,set0,original-openmp,mimalloc,1
newdxx_g,BaO_nat002,64000,18643,72,11,5.800000,set0,original-openmp,mimalloc,1
newdxx_g,BaO_nat002,64000,18643,72,12,5.790000,set0,original-openmp,mimalloc,1
newdxx_g,BaO_nat002,64000,18643,72,13,5.822000,set0,original-openmp,mimalloc,1
newdxx_g,BaO_nat002,64000,18643,72,14,5.835000,set0,original-openmp,mimalloc,1
newdxx_g,BaO_nat002,64000,18643,72,15,5.773000,set0,original-openmp,mimalloc,1
newdxx_g,BaO_nat002,64000,18643,72,16,5.807000,set0,original-openmp,mimalloc,1
newdxx_g,BaO_nat002,64000,18643,72,17,5.786000,set0,original-openmp,mimalloc,1
newdxx_g,BaO_nat002,64000,18643,72,18,5.759000,set0,original-openmp,mimalloc,1
newdxx_g,BaO_nat002,64000,18643,72,19,5.773000,set0,original-openmp,mimalloc,1
newdxx_g,BaO_nat002,64000,18643,1,0,372.483000,set0_rep64,original-openmp,mimalloc,64
newdxx_g,BaO_nat002,64000,18643,1,1,368.575000,set0_rep64,original-openmp,mimalloc,64
newdxx_g,BaO_nat002,64000,18643,1,2,364.882000,set0_rep64,original-openmp,mimalloc,64
newdxx_g,BaO_nat002,64000,18643,1,3,365.563000,set0_rep64,original-openmp,mimalloc,64
newdxx_g,BaO_nat002,64000,18643,1,4,365.974000,set0_rep64,original-openmp,mimalloc,64
newdxx_g,BaO_nat002,64000,18643,1,5,365.691000,set0_rep64,original-openmp,mimalloc,64
newdxx_g,BaO_nat002,64000,18643,1,6,366.070000,set0_rep64,original-openmp,mimalloc,64
newdxx_g,BaO_nat002,64000,18643,1,7,366.320000,set0_rep64,original-openmp,mimalloc,64
newdxx_g,BaO_nat002,64000,18643,1,8,369.446000,set0_rep64,original-openmp,mimalloc,64
newdxx_g,BaO_nat002,64000,18643,1,9,368.707000,set0_rep64,original-openmp,mimalloc,64
newdxx_g,BaO_nat002,64000,18643,1,10,366.444000,set0_rep64,original-openmp,mimalloc,64
newdxx_g,BaO_nat002,64000,18643,1,11,365.664000,set0_rep64,original-openmp,mimalloc,64
newdxx_g,BaO_nat002,64000,18643,1,12,367.822000,set0_rep64,original-openmp,mimalloc,64
newdxx_g,BaO_nat002,64000,18643,1,13,365.547000,set0_rep64,original-openmp,mimalloc,64
newdxx_g,BaO_nat002,64000,18643,1,14,367.759000,set0_rep64,original-openmp,mimalloc,64
newdxx_g,BaO_nat002,64000,18643,1,15,365.495000,set0_rep64,original-openmp,mimalloc,64
newdxx_g,BaO_nat002,64000,18643,1,16,365.367000,set0_rep64,original-openmp,mimalloc,64
newdxx_g,BaO_nat002,64000,18643,1,17,364.953000,set0_rep64,original-openmp,mimalloc,64
newdxx_g,BaO_nat002,64000,18643,1,18,365.514000,set0_rep64,original-openmp,mimalloc,64
newdxx_g,BaO_nat002,64000,18643,1,19,364.807000,set0_rep64,original-openmp,mimalloc,64
newdxx_g,BaO_nat002,64000,18643,2,0,198.798000,set0_rep64,original-openmp,mimalloc,64
newdxx_g,BaO_nat002,64000,18643,2,1,197.829000,set0_rep64,original-openmp,mimalloc,64
newdxx_g,BaO_nat002,64000,18643,2,2,198.108000,set0_rep64,original-openmp,mimalloc,64
newdxx_g,BaO_nat002,64000,18643,2,3,198.876000,set0_rep64,original-openmp,mimalloc,64
newdxx_g,BaO_nat002,64000,18643,2,4,197.232000,set0_rep64,original-openmp,mimalloc,64
newdxx_g,BaO_nat002,64000,18643,2,5,198.012000,set0_rep64,original-openmp,mimalloc,64
newdxx_g,BaO_nat002,64000,18643,2,6,199.067000,set0_rep64,original-openmp,mimalloc,64
newdxx_g,BaO_nat002,64000,18643,2,7,198.023000,set0_rep64,original-openmp,mimalloc,64
newdxx_g,BaO_nat002,64000,18643,2,8,198.141000,set0_rep64,original-openmp,mimalloc,64
newdxx_g,BaO_nat002,64000,18643,2,9,197.984000,set0_rep64,original-openmp,mimalloc,64
newdxx_g,BaO_nat002,64000,18643,2,10,198.573000,set0_rep64,original-openmp,mimalloc,64
newdxx_g,BaO_nat002,64000,18643,2,11,197.792000,set0_rep64,original-openmp,mimalloc,64
newdxx_g,BaO_nat002,64000,18643,2,12,197.573000,set0_rep64,original-openmp,mimalloc,64
newdxx_g,BaO_nat002,64000,18643,2,13,197.737000,set0_rep64,original-openmp,mimalloc,64
newdxx_g,BaO_nat002,64000,18643,2,14,197.624000,set0_rep64,original-openmp,mimalloc,64
newdxx_g,BaO_nat002,64000,18643,2,15,197.630000,set0_rep64,original-openmp,mimalloc,64
newdxx_g,BaO_nat002,64000,18643,2,16,199.282000,set0_rep64,original-openmp,mimalloc,64
newdxx_g,BaO_nat002,64000,18643,2,17,197.756000,set0_rep64,original-openmp,mimalloc,64
newdxx_g,BaO_nat002,64000,18643,2,18,197.269000,set0_rep64,original-openmp,mimalloc,64
newdxx_g,BaO_nat002,64000,18643,2,19,197.884000,set0_rep64,original-openmp,mimalloc,64
newdxx_g,BaO_nat002,64000,18643,4,0,103.271000,set0_rep64,original-openmp,mimalloc,64
newdxx_g,BaO_nat002,64000,18643,4,1,101.126000,set0_rep64,original-openmp,mimalloc,64
newdxx_g,BaO_nat002,64000,18643,4,2,103.045000,set0_rep64,original-openmp,mimalloc,64
newdxx_g,BaO_nat002,64000,18643,4,3,103.365000,set0_rep64,original-openmp,mimalloc,64
newdxx_g,BaO_nat002,64000,18643,4,4,103.127000,set0_rep64,original-openmp,mimalloc,64
newdxx_g,BaO_nat002,64000,18643,4,5,102.749000,set0_rep64,original-openmp,mimalloc,64
newdxx_g,BaO_nat002,64000,18643,4,6,103.114000,set0_rep64,original-openmp,mimalloc,64
newdxx_g,BaO_nat002,64000,18643,4,7,102.355000,set0_rep64,original-openmp,mimalloc,64
newdxx_g,BaO_nat002,64000,18643,4,8,102.576000,set0_rep64,original-openmp,mimalloc,64
newdxx_g,BaO_nat002,64000,18643,4,9,103.031000,set0_rep64,original-openmp,mimalloc,64
newdxx_g,BaO_nat002,64000,18643,4,10,102.354000,set0_rep64,original-openmp,mimalloc,64
newdxx_g,BaO_nat002,64000,18643,4,11,103.071000,set0_rep64,original-openmp,mimalloc,64
newdxx_g,BaO_nat002,64000,18643,4,12,102.865000,set0_rep64,original-openmp,mimalloc,64
newdxx_g,BaO_nat002,64000,18643,4,13,103.231000,set0_rep64,original-openmp,mimalloc,64
newdxx_g,BaO_nat002,64000,18643,4,14,103.026000,set0_rep64,original-openmp,mimalloc,64
newdxx_g,BaO_nat002,64000,18643,4,15,102.822000,set0_rep64,original-openmp,mimalloc,64
newdxx_g,BaO_nat002,64000,18643,4,16,103.190000,set0_rep64,original-openmp,mimalloc,64
newdxx_g,BaO_nat002,64000,18643,4,17,103.055000,set0_rep64,original-openmp,mimalloc,64
newdxx_g,BaO_nat002,64000,18643,4,18,103.302000,set0_rep64,original-openmp,mimalloc,64
newdxx_g,BaO_nat002,64000,18643,4,19,103.371000,set0_rep64,original-openmp,mimalloc,64
newdxx_g,BaO_nat002,64000,18643,8,0,51.143000,set0_rep64,original-openmp,mimalloc,64
newdxx_g,BaO_nat002,64000,18643,8,1,50.863000,set0_rep64,original-openmp,mimalloc,64
newdxx_g,BaO_nat002,64000,18643,8,2,51.190000,set0_rep64,original-openmp,mimalloc,64
newdxx_g,BaO_nat002,64000,18643,8,3,51.546000,set0_rep64,original-openmp,mimalloc,64
newdxx_g,BaO_nat002,64000,18643,8,4,51.476000,set0_rep64,original-openmp,mimalloc,64
newdxx_g,BaO_nat002,64000,18643,8,5,51.313000,set0_rep64,original-openmp,mimalloc,64
newdxx_g,BaO_nat002,64000,18643,8,6,51.092000,set0_rep64,original-openmp,mimalloc,64
newdxx_g,BaO_nat002,64000,18643,8,7,51.635000,set0_rep64,original-openmp,mimalloc,64
newdxx_g,BaO_nat002,64000,18643,8,8,51.469000,set0_rep64,original-openmp,mimalloc,64
newdxx_g,BaO_nat002,64000,18643,8,9,51.613000,set0_rep64,original-openmp,mimalloc,64
newdxx_g,BaO_nat002,64000,18643,8,10,51.190000,set0_rep64,original-openmp,mimalloc,64
newdxx_g,BaO_nat002,64000,18643,8,11,51.039000,set0_rep64,original-openmp,mimalloc,64
newdxx_g,BaO_nat002,64000,18643,8,12,50.779000,set0_rep64,original-openmp,mimalloc,64
newdxx_g,BaO_nat002,64000,18643,8,13,50.628000,set0_rep64,original-openmp,mimalloc,64
newdxx_g,BaO_nat002,64000,18643,8,14,51.541000,set0_rep64,original-openmp,mimalloc,64
newdxx_g,BaO_nat002,64000,18643,8,15,51.708000,set0_rep64,original-openmp,mimalloc,64
newdxx_g,BaO_nat002,64000,18643,8,16,49.623000,set0_rep64,original-openmp,mimalloc,64
newdxx_g,BaO_nat002,64000,18643,8,17,49.622000,set0_rep64,original-openmp,mimalloc,64
newdxx_g,BaO_nat002,64000,18643,8,18,49.582000,set0_rep64,original-openmp,mimalloc,64
newdxx_g,BaO_nat002,64000,18643,8,19,49.588000,set0_rep64,original-openmp,mimalloc,64
newdxx_g,BaO_nat002,64000,18643,16,0,26.471000,set0_rep64,original-openmp,mimalloc,64
newdxx_g,BaO_nat002,64000,18643,16,1,26.318000,set0_rep64,original-openmp,mimalloc,64
newdxx_g,BaO_nat002,64000,18643,16,2,26.942000,set0_rep64,original-openmp,mimalloc,64
newdxx_g,BaO_nat002,64000,18643,16,3,27.072000,set0_rep64,original-openmp,mimalloc,64
newdxx_g,BaO_nat002,64000,18643,16,4,27.206000,set0_rep64,original-openmp,mimalloc,64
newdxx_g,BaO_nat002,64000,18643,16,5,26.394000,set0_rep64,original-openmp,mimalloc,64
newdxx_g,BaO_nat002,64000,18643,16,6,27.038000,set0_rep64,original-openmp,mimalloc,64
newdxx_g,BaO_nat002,64000,18643,16,7,26.530000,set0_rep64,original-openmp,mimalloc,64
newdxx_g,BaO_nat002,64000,18643,16,8,26.837000,set0_rep64,original-openmp,mimalloc,64
newdxx_g,BaO_nat002,64000,18643,16,9,26.667000,set0_rep64,original-openmp,mimalloc,64
newdxx_g,BaO_nat002,64000,18643,16,10,27.303000,set0_rep64,original-openmp,mimalloc,64
newdxx_g,BaO_nat002,64000,18643,16,11,26.789000,set0_rep64,original-openmp,mimalloc,64
newdxx_g,BaO_nat002,64000,18643,16,12,26.648000,set0_rep64,original-openmp,mimalloc,64
newdxx_g,BaO_nat002,64000,18643,16,13,26.776000,set0_rep64,original-openmp,mimalloc,64
newdxx_g,BaO_nat002,64000,18643,16,14,26.396000,set0_rep64,original-openmp,mimalloc,64
newdxx_g,BaO_nat002,64000,18643,16,15,26.306000,set0_rep64,original-openmp,mimalloc,64
newdxx_g,BaO_nat002,64000,18643,16,16,26.408000,set0_rep64,original-openmp,mimalloc,64
newdxx_g,BaO_nat002,64000,18643,16,17,26.369000,set0_rep64,original-openmp,mimalloc,64
newdxx_g,BaO_nat002,64000,18643,16,18,26.831000,set0_rep64,original-openmp,mimalloc,64
newdxx_g,BaO_nat002,64000,18643,16,19,27.104000,set0_rep64,original-openmp,mimalloc,64
newdxx_g,BaO_nat002,64000,18643,32,0,14.347000,set0_rep64,original-openmp,mimalloc,64
newdxx_g,BaO_nat002,64000,18643,32,1,14.495000,set0_rep64,original-openmp,mimalloc,64
newdxx_g,BaO_nat002,64000,18643,32,2,14.341000,set0_rep64,original-openmp,mimalloc,64
newdxx_g,BaO_nat002,64000,18643,32,3,14.325000,set0_rep64,original-openmp,mimalloc,64
newdxx_g,BaO_nat002,64000,18643,32,4,14.404000,set0_rep64,original-openmp,mimalloc,64
newdxx_g,BaO_nat002,64000,18643,32,5,14.373000,set0_rep64,original-openmp,mimalloc,64
newdxx_g,BaO_nat002,64000,18643,32,6,14.388000,set0_rep64,original-openmp,mimalloc,64
newdxx_g,BaO_nat002,64000,18643,32,7,14.319000,set0_rep64,original-openmp,mimalloc,64
newdxx_g,BaO_nat002,64000,18643,32,8,14.331000,set0_rep64,original-openmp,mimalloc,64
newdxx_g,BaO_nat002,64000,18643,32,9,14.256000,set0_rep64,original-openmp,mimalloc,64
newdxx_g,BaO_nat002,64000,18643,32,10,14.401000,set0_rep64,original-openmp,mimalloc,64
newdxx_g,BaO_nat002,64000,18643,32,11,14.329000,set0_rep64,original-openmp,mimalloc,64
newdxx_g,BaO_nat002,64000,18643,32,12,14.273000,set0_rep64,original-openmp,mimalloc,64
newdxx_g,BaO_nat002,64000,18643,32,13,14.313000,set0_rep64,original-openmp,mimalloc,64
newdxx_g,BaO_nat002,64000,18643,32,14,14.334000,set0_rep64,original-openmp,mimalloc,64
newdxx_g,BaO_nat002,64000,18643,32,15,14.314000,set0_rep64,original-openmp,mimalloc,64
newdxx_g,BaO_nat002,64000,18643,32,16,14.225000,set0_rep64,original-openmp,mimalloc,64
newdxx_g,BaO_nat002,64000,18643,32,17,14.354000,set0_rep64,original-openmp,mimalloc,64
newdxx_g,BaO_nat002,64000,18643,32,18,14.430000,set0_rep64,original-openmp,mimalloc,64
newdxx_g,BaO_nat002,64000,18643,32,19,14.223000,set0_rep64,original-openmp,mimalloc,64
newdxx_g,BaO_nat002,64000,18643,64,0,7.360000,set0_rep64,original-openmp,mimalloc,64
newdxx_g,BaO_nat002,64000,18643,64,1,7.550000,set0_rep64,original-openmp,mimalloc,64
newdxx_g,BaO_nat002,64000,18643,64,2,7.401000,set0_rep64,original-openmp,mimalloc,64
newdxx_g,BaO_nat002,64000,18643,64,3,7.653000,set0_rep64,original-openmp,mimalloc,64
newdxx_g,BaO_nat002,64000,18643,64,4,7.528000,set0_rep64,original-openmp,mimalloc,64
newdxx_g,BaO_nat002,64000,18643,64,5,7.310000,set0_rep64,original-openmp,mimalloc,64
newdxx_g,BaO_nat002,64000,18643,64,6,7.388000,set0_rep64,original-openmp,mimalloc,64
newdxx_g,BaO_nat002,64000,18643,64,7,7.584000,set0_rep64,original-openmp,mimalloc,64
newdxx_g,BaO_nat002,64000,18643,64,8,7.524000,set0_rep64,original-openmp,mimalloc,64
newdxx_g,BaO_nat002,64000,18643,64,9,7.396000,set0_rep64,original-openmp,mimalloc,64
newdxx_g,BaO_nat002,64000,18643,64,10,7.514000,set0_rep64,original-openmp,mimalloc,64
newdxx_g,BaO_nat002,64000,18643,64,11,7.462000,set0_rep64,original-openmp,mimalloc,64
newdxx_g,BaO_nat002,64000,18643,64,12,7.624000,set0_rep64,original-openmp,mimalloc,64
newdxx_g,BaO_nat002,64000,18643,64,13,7.319000,set0_rep64,original-openmp,mimalloc,64
newdxx_g,BaO_nat002,64000,18643,64,14,7.429000,set0_rep64,original-openmp,mimalloc,64
newdxx_g,BaO_nat002,64000,18643,64,15,7.385000,set0_rep64,original-openmp,mimalloc,64
newdxx_g,BaO_nat002,64000,18643,64,16,7.372000,set0_rep64,original-openmp,mimalloc,64
newdxx_g,BaO_nat002,64000,18643,64,17,7.331000,set0_rep64,original-openmp,mimalloc,64
newdxx_g,BaO_nat002,64000,18643,64,18,7.308000,set0_rep64,original-openmp,mimalloc,64
newdxx_g,BaO_nat002,64000,18643,64,19,7.516000,set0_rep64,original-openmp,mimalloc,64
newdxx_g,BaO_nat002,64000,18643,72,0,7.434000,set0_rep64,original-openmp,mimalloc,64
newdxx_g,BaO_nat002,64000,18643,72,1,7.398000,set0_rep64,original-openmp,mimalloc,64
newdxx_g,BaO_nat002,64000,18643,72,2,7.447000,set0_rep64,original-openmp,mimalloc,64
newdxx_g,BaO_nat002,64000,18643,72,3,7.357000,set0_rep64,original-openmp,mimalloc,64
newdxx_g,BaO_nat002,64000,18643,72,4,7.365000,set0_rep64,original-openmp,mimalloc,64
newdxx_g,BaO_nat002,64000,18643,72,5,7.281000,set0_rep64,original-openmp,mimalloc,64
newdxx_g,BaO_nat002,64000,18643,72,6,7.363000,set0_rep64,original-openmp,mimalloc,64
newdxx_g,BaO_nat002,64000,18643,72,7,7.322000,set0_rep64,original-openmp,mimalloc,64
newdxx_g,BaO_nat002,64000,18643,72,8,7.359000,set0_rep64,original-openmp,mimalloc,64
newdxx_g,BaO_nat002,64000,18643,72,9,7.372000,set0_rep64,original-openmp,mimalloc,64
newdxx_g,BaO_nat002,64000,18643,72,10,7.341000,set0_rep64,original-openmp,mimalloc,64
newdxx_g,BaO_nat002,64000,18643,72,11,7.306000,set0_rep64,original-openmp,mimalloc,64
newdxx_g,BaO_nat002,64000,18643,72,12,7.265000,set0_rep64,original-openmp,mimalloc,64
newdxx_g,BaO_nat002,64000,18643,72,13,7.352000,set0_rep64,original-openmp,mimalloc,64
newdxx_g,BaO_nat002,64000,18643,72,14,7.207000,set0_rep64,original-openmp,mimalloc,64
newdxx_g,BaO_nat002,64000,18643,72,15,7.332000,set0_rep64,original-openmp,mimalloc,64
newdxx_g,BaO_nat002,64000,18643,72,16,7.212000,set0_rep64,original-openmp,mimalloc,64
newdxx_g,BaO_nat002,64000,18643,72,17,7.329000,set0_rep64,original-openmp,mimalloc,64
newdxx_g,BaO_nat002,64000,18643,72,18,7.157000,set0_rep64,original-openmp,mimalloc,64
newdxx_g,BaO_nat002,64000,18643,72,19,7.261000,set0_rep64,original-openmp,mimalloc,64
newdxx_g,BaO_nat002,64000,18643,1,0,7.210000,set1,original-openmp,mimalloc,1
newdxx_g,BaO_nat002,64000,18643,1,1,7.202000,set1,original-openmp,mimalloc,1
newdxx_g,BaO_nat002,64000,18643,1,2,7.063000,set1,original-openmp,mimalloc,1
newdxx_g,BaO_nat002,64000,18643,1,3,7.152000,set1,original-openmp,mimalloc,1
newdxx_g,BaO_nat002,64000,18643,1,4,7.068000,set1,original-openmp,mimalloc,1
newdxx_g,BaO_nat002,64000,18643,1,5,7.051000,set1,original-openmp,mimalloc,1
newdxx_g,BaO_nat002,64000,18643,1,6,7.036000,set1,original-openmp,mimalloc,1
newdxx_g,BaO_nat002,64000,18643,1,7,6.981000,set1,original-openmp,mimalloc,1
newdxx_g,BaO_nat002,64000,18643,1,8,6.969000,set1,original-openmp,mimalloc,1
newdxx_g,BaO_nat002,64000,18643,1,9,6.966000,set1,original-openmp,mimalloc,1
newdxx_g,BaO_nat002,64000,18643,1,10,6.959000,set1,original-openmp,mimalloc,1
newdxx_g,BaO_nat002,64000,18643,1,11,6.958000,set1,original-openmp,mimalloc,1
newdxx_g,BaO_nat002,64000,18643,1,12,6.940000,set1,original-openmp,mimalloc,1
newdxx_g,BaO_nat002,64000,18643,1,13,6.946000,set1,original-openmp,mimalloc,1
newdxx_g,BaO_nat002,64000,18643,1,14,6.964000,set1,original-openmp,mimalloc,1
newdxx_g,BaO_nat002,64000,18643,1,15,6.907000,set1,original-openmp,mimalloc,1
newdxx_g,BaO_nat002,64000,18643,1,16,6.901000,set1,original-openmp,mimalloc,1
newdxx_g,BaO_nat002,64000,18643,1,17,6.928000,set1,original-openmp,mimalloc,1
newdxx_g,BaO_nat002,64000,18643,1,18,6.922000,set1,original-openmp,mimalloc,1
newdxx_g,BaO_nat002,64000,18643,1,19,6.969000,set1,original-openmp,mimalloc,1
newdxx_g,BaO_nat002,64000,18643,2,0,6.093000,set1,original-openmp,mimalloc,1
newdxx_g,BaO_nat002,64000,18643,2,1,5.917000,set1,original-openmp,mimalloc,1
newdxx_g,BaO_nat002,64000,18643,2,2,5.878000,set1,original-openmp,mimalloc,1
newdxx_g,BaO_nat002,64000,18643,2,3,5.869000,set1,original-openmp,mimalloc,1
newdxx_g,BaO_nat002,64000,18643,2,4,5.805000,set1,original-openmp,mimalloc,1
newdxx_g,BaO_nat002,64000,18643,2,5,5.934000,set1,original-openmp,mimalloc,1
newdxx_g,BaO_nat002,64000,18643,2,6,5.855000,set1,original-openmp,mimalloc,1
newdxx_g,BaO_nat002,64000,18643,2,7,5.792000,set1,original-openmp,mimalloc,1
newdxx_g,BaO_nat002,64000,18643,2,8,5.811000,set1,original-openmp,mimalloc,1
newdxx_g,BaO_nat002,64000,18643,2,9,5.756000,set1,original-openmp,mimalloc,1
newdxx_g,BaO_nat002,64000,18643,2,10,5.766000,set1,original-openmp,mimalloc,1
newdxx_g,BaO_nat002,64000,18643,2,11,5.754000,set1,original-openmp,mimalloc,1
newdxx_g,BaO_nat002,64000,18643,2,12,5.779000,set1,original-openmp,mimalloc,1
newdxx_g,BaO_nat002,64000,18643,2,13,5.761000,set1,original-openmp,mimalloc,1
newdxx_g,BaO_nat002,64000,18643,2,14,5.730000,set1,original-openmp,mimalloc,1
newdxx_g,BaO_nat002,64000,18643,2,15,5.732000,set1,original-openmp,mimalloc,1
newdxx_g,BaO_nat002,64000,18643,2,16,5.744000,set1,original-openmp,mimalloc,1
newdxx_g,BaO_nat002,64000,18643,2,17,5.731000,set1,original-openmp,mimalloc,1
newdxx_g,BaO_nat002,64000,18643,2,18,5.692000,set1,original-openmp,mimalloc,1
newdxx_g,BaO_nat002,64000,18643,2,19,5.688000,set1,original-openmp,mimalloc,1
newdxx_g,BaO_nat002,64000,18643,4,0,5.974000,set1,original-openmp,mimalloc,1
newdxx_g,BaO_nat002,64000,18643,4,1,5.914000,set1,original-openmp,mimalloc,1
newdxx_g,BaO_nat002,64000,18643,4,2,5.852000,set1,original-openmp,mimalloc,1
newdxx_g,BaO_nat002,64000,18643,4,3,6.113000,set1,original-openmp,mimalloc,1
newdxx_g,BaO_nat002,64000,18643,4,4,5.863000,set1,original-openmp,mimalloc,1
newdxx_g,BaO_nat002,64000,18643,4,5,5.787000,set1,original-openmp,mimalloc,1
newdxx_g,BaO_nat002,64000,18643,4,6,5.821000,set1,original-openmp,mimalloc,1
newdxx_g,BaO_nat002,64000,18643,4,7,5.804000,set1,original-openmp,mimalloc,1
newdxx_g,BaO_nat002,64000,18643,4,8,5.754000,set1,original-openmp,mimalloc,1
newdxx_g,BaO_nat002,64000,18643,4,9,5.807000,set1,original-openmp,mimalloc,1
newdxx_g,BaO_nat002,64000,18643,4,10,5.720000,set1,original-openmp,mimalloc,1
newdxx_g,BaO_nat002,64000,18643,4,11,5.689000,set1,original-openmp,mimalloc,1
newdxx_g,BaO_nat002,64000,18643,4,12,5.754000,set1,original-openmp,mimalloc,1
newdxx_g,BaO_nat002,64000,18643,4,13,5.733000,set1,original-openmp,mimalloc,1
newdxx_g,BaO_nat002,64000,18643,4,14,5.742000,set1,original-openmp,mimalloc,1
newdxx_g,BaO_nat002,64000,18643,4,15,5.699000,set1,original-openmp,mimalloc,1
newdxx_g,BaO_nat002,64000,18643,4,16,5.742000,set1,original-openmp,mimalloc,1
newdxx_g,BaO_nat002,64000,18643,4,17,5.763000,set1,original-openmp,mimalloc,1
newdxx_g,BaO_nat002,64000,18643,4,18,5.709000,set1,original-openmp,mimalloc,1
newdxx_g,BaO_nat002,64000,18643,4,19,5.697000,set1,original-openmp,mimalloc,1
newdxx_g,BaO_nat002,64000,18643,8,0,5.910000,set1,original-openmp,mimalloc,1
newdxx_g,BaO_nat002,64000,18643,8,1,5.953000,set1,original-openmp,mimalloc,1
newdxx_g,BaO_nat002,64000,18643,8,2,5.855000,set1,original-openmp,mimalloc,1
newdxx_g,BaO_nat002,64000,18643,8,3,5.841000,set1,original-openmp,mimalloc,1
newdxx_g,BaO_nat002,64000,18643,8,4,5.799000,set1,original-openmp,mimalloc,1
newdxx_g,BaO_nat002,64000,18643,8,5,5.799000,set1,original-openmp,mimalloc,1
newdxx_g,BaO_nat002,64000,18643,8,6,5.771000,set1,original-openmp,mimalloc,1
newdxx_g,BaO_nat002,64000,18643,8,7,5.767000,set1,original-openmp,mimalloc,1
newdxx_g,BaO_nat002,64000,18643,8,8,5.734000,set1,original-openmp,mimalloc,1
newdxx_g,BaO_nat002,64000,18643,8,9,5.722000,set1,original-openmp,mimalloc,1
newdxx_g,BaO_nat002,64000,18643,8,10,5.741000,set1,original-openmp,mimalloc,1
newdxx_g,BaO_nat002,64000,18643,8,11,5.774000,set1,original-openmp,mimalloc,1
newdxx_g,BaO_nat002,64000,18643,8,12,5.710000,set1,original-openmp,mimalloc,1
newdxx_g,BaO_nat002,64000,18643,8,13,5.748000,set1,original-openmp,mimalloc,1
newdxx_g,BaO_nat002,64000,18643,8,14,5.704000,set1,original-openmp,mimalloc,1
newdxx_g,BaO_nat002,64000,18643,8,15,5.739000,set1,original-openmp,mimalloc,1
newdxx_g,BaO_nat002,64000,18643,8,16,5.678000,set1,original-openmp,mimalloc,1
newdxx_g,BaO_nat002,64000,18643,8,17,5.672000,set1,original-openmp,mimalloc,1
newdxx_g,BaO_nat002,64000,18643,8,18,5.705000,set1,original-openmp,mimalloc,1
newdxx_g,BaO_nat002,64000,18643,8,19,5.688000,set1,original-openmp,mimalloc,1
newdxx_g,BaO_nat002,64000,18643,16,0,5.689000,set1,original-openmp,mimalloc,1
newdxx_g,BaO_nat002,64000,18643,16,1,5.735000,set1,original-openmp,mimalloc,1
newdxx_g,BaO_nat002,64000,18643,16,2,5.851000,set1,original-openmp,mimalloc,1
newdxx_g,BaO_nat002,64000,18643,16,3,5.860000,set1,original-openmp,mimalloc,1
newdxx_g,BaO_nat002,64000,18643,16,4,5.820000,set1,original-openmp,mimalloc,1
newdxx_g,BaO_nat002,64000,18643,16,5,5.749000,set1,original-openmp,mimalloc,1
newdxx_g,BaO_nat002,64000,18643,16,6,5.817000,set1,original-openmp,mimalloc,1
newdxx_g,BaO_nat002,64000,18643,16,7,5.765000,set1,original-openmp,mimalloc,1
newdxx_g,BaO_nat002,64000,18643,16,8,5.763000,set1,original-openmp,mimalloc,1
newdxx_g,BaO_nat002,64000,18643,16,9,5.862000,set1,original-openmp,mimalloc,1
newdxx_g,BaO_nat002,64000,18643,16,10,6.022000,set1,original-openmp,mimalloc,1
newdxx_g,BaO_nat002,64000,18643,16,11,5.933000,set1,original-openmp,mimalloc,1
newdxx_g,BaO_nat002,64000,18643,16,12,5.771000,set1,original-openmp,mimalloc,1
newdxx_g,BaO_nat002,64000,18643,16,13,5.735000,set1,original-openmp,mimalloc,1
newdxx_g,BaO_nat002,64000,18643,16,14,5.735000,set1,original-openmp,mimalloc,1
newdxx_g,BaO_nat002,64000,18643,16,15,5.698000,set1,original-openmp,mimalloc,1
newdxx_g,BaO_nat002,64000,18643,16,16,5.660000,set1,original-openmp,mimalloc,1
newdxx_g,BaO_nat002,64000,18643,16,17,5.667000,set1,original-openmp,mimalloc,1
newdxx_g,BaO_nat002,64000,18643,16,18,5.649000,set1,original-openmp,mimalloc,1
newdxx_g,BaO_nat002,64000,18643,16,19,5.746000,set1,original-openmp,mimalloc,1
newdxx_g,BaO_nat002,64000,18643,32,0,5.737000,set1,original-openmp,mimalloc,1
newdxx_g,BaO_nat002,64000,18643,32,1,5.837000,set1,original-openmp,mimalloc,1
newdxx_g,BaO_nat002,64000,18643,32,2,5.841000,set1,original-openmp,mimalloc,1
newdxx_g,BaO_nat002,64000,18643,32,3,5.788000,set1,original-openmp,mimalloc,1
newdxx_g,BaO_nat002,64000,18643,32,4,5.759000,set1,original-openmp,mimalloc,1
newdxx_g,BaO_nat002,64000,18643,32,5,5.827000,set1,original-openmp,mimalloc,1
newdxx_g,BaO_nat002,64000,18643,32,6,5.686000,set1,original-openmp,mimalloc,1
newdxx_g,BaO_nat002,64000,18643,32,7,5.666000,set1,original-openmp,mimalloc,1
newdxx_g,BaO_nat002,64000,18643,32,8,5.648000,set1,original-openmp,mimalloc,1
newdxx_g,BaO_nat002,64000,18643,32,9,5.767000,set1,original-openmp,mimalloc,1
newdxx_g,BaO_nat002,64000,18643,32,10,5.637000,set1,original-openmp,mimalloc,1
newdxx_g,BaO_nat002,64000,18643,32,11,5.622000,set1,original-openmp,mimalloc,1
newdxx_g,BaO_nat002,64000,18643,32,12,5.625000,set1,original-openmp,mimalloc,1
newdxx_g,BaO_nat002,64000,18643,32,13,5.726000,set1,original-openmp,mimalloc,1
newdxx_g,BaO_nat002,64000,18643,32,14,5.689000,set1,original-openmp,mimalloc,1
newdxx_g,BaO_nat002,64000,18643,32,15,6.603000,set1,original-openmp,mimalloc,1
newdxx_g,BaO_nat002,64000,18643,32,16,5.700000,set1,original-openmp,mimalloc,1
newdxx_g,BaO_nat002,64000,18643,32,17,5.766000,set1,original-openmp,mimalloc,1
newdxx_g,BaO_nat002,64000,18643,32,18,5.647000,set1,original-openmp,mimalloc,1
newdxx_g,BaO_nat002,64000,18643,32,19,5.688000,set1,original-openmp,mimalloc,1
newdxx_g,BaO_nat002,64000,18643,64,0,5.993000,set1,original-openmp,mimalloc,1
newdxx_g,BaO_nat002,64000,18643,64,1,5.940000,set1,original-openmp,mimalloc,1
newdxx_g,BaO_nat002,64000,18643,64,2,5.900000,set1,original-openmp,mimalloc,1
newdxx_g,BaO_nat002,64000,18643,64,3,5.879000,set1,original-openmp,mimalloc,1
newdxx_g,BaO_nat002,64000,18643,64,4,5.916000,set1,original-openmp,mimalloc,1
newdxx_g,BaO_nat002,64000,18643,64,5,5.968000,set1,original-openmp,mimalloc,1
newdxx_g,BaO_nat002,64000,18643,64,6,5.834000,set1,original-openmp,mimalloc,1
newdxx_g,BaO_nat002,64000,18643,64,7,5.805000,set1,original-openmp,mimalloc,1
newdxx_g,BaO_nat002,64000,18643,64,8,5.775000,set1,original-openmp,mimalloc,1
newdxx_g,BaO_nat002,64000,18643,64,9,5.806000,set1,original-openmp,mimalloc,1
newdxx_g,BaO_nat002,64000,18643,64,10,5.730000,set1,original-openmp,mimalloc,1
newdxx_g,BaO_nat002,64000,18643,64,11,5.964000,set1,original-openmp,mimalloc,1
newdxx_g,BaO_nat002,64000,18643,64,12,5.820000,set1,original-openmp,mimalloc,1
newdxx_g,BaO_nat002,64000,18643,64,13,5.798000,set1,original-openmp,mimalloc,1
newdxx_g,BaO_nat002,64000,18643,64,14,5.785000,set1,original-openmp,mimalloc,1
newdxx_g,BaO_nat002,64000,18643,64,15,5.776000,set1,original-openmp,mimalloc,1
newdxx_g,BaO_nat002,64000,18643,64,16,5.768000,set1,original-openmp,mimalloc,1
newdxx_g,BaO_nat002,64000,18643,64,17,5.764000,set1,original-openmp,mimalloc,1
newdxx_g,BaO_nat002,64000,18643,64,18,5.713000,set1,original-openmp,mimalloc,1
newdxx_g,BaO_nat002,64000,18643,64,19,5.735000,set1,original-openmp,mimalloc,1
newdxx_g,BaO_nat002,64000,18643,72,0,6.302000,set1,original-openmp,mimalloc,1
newdxx_g,BaO_nat002,64000,18643,72,1,6.185000,set1,original-openmp,mimalloc,1
newdxx_g,BaO_nat002,64000,18643,72,2,5.928000,set1,original-openmp,mimalloc,1
newdxx_g,BaO_nat002,64000,18643,72,3,6.008000,set1,original-openmp,mimalloc,1
newdxx_g,BaO_nat002,64000,18643,72,4,5.958000,set1,original-openmp,mimalloc,1
newdxx_g,BaO_nat002,64000,18643,72,5,6.134000,set1,original-openmp,mimalloc,1
newdxx_g,BaO_nat002,64000,18643,72,6,6.373000,set1,original-openmp,mimalloc,1
newdxx_g,BaO_nat002,64000,18643,72,7,5.812000,set1,original-openmp,mimalloc,1
newdxx_g,BaO_nat002,64000,18643,72,8,5.812000,set1,original-openmp,mimalloc,1
newdxx_g,BaO_nat002,64000,18643,72,9,5.839000,set1,original-openmp,mimalloc,1
newdxx_g,BaO_nat002,64000,18643,72,10,5.817000,set1,original-openmp,mimalloc,1
newdxx_g,BaO_nat002,64000,18643,72,11,5.762000,set1,original-openmp,mimalloc,1
newdxx_g,BaO_nat002,64000,18643,72,12,5.795000,set1,original-openmp,mimalloc,1
newdxx_g,BaO_nat002,64000,18643,72,13,5.844000,set1,original-openmp,mimalloc,1
newdxx_g,BaO_nat002,64000,18643,72,14,5.810000,set1,original-openmp,mimalloc,1
newdxx_g,BaO_nat002,64000,18643,72,15,5.747000,set1,original-openmp,mimalloc,1
newdxx_g,BaO_nat002,64000,18643,72,16,5.794000,set1,original-openmp,mimalloc,1
newdxx_g,BaO_nat002,64000,18643,72,17,5.742000,set1,original-openmp,mimalloc,1
newdxx_g,BaO_nat002,64000,18643,72,18,5.737000,set1,original-openmp,mimalloc,1
newdxx_g,BaO_nat002,64000,18643,72,19,5.762000,set1,original-openmp,mimalloc,1
newdxx_g,BaO_nat002,64000,18643,1,0,373.044000,set1_rep64,original-openmp,mimalloc,64
newdxx_g,BaO_nat002,64000,18643,1,1,369.397000,set1_rep64,original-openmp,mimalloc,64
newdxx_g,BaO_nat002,64000,18643,1,2,374.703000,set1_rep64,original-openmp,mimalloc,64
newdxx_g,BaO_nat002,64000,18643,1,3,376.273000,set1_rep64,original-openmp,mimalloc,64
newdxx_g,BaO_nat002,64000,18643,1,4,372.886000,set1_rep64,original-openmp,mimalloc,64
newdxx_g,BaO_nat002,64000,18643,1,5,371.502000,set1_rep64,original-openmp,mimalloc,64
newdxx_g,BaO_nat002,64000,18643,1,6,377.268000,set1_rep64,original-openmp,mimalloc,64
newdxx_g,BaO_nat002,64000,18643,1,7,373.638000,set1_rep64,original-openmp,mimalloc,64
newdxx_g,BaO_nat002,64000,18643,1,8,370.434000,set1_rep64,original-openmp,mimalloc,64
newdxx_g,BaO_nat002,64000,18643,1,9,370.218000,set1_rep64,original-openmp,mimalloc,64
newdxx_g,BaO_nat002,64000,18643,1,10,366.744000,set1_rep64,original-openmp,mimalloc,64
newdxx_g,BaO_nat002,64000,18643,1,11,367.575000,set1_rep64,original-openmp,mimalloc,64
newdxx_g,BaO_nat002,64000,18643,1,12,365.973000,set1_rep64,original-openmp,mimalloc,64
newdxx_g,BaO_nat002,64000,18643,1,13,364.902000,set1_rep64,original-openmp,mimalloc,64
newdxx_g,BaO_nat002,64000,18643,1,14,364.616000,set1_rep64,original-openmp,mimalloc,64
newdxx_g,BaO_nat002,64000,18643,1,15,363.997000,set1_rep64,original-openmp,mimalloc,64
newdxx_g,BaO_nat002,64000,18643,1,16,367.337000,set1_rep64,original-openmp,mimalloc,64
newdxx_g,BaO_nat002,64000,18643,1,17,365.527000,set1_rep64,original-openmp,mimalloc,64
newdxx_g,BaO_nat002,64000,18643,1,18,367.051000,set1_rep64,original-openmp,mimalloc,64
newdxx_g,BaO_nat002,64000,18643,1,19,367.160000,set1_rep64,original-openmp,mimalloc,64
newdxx_g,BaO_nat002,64000,18643,2,0,200.177000,set1_rep64,original-openmp,mimalloc,64
newdxx_g,BaO_nat002,64000,18643,2,1,201.211000,set1_rep64,original-openmp,mimalloc,64
newdxx_g,BaO_nat002,64000,18643,2,2,199.317000,set1_rep64,original-openmp,mimalloc,64
newdxx_g,BaO_nat002,64000,18643,2,3,199.006000,set1_rep64,original-openmp,mimalloc,64
newdxx_g,BaO_nat002,64000,18643,2,4,200.781000,set1_rep64,original-openmp,mimalloc,64
newdxx_g,BaO_nat002,64000,18643,2,5,202.272000,set1_rep64,original-openmp,mimalloc,64
newdxx_g,BaO_nat002,64000,18643,2,6,203.797000,set1_rep64,original-openmp,mimalloc,64
newdxx_g,BaO_nat002,64000,18643,2,7,201.148000,set1_rep64,original-openmp,mimalloc,64
newdxx_g,BaO_nat002,64000,18643,2,8,200.193000,set1_rep64,original-openmp,mimalloc,64
newdxx_g,BaO_nat002,64000,18643,2,9,198.834000,set1_rep64,original-openmp,mimalloc,64
newdxx_g,BaO_nat002,64000,18643,2,10,201.508000,set1_rep64,original-openmp,mimalloc,64
newdxx_g,BaO_nat002,64000,18643,2,11,201.557000,set1_rep64,original-openmp,mimalloc,64
newdxx_g,BaO_nat002,64000,18643,2,12,202.502000,set1_rep64,original-openmp,mimalloc,64
newdxx_g,BaO_nat002,64000,18643,2,13,201.195000,set1_rep64,original-openmp,mimalloc,64
newdxx_g,BaO_nat002,64000,18643,2,14,202.810000,set1_rep64,original-openmp,mimalloc,64
newdxx_g,BaO_nat002,64000,18643,2,15,201.518000,set1_rep64,original-openmp,mimalloc,64
newdxx_g,BaO_nat002,64000,18643,2,16,201.059000,set1_rep64,original-openmp,mimalloc,64
newdxx_g,BaO_nat002,64000,18643,2,17,200.125000,set1_rep64,original-openmp,mimalloc,64
newdxx_g,BaO_nat002,64000,18643,2,18,199.364000,set1_rep64,original-openmp,mimalloc,64
newdxx_g,BaO_nat002,64000,18643,2,19,200.097000,set1_rep64,original-openmp,mimalloc,64
newdxx_g,BaO_nat002,64000,18643,4,0,103.756000,set1_rep64,original-openmp,mimalloc,64
newdxx_g,BaO_nat002,64000,18643,4,1,103.963000,set1_rep64,original-openmp,mimalloc,64
newdxx_g,BaO_nat002,64000,18643,4,2,103.773000,set1_rep64,original-openmp,mimalloc,64
newdxx_g,BaO_nat002,64000,18643,4,3,103.699000,set1_rep64,original-openmp,mimalloc,64
newdxx_g,BaO_nat002,64000,18643,4,4,103.921000,set1_rep64,original-openmp,mimalloc,64
newdxx_g,BaO_nat002,64000,18643,4,5,103.848000,set1_rep64,original-openmp,mimalloc,64
newdxx_g,BaO_nat002,64000,18643,4,6,103.876000,set1_rep64,original-openmp,mimalloc,64
newdxx_g,BaO_nat002,64000,18643,4,7,104.213000,set1_rep64,original-openmp,mimalloc,64
newdxx_g,BaO_nat002,64000,18643,4,8,103.631000,set1_rep64,original-openmp,mimalloc,64
newdxx_g,BaO_nat002,64000,18643,4,9,103.818000,set1_rep64,original-openmp,mimalloc,64
newdxx_g,BaO_nat002,64000,18643,4,10,103.292000,set1_rep64,original-openmp,mimalloc,64
newdxx_g,BaO_nat002,64000,18643,4,11,103.970000,set1_rep64,original-openmp,mimalloc,64
newdxx_g,BaO_nat002,64000,18643,4,12,103.987000,set1_rep64,original-openmp,mimalloc,64
newdxx_g,BaO_nat002,64000,18643,4,13,103.261000,set1_rep64,original-openmp,mimalloc,64
newdxx_g,BaO_nat002,64000,18643,4,14,103.709000,set1_rep64,original-openmp,mimalloc,64
newdxx_g,BaO_nat002,64000,18643,4,15,103.219000,set1_rep64,original-openmp,mimalloc,64
newdxx_g,BaO_nat002,64000,18643,4,16,104.020000,set1_rep64,original-openmp,mimalloc,64
newdxx_g,BaO_nat002,64000,18643,4,17,103.929000,set1_rep64,original-openmp,mimalloc,64
newdxx_g,BaO_nat002,64000,18643,4,18,103.147000,set1_rep64,original-openmp,mimalloc,64
newdxx_g,BaO_nat002,64000,18643,4,19,103.777000,set1_rep64,original-openmp,mimalloc,64
newdxx_g,BaO_nat002,64000,18643,8,0,51.286000,set1_rep64,original-openmp,mimalloc,64
newdxx_g,BaO_nat002,64000,18643,8,1,50.300000,set1_rep64,original-openmp,mimalloc,64
newdxx_g,BaO_nat002,64000,18643,8,2,50.504000,set1_rep64,original-openmp,mimalloc,64
newdxx_g,BaO_nat002,64000,18643,8,3,50.950000,set1_rep64,original-openmp,mimalloc,64
newdxx_g,BaO_nat002,64000,18643,8,4,51.519000,set1_rep64,original-openmp,mimalloc,64
newdxx_g,BaO_nat002,64000,18643,8,5,50.631000,set1_rep64,original-openmp,mimalloc,64
newdxx_g,BaO_nat002,64000,18643,8,6,50.638000,set1_rep64,original-openmp,mimalloc,64
newdxx_g,BaO_nat002,64000,18643,8,7,50.699000,set1_rep64,original-openmp,mimalloc,64
newdxx_g,BaO_nat002,64000,18643,8,8,50.656000,set1_rep64,original-openmp,mimalloc,64
newdxx_g,BaO_nat002,64000,18643,8,9,50.529000,set1_rep64,original-openmp,mimalloc,64
newdxx_g,BaO_nat002,64000,18643,8,10,50.914000,set1_rep64,original-openmp,mimalloc,64
newdxx_g,BaO_nat002,64000,18643,8,11,50.635000,set1_rep64,original-openmp,mimalloc,64
newdxx_g,BaO_nat002,64000,18643,8,12,50.568000,set1_rep64,original-openmp,mimalloc,64
newdxx_g,BaO_nat002,64000,18643,8,13,50.598000,set1_rep64,original-openmp,mimalloc,64
newdxx_g,BaO_nat002,64000,18643,8,14,50.671000,set1_rep64,original-openmp,mimalloc,64
newdxx_g,BaO_nat002,64000,18643,8,15,50.402000,set1_rep64,original-openmp,mimalloc,64
newdxx_g,BaO_nat002,64000,18643,8,16,50.623000,set1_rep64,original-openmp,mimalloc,64
newdxx_g,BaO_nat002,64000,18643,8,17,50.443000,set1_rep64,original-openmp,mimalloc,64
newdxx_g,BaO_nat002,64000,18643,8,18,50.475000,set1_rep64,original-openmp,mimalloc,64
newdxx_g,BaO_nat002,64000,18643,8,19,50.549000,set1_rep64,original-openmp,mimalloc,64
newdxx_g,BaO_nat002,64000,18643,16,0,25.772000,set1_rep64,original-openmp,mimalloc,64
newdxx_g,BaO_nat002,64000,18643,16,1,25.902000,set1_rep64,original-openmp,mimalloc,64
newdxx_g,BaO_nat002,64000,18643,16,2,26.006000,set1_rep64,original-openmp,mimalloc,64
newdxx_g,BaO_nat002,64000,18643,16,3,26.121000,set1_rep64,original-openmp,mimalloc,64
newdxx_g,BaO_nat002,64000,18643,16,4,25.948000,set1_rep64,original-openmp,mimalloc,64
newdxx_g,BaO_nat002,64000,18643,16,5,26.082000,set1_rep64,original-openmp,mimalloc,64
newdxx_g,BaO_nat002,64000,18643,16,6,26.054000,set1_rep64,original-openmp,mimalloc,64
newdxx_g,BaO_nat002,64000,18643,16,7,26.093000,set1_rep64,original-openmp,mimalloc,64
newdxx_g,BaO_nat002,64000,18643,16,8,26.100000,set1_rep64,original-openmp,mimalloc,64
newdxx_g,BaO_nat002,64000,18643,16,9,25.912000,set1_rep64,original-openmp,mimalloc,64
newdxx_g,BaO_nat002,64000,18643,16,10,26.008000,set1_rep64,original-openmp,mimalloc,64
newdxx_g,BaO_nat002,64000,18643,16,11,26.023000,set1_rep64,original-openmp,mimalloc,64
newdxx_g,BaO_nat002,64000,18643,16,12,26.010000,set1_rep64,original-openmp,mimalloc,64
newdxx_g,BaO_nat002,64000,18643,16,13,25.963000,set1_rep64,original-openmp,mimalloc,64
newdxx_g,BaO_nat002,64000,18643,16,14,26.112000,set1_rep64,original-openmp,mimalloc,64
newdxx_g,BaO_nat002,64000,18643,16,15,26.058000,set1_rep64,original-openmp,mimalloc,64
newdxx_g,BaO_nat002,64000,18643,16,16,26.032000,set1_rep64,original-openmp,mimalloc,64
newdxx_g,BaO_nat002,64000,18643,16,17,26.011000,set1_rep64,original-openmp,mimalloc,64
newdxx_g,BaO_nat002,64000,18643,16,18,25.727000,set1_rep64,original-openmp,mimalloc,64
newdxx_g,BaO_nat002,64000,18643,16,19,26.135000,set1_rep64,original-openmp,mimalloc,64
newdxx_g,BaO_nat002,64000,18643,32,0,14.028000,set1_rep64,original-openmp,mimalloc,64
newdxx_g,BaO_nat002,64000,18643,32,1,14.036000,set1_rep64,original-openmp,mimalloc,64
newdxx_g,BaO_nat002,64000,18643,32,2,13.962000,set1_rep64,original-openmp,mimalloc,64
newdxx_g,BaO_nat002,64000,18643,32,3,13.904000,set1_rep64,original-openmp,mimalloc,64
newdxx_g,BaO_nat002,64000,18643,32,4,14.027000,set1_rep64,original-openmp,mimalloc,64
newdxx_g,BaO_nat002,64000,18643,32,5,13.903000,set1_rep64,original-openmp,mimalloc,64
newdxx_g,BaO_nat002,64000,18643,32,6,13.768000,set1_rep64,original-openmp,mimalloc,64
newdxx_g,BaO_nat002,64000,18643,32,7,13.936000,set1_rep64,original-openmp,mimalloc,64
newdxx_g,BaO_nat002,64000,18643,32,8,14.006000,set1_rep64,original-openmp,mimalloc,64
newdxx_g,BaO_nat002,64000,18643,32,9,14.068000,set1_rep64,original-openmp,mimalloc,64
newdxx_g,BaO_nat002,64000,18643,32,10,13.953000,set1_rep64,original-openmp,mimalloc,64
newdxx_g,BaO_nat002,64000,18643,32,11,13.683000,set1_rep64,original-openmp,mimalloc,64
newdxx_g,BaO_nat002,64000,18643,32,12,13.941000,set1_rep64,original-openmp,mimalloc,64
newdxx_g,BaO_nat002,64000,18643,32,13,13.855000,set1_rep64,original-openmp,mimalloc,64
newdxx_g,BaO_nat002,64000,18643,32,14,13.958000,set1_rep64,original-openmp,mimalloc,64
newdxx_g,BaO_nat002,64000,18643,32,15,13.798000,set1_rep64,original-openmp,mimalloc,64
newdxx_g,BaO_nat002,64000,18643,32,16,13.646000,set1_rep64,original-openmp,mimalloc,64
newdxx_g,BaO_nat002,64000,18643,32,17,13.877000,set1_rep64,original-openmp,mimalloc,64
newdxx_g,BaO_nat002,64000,18643,32,18,13.610000,set1_rep64,original-openmp,mimalloc,64
newdxx_g,BaO_nat002,64000,18643,32,19,13.524000,set1_rep64,original-openmp,mimalloc,64
newdxx_g,BaO_nat002,64000,18643,64,0,7.516000,set1_rep64,original-openmp,mimalloc,64
newdxx_g,BaO_nat002,64000,18643,64,1,7.314000,set1_rep64,original-openmp,mimalloc,64
newdxx_g,BaO_nat002,64000,18643,64,2,7.311000,set1_rep64,original-openmp,mimalloc,64
newdxx_g,BaO_nat002,64000,18643,64,3,7.239000,set1_rep64,original-openmp,mimalloc,64
newdxx_g,BaO_nat002,64000,18643,64,4,7.274000,set1_rep64,original-openmp,mimalloc,64
newdxx_g,BaO_nat002,64000,18643,64,5,7.283000,set1_rep64,original-openmp,mimalloc,64
newdxx_g,BaO_nat002,64000,18643,64,6,7.327000,set1_rep64,original-openmp,mimalloc,64
newdxx_g,BaO_nat002,64000,18643,64,7,7.327000,set1_rep64,original-openmp,mimalloc,64
newdxx_g,BaO_nat002,64000,18643,64,8,7.360000,set1_rep64,original-openmp,mimalloc,64
newdxx_g,BaO_nat002,64000,18643,64,9,7.310000,set1_rep64,original-openmp,mimalloc,64
newdxx_g,BaO_nat002,64000,18643,64,10,7.304000,set1_rep64,original-openmp,mimalloc,64
newdxx_g,BaO_nat002,64000,18643,64,11,7.298000,set1_rep64,original-openmp,mimalloc,64
newdxx_g,BaO_nat002,64000,18643,64,12,7.302000,set1_rep64,original-openmp,mimalloc,64
newdxx_g,BaO_nat002,64000,18643,64,13,7.343000,set1_rep64,original-openmp,mimalloc,64
newdxx_g,BaO_nat002,64000,18643,64,14,7.330000,set1_rep64,original-openmp,mimalloc,64
newdxx_g,BaO_nat002,64000,18643,64,15,7.353000,set1_rep64,original-openmp,mimalloc,64
newdxx_g,BaO_nat002,64000,18643,64,16,7.330000,set1_rep64,original-openmp,mimalloc,64
newdxx_g,BaO_nat002,64000,18643,64,17,7.327000,set1_rep64,original-openmp,mimalloc,64
newdxx_g,BaO_nat002,64000,18643,64,18,7.431000,set1_rep64,original-openmp,mimalloc,64
newdxx_g,BaO_nat002,64000,18643,64,19,7.491000,set1_rep64,original-openmp,mimalloc,64
newdxx_g,BaO_nat002,64000,18643,72,0,7.351000,set1_rep64,original-openmp,mimalloc,64
newdxx_g,BaO_nat002,64000,18643,72,1,7.171000,set1_rep64,original-openmp,mimalloc,64
newdxx_g,BaO_nat002,64000,18643,72,2,7.220000,set1_rep64,original-openmp,mimalloc,64
newdxx_g,BaO_nat002,64000,18643,72,3,7.313000,set1_rep64,original-openmp,mimalloc,64
newdxx_g,BaO_nat002,64000,18643,72,4,7.275000,set1_rep64,original-openmp,mimalloc,64
newdxx_g,BaO_nat002,64000,18643,72,5,7.221000,set1_rep64,original-openmp,mimalloc,64
newdxx_g,BaO_nat002,64000,18643,72,6,7.286000,set1_rep64,original-openmp,mimalloc,64
newdxx_g,BaO_nat002,64000,18643,72,7,7.212000,set1_rep64,original-openmp,mimalloc,64
newdxx_g,BaO_nat002,64000,18643,72,8,7.277000,set1_rep64,original-openmp,mimalloc,64
newdxx_g,BaO_nat002,64000,18643,72,9,7.245000,set1_rep64,original-openmp,mimalloc,64
newdxx_g,BaO_nat002,64000,18643,72,10,7.281000,set1_rep64,original-openmp,mimalloc,64
newdxx_g,BaO_nat002,64000,18643,72,11,7.271000,set1_rep64,original-openmp,mimalloc,64
newdxx_g,BaO_nat002,64000,18643,72,12,7.114000,set1_rep64,original-openmp,mimalloc,64
newdxx_g,BaO_nat002,64000,18643,72,13,7.167000,set1_rep64,original-openmp,mimalloc,64
newdxx_g,BaO_nat002,64000,18643,72,14,7.145000,set1_rep64,original-openmp,mimalloc,64
newdxx_g,BaO_nat002,64000,18643,72,15,7.164000,set1_rep64,original-openmp,mimalloc,64
newdxx_g,BaO_nat002,64000,18643,72,16,7.136000,set1_rep64,original-openmp,mimalloc,64
newdxx_g,BaO_nat002,64000,18643,72,17,7.147000,set1_rep64,original-openmp,mimalloc,64
newdxx_g,BaO_nat002,64000,18643,72,18,7.076000,set1_rep64,original-openmp,mimalloc,64
newdxx_g,BaO_nat002,64000,18643,72,19,7.162000,set1_rep64,original-openmp,mimalloc,64
newdxx_g,BaTiO3_nat005,64000,27609,1,0,26.964000,set0,original-openmp,mimalloc,1
newdxx_g,BaTiO3_nat005,64000,27609,1,1,26.608000,set0,original-openmp,mimalloc,1
newdxx_g,BaTiO3_nat005,64000,27609,1,2,26.625000,set0,original-openmp,mimalloc,1
newdxx_g,BaTiO3_nat005,64000,27609,1,3,26.706000,set0,original-openmp,mimalloc,1
newdxx_g,BaTiO3_nat005,64000,27609,1,4,26.541000,set0,original-openmp,mimalloc,1
newdxx_g,BaTiO3_nat005,64000,27609,1,5,26.525000,set0,original-openmp,mimalloc,1
newdxx_g,BaTiO3_nat005,64000,27609,1,6,26.699000,set0,original-openmp,mimalloc,1
newdxx_g,BaTiO3_nat005,64000,27609,1,7,26.526000,set0,original-openmp,mimalloc,1
newdxx_g,BaTiO3_nat005,64000,27609,1,8,26.558000,set0,original-openmp,mimalloc,1
newdxx_g,BaTiO3_nat005,64000,27609,1,9,26.622000,set0,original-openmp,mimalloc,1
newdxx_g,BaTiO3_nat005,64000,27609,1,10,26.578000,set0,original-openmp,mimalloc,1
newdxx_g,BaTiO3_nat005,64000,27609,1,11,26.631000,set0,original-openmp,mimalloc,1
newdxx_g,BaTiO3_nat005,64000,27609,1,12,26.789000,set0,original-openmp,mimalloc,1
newdxx_g,BaTiO3_nat005,64000,27609,1,13,26.697000,set0,original-openmp,mimalloc,1
newdxx_g,BaTiO3_nat005,64000,27609,1,14,26.684000,set0,original-openmp,mimalloc,1
newdxx_g,BaTiO3_nat005,64000,27609,1,15,26.626000,set0,original-openmp,mimalloc,1
newdxx_g,BaTiO3_nat005,64000,27609,1,16,26.537000,set0,original-openmp,mimalloc,1
newdxx_g,BaTiO3_nat005,64000,27609,1,17,26.547000,set0,original-openmp,mimalloc,1
newdxx_g,BaTiO3_nat005,64000,27609,1,18,26.466000,set0,original-openmp,mimalloc,1
newdxx_g,BaTiO3_nat005,64000,27609,1,19,26.502000,set0,original-openmp,mimalloc,1
newdxx_g,BaTiO3_nat005,64000,27609,2,0,24.037000,set0,original-openmp,mimalloc,1
newdxx_g,BaTiO3_nat005,64000,27609,2,1,24.113000,set0,original-openmp,mimalloc,1
newdxx_g,BaTiO3_nat005,64000,27609,2,2,24.379000,set0,original-openmp,mimalloc,1
newdxx_g,BaTiO3_nat005,64000,27609,2,3,24.258000,set0,original-openmp,mimalloc,1
newdxx_g,BaTiO3_nat005,64000,27609,2,4,24.520000,set0,original-openmp,mimalloc,1
newdxx_g,BaTiO3_nat005,64000,27609,2,5,24.508000,set0,original-openmp,mimalloc,1
newdxx_g,BaTiO3_nat005,64000,27609,2,6,24.456000,set0,original-openmp,mimalloc,1
newdxx_g,BaTiO3_nat005,64000,27609,2,7,24.493000,set0,original-openmp,mimalloc,1
newdxx_g,BaTiO3_nat005,64000,27609,2,8,23.731000,set0,original-openmp,mimalloc,1
newdxx_g,BaTiO3_nat005,64000,27609,2,9,23.984000,set0,original-openmp,mimalloc,1
newdxx_g,BaTiO3_nat005,64000,27609,2,10,23.686000,set0,original-openmp,mimalloc,1
newdxx_g,BaTiO3_nat005,64000,27609,2,11,23.741000,set0,original-openmp,mimalloc,1
newdxx_g,BaTiO3_nat005,64000,27609,2,12,23.843000,set0,original-openmp,mimalloc,1
newdxx_g,BaTiO3_nat005,64000,27609,2,13,23.944000,set0,original-openmp,mimalloc,1
newdxx_g,BaTiO3_nat005,64000,27609,2,14,23.668000,set0,original-openmp,mimalloc,1
newdxx_g,BaTiO3_nat005,64000,27609,2,15,23.889000,set0,original-openmp,mimalloc,1
newdxx_g,BaTiO3_nat005,64000,27609,2,16,23.860000,set0,original-openmp,mimalloc,1
newdxx_g,BaTiO3_nat005,64000,27609,2,17,23.734000,set0,original-openmp,mimalloc,1
newdxx_g,BaTiO3_nat005,64000,27609,2,18,23.711000,set0,original-openmp,mimalloc,1
newdxx_g,BaTiO3_nat005,64000,27609,2,19,23.770000,set0,original-openmp,mimalloc,1
newdxx_g,BaTiO3_nat005,64000,27609,4,0,22.047000,set0,original-openmp,mimalloc,1
newdxx_g,BaTiO3_nat005,64000,27609,4,1,22.069000,set0,original-openmp,mimalloc,1
newdxx_g,BaTiO3_nat005,64000,27609,4,2,21.984000,set0,original-openmp,mimalloc,1
newdxx_g,BaTiO3_nat005,64000,27609,4,3,21.919000,set0,original-openmp,mimalloc,1
newdxx_g,BaTiO3_nat005,64000,27609,4,4,21.817000,set0,original-openmp,mimalloc,1
newdxx_g,BaTiO3_nat005,64000,27609,4,5,21.706000,set0,original-openmp,mimalloc,1
newdxx_g,BaTiO3_nat005,64000,27609,4,6,21.826000,set0,original-openmp,mimalloc,1
newdxx_g,BaTiO3_nat005,64000,27609,4,7,21.905000,set0,original-openmp,mimalloc,1
newdxx_g,BaTiO3_nat005,64000,27609,4,8,22.022000,set0,original-openmp,mimalloc,1
newdxx_g,BaTiO3_nat005,64000,27609,4,9,21.867000,set0,original-openmp,mimalloc,1
newdxx_g,BaTiO3_nat005,64000,27609,4,10,21.904000,set0,original-openmp,mimalloc,1
newdxx_g,BaTiO3_nat005,64000,27609,4,11,22.099000,set0,original-openmp,mimalloc,1
newdxx_g,BaTiO3_nat005,64000,27609,4,12,22.083000,set0,original-openmp,mimalloc,1
newdxx_g,BaTiO3_nat005,64000,27609,4,13,21.865000,set0,original-openmp,mimalloc,1
newdxx_g,BaTiO3_nat005,64000,27609,4,14,21.849000,set0,original-openmp,mimalloc,1
newdxx_g,BaTiO3_nat005,64000,27609,4,15,21.837000,set0,original-openmp,mimalloc,1
newdxx_g,BaTiO3_nat005,64000,27609,4,16,21.959000,set0,original-openmp,mimalloc,1
newdxx_g,BaTiO3_nat005,64000,27609,4,17,21.796000,set0,original-openmp,mimalloc,1
newdxx_g,BaTiO3_nat005,64000,27609,4,18,21.786000,set0,original-openmp,mimalloc,1
newdxx_g,BaTiO3_nat005,64000,27609,4,19,21.980000,set0,original-openmp,mimalloc,1
newdxx_g,BaTiO3_nat005,64000,27609,8,0,11.687000,set0,original-openmp,mimalloc,1
newdxx_g,BaTiO3_nat005,64000,27609,8,1,11.803000,set0,original-openmp,mimalloc,1
newdxx_g,BaTiO3_nat005,64000,27609,8,2,11.702000,set0,original-openmp,mimalloc,1
newdxx_g,BaTiO3_nat005,64000,27609,8,3,11.637000,set0,original-openmp,mimalloc,1
newdxx_g,BaTiO3_nat005,64000,27609,8,4,11.678000,set0,original-openmp,mimalloc,1
newdxx_g,BaTiO3_nat005,64000,27609,8,5,11.634000,set0,original-openmp,mimalloc,1
newdxx_g,BaTiO3_nat005,64000,27609,8,6,11.622000,set0,original-openmp,mimalloc,1
newdxx_g,BaTiO3_nat005,64000,27609,8,7,11.566000,set0,original-openmp,mimalloc,1
newdxx_g,BaTiO3_nat005,64000,27609,8,8,11.547000,set0,original-openmp,mimalloc,1
newdxx_g,BaTiO3_nat005,64000,27609,8,9,11.429000,set0,original-openmp,mimalloc,1
newdxx_g,BaTiO3_nat005,64000,27609,8,10,11.595000,set0,original-openmp,mimalloc,1
newdxx_g,BaTiO3_nat005,64000,27609,8,11,11.613000,set0,original-openmp,mimalloc,1
newdxx_g,BaTiO3_nat005,64000,27609,8,12,11.718000,set0,original-openmp,mimalloc,1
newdxx_g,BaTiO3_nat005,64000,27609,8,13,11.750000,set0,original-openmp,mimalloc,1
newdxx_g,BaTiO3_nat005,64000,27609,8,14,11.776000,set0,original-openmp,mimalloc,1
newdxx_g,BaTiO3_nat005,64000,27609,8,15,11.545000,set0,original-openmp,mimalloc,1
newdxx_g,BaTiO3_nat005,64000,27609,8,16,11.664000,set0,original-openmp,mimalloc,1
newdxx_g,BaTiO3_nat005,64000,27609,8,17,11.422000,set0,original-openmp,mimalloc,1
newdxx_g,BaTiO3_nat005,64000,27609,8,18,11.451000,set0,original-openmp,mimalloc,1
newdxx_g,BaTiO3_nat005,64000,27609,8,19,11.474000,set0,original-openmp,mimalloc,1
newdxx_g,BaTiO3_nat005,64000,27609,16,0,11.684000,set0,original-openmp,mimalloc,1
newdxx_g,BaTiO3_nat005,64000,27609,16,1,11.672000,set0,original-openmp,mimalloc,1
newdxx_g,BaTiO3_nat005,64000,27609,16,2,11.641000,set0,original-openmp,mimalloc,1
newdxx_g,BaTiO3_nat005,64000,27609,16,3,11.827000,set0,original-openmp,mimalloc,1
newdxx_g,BaTiO3_nat005,64000,27609,16,4,11.683000,set0,original-openmp,mimalloc,1
newdxx_g,BaTiO3_nat005,64000,27609,16,5,11.627000,set0,original-openmp,mimalloc,1
newdxx_g,BaTiO3_nat005,64000,27609,16,6,11.828000,set0,original-openmp,mimalloc,1
newdxx_g,BaTiO3_nat005,64000,27609,16,7,11.635000,set0,original-openmp,mimalloc,1
newdxx_g,BaTiO3_nat005,64000,27609,16,8,11.702000,set0,original-openmp,mimalloc,1
newdxx_g,BaTiO3_nat005,64000,27609,16,9,11.607000,set0,original-openmp,mimalloc,1
newdxx_g,BaTiO3_nat005,64000,27609,16,10,11.830000,set0,original-openmp,mimalloc,1
newdxx_g,BaTiO3_nat005,64000,27609,16,11,11.723000,set0,original-openmp,mimalloc,1
newdxx_g,BaTiO3_nat005,64000,27609,16,12,11.626000,set0,original-openmp,mimalloc,1
newdxx_g,BaTiO3_nat005,64000,27609,16,13,11.948000,set0,original-openmp,mimalloc,1
newdxx_g,BaTiO3_nat005,64000,27609,16,14,11.675000,set0,original-openmp,mimalloc,1
newdxx_g,BaTiO3_nat005,64000,27609,16,15,11.727000,set0,original-openmp,mimalloc,1
newdxx_g,BaTiO3_nat005,64000,27609,16,16,11.754000,set0,original-openmp,mimalloc,1
newdxx_g,BaTiO3_nat005,64000,27609,16,17,11.711000,set0,original-openmp,mimalloc,1
newdxx_g,BaTiO3_nat005,64000,27609,16,18,11.746000,set0,original-openmp,mimalloc,1
newdxx_g,BaTiO3_nat005,64000,27609,16,19,11.690000,set0,original-openmp,mimalloc,1
newdxx_g,BaTiO3_nat005,64000,27609,32,0,11.830000,set0,original-openmp,mimalloc,1
newdxx_g,BaTiO3_nat005,64000,27609,32,1,11.815000,set0,original-openmp,mimalloc,1
newdxx_g,BaTiO3_nat005,64000,27609,32,2,11.796000,set0,original-openmp,mimalloc,1
newdxx_g,BaTiO3_nat005,64000,27609,32,3,11.851000,set0,original-openmp,mimalloc,1
newdxx_g,BaTiO3_nat005,64000,27609,32,4,11.809000,set0,original-openmp,mimalloc,1
newdxx_g,BaTiO3_nat005,64000,27609,32,5,12.070000,set0,original-openmp,mimalloc,1
newdxx_g,BaTiO3_nat005,64000,27609,32,6,11.761000,set0,original-openmp,mimalloc,1
newdxx_g,BaTiO3_nat005,64000,27609,32,7,11.735000,set0,original-openmp,mimalloc,1
newdxx_g,BaTiO3_nat005,64000,27609,32,8,11.894000,set0,original-openmp,mimalloc,1
newdxx_g,BaTiO3_nat005,64000,27609,32,9,11.865000,set0,original-openmp,mimalloc,1
newdxx_g,BaTiO3_nat005,64000,27609,32,10,11.752000,set0,original-openmp,mimalloc,1
newdxx_g,BaTiO3_nat005,64000,27609,32,11,11.752000,set0,original-openmp,mimalloc,1
newdxx_g,BaTiO3_nat005,64000,27609,32,12,11.707000,set0,original-openmp,mimalloc,1
newdxx_g,BaTiO3_nat005,64000,27609,32,13,11.752000,set0,original-openmp,mimalloc,1
newdxx_g,BaTiO3_nat005,64000,27609,32,14,11.806000,set0,original-openmp,mimalloc,1
newdxx_g,BaTiO3_nat005,64000,27609,32,15,11.774000,set0,original-openmp,mimalloc,1
newdxx_g,BaTiO3_nat005,64000,27609,32,16,11.648000,set0,original-openmp,mimalloc,1
newdxx_g,BaTiO3_nat005,64000,27609,32,17,11.853000,set0,original-openmp,mimalloc,1
newdxx_g,BaTiO3_nat005,64000,27609,32,18,11.770000,set0,original-openmp,mimalloc,1
newdxx_g,BaTiO3_nat005,64000,27609,32,19,11.793000,set0,original-openmp,mimalloc,1
newdxx_g,BaTiO3_nat005,64000,27609,64,0,11.863000,set0,original-openmp,mimalloc,1
newdxx_g,BaTiO3_nat005,64000,27609,64,1,11.737000,set0,original-openmp,mimalloc,1
newdxx_g,BaTiO3_nat005,64000,27609,64,2,11.754000,set0,original-openmp,mimalloc,1
newdxx_g,BaTiO3_nat005,64000,27609,64,3,11.873000,set0,original-openmp,mimalloc,1
newdxx_g,BaTiO3_nat005,64000,27609,64,4,11.709000,set0,original-openmp,mimalloc,1
newdxx_g,BaTiO3_nat005,64000,27609,64,5,11.850000,set0,original-openmp,mimalloc,1
newdxx_g,BaTiO3_nat005,64000,27609,64,6,11.776000,set0,original-openmp,mimalloc,1
newdxx_g,BaTiO3_nat005,64000,27609,64,7,11.734000,set0,original-openmp,mimalloc,1
newdxx_g,BaTiO3_nat005,64000,27609,64,8,11.582000,set0,original-openmp,mimalloc,1
newdxx_g,BaTiO3_nat005,64000,27609,64,9,11.546000,set0,original-openmp,mimalloc,1
newdxx_g,BaTiO3_nat005,64000,27609,64,10,11.743000,set0,original-openmp,mimalloc,1
newdxx_g,BaTiO3_nat005,64000,27609,64,11,11.689000,set0,original-openmp,mimalloc,1
newdxx_g,BaTiO3_nat005,64000,27609,64,12,11.752000,set0,original-openmp,mimalloc,1
newdxx_g,BaTiO3_nat005,64000,27609,64,13,11.773000,set0,original-openmp,mimalloc,1
newdxx_g,BaTiO3_nat005,64000,27609,64,14,11.770000,set0,original-openmp,mimalloc,1
newdxx_g,BaTiO3_nat005,64000,27609,64,15,11.770000,set0,original-openmp,mimalloc,1
newdxx_g,BaTiO3_nat005,64000,27609,64,16,11.807000,set0,original-openmp,mimalloc,1
newdxx_g,BaTiO3_nat005,64000,27609,64,17,11.811000,set0,original-openmp,mimalloc,1
newdxx_g,BaTiO3_nat005,64000,27609,64,18,11.711000,set0,original-openmp,mimalloc,1
newdxx_g,BaTiO3_nat005,64000,27609,64,19,11.631000,set0,original-openmp,mimalloc,1
newdxx_g,BaTiO3_nat005,64000,27609,72,0,11.737000,set0,original-openmp,mimalloc,1
newdxx_g,BaTiO3_nat005,64000,27609,72,1,11.752000,set0,original-openmp,mimalloc,1
newdxx_g,BaTiO3_nat005,64000,27609,72,2,11.846000,set0,original-openmp,mimalloc,1
newdxx_g,BaTiO3_nat005,64000,27609,72,3,11.881000,set0,original-openmp,mimalloc,1
newdxx_g,BaTiO3_nat005,64000,27609,72,4,11.832000,set0,original-openmp,mimalloc,1
newdxx_g,BaTiO3_nat005,64000,27609,72,5,11.845000,set0,original-openmp,mimalloc,1
newdxx_g,BaTiO3_nat005,64000,27609,72,6,11.784000,set0,original-openmp,mimalloc,1
newdxx_g,BaTiO3_nat005,64000,27609,72,7,11.817000,set0,original-openmp,mimalloc,1
newdxx_g,BaTiO3_nat005,64000,27609,72,8,11.870000,set0,original-openmp,mimalloc,1
newdxx_g,BaTiO3_nat005,64000,27609,72,9,11.832000,set0,original-openmp,mimalloc,1
newdxx_g,BaTiO3_nat005,64000,27609,72,10,11.661000,set0,original-openmp,mimalloc,1
newdxx_g,BaTiO3_nat005,64000,27609,72,11,11.665000,set0,original-openmp,mimalloc,1
newdxx_g,BaTiO3_nat005,64000,27609,72,12,11.803000,set0,original-openmp,mimalloc,1
newdxx_g,BaTiO3_nat005,64000,27609,72,13,11.644000,set0,original-openmp,mimalloc,1
newdxx_g,BaTiO3_nat005,64000,27609,72,14,11.990000,set0,original-openmp,mimalloc,1
newdxx_g,BaTiO3_nat005,64000,27609,72,15,11.846000,set0,original-openmp,mimalloc,1
newdxx_g,BaTiO3_nat005,64000,27609,72,16,11.796000,set0,original-openmp,mimalloc,1
newdxx_g,BaTiO3_nat005,64000,27609,72,17,11.846000,set0,original-openmp,mimalloc,1
newdxx_g,BaTiO3_nat005,64000,27609,72,18,11.787000,set0,original-openmp,mimalloc,1
newdxx_g,BaTiO3_nat005,64000,27609,72,19,11.768000,set0,original-openmp,mimalloc,1
newdxx_g,BaTiO3_nat005,64000,27609,1,0,1142.919000,set0_rep64,original-openmp,mimalloc,64
newdxx_g,BaTiO3_nat005,64000,27609,1,1,1141.426000,set0_rep64,original-openmp,mimalloc,64
newdxx_g,BaTiO3_nat005,64000,27609,1,2,1143.325000,set0_rep64,original-openmp,mimalloc,64
newdxx_g,BaTiO3_nat005,64000,27609,1,3,1141.258000,set0_rep64,original-openmp,mimalloc,64
newdxx_g,BaTiO3_nat005,64000,27609,1,4,1143.376000,set0_rep64,original-openmp,mimalloc,64
newdxx_g,BaTiO3_nat005,64000,27609,1,5,1141.518000,set0_rep64,original-openmp,mimalloc,64
newdxx_g,BaTiO3_nat005,64000,27609,1,6,1140.534000,set0_rep64,original-openmp,mimalloc,64
newdxx_g,BaTiO3_nat005,64000,27609,1,7,1140.649000,set0_rep64,original-openmp,mimalloc,64
newdxx_g,BaTiO3_nat005,64000,27609,1,8,1139.987000,set0_rep64,original-openmp,mimalloc,64
newdxx_g,BaTiO3_nat005,64000,27609,1,9,1139.438000,set0_rep64,original-openmp,mimalloc,64
newdxx_g,BaTiO3_nat005,64000,27609,1,10,1139.187000,set0_rep64,original-openmp,mimalloc,64
newdxx_g,BaTiO3_nat005,64000,27609,1,11,1138.370000,set0_rep64,original-openmp,mimalloc,64
newdxx_g,BaTiO3_nat005,64000,27609,1,12,1139.293000,set0_rep64,original-openmp,mimalloc,64
newdxx_g,BaTiO3_nat005,64000,27609,1,13,1139.351000,set0_rep64,original-openmp,mimalloc,64
newdxx_g,BaTiO3_nat005,64000,27609,1,14,1137.422000,set0_rep64,original-openmp,mimalloc,64
newdxx_g,BaTiO3_nat005,64000,27609,1,15,1139.255000,set0_rep64,original-openmp,mimalloc,64
newdxx_g,BaTiO3_nat005,64000,27609,1,16,1138.520000,set0_rep64,original-openmp,mimalloc,64
newdxx_g,BaTiO3_nat005,64000,27609,1,17,1137.796000,set0_rep64,original-openmp,mimalloc,64
newdxx_g,BaTiO3_nat005,64000,27609,1,18,1136.503000,set0_rep64,original-openmp,mimalloc,64
newdxx_g,BaTiO3_nat005,64000,27609,1,19,1137.599000,set0_rep64,original-openmp,mimalloc,64
newdxx_g,BaTiO3_nat005,64000,27609,2,0,592.915000,set0_rep64,original-openmp,mimalloc,64
newdxx_g,BaTiO3_nat005,64000,27609,2,1,593.468000,set0_rep64,original-openmp,mimalloc,64
newdxx_g,BaTiO3_nat005,64000,27609,2,2,591.324000,set0_rep64,original-openmp,mimalloc,64
newdxx_g,BaTiO3_nat005,64000,27609,2,3,586.569000,set0_rep64,original-openmp,mimalloc,64
newdxx_g,BaTiO3_nat005,64000,27609,2,4,585.635000,set0_rep64,original-openmp,mimalloc,64
newdxx_g,BaTiO3_nat005,64000,27609,2,5,586.147000,set0_rep64,original-openmp,mimalloc,64
newdxx_g,BaTiO3_nat005,64000,27609,2,6,586.392000,set0_rep64,original-openmp,mimalloc,64
newdxx_g,BaTiO3_nat005,64000,27609,2,7,586.179000,set0_rep64,original-openmp,mimalloc,64
newdxx_g,BaTiO3_nat005,64000,27609,2,8,587.823000,set0_rep64,original-openmp,mimalloc,64
newdxx_g,BaTiO3_nat005,64000,27609,2,9,586.416000,set0_rep64,original-openmp,mimalloc,64
newdxx_g,BaTiO3_nat005,64000,27609,2,10,586.106000,set0_rep64,original-openmp,mimalloc,64
newdxx_g,BaTiO3_nat005,64000,27609,2,11,585.783000,set0_rep64,original-openmp,mimalloc,64
newdxx_g,BaTiO3_nat005,64000,27609,2,12,586.318000,set0_rep64,original-openmp,mimalloc,64
newdxx_g,BaTiO3_nat005,64000,27609,2,13,586.070000,set0_rep64,original-openmp,mimalloc,64
newdxx_g,BaTiO3_nat005,64000,27609,2,14,586.481000,set0_rep64,original-openmp,mimalloc,64
newdxx_g,BaTiO3_nat005,64000,27609,2,15,586.244000,set0_rep64,original-openmp,mimalloc,64
newdxx_g,BaTiO3_nat005,64000,27609,2,16,586.650000,set0_rep64,original-openmp,mimalloc,64
newdxx_g,BaTiO3_nat005,64000,27609,2,17,585.979000,set0_rep64,original-openmp,mimalloc,64
newdxx_g,BaTiO3_nat005,64000,27609,2,18,587.656000,set0_rep64,original-openmp,mimalloc,64
newdxx_g,BaTiO3_nat005,64000,27609,2,19,587.169000,set0_rep64,original-openmp,mimalloc,64
newdxx_g,BaTiO3_nat005,64000,27609,4,0,303.252000,set0_rep64,original-openmp,mimalloc,64
newdxx_g,BaTiO3_nat005,64000,27609,4,1,301.363000,set0_rep64,original-openmp,mimalloc,64
newdxx_g,BaTiO3_nat005,64000,27609,4,2,302.878000,set0_rep64,original-openmp,mimalloc,64
newdxx_g,BaTiO3_nat005,64000,27609,4,3,302.884000,set0_rep64,original-openmp,mimalloc,64
newdxx_g,BaTiO3_nat005,64000,27609,4,4,302.420000,set0_rep64,original-openmp,mimalloc,64
newdxx_g,BaTiO3_nat005,64000,27609,4,5,303.047000,set0_rep64,original-openmp,mimalloc,64
newdxx_g,BaTiO3_nat005,64000,27609,4,6,302.711000,set0_rep64,original-openmp,mimalloc,64
newdxx_g,BaTiO3_nat005,64000,27609,4,7,304.059000,set0_rep64,original-openmp,mimalloc,64
newdxx_g,BaTiO3_nat005,64000,27609,4,8,302.369000,set0_rep64,original-openmp,mimalloc,64
newdxx_g,BaTiO3_nat005,64000,27609,4,9,302.321000,set0_rep64,original-openmp,mimalloc,64
newdxx_g,BaTiO3_nat005,64000,27609,4,10,303.358000,set0_rep64,original-openmp,mimalloc,64
newdxx_g,BaTiO3_nat005,64000,27609,4,11,302.762000,set0_rep64,original-openmp,mimalloc,64
newdxx_g,BaTiO3_nat005,64000,27609,4,12,303.562000,set0_rep64,original-openmp,mimalloc,64
newdxx_g,BaTiO3_nat005,64000,27609,4,13,302.006000,set0_rep64,original-openmp,mimalloc,64
newdxx_g,BaTiO3_nat005,64000,27609,4,14,301.540000,set0_rep64,original-openmp,mimalloc,64
newdxx_g,BaTiO3_nat005,64000,27609,4,15,301.819000,set0_rep64,original-openmp,mimalloc,64
newdxx_g,BaTiO3_nat005,64000,27609,4,16,301.634000,set0_rep64,original-openmp,mimalloc,64
newdxx_g,BaTiO3_nat005,64000,27609,4,17,301.998000,set0_rep64,original-openmp,mimalloc,64
newdxx_g,BaTiO3_nat005,64000,27609,4,18,301.293000,set0_rep64,original-openmp,mimalloc,64
newdxx_g,BaTiO3_nat005,64000,27609,4,19,302.154000,set0_rep64,original-openmp,mimalloc,64
newdxx_g,BaTiO3_nat005,64000,27609,8,0,150.883000,set0_rep64,original-openmp,mimalloc,64
newdxx_g,BaTiO3_nat005,64000,27609,8,1,151.298000,set0_rep64,original-openmp,mimalloc,64
newdxx_g,BaTiO3_nat005,64000,27609,8,2,150.613000,set0_rep64,original-openmp,mimalloc,64
newdxx_g,BaTiO3_nat005,64000,27609,8,3,151.109000,set0_rep64,original-openmp,mimalloc,64
newdxx_g,BaTiO3_nat005,64000,27609,8,4,150.367000,set0_rep64,original-openmp,mimalloc,64
newdxx_g,BaTiO3_nat005,64000,27609,8,5,151.615000,set0_rep64,original-openmp,mimalloc,64
newdxx_g,BaTiO3_nat005,64000,27609,8,6,151.068000,set0_rep64,original-openmp,mimalloc,64
newdxx_g,BaTiO3_nat005,64000,27609,8,7,151.014000,set0_rep64,original-openmp,mimalloc,64
newdxx_g,BaTiO3_nat005,64000,27609,8,8,150.982000,set0_rep64,original-openmp,mimalloc,64
newdxx_g,BaTiO3_nat005,64000,27609,8,9,151.122000,set0_rep64,original-openmp,mimalloc,64
newdxx_g,BaTiO3_nat005,64000,27609,8,10,151.100000,set0_rep64,original-openmp,mimalloc,64
newdxx_g,BaTiO3_nat005,64000,27609,8,11,151.000000,set0_rep64,original-openmp,mimalloc,64
newdxx_g,BaTiO3_nat005,64000,27609,8,12,150.537000,set0_rep64,original-openmp,mimalloc,64
newdxx_g,BaTiO3_nat005,64000,27609,8,13,150.776000,set0_rep64,original-openmp,mimalloc,64
newdxx_g,BaTiO3_nat005,64000,27609,8,14,150.509000,set0_rep64,original-openmp,mimalloc,64
newdxx_g,BaTiO3_nat005,64000,27609,8,15,151.170000,set0_rep64,original-openmp,mimalloc,64
newdxx_g,BaTiO3_nat005,64000,27609,8,16,150.841000,set0_rep64,original-openmp,mimalloc,64
newdxx_g,BaTiO3_nat005,64000,27609,8,17,150.970000,set0_rep64,original-openmp,mimalloc,64
newdxx_g,BaTiO3_nat005,64000,27609,8,18,150.792000,set0_rep64,original-openmp,mimalloc,64
newdxx_g,BaTiO3_nat005,64000,27609,8,19,150.855000,set0_rep64,original-openmp,mimalloc,64
newdxx_g,BaTiO3_nat005,64000,27609,16,0,78.116000,set0_rep64,original-openmp,mimalloc,64
newdxx_g,BaTiO3_nat005,64000,27609,16,1,78.295000,set0_rep64,original-openmp,mimalloc,64
newdxx_g,BaTiO3_nat005,64000,27609,16,2,77.479000,set0_rep64,original-openmp,mimalloc,64
newdxx_g,BaTiO3_nat005,64000,27609,16,3,77.866000,set0_rep64,original-openmp,mimalloc,64
newdxx_g,BaTiO3_nat005,64000,27609,16,4,78.227000,set0_rep64,original-openmp,mimalloc,64
newdxx_g,BaTiO3_nat005,64000,27609,16,5,77.961000,set0_rep64,original-openmp,mimalloc,64
newdxx_g,BaTiO3_nat005,64000,27609,16,6,78.106000,set0_rep64,original-openmp,mimalloc,64
newdxx_g,BaTiO3_nat005,64000,27609,16,7,78.223000,set0_rep64,original-openmp,mimalloc,64
newdxx_g,BaTiO3_nat005,64000,27609,16,8,78.000000,set0_rep64,original-openmp,mimalloc,64
newdxx_g,BaTiO3_nat005,64000,27609,16,9,77.645000,set0_rep64,original-openmp,mimalloc,64
newdxx_g,BaTiO3_nat005,64000,27609,16,10,77.771000,set0_rep64,original-openmp,mimalloc,64
newdxx_g,BaTiO3_nat005,64000,27609,16,11,77.799000,set0_rep64,original-openmp,mimalloc,64
newdxx_g,BaTiO3_nat005,64000,27609,16,12,77.575000,set0_rep64,original-openmp,mimalloc,64
newdxx_g,BaTiO3_nat005,64000,27609,16,13,77.560000,set0_rep64,original-openmp,mimalloc,64
newdxx_g,BaTiO3_nat005,64000,27609,16,14,78.174000,set0_rep64,original-openmp,mimalloc,64
newdxx_g,BaTiO3_nat005,64000,27609,16,15,77.745000,set0_rep64,original-openmp,mimalloc,64
newdxx_g,BaTiO3_nat005,64000,27609,16,16,78.000000,set0_rep64,original-openmp,mimalloc,64
newdxx_g,BaTiO3_nat005,64000,27609,16,17,77.725000,set0_rep64,original-openmp,mimalloc,64
newdxx_g,BaTiO3_nat005,64000,27609,16,18,77.591000,set0_rep64,original-openmp,mimalloc,64
newdxx_g,BaTiO3_nat005,64000,27609,16,19,77.536000,set0_rep64,original-openmp,mimalloc,64
newdxx_g,BaTiO3_nat005,64000,27609,32,0,41.958000,set0_rep64,original-openmp,mimalloc,64
newdxx_g,BaTiO3_nat005,64000,27609,32,1,41.944000,set0_rep64,original-openmp,mimalloc,64
newdxx_g,BaTiO3_nat005,64000,27609,32,2,42.038000,set0_rep64,original-openmp,mimalloc,64
newdxx_g,BaTiO3_nat005,64000,27609,32,3,41.922000,set0_rep64,original-openmp,mimalloc,64
newdxx_g,BaTiO3_nat005,64000,27609,32,4,41.970000,set0_rep64,original-openmp,mimalloc,64
newdxx_g,BaTiO3_nat005,64000,27609,32,5,41.701000,set0_rep64,original-openmp,mimalloc,64
newdxx_g,BaTiO3_nat005,64000,27609,32,6,41.884000,set0_rep64,original-openmp,mimalloc,64
newdxx_g,BaTiO3_nat005,64000,27609,32,7,41.612000,set0_rep64,original-openmp,mimalloc,64
newdxx_g,BaTiO3_nat005,64000,27609,32,8,42.169000,set0_rep64,original-openmp,mimalloc,64
newdxx_g,BaTiO3_nat005,64000,27609,32,9,41.646000,set0_rep64,original-openmp,mimalloc,64
newdxx_g,BaTiO3_nat005,64000,27609,32,10,41.753000,set0_rep64,original-openmp,mimalloc,64
newdxx_g,BaTiO3_nat005,64000,27609,32,11,41.886000,set0_rep64,original-openmp,mimalloc,64
newdxx_g,BaTiO3_nat005,64000,27609,32,12,42.349000,set0_rep64,original-openmp,mimalloc,64
newdxx_g,BaTiO3_nat005,64000,27609,32,13,41.919000,set0_rep64,original-openmp,mimalloc,64
newdxx_g,BaTiO3_nat005,64000,27609,32,14,41.980000,set0_rep64,original-openmp,mimalloc,64
newdxx_g,BaTiO3_nat005,64000,27609,32,15,41.912000,set0_rep64,original-openmp,mimalloc,64
newdxx_g,BaTiO3_nat005,64000,27609,32,16,41.870000,set0_rep64,original-openmp,mimalloc,64
newdxx_g,BaTiO3_nat005,64000,27609,32,17,41.927000,set0_rep64,original-openmp,mimalloc,64
newdxx_g,BaTiO3_nat005,64000,27609,32,18,42.189000,set0_rep64,original-openmp,mimalloc,64
newdxx_g,BaTiO3_nat005,64000,27609,32,19,41.839000,set0_rep64,original-openmp,mimalloc,64
newdxx_g,BaTiO3_nat005,64000,27609,64,0,23.063000,set0_rep64,original-openmp,mimalloc,64
newdxx_g,BaTiO3_nat005,64000,27609,64,1,23.201000,set0_rep64,original-openmp,mimalloc,64
newdxx_g,BaTiO3_nat005,64000,27609,64,2,22.844000,set0_rep64,original-openmp,mimalloc,64
newdxx_g,BaTiO3_nat005,64000,27609,64,3,23.102000,set0_rep64,original-openmp,mimalloc,64
newdxx_g,BaTiO3_nat005,64000,27609,64,4,23.213000,set0_rep64,original-openmp,mimalloc,64
newdxx_g,BaTiO3_nat005,64000,27609,64,5,23.497000,set0_rep64,original-openmp,mimalloc,64
newdxx_g,BaTiO3_nat005,64000,27609,64,6,22.841000,set0_rep64,original-openmp,mimalloc,64
newdxx_g,BaTiO3_nat005,64000,27609,64,7,23.265000,set0_rep64,original-openmp,mimalloc,64
newdxx_g,BaTiO3_nat005,64000,27609,64,8,23.401000,set0_rep64,original-openmp,mimalloc,64
newdxx_g,BaTiO3_nat005,64000,27609,64,9,23.428000,set0_rep64,original-openmp,mimalloc,64
newdxx_g,BaTiO3_nat005,64000,27609,64,10,23.104000,set0_rep64,original-openmp,mimalloc,64
newdxx_g,BaTiO3_nat005,64000,27609,64,11,23.203000,set0_rep64,original-openmp,mimalloc,64
newdxx_g,BaTiO3_nat005,64000,27609,64,12,23.526000,set0_rep64,original-openmp,mimalloc,64
newdxx_g,BaTiO3_nat005,64000,27609,64,13,22.970000,set0_rep64,original-openmp,mimalloc,64
newdxx_g,BaTiO3_nat005,64000,27609,64,14,23.441000,set0_rep64,original-openmp,mimalloc,64
newdxx_g,BaTiO3_nat005,64000,27609,64,15,22.972000,set0_rep64,original-openmp,mimalloc,64
newdxx_g,BaTiO3_nat005,64000,27609,64,16,23.469000,set0_rep64,original-openmp,mimalloc,64
newdxx_g,BaTiO3_nat005,64000,27609,64,17,22.813000,set0_rep64,original-openmp,mimalloc,64
newdxx_g,BaTiO3_nat005,64000,27609,64,18,23.390000,set0_rep64,original-openmp,mimalloc,64
newdxx_g,BaTiO3_nat005,64000,27609,64,19,22.819000,set0_rep64,original-openmp,mimalloc,64
newdxx_g,BaTiO3_nat005,64000,27609,72,0,22.976000,set0_rep64,original-openmp,mimalloc,64
newdxx_g,BaTiO3_nat005,64000,27609,72,1,22.992000,set0_rep64,original-openmp,mimalloc,64
newdxx_g,BaTiO3_nat005,64000,27609,72,2,23.237000,set0_rep64,original-openmp,mimalloc,64
newdxx_g,BaTiO3_nat005,64000,27609,72,3,23.261000,set0_rep64,original-openmp,mimalloc,64
newdxx_g,BaTiO3_nat005,64000,27609,72,4,23.030000,set0_rep64,original-openmp,mimalloc,64
newdxx_g,BaTiO3_nat005,64000,27609,72,5,23.233000,set0_rep64,original-openmp,mimalloc,64
newdxx_g,BaTiO3_nat005,64000,27609,72,6,23.299000,set0_rep64,original-openmp,mimalloc,64
newdxx_g,BaTiO3_nat005,64000,27609,72,7,23.430000,set0_rep64,original-openmp,mimalloc,64
newdxx_g,BaTiO3_nat005,64000,27609,72,8,23.313000,set0_rep64,original-openmp,mimalloc,64
newdxx_g,BaTiO3_nat005,64000,27609,72,9,23.213000,set0_rep64,original-openmp,mimalloc,64
newdxx_g,BaTiO3_nat005,64000,27609,72,10,23.290000,set0_rep64,original-openmp,mimalloc,64
newdxx_g,BaTiO3_nat005,64000,27609,72,11,23.298000,set0_rep64,original-openmp,mimalloc,64
newdxx_g,BaTiO3_nat005,64000,27609,72,12,23.179000,set0_rep64,original-openmp,mimalloc,64
newdxx_g,BaTiO3_nat005,64000,27609,72,13,23.495000,set0_rep64,original-openmp,mimalloc,64
newdxx_g,BaTiO3_nat005,64000,27609,72,14,23.397000,set0_rep64,original-openmp,mimalloc,64
newdxx_g,BaTiO3_nat005,64000,27609,72,15,23.538000,set0_rep64,original-openmp,mimalloc,64
newdxx_g,BaTiO3_nat005,64000,27609,72,16,23.152000,set0_rep64,original-openmp,mimalloc,64
newdxx_g,BaTiO3_nat005,64000,27609,72,17,23.394000,set0_rep64,original-openmp,mimalloc,64
newdxx_g,BaTiO3_nat005,64000,27609,72,18,23.157000,set0_rep64,original-openmp,mimalloc,64
newdxx_g,BaTiO3_nat005,64000,27609,72,19,23.555000,set0_rep64,original-openmp,mimalloc,64
newdxx_g,BaTiO3_nat005,64000,27609,1,0,26.683000,set1,original-openmp,mimalloc,1
newdxx_g,BaTiO3_nat005,64000,27609,1,1,26.580000,set1,original-openmp,mimalloc,1
newdxx_g,BaTiO3_nat005,64000,27609,1,2,26.430000,set1,original-openmp,mimalloc,1
newdxx_g,BaTiO3_nat005,64000,27609,1,3,26.592000,set1,original-openmp,mimalloc,1
newdxx_g,BaTiO3_nat005,64000,27609,1,4,26.603000,set1,original-openmp,mimalloc,1
newdxx_g,BaTiO3_nat005,64000,27609,1,5,26.441000,set1,original-openmp,mimalloc,1
newdxx_g,BaTiO3_nat005,64000,27609,1,6,26.503000,set1,original-openmp,mimalloc,1
newdxx_g,BaTiO3_nat005,64000,27609,1,7,26.449000,set1,original-openmp,mimalloc,1
newdxx_g,BaTiO3_nat005,64000,27609,1,8,26.578000,set1,original-openmp,mimalloc,1
newdxx_g,BaTiO3_nat005,64000,27609,1,9,26.430000,set1,original-openmp,mimalloc,1
newdxx_g,BaTiO3_nat005,64000,27609,1,10,26.595000,set1,original-openmp,mimalloc,1
newdxx_g,BaTiO3_nat005,64000,27609,1,11,26.583000,set1,original-openmp,mimalloc,1
newdxx_g,BaTiO3_nat005,64000,27609,1,12,26.531000,set1,original-openmp,mimalloc,1
newdxx_g,BaTiO3_nat005,64000,27609,1,13,26.731000,set1,original-openmp,mimalloc,1
newdxx_g,BaTiO3_nat005,64000,27609,1,14,26.781000,set1,original-openmp,mimalloc,1
newdxx_g,BaTiO3_nat005,64000,27609,1,15,26.806000,set1,original-openmp,mimalloc,1
newdxx_g,BaTiO3_nat005,64000,27609,1,16,26.654000,set1,original-openmp,mimalloc,1
newdxx_g,BaTiO3_nat005,64000,27609,1,17,26.557000,set1,original-openmp,mimalloc,1
newdxx_g,BaTiO3_nat005,64000,27609,1,18,26.548000,set1,original-openmp,mimalloc,1
newdxx_g,BaTiO3_nat005,64000,27609,1,19,26.661000,set1,original-openmp,mimalloc,1
newdxx_g,BaTiO3_nat005,64000,27609,2,0,23.672000,set1,original-openmp,mimalloc,1
newdxx_g,BaTiO3_nat005,64000,27609,2,1,23.799000,set1,original-openmp,mimalloc,1
newdxx_g,BaTiO3_nat005,64000,27609,2,2,23.483000,set1,original-openmp,mimalloc,1
newdxx_g,BaTiO3_nat005,64000,27609,2,3,23.516000,set1,original-openmp,mimalloc,1
newdxx_g,BaTiO3_nat005,64000,27609,2,4,23.708000,set1,original-openmp,mimalloc,1
newdxx_g,BaTiO3_nat005,64000,27609,2,5,23.583000,set1,original-openmp,mimalloc,1
newdxx_g,BaTiO3_nat005,64000,27609,2,6,23.697000,set1,original-openmp,mimalloc,1
newdxx_g,BaTiO3_nat005,64000,27609,2,7,23.551000,set1,original-openmp,mimalloc,1
newdxx_g,BaTiO3_nat005,64000,27609,2,8,23.683000,set1,original-openmp,mimalloc,1
newdxx_g,BaTiO3_nat005,64000,27609,2,9,23.781000,set1,original-openmp,mimalloc,1
newdxx_g,BaTiO3_nat005,64000,27609,2,10,23.632000,set1,original-openmp,mimalloc,1
newdxx_g,BaTiO3_nat005,64000,27609,2,11,23.497000,set1,original-openmp,mimalloc,1
newdxx_g,BaTiO3_nat005,64000,27609,2,12,23.490000,set1,original-openmp,mimalloc,1
newdxx_g,BaTiO3_nat005,64000,27609,2,13,23.739000,set1,original-openmp,mimalloc,1
newdxx_g,BaTiO3_nat005,64000,27609,2,14,23.680000,set1,original-openmp,mimalloc,1
newdxx_g,BaTiO3_nat005,64000,27609,2,15,23.541000,set1,original-openmp,mimalloc,1
newdxx_g,BaTiO3_nat005,64000,27609,2,16,23.523000,set1,original-openmp,mimalloc,1
newdxx_g,BaTiO3_nat005,64000,27609,2,17,23.518000,set1,original-openmp,mimalloc,1
newdxx_g,BaTiO3_nat005,64000,27609,2,18,23.659000,set1,original-openmp,mimalloc,1
newdxx_g,BaTiO3_nat005,64000,27609,2,19,23.524000,set1,original-openmp,mimalloc,1
newdxx_g,BaTiO3_nat005,64000,27609,4,0,21.718000,set1,original-openmp,mimalloc,1
newdxx_g,BaTiO3_nat005,64000,27609,4,1,21.836000,set1,original-openmp,mimalloc,1
newdxx_g,BaTiO3_nat005,64000,27609,4,2,21.839000,set1,original-openmp,mimalloc,1
newdxx_g,BaTiO3_nat005,64000,27609,4,3,21.787000,set1,original-openmp,mimalloc,1
newdxx_g,BaTiO3_nat005,64000,27609,4,4,21.821000,set1,original-openmp,mimalloc,1
newdxx_g,BaTiO3_nat005,64000,27609,4,5,21.546000,set1,original-openmp,mimalloc,1
newdxx_g,BaTiO3_nat005,64000,27609,4,6,21.827000,set1,original-openmp,mimalloc,1
newdxx_g,BaTiO3_nat005,64000,27609,4,7,21.587000,set1,original-openmp,mimalloc,1
newdxx_g,BaTiO3_nat005,64000,27609,4,8,21.836000,set1,original-openmp,mimalloc,1
newdxx_g,BaTiO3_nat005,64000,27609,4,9,21.653000,set1,original-openmp,mimalloc,1
newdxx_g,BaTiO3_nat005,64000,27609,4,10,21.742000,set1,original-openmp,mimalloc,1
newdxx_g,BaTiO3_nat005,64000,27609,4,11,21.715000,set1,original-openmp,mimalloc,1
newdxx_g,BaTiO3_nat005,64000,27609,4,12,21.648000,set1,original-openmp,mimalloc,1
newdxx_g,BaTiO3_nat005,64000,27609,4,13,21.678000,set1,original-openmp,mimalloc,1
newdxx_g,BaTiO3_nat005,64000,27609,4,14,21.615000,set1,original-openmp,mimalloc,1
newdxx_g,BaTiO3_nat005,64000,27609,4,15,21.922000,set1,original-openmp,mimalloc,1
newdxx_g,BaTiO3_nat005,64000,27609,4,16,21.835000,set1,original-openmp,mimalloc,1
newdxx_g,BaTiO3_nat005,64000,27609,4,17,21.725000,set1,original-openmp,mimalloc,1
newdxx_g,BaTiO3_nat005,64000,27609,4,18,21.714000,set1,original-openmp,mimalloc,1
newdxx_g,BaTiO3_nat005,64000,27609,4,19,21.876000,set1,original-openmp,mimalloc,1
newdxx_g,BaTiO3_nat005,64000,27609,8,0,11.739000,set1,original-openmp,mimalloc,1
newdxx_g,BaTiO3_nat005,64000,27609,8,1,11.850000,set1,original-openmp,mimalloc,1
newdxx_g,BaTiO3_nat005,64000,27609,8,2,11.812000,set1,original-openmp,mimalloc,1
newdxx_g,BaTiO3_nat005,64000,27609,8,3,11.736000,set1,original-openmp,mimalloc,1
newdxx_g,BaTiO3_nat005,64000,27609,8,4,11.816000,set1,original-openmp,mimalloc,1
newdxx_g,BaTiO3_nat005,64000,27609,8,5,11.771000,set1,original-openmp,mimalloc,1
newdxx_g,BaTiO3_nat005,64000,27609,8,6,11.804000,set1,original-openmp,mimalloc,1
newdxx_g,BaTiO3_nat005,64000,27609,8,7,11.712000,set1,original-openmp,mimalloc,1
newdxx_g,BaTiO3_nat005,64000,27609,8,8,11.783000,set1,original-openmp,mimalloc,1
newdxx_g,BaTiO3_nat005,64000,27609,8,9,11.692000,set1,original-openmp,mimalloc,1
newdxx_g,BaTiO3_nat005,64000,27609,8,10,11.750000,set1,original-openmp,mimalloc,1
newdxx_g,BaTiO3_nat005,64000,27609,8,11,11.616000,set1,original-openmp,mimalloc,1
newdxx_g,BaTiO3_nat005,64000,27609,8,12,11.696000,set1,original-openmp,mimalloc,1
newdxx_g,BaTiO3_nat005,64000,27609,8,13,11.627000,set1,original-openmp,mimalloc,1
newdxx_g,BaTiO3_nat005,64000,27609,8,14,11.604000,set1,original-openmp,mimalloc,1
newdxx_g,BaTiO3_nat005,64000,27609,8,15,11.717000,set1,original-openmp,mimalloc,1
newdxx_g,BaTiO3_nat005,64000,27609,8,16,11.679000,set1,original-openmp,mimalloc,1
newdxx_g,BaTiO3_nat005,64000,27609,8,17,11.586000,set1,original-openmp,mimalloc,1
newdxx_g,BaTiO3_nat005,64000,27609,8,18,11.716000,set1,original-openmp,mimalloc,1
newdxx_g,BaTiO3_nat005,64000,27609,8,19,11.742000,set1,original-openmp,mimalloc,1
newdxx_g,BaTiO3_nat005,64000,27609,16,0,11.728000,set1,original-openmp,mimalloc,1
newdxx_g,BaTiO3_nat005,64000,27609,16,1,11.808000,set1,original-openmp,mimalloc,1
newdxx_g,BaTiO3_nat005,64000,27609,16,2,11.770000,set1,original-openmp,mimalloc,1
newdxx_g,BaTiO3_nat005,64000,27609,16,3,11.885000,set1,original-openmp,mimalloc,1
newdxx_g,BaTiO3_nat005,64000,27609,16,4,11.669000,set1,original-openmp,mimalloc,1
newdxx_g,BaTiO3_nat005,64000,27609,16,5,11.754000,set1,original-openmp,mimalloc,1
newdxx_g,BaTiO3_nat005,64000,27609,16,6,11.701000,set1,original-openmp,mimalloc,1
newdxx_g,BaTiO3_nat005,64000,27609,16,7,11.855000,set1,original-openmp,mimalloc,1
newdxx_g,BaTiO3_nat005,64000,27609,16,8,11.707000,set1,original-openmp,mimalloc,1
newdxx_g,BaTiO3_nat005,64000,27609,16,9,11.880000,set1,original-openmp,mimalloc,1
newdxx_g,BaTiO3_nat005,64000,27609,16,10,11.663000,set1,original-openmp,mimalloc,1
newdxx_g,BaTiO3_nat005,64000,27609,16,11,11.789000,set1,original-openmp,mimalloc,1
newdxx_g,BaTiO3_nat005,64000,27609,16,12,11.769000,set1,original-openmp,mimalloc,1
newdxx_g,BaTiO3_nat005,64000,27609,16,13,11.750000,set1,original-openmp,mimalloc,1
newdxx_g,BaTiO3_nat005,64000,27609,16,14,11.646000,set1,original-openmp,mimalloc,1
newdxx_g,BaTiO3_nat005,64000,27609,16,15,11.783000,set1,original-openmp,mimalloc,1
newdxx_g,BaTiO3_nat005,64000,27609,16,16,11.771000,set1,original-openmp,mimalloc,1
newdxx_g,BaTiO3_nat005,64000,27609,16,17,11.606000,set1,original-openmp,mimalloc,1
newdxx_g,BaTiO3_nat005,64000,27609,16,18,11.945000,set1,original-openmp,mimalloc,1
newdxx_g,BaTiO3_nat005,64000,27609,16,19,11.766000,set1,original-openmp,mimalloc,1
newdxx_g,BaTiO3_nat005,64000,27609,32,0,11.756000,set1,original-openmp,mimalloc,1
newdxx_g,BaTiO3_nat005,64000,27609,32,1,11.829000,set1,original-openmp,mimalloc,1
newdxx_g,BaTiO3_nat005,64000,27609,32,2,11.806000,set1,original-openmp,mimalloc,1
newdxx_g,BaTiO3_nat005,64000,27609,32,3,11.786000,set1,original-openmp,mimalloc,1
newdxx_g,BaTiO3_nat005,64000,27609,32,4,11.760000,set1,original-openmp,mimalloc,1
newdxx_g,BaTiO3_nat005,64000,27609,32,5,11.737000,set1,original-openmp,mimalloc,1
newdxx_g,BaTiO3_nat005,64000,27609,32,6,11.680000,set1,original-openmp,mimalloc,1
newdxx_g,BaTiO3_nat005,64000,27609,32,7,11.675000,set1,original-openmp,mimalloc,1
newdxx_g,BaTiO3_nat005,64000,27609,32,8,12.212000,set1,original-openmp,mimalloc,1
newdxx_g,BaTiO3_nat005,64000,27609,32,9,11.817000,set1,original-openmp,mimalloc,1
newdxx_g,BaTiO3_nat005,64000,27609,32,10,11.669000,set1,original-openmp,mimalloc,1
newdxx_g,BaTiO3_nat005,64000,27609,32,11,11.831000,set1,original-openmp,mimalloc,1
newdxx_g,BaTiO3_nat005,64000,27609,32,12,11.967000,set1,original-openmp,mimalloc,1
newdxx_g,BaTiO3_nat005,64000,27609,32,13,11.680000,set1,original-openmp,mimalloc,1
newdxx_g,BaTiO3_nat005,64000,27609,32,14,11.761000,set1,original-openmp,mimalloc,1
newdxx_g,BaTiO3_nat005,64000,27609,32,15,11.646000,set1,original-openmp,mimalloc,1
newdxx_g,BaTiO3_nat005,64000,27609,32,16,11.807000,set1,original-openmp,mimalloc,1
newdxx_g,BaTiO3_nat005,64000,27609,32,17,11.908000,set1,original-openmp,mimalloc,1
newdxx_g,BaTiO3_nat005,64000,27609,32,18,11.732000,set1,original-openmp,mimalloc,1
newdxx_g,BaTiO3_nat005,64000,27609,32,19,11.775000,set1,original-openmp,mimalloc,1
newdxx_g,BaTiO3_nat005,64000,27609,64,0,11.802000,set1,original-openmp,mimalloc,1
newdxx_g,BaTiO3_nat005,64000,27609,64,1,11.808000,set1,original-openmp,mimalloc,1
newdxx_g,BaTiO3_nat005,64000,27609,64,2,11.881000,set1,original-openmp,mimalloc,1
newdxx_g,BaTiO3_nat005,64000,27609,64,3,11.808000,set1,original-openmp,mimalloc,1
newdxx_g,BaTiO3_nat005,64000,27609,64,4,11.921000,set1,original-openmp,mimalloc,1
newdxx_g,BaTiO3_nat005,64000,27609,64,5,11.839000,set1,original-openmp,mimalloc,1
newdxx_g,BaTiO3_nat005,64000,27609,64,6,11.747000,set1,original-openmp,mimalloc,1
newdxx_g,BaTiO3_nat005,64000,27609,64,7,11.877000,set1,original-openmp,mimalloc,1
newdxx_g,BaTiO3_nat005,64000,27609,64,8,11.791000,set1,original-openmp,mimalloc,1
newdxx_g,BaTiO3_nat005,64000,27609,64,9,11.798000,set1,original-openmp,mimalloc,1
newdxx_g,BaTiO3_nat005,64000,27609,64,10,11.701000,set1,original-openmp,mimalloc,1
newdxx_g,BaTiO3_nat005,64000,27609,64,11,11.857000,set1,original-openmp,mimalloc,1
newdxx_g,BaTiO3_nat005,64000,27609,64,12,11.680000,set1,original-openmp,mimalloc,1
newdxx_g,BaTiO3_nat005,64000,27609,64,13,11.802000,set1,original-openmp,mimalloc,1
newdxx_g,BaTiO3_nat005,64000,27609,64,14,11.925000,set1,original-openmp,mimalloc,1
newdxx_g,BaTiO3_nat005,64000,27609,64,15,11.772000,set1,original-openmp,mimalloc,1
newdxx_g,BaTiO3_nat005,64000,27609,64,16,11.758000,set1,original-openmp,mimalloc,1
newdxx_g,BaTiO3_nat005,64000,27609,64,17,11.772000,set1,original-openmp,mimalloc,1
newdxx_g,BaTiO3_nat005,64000,27609,64,18,11.794000,set1,original-openmp,mimalloc,1
newdxx_g,BaTiO3_nat005,64000,27609,64,19,11.818000,set1,original-openmp,mimalloc,1
newdxx_g,BaTiO3_nat005,64000,27609,72,0,11.986000,set1,original-openmp,mimalloc,1
newdxx_g,BaTiO3_nat005,64000,27609,72,1,11.951000,set1,original-openmp,mimalloc,1
newdxx_g,BaTiO3_nat005,64000,27609,72,2,11.775000,set1,original-openmp,mimalloc,1
newdxx_g,BaTiO3_nat005,64000,27609,72,3,11.839000,set1,original-openmp,mimalloc,1
newdxx_g,BaTiO3_nat005,64000,27609,72,4,11.900000,set1,original-openmp,mimalloc,1
newdxx_g,BaTiO3_nat005,64000,27609,72,5,11.837000,set1,original-openmp,mimalloc,1
newdxx_g,BaTiO3_nat005,64000,27609,72,6,11.744000,set1,original-openmp,mimalloc,1
newdxx_g,BaTiO3_nat005,64000,27609,72,7,11.693000,set1,original-openmp,mimalloc,1
newdxx_g,BaTiO3_nat005,64000,27609,72,8,11.627000,set1,original-openmp,mimalloc,1
newdxx_g,BaTiO3_nat005,64000,27609,72,9,11.605000,set1,original-openmp,mimalloc,1
newdxx_g,BaTiO3_nat005,64000,27609,72,10,11.673000,set1,original-openmp,mimalloc,1
newdxx_g,BaTiO3_nat005,64000,27609,72,11,11.666000,set1,original-openmp,mimalloc,1
newdxx_g,BaTiO3_nat005,64000,27609,72,12,11.764000,set1,original-openmp,mimalloc,1
newdxx_g,BaTiO3_nat005,64000,27609,72,13,11.718000,set1,original-openmp,mimalloc,1
newdxx_g,BaTiO3_nat005,64000,27609,72,14,11.672000,set1,original-openmp,mimalloc,1
newdxx_g,BaTiO3_nat005,64000,27609,72,15,11.602000,set1,original-openmp,mimalloc,1
newdxx_g,BaTiO3_nat005,64000,27609,72,16,11.779000,set1,original-openmp,mimalloc,1
newdxx_g,BaTiO3_nat005,64000,27609,72,17,11.719000,set1,original-openmp,mimalloc,1
newdxx_g,BaTiO3_nat005,64000,27609,72,18,11.788000,set1,original-openmp,mimalloc,1
newdxx_g,BaTiO3_nat005,64000,27609,72,19,11.814000,set1,original-openmp,mimalloc,1
newdxx_g,BaTiO3_nat005,64000,27609,1,0,1142.869000,set1_rep64,original-openmp,mimalloc,64
newdxx_g,BaTiO3_nat005,64000,27609,1,1,1141.451000,set1_rep64,original-openmp,mimalloc,64
newdxx_g,BaTiO3_nat005,64000,27609,1,2,1141.535000,set1_rep64,original-openmp,mimalloc,64
newdxx_g,BaTiO3_nat005,64000,27609,1,3,1141.163000,set1_rep64,original-openmp,mimalloc,64
newdxx_g,BaTiO3_nat005,64000,27609,1,4,1140.024000,set1_rep64,original-openmp,mimalloc,64
newdxx_g,BaTiO3_nat005,64000,27609,1,5,1145.766000,set1_rep64,original-openmp,mimalloc,64
newdxx_g,BaTiO3_nat005,64000,27609,1,6,1139.691000,set1_rep64,original-openmp,mimalloc,64
newdxx_g,BaTiO3_nat005,64000,27609,1,7,1139.907000,set1_rep64,original-openmp,mimalloc,64
newdxx_g,BaTiO3_nat005,64000,27609,1,8,1140.234000,set1_rep64,original-openmp,mimalloc,64
newdxx_g,BaTiO3_nat005,64000,27609,1,9,1139.851000,set1_rep64,original-openmp,mimalloc,64
newdxx_g,BaTiO3_nat005,64000,27609,1,10,1140.247000,set1_rep64,original-openmp,mimalloc,64
newdxx_g,BaTiO3_nat005,64000,27609,1,11,1140.680000,set1_rep64,original-openmp,mimalloc,64
newdxx_g,BaTiO3_nat005,64000,27609,1,12,1139.749000,set1_rep64,original-openmp,mimalloc,64
newdxx_g,BaTiO3_nat005,64000,27609,1,13,1140.648000,set1_rep64,original-openmp,mimalloc,64
newdxx_g,BaTiO3_nat005,64000,27609,1,14,1140.087000,set1_rep64,original-openmp,mimalloc,64
newdxx_g,BaTiO3_nat005,64000,27609,1,15,1139.525000,set1_rep64,original-openmp,mimalloc,64
newdxx_g,BaTiO3_nat005,64000,27609,1,16,1139.199000,set1_rep64,original-openmp,mimalloc,64
newdxx_g,BaTiO3_nat005,64000,27609,1,17,1140.038000,set1_rep64,original-openmp,mimalloc,64
newdxx_g,BaTiO3_nat005,64000,27609,1,18,1139.783000,set1_rep64,original-openmp,mimalloc,64
newdxx_g,BaTiO3_nat005,64000,27609,1,19,1140.746000,set1_rep64,original-openmp,mimalloc,64
newdxx_g,BaTiO3_nat005,64000,27609,2,0,586.609000,set1_rep64,original-openmp,mimalloc,64
newdxx_g,BaTiO3_nat005,64000,27609,2,1,586.691000,set1_rep64,original-openmp,mimalloc,64
newdxx_g,BaTiO3_nat005,64000,27609,2,2,587.301000,set1_rep64,original-openmp,mimalloc,64
newdxx_g,BaTiO3_nat005,64000,27609,2,3,588.818000,set1_rep64,original-openmp,mimalloc,64
newdxx_g,BaTiO3_nat005,64000,27609,2,4,588.124000,set1_rep64,original-openmp,mimalloc,64
newdxx_g,BaTiO3_nat005,64000,27609,2,5,586.705000,set1_rep64,original-openmp,mimalloc,64
newdxx_g,BaTiO3_nat005,64000,27609,2,6,586.600000,set1_rep64,original-openmp,mimalloc,64
newdxx_g,BaTiO3_nat005,64000,27609,2,7,587.629000,set1_rep64,original-openmp,mimalloc,64
newdxx_g,BaTiO3_nat005,64000,27609,2,8,588.052000,set1_rep64,original-openmp,mimalloc,64
newdxx_g,BaTiO3_nat005,64000,27609,2,9,587.079000,set1_rep64,original-openmp,mimalloc,64
newdxx_g,BaTiO3_nat005,64000,27609,2,10,588.736000,set1_rep64,original-openmp,mimalloc,64
newdxx_g,BaTiO3_nat005,64000,27609,2,11,589.191000,set1_rep64,original-openmp,mimalloc,64
newdxx_g,BaTiO3_nat005,64000,27609,2,12,587.266000,set1_rep64,original-openmp,mimalloc,64
newdxx_g,BaTiO3_nat005,64000,27609,2,13,586.715000,set1_rep64,original-openmp,mimalloc,64
newdxx_g,BaTiO3_nat005,64000,27609,2,14,586.695000,set1_rep64,original-openmp,mimalloc,64
newdxx_g,BaTiO3_nat005,64000,27609,2,15,587.141000,set1_rep64,original-openmp,mimalloc,64
newdxx_g,BaTiO3_nat005,64000,27609,2,16,588.697000,set1_rep64,original-openmp,mimalloc,64
newdxx_g,BaTiO3_nat005,64000,27609,2,17,587.125000,set1_rep64,original-openmp,mimalloc,64
newdxx_g,BaTiO3_nat005,64000,27609,2,18,586.625000,set1_rep64,original-openmp,mimalloc,64
newdxx_g,BaTiO3_nat005,64000,27609,2,19,587.710000,set1_rep64,original-openmp,mimalloc,64
newdxx_g,BaTiO3_nat005,64000,27609,4,0,302.140000,set1_rep64,original-openmp,mimalloc,64
newdxx_g,BaTiO3_nat005,64000,27609,4,1,301.904000,set1_rep64,original-openmp,mimalloc,64
newdxx_g,BaTiO3_nat005,64000,27609,4,2,301.681000,set1_rep64,original-openmp,mimalloc,64
newdxx_g,BaTiO3_nat005,64000,27609,4,3,300.970000,set1_rep64,original-openmp,mimalloc,64
newdxx_g,BaTiO3_nat005,64000,27609,4,4,300.926000,set1_rep64,original-openmp,mimalloc,64
newdxx_g,BaTiO3_nat005,64000,27609,4,5,301.698000,set1_rep64,original-openmp,mimalloc,64
newdxx_g,BaTiO3_nat005,64000,27609,4,6,301.059000,set1_rep64,original-openmp,mimalloc,64
newdxx_g,BaTiO3_nat005,64000,27609,4,7,300.850000,set1_rep64,original-openmp,mimalloc,64
newdxx_g,BaTiO3_nat005,64000,27609,4,8,301.648000,set1_rep64,original-openmp,mimalloc,64
newdxx_g,BaTiO3_nat005,64000,27609,4,9,301.880000,set1_rep64,original-openmp,mimalloc,64
newdxx_g,BaTiO3_nat005,64000,27609,4,10,300.433000,set1_rep64,original-openmp,mimalloc,64
newdxx_g,BaTiO3_nat005,64000,27609,4,11,301.118000,set1_rep64,original-openmp,mimalloc,64
newdxx_g,BaTiO3_nat005,64000,27609,4,12,301.341000,set1_rep64,original-openmp,mimalloc,64
newdxx_g,BaTiO3_nat005,64000,27609,4,13,301.387000,set1_rep64,original-openmp,mimalloc,64
newdxx_g,BaTiO3_nat005,64000,27609,4,14,301.244000,set1_rep64,original-openmp,mimalloc,64
newdxx_g,BaTiO3_nat005,64000,27609,4,15,300.894000,set1_rep64,original-openmp,mimalloc,64
newdxx_g,BaTiO3_nat005,64000,27609,4,16,301.000000,set1_rep64,original-openmp,mimalloc,64
newdxx_g,BaTiO3_nat005,64000,27609,4,17,301.858000,set1_rep64,original-openmp,mimalloc,64
newdxx_g,BaTiO3_nat005,64000,27609,4,18,301.538000,set1_rep64,original-openmp,mimalloc,64
newdxx_g,BaTiO3_nat005,64000,27609,4,19,300.508000,set1_rep64,original-openmp,mimalloc,64
newdxx_g,BaTiO3_nat005,64000,27609,8,0,151.604000,set1_rep64,original-openmp,mimalloc,64
newdxx_g,BaTiO3_nat005,64000,27609,8,1,151.199000,set1_rep64,original-openmp,mimalloc,64
newdxx_g,BaTiO3_nat005,64000,27609,8,2,150.823000,set1_rep64,original-openmp,mimalloc,64
newdxx_g,BaTiO3_nat005,64000,27609,8,3,151.261000,set1_rep64,original-openmp,mimalloc,64
newdxx_g,BaTiO3_nat005,64000,27609,8,4,150.945000,set1_rep64,original-openmp,mimalloc,64
newdxx_g,BaTiO3_nat005,64000,27609,8,5,150.621000,set1_rep64,original-openmp,mimalloc,64
newdxx_g,BaTiO3_nat005,64000,27609,8,6,150.740000,set1_rep64,original-openmp,mimalloc,64
newdxx_g,BaTiO3_nat005,64000,27609,8,7,150.976000,set1_rep64,original-openmp,mimalloc,64
newdxx_g,BaTiO3_nat005,64000,27609,8,8,151.358000,set1_rep64,original-openmp,mimalloc,64
newdxx_g,BaTiO3_nat005,64000,27609,8,9,150.897000,set1_rep64,original-openmp,mimalloc,64
newdxx_g,BaTiO3_nat005,64000,27609,8,10,151.362000,set1_rep64,original-openmp,mimalloc,64
newdxx_g,BaTiO3_nat005,64000,27609,8,11,151.560000,set1_rep64,original-openmp,mimalloc,64
newdxx_g,BaTiO3_nat005,64000,27609,8,12,151.118000,set1_rep64,original-openmp,mimalloc,64
newdxx_g,BaTiO3_nat005,64000,27609,8,13,151.141000,set1_rep64,original-openmp,mimalloc,64
newdxx_g,BaTiO3_nat005,64000,27609,8,14,151.058000,set1_rep64,original-openmp,mimalloc,64
newdxx_g,BaTiO3_nat005,64000,27609,8,15,151.405000,set1_rep64,original-openmp,mimalloc,64
newdxx_g,BaTiO3_nat005,64000,27609,8,16,151.256000,set1_rep64,original-openmp,mimalloc,64
newdxx_g,BaTiO3_nat005,64000,27609,8,17,150.939000,set1_rep64,original-openmp,mimalloc,64
newdxx_g,BaTiO3_nat005,64000,27609,8,18,151.545000,set1_rep64,original-openmp,mimalloc,64
newdxx_g,BaTiO3_nat005,64000,27609,8,19,151.186000,set1_rep64,original-openmp,mimalloc,64
newdxx_g,BaTiO3_nat005,64000,27609,16,0,78.141000,set1_rep64,original-openmp,mimalloc,64
newdxx_g,BaTiO3_nat005,64000,27609,16,1,77.765000,set1_rep64,original-openmp,mimalloc,64
newdxx_g,BaTiO3_nat005,64000,27609,16,2,77.810000,set1_rep64,original-openmp,mimalloc,64
newdxx_g,BaTiO3_nat005,64000,27609,16,3,77.836000,set1_rep64,original-openmp,mimalloc,64
newdxx_g,BaTiO3_nat005,64000,27609,16,4,78.039000,set1_rep64,original-openmp,mimalloc,64
newdxx_g,BaTiO3_nat005,64000,27609,16,5,78.000000,set1_rep64,original-openmp,mimalloc,64
newdxx_g,BaTiO3_nat005,64000,27609,16,6,77.880000,set1_rep64,original-openmp,mimalloc,64
newdxx_g,BaTiO3_nat005,64000,27609,16,7,78.087000,set1_rep64,original-openmp,mimalloc,64
newdxx_g,BaTiO3_nat005,64000,27609,16,8,77.945000,set1_rep64,original-openmp,mimalloc,64
newdxx_g,BaTiO3_nat005,64000,27609,16,9,77.891000,set1_rep64,original-openmp,mimalloc,64
newdxx_g,BaTiO3_nat005,64000,27609,16,10,77.890000,set1_rep64,original-openmp,mimalloc,64
newdxx_g,BaTiO3_nat005,64000,27609,16,11,78.112000,set1_rep64,original-openmp,mimalloc,64
newdxx_g,BaTiO3_nat005,64000,27609,16,12,77.969000,set1_rep64,original-openmp,mimalloc,64
newdxx_g,BaTiO3_nat005,64000,27609,16,13,77.525000,set1_rep64,original-openmp,mimalloc,64
newdxx_g,BaTiO3_nat005,64000,27609,16,14,77.964000,set1_rep64,original-openmp,mimalloc,64
newdxx_g,BaTiO3_nat005,64000,27609,16,15,77.800000,set1_rep64,original-openmp,mimalloc,64
newdxx_g,BaTiO3_nat005,64000,27609,16,16,78.031000,set1_rep64,original-openmp,mimalloc,64
newdxx_g,BaTiO3_nat005,64000,27609,16,17,77.991000,set1_rep64,original-openmp,mimalloc,64
newdxx_g,BaTiO3_nat005,64000,27609,16,18,77.610000,set1_rep64,original-openmp,mimalloc,64
newdxx_g,BaTiO3_nat005,64000,27609,16,19,77.988000,set1_rep64,original-openmp,mimalloc,64
newdxx_g,BaTiO3_nat005,64000,27609,32,0,42.332000,set1_rep64,original-openmp,mimalloc,64
newdxx_g,BaTiO3_nat005,64000,27609,32,1,42.294000,set1_rep64,original-openmp,mimalloc,64
newdxx_g,BaTiO3_nat005,64000,27609,32,2,42.388000,set1_rep64,original-openmp,mimalloc,64
newdxx_g,BaTiO3_nat005,64000,27609,32,3,42.593000,set1_rep64,original-openmp,mimalloc,64
newdxx_g,BaTiO3_nat005,64000,27609,32,4,42.034000,set1_rep64,original-openmp,mimalloc,64
newdxx_g,BaTiO3_nat005,64000,27609,32,5,42.208000,set1_rep64,original-openmp,mimalloc,64
newdxx_g,BaTiO3_nat005,64000,27609,32,6,42.549000,set1_rep64,original-openmp,mimalloc,64
newdxx_g,BaTiO3_nat005,64000,27609,32,7,42.316000,set1_rep64,original-openmp,mimalloc,64
newdxx_g,BaTiO3_nat005,64000,27609,32,8,42.143000,set1_rep64,original-openmp,mimalloc,64
newdxx_g,BaTiO3_nat005,64000,27609,32,9,42.341000,set1_rep64,original-openmp,mimalloc,64
newdxx_g,BaTiO3_nat005,64000,27609,32,10,42.463000,set1_rep64,original-openmp,mimalloc,64
newdxx_g,BaTiO3_nat005,64000,27609,32,11,42.039000,set1_rep64,original-openmp,mimalloc,64
newdxx_g,BaTiO3_nat005,64000,27609,32,12,42.370000,set1_rep64,original-openmp,mimalloc,64
newdxx_g,BaTiO3_nat005,64000,27609,32,13,42.262000,set1_rep64,original-openmp,mimalloc,64
newdxx_g,BaTiO3_nat005,64000,27609,32,14,42.137000,set1_rep64,original-openmp,mimalloc,64
newdxx_g,BaTiO3_nat005,64000,27609,32,15,42.250000,set1_rep64,original-openmp,mimalloc,64
newdxx_g,BaTiO3_nat005,64000,27609,32,16,42.393000,set1_rep64,original-openmp,mimalloc,64
newdxx_g,BaTiO3_nat005,64000,27609,32,17,42.268000,set1_rep64,original-openmp,mimalloc,64
newdxx_g,BaTiO3_nat005,64000,27609,32,18,41.686000,set1_rep64,original-openmp,mimalloc,64
newdxx_g,BaTiO3_nat005,64000,27609,32,19,42.071000,set1_rep64,original-openmp,mimalloc,64
newdxx_g,BaTiO3_nat005,64000,27609,64,0,23.203000,set1_rep64,original-openmp,mimalloc,64
newdxx_g,BaTiO3_nat005,64000,27609,64,1,23.472000,set1_rep64,original-openmp,mimalloc,64
newdxx_g,BaTiO3_nat005,64000,27609,64,2,23.497000,set1_rep64,original-openmp,mimalloc,64
newdxx_g,BaTiO3_nat005,64000,27609,64,3,23.278000,set1_rep64,original-openmp,mimalloc,64
newdxx_g,BaTiO3_nat005,64000,27609,64,4,23.300000,set1_rep64,original-openmp,mimalloc,64
newdxx_g,BaTiO3_nat005,64000,27609,64,5,23.184000,set1_rep64,original-openmp,mimalloc,64
newdxx_g,BaTiO3_nat005,64000,27609,64,6,23.468000,set1_rep64,original-openmp,mimalloc,64
newdxx_g,BaTiO3_nat005,64000,27609,64,7,23.178000,set1_rep64,original-openmp,mimalloc,64
newdxx_g,BaTiO3_nat005,64000,27609,64,8,23.375000,set1_rep64,original-openmp,mimalloc,64
newdxx_g,BaTiO3_nat005,64000,27609,64,9,23.416000,set1_rep64,original-openmp,mimalloc,64
newdxx_g,BaTiO3_nat005,64000,27609,64,10,23.334000,set1_rep64,original-openmp,mimalloc,64
newdxx_g,BaTiO3_nat005,64000,27609,64,11,23.279000,set1_rep64,original-openmp,mimalloc,64
newdxx_g,BaTiO3_nat005,64000,27609,64,12,23.388000,set1_rep64,original-openmp,mimalloc,64
newdxx_g,BaTiO3_nat005,64000,27609,64,13,23.548000,set1_rep64,original-openmp,mimalloc,64
newdxx_g,BaTiO3_nat005,64000,27609,64,14,23.034000,set1_rep64,original-openmp,mimalloc,64
newdxx_g,BaTiO3_nat005,64000,27609,64,15,23.706000,set1_rep64,original-openmp,mimalloc,64
newdxx_g,BaTiO3_nat005,64000,27609,64,16,23.114000,set1_rep64,original-openmp,mimalloc,64
newdxx_g,BaTiO3_nat005,64000,27609,64,17,23.501000,set1_rep64,original-openmp,mimalloc,64
newdxx_g,BaTiO3_nat005,64000,27609,64,18,23.399000,set1_rep64,original-openmp,mimalloc,64
newdxx_g,BaTiO3_nat005,64000,27609,64,19,23.280000,set1_rep64,original-openmp,mimalloc,64
newdxx_g,BaTiO3_nat005,64000,27609,72,0,23.373000,set1_rep64,original-openmp,mimalloc,64
newdxx_g,BaTiO3_nat005,64000,27609,72,1,23.234000,set1_rep64,original-openmp,mimalloc,64
newdxx_g,BaTiO3_nat005,64000,27609,72,2,23.890000,set1_rep64,original-openmp,mimalloc,64
newdxx_g,BaTiO3_nat005,64000,27609,72,3,23.373000,set1_rep64,original-openmp,mimalloc,64
newdxx_g,BaTiO3_nat005,64000,27609,72,4,23.357000,set1_rep64,original-openmp,mimalloc,64
newdxx_g,BaTiO3_nat005,64000,27609,72,5,23.496000,set1_rep64,original-openmp,mimalloc,64
newdxx_g,BaTiO3_nat005,64000,27609,72,6,23.459000,set1_rep64,original-openmp,mimalloc,64
newdxx_g,BaTiO3_nat005,64000,27609,72,7,23.422000,set1_rep64,original-openmp,mimalloc,64
newdxx_g,BaTiO3_nat005,64000,27609,72,8,23.512000,set1_rep64,original-openmp,mimalloc,64
newdxx_g,BaTiO3_nat005,64000,27609,72,9,23.564000,set1_rep64,original-openmp,mimalloc,64
newdxx_g,BaTiO3_nat005,64000,27609,72,10,22.976000,set1_rep64,original-openmp,mimalloc,64
newdxx_g,BaTiO3_nat005,64000,27609,72,11,23.393000,set1_rep64,original-openmp,mimalloc,64
newdxx_g,BaTiO3_nat005,64000,27609,72,12,23.575000,set1_rep64,original-openmp,mimalloc,64
newdxx_g,BaTiO3_nat005,64000,27609,72,13,23.707000,set1_rep64,original-openmp,mimalloc,64
newdxx_g,BaTiO3_nat005,64000,27609,72,14,23.624000,set1_rep64,original-openmp,mimalloc,64
newdxx_g,BaTiO3_nat005,64000,27609,72,15,23.865000,set1_rep64,original-openmp,mimalloc,64
newdxx_g,BaTiO3_nat005,64000,27609,72,16,23.620000,set1_rep64,original-openmp,mimalloc,64
newdxx_g,BaTiO3_nat005,64000,27609,72,17,23.412000,set1_rep64,original-openmp,mimalloc,64
newdxx_g,BaTiO3_nat005,64000,27609,72,18,23.469000,set1_rep64,original-openmp,mimalloc,64
newdxx_g,BaTiO3_nat005,64000,27609,72,19,23.757000,set1_rep64,original-openmp,mimalloc,64
newdxx_g,BaO_nat002,64000,18643,1,0,9.987000,set0,flang-openmp,mimalloc,1
newdxx_g,BaO_nat002,64000,18643,1,1,10.062000,set0,flang-openmp,mimalloc,1
newdxx_g,BaO_nat002,64000,18643,1,2,9.996000,set0,flang-openmp,mimalloc,1
newdxx_g,BaO_nat002,64000,18643,1,3,9.978000,set0,flang-openmp,mimalloc,1
newdxx_g,BaO_nat002,64000,18643,1,4,9.925000,set0,flang-openmp,mimalloc,1
newdxx_g,BaO_nat002,64000,18643,1,5,9.983000,set0,flang-openmp,mimalloc,1
newdxx_g,BaO_nat002,64000,18643,1,6,9.789000,set0,flang-openmp,mimalloc,1
newdxx_g,BaO_nat002,64000,18643,1,7,9.779000,set0,flang-openmp,mimalloc,1
newdxx_g,BaO_nat002,64000,18643,1,8,10.040000,set0,flang-openmp,mimalloc,1
newdxx_g,BaO_nat002,64000,18643,1,9,9.959000,set0,flang-openmp,mimalloc,1
newdxx_g,BaO_nat002,64000,18643,1,10,10.077000,set0,flang-openmp,mimalloc,1
newdxx_g,BaO_nat002,64000,18643,1,11,9.982000,set0,flang-openmp,mimalloc,1
newdxx_g,BaO_nat002,64000,18643,1,12,9.936000,set0,flang-openmp,mimalloc,1
newdxx_g,BaO_nat002,64000,18643,1,13,10.084000,set0,flang-openmp,mimalloc,1
newdxx_g,BaO_nat002,64000,18643,1,14,9.977000,set0,flang-openmp,mimalloc,1
newdxx_g,BaO_nat002,64000,18643,1,15,9.928000,set0,flang-openmp,mimalloc,1
newdxx_g,BaO_nat002,64000,18643,1,16,9.980000,set0,flang-openmp,mimalloc,1
newdxx_g,BaO_nat002,64000,18643,1,17,9.947000,set0,flang-openmp,mimalloc,1
newdxx_g,BaO_nat002,64000,18643,1,18,9.946000,set0,flang-openmp,mimalloc,1
newdxx_g,BaO_nat002,64000,18643,1,19,9.884000,set0,flang-openmp,mimalloc,1
newdxx_g,BaO_nat002,64000,18643,2,0,8.372000,set0,flang-openmp,mimalloc,1
newdxx_g,BaO_nat002,64000,18643,2,1,8.272000,set0,flang-openmp,mimalloc,1
newdxx_g,BaO_nat002,64000,18643,2,2,8.150000,set0,flang-openmp,mimalloc,1
newdxx_g,BaO_nat002,64000,18643,2,3,8.320000,set0,flang-openmp,mimalloc,1
newdxx_g,BaO_nat002,64000,18643,2,4,8.211000,set0,flang-openmp,mimalloc,1
newdxx_g,BaO_nat002,64000,18643,2,5,8.269000,set0,flang-openmp,mimalloc,1
newdxx_g,BaO_nat002,64000,18643,2,6,8.211000,set0,flang-openmp,mimalloc,1
newdxx_g,BaO_nat002,64000,18643,2,7,8.195000,set0,flang-openmp,mimalloc,1
newdxx_g,BaO_nat002,64000,18643,2,8,8.211000,set0,flang-openmp,mimalloc,1
newdxx_g,BaO_nat002,64000,18643,2,9,8.221000,set0,flang-openmp,mimalloc,1
newdxx_g,BaO_nat002,64000,18643,2,10,8.213000,set0,flang-openmp,mimalloc,1
newdxx_g,BaO_nat002,64000,18643,2,11,8.221000,set0,flang-openmp,mimalloc,1
newdxx_g,BaO_nat002,64000,18643,2,12,8.182000,set0,flang-openmp,mimalloc,1
newdxx_g,BaO_nat002,64000,18643,2,13,8.221000,set0,flang-openmp,mimalloc,1
newdxx_g,BaO_nat002,64000,18643,2,14,8.171000,set0,flang-openmp,mimalloc,1
newdxx_g,BaO_nat002,64000,18643,2,15,8.153000,set0,flang-openmp,mimalloc,1
newdxx_g,BaO_nat002,64000,18643,2,16,8.133000,set0,flang-openmp,mimalloc,1
newdxx_g,BaO_nat002,64000,18643,2,17,8.234000,set0,flang-openmp,mimalloc,1
newdxx_g,BaO_nat002,64000,18643,2,18,8.214000,set0,flang-openmp,mimalloc,1
newdxx_g,BaO_nat002,64000,18643,2,19,8.202000,set0,flang-openmp,mimalloc,1
newdxx_g,BaO_nat002,64000,18643,4,0,8.580000,set0,flang-openmp,mimalloc,1
newdxx_g,BaO_nat002,64000,18643,4,1,8.513000,set0,flang-openmp,mimalloc,1
newdxx_g,BaO_nat002,64000,18643,4,2,8.188000,set0,flang-openmp,mimalloc,1
newdxx_g,BaO_nat002,64000,18643,4,3,8.424000,set0,flang-openmp,mimalloc,1
newdxx_g,BaO_nat002,64000,18643,4,4,8.407000,set0,flang-openmp,mimalloc,1
newdxx_g,BaO_nat002,64000,18643,4,5,8.163000,set0,flang-openmp,mimalloc,1
newdxx_g,BaO_nat002,64000,18643,4,6,8.141000,set0,flang-openmp,mimalloc,1
newdxx_g,BaO_nat002,64000,18643,4,7,8.508000,set0,flang-openmp,mimalloc,1
newdxx_g,BaO_nat002,64000,18643,4,8,8.140000,set0,flang-openmp,mimalloc,1
newdxx_g,BaO_nat002,64000,18643,4,9,8.441000,set0,flang-openmp,mimalloc,1
newdxx_g,BaO_nat002,64000,18643,4,10,8.083000,set0,flang-openmp,mimalloc,1
newdxx_g,BaO_nat002,64000,18643,4,11,8.473000,set0,flang-openmp,mimalloc,1
newdxx_g,BaO_nat002,64000,18643,4,12,8.160000,set0,flang-openmp,mimalloc,1
newdxx_g,BaO_nat002,64000,18643,4,13,9.114000,set0,flang-openmp,mimalloc,1
newdxx_g,BaO_nat002,64000,18643,4,14,8.141000,set0,flang-openmp,mimalloc,1
newdxx_g,BaO_nat002,64000,18643,4,15,8.781000,set0,flang-openmp,mimalloc,1
newdxx_g,BaO_nat002,64000,18643,4,16,8.553000,set0,flang-openmp,mimalloc,1
newdxx_g,BaO_nat002,64000,18643,4,17,8.112000,set0,flang-openmp,mimalloc,1
newdxx_g,BaO_nat002,64000,18643,4,18,8.271000,set0,flang-openmp,mimalloc,1
newdxx_g,BaO_nat002,64000,18643,4,19,8.438000,set0,flang-openmp,mimalloc,1
newdxx_g,BaO_nat002,64000,18643,8,0,8.279000,set0,flang-openmp,mimalloc,1
newdxx_g,BaO_nat002,64000,18643,8,1,8.219000,set0,flang-openmp,mimalloc,1
newdxx_g,BaO_nat002,64000,18643,8,2,8.271000,set0,flang-openmp,mimalloc,1
newdxx_g,BaO_nat002,64000,18643,8,3,8.832000,set0,flang-openmp,mimalloc,1
newdxx_g,BaO_nat002,64000,18643,8,4,8.237000,set0,flang-openmp,mimalloc,1
newdxx_g,BaO_nat002,64000,18643,8,5,8.183000,set0,flang-openmp,mimalloc,1
newdxx_g,BaO_nat002,64000,18643,8,6,8.403000,set0,flang-openmp,mimalloc,1
newdxx_g,BaO_nat002,64000,18643,8,7,8.470000,set0,flang-openmp,mimalloc,1
newdxx_g,BaO_nat002,64000,18643,8,8,8.179000,set0,flang-openmp,mimalloc,1
newdxx_g,BaO_nat002,64000,18643,8,9,9.776000,set0,flang-openmp,mimalloc,1
newdxx_g,BaO_nat002,64000,18643,8,10,8.168000,set0,flang-openmp,mimalloc,1
newdxx_g,BaO_nat002,64000,18643,8,11,8.138000,set0,flang-openmp,mimalloc,1
newdxx_g,BaO_nat002,64000,18643,8,12,8.157000,set0,flang-openmp,mimalloc,1
newdxx_g,BaO_nat002,64000,18643,8,13,8.980000,set0,flang-openmp,mimalloc,1
newdxx_g,BaO_nat002,64000,18643,8,14,8.608000,set0,flang-openmp,mimalloc,1
newdxx_g,BaO_nat002,64000,18643,8,15,8.154000,set0,flang-openmp,mimalloc,1
newdxx_g,BaO_nat002,64000,18643,8,16,8.709000,set0,flang-openmp,mimalloc,1
newdxx_g,BaO_nat002,64000,18643,8,17,8.357000,set0,flang-openmp,mimalloc,1
newdxx_g,BaO_nat002,64000,18643,8,18,8.267000,set0,flang-openmp,mimalloc,1
newdxx_g,BaO_nat002,64000,18643,8,19,10.793000,set0,flang-openmp,mimalloc,1
newdxx_g,BaO_nat002,64000,18643,16,0,8.392000,set0,flang-openmp,mimalloc,1
newdxx_g,BaO_nat002,64000,18643,16,1,8.375000,set0,flang-openmp,mimalloc,1
newdxx_g,BaO_nat002,64000,18643,16,2,9.657000,set0,flang-openmp,mimalloc,1
newdxx_g,BaO_nat002,64000,18643,16,3,10.052000,set0,flang-openmp,mimalloc,1
newdxx_g,BaO_nat002,64000,18643,16,4,8.352000,set0,flang-openmp,mimalloc,1
newdxx_g,BaO_nat002,64000,18643,16,5,8.322000,set0,flang-openmp,mimalloc,1
newdxx_g,BaO_nat002,64000,18643,16,6,8.559000,set0,flang-openmp,mimalloc,1
newdxx_g,BaO_nat002,64000,18643,16,7,8.321000,set0,flang-openmp,mimalloc,1
newdxx_g,BaO_nat002,64000,18643,16,8,8.313000,set0,flang-openmp,mimalloc,1
newdxx_g,BaO_nat002,64000,18643,16,9,8.321000,set0,flang-openmp,mimalloc,1
newdxx_g,BaO_nat002,64000,18643,16,10,8.221000,set0,flang-openmp,mimalloc,1
newdxx_g,BaO_nat002,64000,18643,16,11,8.315000,set0,flang-openmp,mimalloc,1
newdxx_g,BaO_nat002,64000,18643,16,12,8.261000,set0,flang-openmp,mimalloc,1
newdxx_g,BaO_nat002,64000,18643,16,13,8.235000,set0,flang-openmp,mimalloc,1
newdxx_g,BaO_nat002,64000,18643,16,14,8.176000,set0,flang-openmp,mimalloc,1
newdxx_g,BaO_nat002,64000,18643,16,15,8.264000,set0,flang-openmp,mimalloc,1
newdxx_g,BaO_nat002,64000,18643,16,16,8.160000,set0,flang-openmp,mimalloc,1
newdxx_g,BaO_nat002,64000,18643,16,17,8.042000,set0,flang-openmp,mimalloc,1
newdxx_g,BaO_nat002,64000,18643,16,18,8.208000,set0,flang-openmp,mimalloc,1
newdxx_g,BaO_nat002,64000,18643,16,19,8.612000,set0,flang-openmp,mimalloc,1
newdxx_g,BaO_nat002,64000,18643,32,0,8.529000,set0,flang-openmp,mimalloc,1
newdxx_g,BaO_nat002,64000,18643,32,1,8.221000,set0,flang-openmp,mimalloc,1
newdxx_g,BaO_nat002,64000,18643,32,2,9.129000,set0,flang-openmp,mimalloc,1
newdxx_g,BaO_nat002,64000,18643,32,3,8.459000,set0,flang-openmp,mimalloc,1
newdxx_g,BaO_nat002,64000,18643,32,4,8.356000,set0,flang-openmp,mimalloc,1
newdxx_g,BaO_nat002,64000,18643,32,5,8.427000,set0,flang-openmp,mimalloc,1
newdxx_g,BaO_nat002,64000,18643,32,6,8.188000,set0,flang-openmp,mimalloc,1
newdxx_g,BaO_nat002,64000,18643,32,7,8.122000,set0,flang-openmp,mimalloc,1
newdxx_g,BaO_nat002,64000,18643,32,8,8.080000,set0,flang-openmp,mimalloc,1
newdxx_g,BaO_nat002,64000,18643,32,9,8.049000,set0,flang-openmp,mimalloc,1
newdxx_g,BaO_nat002,64000,18643,32,10,8.271000,set0,flang-openmp,mimalloc,1
newdxx_g,BaO_nat002,64000,18643,32,11,8.157000,set0,flang-openmp,mimalloc,1
newdxx_g,BaO_nat002,64000,18643,32,12,8.125000,set0,flang-openmp,mimalloc,1
newdxx_g,BaO_nat002,64000,18643,32,13,8.149000,set0,flang-openmp,mimalloc,1
newdxx_g,BaO_nat002,64000,18643,32,14,8.118000,set0,flang-openmp,mimalloc,1
newdxx_g,BaO_nat002,64000,18643,32,15,8.120000,set0,flang-openmp,mimalloc,1
newdxx_g,BaO_nat002,64000,18643,32,16,8.125000,set0,flang-openmp,mimalloc,1
newdxx_g,BaO_nat002,64000,18643,32,17,8.087000,set0,flang-openmp,mimalloc,1
newdxx_g,BaO_nat002,64000,18643,32,18,8.937000,set0,flang-openmp,mimalloc,1
newdxx_g,BaO_nat002,64000,18643,32,19,8.856000,set0,flang-openmp,mimalloc,1
newdxx_g,BaO_nat002,64000,18643,64,0,8.330000,set0,flang-openmp,mimalloc,1
newdxx_g,BaO_nat002,64000,18643,64,1,8.330000,set0,flang-openmp,mimalloc,1
newdxx_g,BaO_nat002,64000,18643,64,2,8.336000,set0,flang-openmp,mimalloc,1
newdxx_g,BaO_nat002,64000,18643,64,3,8.287000,set0,flang-openmp,mimalloc,1
newdxx_g,BaO_nat002,64000,18643,64,4,8.299000,set0,flang-openmp,mimalloc,1
newdxx_g,BaO_nat002,64000,18643,64,5,8.217000,set0,flang-openmp,mimalloc,1
newdxx_g,BaO_nat002,64000,18643,64,6,8.251000,set0,flang-openmp,mimalloc,1
newdxx_g,BaO_nat002,64000,18643,64,7,8.279000,set0,flang-openmp,mimalloc,1
newdxx_g,BaO_nat002,64000,18643,64,8,8.245000,set0,flang-openmp,mimalloc,1
newdxx_g,BaO_nat002,64000,18643,64,9,8.234000,set0,flang-openmp,mimalloc,1
newdxx_g,BaO_nat002,64000,18643,64,10,8.241000,set0,flang-openmp,mimalloc,1
newdxx_g,BaO_nat002,64000,18643,64,11,8.221000,set0,flang-openmp,mimalloc,1
newdxx_g,BaO_nat002,64000,18643,64,12,8.187000,set0,flang-openmp,mimalloc,1
newdxx_g,BaO_nat002,64000,18643,64,13,8.167000,set0,flang-openmp,mimalloc,1
newdxx_g,BaO_nat002,64000,18643,64,14,8.169000,set0,flang-openmp,mimalloc,1
newdxx_g,BaO_nat002,64000,18643,64,15,9.125000,set0,flang-openmp,mimalloc,1
newdxx_g,BaO_nat002,64000,18643,64,16,8.168000,set0,flang-openmp,mimalloc,1
newdxx_g,BaO_nat002,64000,18643,64,17,8.167000,set0,flang-openmp,mimalloc,1
newdxx_g,BaO_nat002,64000,18643,64,18,8.106000,set0,flang-openmp,mimalloc,1
newdxx_g,BaO_nat002,64000,18643,64,19,8.128000,set0,flang-openmp,mimalloc,1
newdxx_g,BaO_nat002,64000,18643,72,0,8.290000,set0,flang-openmp,mimalloc,1
newdxx_g,BaO_nat002,64000,18643,72,1,8.202000,set0,flang-openmp,mimalloc,1
newdxx_g,BaO_nat002,64000,18643,72,2,8.190000,set0,flang-openmp,mimalloc,1
newdxx_g,BaO_nat002,64000,18643,72,3,8.237000,set0,flang-openmp,mimalloc,1
newdxx_g,BaO_nat002,64000,18643,72,4,8.193000,set0,flang-openmp,mimalloc,1
newdxx_g,BaO_nat002,64000,18643,72,5,8.257000,set0,flang-openmp,mimalloc,1
newdxx_g,BaO_nat002,64000,18643,72,6,8.207000,set0,flang-openmp,mimalloc,1
newdxx_g,BaO_nat002,64000,18643,72,7,8.249000,set0,flang-openmp,mimalloc,1
newdxx_g,BaO_nat002,64000,18643,72,8,8.296000,set0,flang-openmp,mimalloc,1
newdxx_g,BaO_nat002,64000,18643,72,9,8.181000,set0,flang-openmp,mimalloc,1
newdxx_g,BaO_nat002,64000,18643,72,10,8.143000,set0,flang-openmp,mimalloc,1
newdxx_g,BaO_nat002,64000,18643,72,11,8.163000,set0,flang-openmp,mimalloc,1
newdxx_g,BaO_nat002,64000,18643,72,12,8.148000,set0,flang-openmp,mimalloc,1
newdxx_g,BaO_nat002,64000,18643,72,13,8.148000,set0,flang-openmp,mimalloc,1
newdxx_g,BaO_nat002,64000,18643,72,14,8.138000,set0,flang-openmp,mimalloc,1
newdxx_g,BaO_nat002,64000,18643,72,15,8.590000,set0,flang-openmp,mimalloc,1
newdxx_g,BaO_nat002,64000,18643,72,16,8.034000,set0,flang-openmp,mimalloc,1
newdxx_g,BaO_nat002,64000,18643,72,17,8.065000,set0,flang-openmp,mimalloc,1
newdxx_g,BaO_nat002,64000,18643,72,18,8.085000,set0,flang-openmp,mimalloc,1
newdxx_g,BaO_nat002,64000,18643,72,19,8.061000,set0,flang-openmp,mimalloc,1
newdxx_g,BaO_nat002,64000,18643,1,0,561.147000,set0_rep64,flang-openmp,mimalloc,64
newdxx_g,BaO_nat002,64000,18643,1,1,565.106000,set0_rep64,flang-openmp,mimalloc,64
newdxx_g,BaO_nat002,64000,18643,1,2,573.106000,set0_rep64,flang-openmp,mimalloc,64
newdxx_g,BaO_nat002,64000,18643,1,3,565.375000,set0_rep64,flang-openmp,mimalloc,64
newdxx_g,BaO_nat002,64000,18643,1,4,560.431000,set0_rep64,flang-openmp,mimalloc,64
newdxx_g,BaO_nat002,64000,18643,1,5,547.240000,set0_rep64,flang-openmp,mimalloc,64
newdxx_g,BaO_nat002,64000,18643,1,6,550.076000,set0_rep64,flang-openmp,mimalloc,64
newdxx_g,BaO_nat002,64000,18643,1,7,548.570000,set0_rep64,flang-openmp,mimalloc,64
newdxx_g,BaO_nat002,64000,18643,1,8,543.381000,set0_rep64,flang-openmp,mimalloc,64
newdxx_g,BaO_nat002,64000,18643,1,9,546.064000,set0_rep64,flang-openmp,mimalloc,64
newdxx_g,BaO_nat002,64000,18643,1,10,546.013000,set0_rep64,flang-openmp,mimalloc,64
newdxx_g,BaO_nat002,64000,18643,1,11,544.725000,set0_rep64,flang-openmp,mimalloc,64
newdxx_g,BaO_nat002,64000,18643,1,12,557.237000,set0_rep64,flang-openmp,mimalloc,64
newdxx_g,BaO_nat002,64000,18643,1,13,548.439000,set0_rep64,flang-openmp,mimalloc,64
newdxx_g,BaO_nat002,64000,18643,1,14,553.800000,set0_rep64,flang-openmp,mimalloc,64
newdxx_g,BaO_nat002,64000,18643,1,15,544.467000,set0_rep64,flang-openmp,mimalloc,64
newdxx_g,BaO_nat002,64000,18643,1,16,544.823000,set0_rep64,flang-openmp,mimalloc,64
newdxx_g,BaO_nat002,64000,18643,1,17,545.227000,set0_rep64,flang-openmp,mimalloc,64
newdxx_g,BaO_nat002,64000,18643,1,18,545.428000,set0_rep64,flang-openmp,mimalloc,64
newdxx_g,BaO_nat002,64000,18643,1,19,547.448000,set0_rep64,flang-openmp,mimalloc,64
newdxx_g,BaO_nat002,64000,18643,2,0,287.636000,set0_rep64,flang-openmp,mimalloc,64
newdxx_g,BaO_nat002,64000,18643,2,1,287.996000,set0_rep64,flang-openmp,mimalloc,64
newdxx_g,BaO_nat002,64000,18643,2,2,287.446000,set0_rep64,flang-openmp,mimalloc,64
newdxx_g,BaO_nat002,64000,18643,2,3,294.289000,set0_rep64,flang-openmp,mimalloc,64
newdxx_g,BaO_nat002,64000,18643,2,4,288.706000,set0_rep64,flang-openmp,mimalloc,64
newdxx_g,BaO_nat002,64000,18643,2,5,288.938000,set0_rep64,flang-openmp,mimalloc,64
newdxx_g,BaO_nat002,64000,18643,2,6,287.726000,set0_rep64,flang-openmp,mimalloc,64
newdxx_g,BaO_nat002,64000,18643,2,7,287.448000,set0_rep64,flang-openmp,mimalloc,64
newdxx_g,BaO_nat002,64000,18643,2,8,287.805000,set0_rep64,flang-openmp,mimalloc,64
newdxx_g,BaO_nat002,64000,18643,2,9,287.873000,set0_rep64,flang-openmp,mimalloc,64
newdxx_g,BaO_nat002,64000,18643,2,10,287.675000,set0_rep64,flang-openmp,mimalloc,64
newdxx_g,BaO_nat002,64000,18643,2,11,288.275000,set0_rep64,flang-openmp,mimalloc,64
newdxx_g,BaO_nat002,64000,18643,2,12,294.117000,set0_rep64,flang-openmp,mimalloc,64
newdxx_g,BaO_nat002,64000,18643,2,13,289.209000,set0_rep64,flang-openmp,mimalloc,64
newdxx_g,BaO_nat002,64000,18643,2,14,287.959000,set0_rep64,flang-openmp,mimalloc,64
newdxx_g,BaO_nat002,64000,18643,2,15,289.162000,set0_rep64,flang-openmp,mimalloc,64
newdxx_g,BaO_nat002,64000,18643,2,16,287.946000,set0_rep64,flang-openmp,mimalloc,64
newdxx_g,BaO_nat002,64000,18643,2,17,290.185000,set0_rep64,flang-openmp,mimalloc,64
newdxx_g,BaO_nat002,64000,18643,2,18,288.050000,set0_rep64,flang-openmp,mimalloc,64
newdxx_g,BaO_nat002,64000,18643,2,19,287.463000,set0_rep64,flang-openmp,mimalloc,64
newdxx_g,BaO_nat002,64000,18643,4,0,137.613000,set0_rep64,flang-openmp,mimalloc,64
newdxx_g,BaO_nat002,64000,18643,4,1,138.529000,set0_rep64,flang-openmp,mimalloc,64
newdxx_g,BaO_nat002,64000,18643,4,2,137.245000,set0_rep64,flang-openmp,mimalloc,64
newdxx_g,BaO_nat002,64000,18643,4,3,139.337000,set0_rep64,flang-openmp,mimalloc,64
newdxx_g,BaO_nat002,64000,18643,4,4,137.237000,set0_rep64,flang-openmp,mimalloc,64
newdxx_g,BaO_nat002,64000,18643,4,5,140.872000,set0_rep64,flang-openmp,mimalloc,64
newdxx_g,BaO_nat002,64000,18643,4,6,138.080000,set0_rep64,flang-openmp,mimalloc,64
newdxx_g,BaO_nat002,64000,18643,4,7,138.135000,set0_rep64,flang-openmp,mimalloc,64
newdxx_g,BaO_nat002,64000,18643,4,8,145.034000,set0_rep64,flang-openmp,mimalloc,64
newdxx_g,BaO_nat002,64000,18643,4,9,139.606000,set0_rep64,flang-openmp,mimalloc,64
newdxx_g,BaO_nat002,64000,18643,4,10,143.940000,set0_rep64,flang-openmp,mimalloc,64
newdxx_g,BaO_nat002,64000,18643,4,11,138.488000,set0_rep64,flang-openmp,mimalloc,64
newdxx_g,BaO_nat002,64000,18643,4,12,139.998000,set0_rep64,flang-openmp,mimalloc,64
newdxx_g,BaO_nat002,64000,18643,4,13,142.827000,set0_rep64,flang-openmp,mimalloc,64
newdxx_g,BaO_nat002,64000,18643,4,14,137.510000,set0_rep64,flang-openmp,mimalloc,64
newdxx_g,BaO_nat002,64000,18643,4,15,137.809000,set0_rep64,flang-openmp,mimalloc,64
newdxx_g,BaO_nat002,64000,18643,4,16,145.163000,set0_rep64,flang-openmp,mimalloc,64
newdxx_g,BaO_nat002,64000,18643,4,17,137.983000,set0_rep64,flang-openmp,mimalloc,64
newdxx_g,BaO_nat002,64000,18643,4,18,144.143000,set0_rep64,flang-openmp,mimalloc,64
newdxx_g,BaO_nat002,64000,18643,4,19,140.636000,set0_rep64,flang-openmp,mimalloc,64
newdxx_g,BaO_nat002,64000,18643,8,0,69.024000,set0_rep64,flang-openmp,mimalloc,64
newdxx_g,BaO_nat002,64000,18643,8,1,71.410000,set0_rep64,flang-openmp,mimalloc,64
newdxx_g,BaO_nat002,64000,18643,8,2,76.499000,set0_rep64,flang-openmp,mimalloc,64
newdxx_g,BaO_nat002,64000,18643,8,3,69.411000,set0_rep64,flang-openmp,mimalloc,64
newdxx_g,BaO_nat002,64000,18643,8,4,73.359000,set0_rep64,flang-openmp,mimalloc,64
newdxx_g,BaO_nat002,64000,18643,8,5,76.727000,set0_rep64,flang-openmp,mimalloc,64
newdxx_g,BaO_nat002,64000,18643,8,6,69.014000,set0_rep64,flang-openmp,mimalloc,64
newdxx_g,BaO_nat002,64000,18643,8,7,70.560000,set0_rep64,flang-openmp,mimalloc,64
newdxx_g,BaO_nat002,64000,18643,8,8,75.764000,set0_rep64,flang-openmp,mimalloc,64
newdxx_g,BaO_nat002,64000,18643,8,9,70.307000,set0_rep64,flang-openmp,mimalloc,64
newdxx_g,BaO_nat002,64000,18643,8,10,72.646000,set0_rep64,flang-openmp,mimalloc,64
newdxx_g,BaO_nat002,64000,18643,8,11,75.140000,set0_rep64,flang-openmp,mimalloc,64
newdxx_g,BaO_nat002,64000,18643,8,12,69.172000,set0_rep64,flang-openmp,mimalloc,64
newdxx_g,BaO_nat002,64000,18643,8,13,71.008000,set0_rep64,flang-openmp,mimalloc,64
newdxx_g,BaO_nat002,64000,18643,8,14,75.105000,set0_rep64,flang-openmp,mimalloc,64
newdxx_g,BaO_nat002,64000,18643,8,15,69.137000,set0_rep64,flang-openmp,mimalloc,64
newdxx_g,BaO_nat002,64000,18643,8,16,72.737000,set0_rep64,flang-openmp,mimalloc,64
newdxx_g,BaO_nat002,64000,18643,8,17,77.635000,set0_rep64,flang-openmp,mimalloc,64
newdxx_g,BaO_nat002,64000,18643,8,18,72.328000,set0_rep64,flang-openmp,mimalloc,64
newdxx_g,BaO_nat002,64000,18643,8,19,70.065000,set0_rep64,flang-openmp,mimalloc,64
newdxx_g,BaO_nat002,64000,18643,16,0,38.700000,set0_rep64,flang-openmp,mimalloc,64
newdxx_g,BaO_nat002,64000,18643,16,1,37.009000,set0_rep64,flang-openmp,mimalloc,64
newdxx_g,BaO_nat002,64000,18643,16,2,37.385000,set0_rep64,flang-openmp,mimalloc,64
newdxx_g,BaO_nat002,64000,18643,16,3,38.542000,set0_rep64,flang-openmp,mimalloc,64
newdxx_g,BaO_nat002,64000,18643,16,4,36.822000,set0_rep64,flang-openmp,mimalloc,64
newdxx_g,BaO_nat002,64000,18643,16,5,36.049000,set0_rep64,flang-openmp,mimalloc,64
newdxx_g,BaO_nat002,64000,18643,16,6,38.112000,set0_rep64,flang-openmp,mimalloc,64
newdxx_g,BaO_nat002,64000,18643,16,7,36.480000,set0_rep64,flang-openmp,mimalloc,64
newdxx_g,BaO_nat002,64000,18643,16,8,38.999000,set0_rep64,flang-openmp,mimalloc,64
newdxx_g,BaO_nat002,64000,18643,16,9,36.133000,set0_rep64,flang-openmp,mimalloc,64
newdxx_g,BaO_nat002,64000,18643,16,10,35.743000,set0_rep64,flang-openmp,mimalloc,64
newdxx_g,BaO_nat002,64000,18643,16,11,38.319000,set0_rep64,flang-openmp,mimalloc,64
newdxx_g,BaO_nat002,64000,18643,16,12,35.963000,set0_rep64,flang-openmp,mimalloc,64
newdxx_g,BaO_nat002,64000,18643,16,13,35.775000,set0_rep64,flang-openmp,mimalloc,64
newdxx_g,BaO_nat002,64000,18643,16,14,38.133000,set0_rep64,flang-openmp,mimalloc,64
newdxx_g,BaO_nat002,64000,18643,16,15,35.779000,set0_rep64,flang-openmp,mimalloc,64
newdxx_g,BaO_nat002,64000,18643,16,16,35.676000,set0_rep64,flang-openmp,mimalloc,64
newdxx_g,BaO_nat002,64000,18643,16,17,37.990000,set0_rep64,flang-openmp,mimalloc,64
newdxx_g,BaO_nat002,64000,18643,16,18,36.471000,set0_rep64,flang-openmp,mimalloc,64
newdxx_g,BaO_nat002,64000,18643,16,19,36.077000,set0_rep64,flang-openmp,mimalloc,64
newdxx_g,BaO_nat002,64000,18643,32,0,19.458000,set0_rep64,flang-openmp,mimalloc,64
newdxx_g,BaO_nat002,64000,18643,32,1,19.381000,set0_rep64,flang-openmp,mimalloc,64
newdxx_g,BaO_nat002,64000,18643,32,2,19.442000,set0_rep64,flang-openmp,mimalloc,64
newdxx_g,BaO_nat002,64000,18643,32,3,21.553000,set0_rep64,flang-openmp,mimalloc,64
newdxx_g,BaO_nat002,64000,18643,32,4,19.126000,set0_rep64,flang-openmp,mimalloc,64
newdxx_g,BaO_nat002,64000,18643,32,5,19.475000,set0_rep64,flang-openmp,mimalloc,64
newdxx_g,BaO_nat002,64000,18643,32,6,19.232000,set0_rep64,flang-openmp,mimalloc,64
newdxx_g,BaO_nat002,64000,18643,32,7,19.264000,set0_rep64,flang-openmp,mimalloc,64
newdxx_g,BaO_nat002,64000,18643,32,8,21.814000,set0_rep64,flang-openmp,mimalloc,64
newdxx_g,BaO_nat002,64000,18643,32,9,21.567000,set0_rep64,flang-openmp,mimalloc,64
newdxx_g,BaO_nat002,64000,18643,32,10,19.306000,set0_rep64,flang-openmp,mimalloc,64
newdxx_g,BaO_nat002,64000,18643,32,11,19.269000,set0_rep64,flang-openmp,mimalloc,64
newdxx_g,BaO_nat002,64000,18643,32,12,19.425000,set0_rep64,flang-openmp,mimalloc,64
newdxx_g,BaO_nat002,64000,18643,32,13,19.102000,set0_rep64,flang-openmp,mimalloc,64
newdxx_g,BaO_nat002,64000,18643,32,14,21.172000,set0_rep64,flang-openmp,mimalloc,64
newdxx_g,BaO_nat002,64000,18643,32,15,18.935000,set0_rep64,flang-openmp,mimalloc,64
newdxx_g,BaO_nat002,64000,18643,32,16,19.192000,set0_rep64,flang-openmp,mimalloc,64
newdxx_g,BaO_nat002,64000,18643,32,17,18.936000,set0_rep64,flang-openmp,mimalloc,64
newdxx_g,BaO_nat002,64000,18643,32,18,18.846000,set0_rep64,flang-openmp,mimalloc,64
newdxx_g,BaO_nat002,64000,18643,32,19,18.745000,set0_rep64,flang-openmp,mimalloc,64
newdxx_g,BaO_nat002,64000,18643,64,0,10.153000,set0_rep64,flang-openmp,mimalloc,64
newdxx_g,BaO_nat002,64000,18643,64,1,11.002000,set0_rep64,flang-openmp,mimalloc,64
newdxx_g,BaO_nat002,64000,18643,64,2,10.088000,set0_rep64,flang-openmp,mimalloc,64
newdxx_g,BaO_nat002,64000,18643,64,3,10.103000,set0_rep64,flang-openmp,mimalloc,64
newdxx_g,BaO_nat002,64000,18643,64,4,10.432000,set0_rep64,flang-openmp,mimalloc,64
newdxx_g,BaO_nat002,64000,18643,64,5,10.111000,set0_rep64,flang-openmp,mimalloc,64
newdxx_g,BaO_nat002,64000,18643,64,6,10.138000,set0_rep64,flang-openmp,mimalloc,64
newdxx_g,BaO_nat002,64000,18643,64,7,9.977000,set0_rep64,flang-openmp,mimalloc,64
newdxx_g,BaO_nat002,64000,18643,64,8,13.095000,set0_rep64,flang-openmp,mimalloc,64
newdxx_g,BaO_nat002,64000,18643,64,9,10.068000,set0_rep64,flang-openmp,mimalloc,64
newdxx_g,BaO_nat002,64000,18643,64,10,9.977000,set0_rep64,flang-openmp,mimalloc,64
newdxx_g,BaO_nat002,64000,18643,64,11,10.848000,set0_rep64,flang-openmp,mimalloc,64
newdxx_g,BaO_nat002,64000,18643,64,12,9.997000,set0_rep64,flang-openmp,mimalloc,64
newdxx_g,BaO_nat002,64000,18643,64,13,10.053000,set0_rep64,flang-openmp,mimalloc,64
newdxx_g,BaO_nat002,64000,18643,64,14,10.386000,set0_rep64,flang-openmp,mimalloc,64
newdxx_g,BaO_nat002,64000,18643,64,15,9.929000,set0_rep64,flang-openmp,mimalloc,64
newdxx_g,BaO_nat002,64000,18643,64,16,10.084000,set0_rep64,flang-openmp,mimalloc,64
newdxx_g,BaO_nat002,64000,18643,64,17,10.014000,set0_rep64,flang-openmp,mimalloc,64
newdxx_g,BaO_nat002,64000,18643,64,18,12.954000,set0_rep64,flang-openmp,mimalloc,64
newdxx_g,BaO_nat002,64000,18643,64,19,10.027000,set0_rep64,flang-openmp,mimalloc,64
newdxx_g,BaO_nat002,64000,18643,72,0,9.937000,set0_rep64,flang-openmp,mimalloc,64
newdxx_g,BaO_nat002,64000,18643,72,1,10.383000,set0_rep64,flang-openmp,mimalloc,64
newdxx_g,BaO_nat002,64000,18643,72,2,10.859000,set0_rep64,flang-openmp,mimalloc,64
newdxx_g,BaO_nat002,64000,18643,72,3,10.046000,set0_rep64,flang-openmp,mimalloc,64
newdxx_g,BaO_nat002,64000,18643,72,4,9.895000,set0_rep64,flang-openmp,mimalloc,64
newdxx_g,BaO_nat002,64000,18643,72,5,9.932000,set0_rep64,flang-openmp,mimalloc,64
newdxx_g,BaO_nat002,64000,18643,72,6,11.651000,set0_rep64,flang-openmp,mimalloc,64
newdxx_g,BaO_nat002,64000,18643,72,7,10.988000,set0_rep64,flang-openmp,mimalloc,64
newdxx_g,BaO_nat002,64000,18643,72,8,9.935000,set0_rep64,flang-openmp,mimalloc,64
newdxx_g,BaO_nat002,64000,18643,72,9,11.141000,set0_rep64,flang-openmp,mimalloc,64
newdxx_g,BaO_nat002,64000,18643,72,10,10.002000,set0_rep64,flang-openmp,mimalloc,64
newdxx_g,BaO_nat002,64000,18643,72,11,9.934000,set0_rep64,flang-openmp,mimalloc,64
newdxx_g,BaO_nat002,64000,18643,72,12,10.493000,set0_rep64,flang-openmp,mimalloc,64
newdxx_g,BaO_nat002,64000,18643,72,13,10.011000,set0_rep64,flang-openmp,mimalloc,64
newdxx_g,BaO_nat002,64000,18643,72,14,9.960000,set0_rep64,flang-openmp,mimalloc,64
newdxx_g,BaO_nat002,64000,18643,72,15,10.137000,set0_rep64,flang-openmp,mimalloc,64
newdxx_g,BaO_nat002,64000,18643,72,16,11.860000,set0_rep64,flang-openmp,mimalloc,64
newdxx_g,BaO_nat002,64000,18643,72,17,11.011000,set0_rep64,flang-openmp,mimalloc,64
newdxx_g,BaO_nat002,64000,18643,72,18,10.129000,set0_rep64,flang-openmp,mimalloc,64
newdxx_g,BaO_nat002,64000,18643,72,19,9.817000,set0_rep64,flang-openmp,mimalloc,64
newdxx_g,BaO_nat002,64000,18643,1,0,10.078000,set1,flang-openmp,mimalloc,1
newdxx_g,BaO_nat002,64000,18643,1,1,9.990000,set1,flang-openmp,mimalloc,1
newdxx_g,BaO_nat002,64000,18643,1,2,10.006000,set1,flang-openmp,mimalloc,1
newdxx_g,BaO_nat002,64000,18643,1,3,9.899000,set1,flang-openmp,mimalloc,1
newdxx_g,BaO_nat002,64000,18643,1,4,9.965000,set1,flang-openmp,mimalloc,1
newdxx_g,BaO_nat002,64000,18643,1,5,9.896000,set1,flang-openmp,mimalloc,1
newdxx_g,BaO_nat002,64000,18643,1,6,9.803000,set1,flang-openmp,mimalloc,1
newdxx_g,BaO_nat002,64000,18643,1,7,9.923000,set1,flang-openmp,mimalloc,1
newdxx_g,BaO_nat002,64000,18643,1,8,9.843000,set1,flang-openmp,mimalloc,1
newdxx_g,BaO_nat002,64000,18643,1,9,9.870000,set1,flang-openmp,mimalloc,1
newdxx_g,BaO_nat002,64000,18643,1,10,9.820000,set1,flang-openmp,mimalloc,1
newdxx_g,BaO_nat002,64000,18643,1,11,9.825000,set1,flang-openmp,mimalloc,1
newdxx_g,BaO_nat002,64000,18643,1,12,9.870000,set1,flang-openmp,mimalloc,1
newdxx_g,BaO_nat002,64000,18643,1,13,9.770000,set1,flang-openmp,mimalloc,1
newdxx_g,BaO_nat002,64000,18643,1,14,9.945000,set1,flang-openmp,mimalloc,1
newdxx_g,BaO_nat002,64000,18643,1,15,9.807000,set1,flang-openmp,mimalloc,1
newdxx_g,BaO_nat002,64000,18643,1,16,9.699000,set1,flang-openmp,mimalloc,1
newdxx_g,BaO_nat002,64000,18643,1,17,9.920000,set1,flang-openmp,mimalloc,1
newdxx_g,BaO_nat002,64000,18643,1,18,9.828000,set1,flang-openmp,mimalloc,1
newdxx_g,BaO_nat002,64000,18643,1,19,9.751000,set1,flang-openmp,mimalloc,1
newdxx_g,BaO_nat002,64000,18643,2,0,8.332000,set1,flang-openmp,mimalloc,1
newdxx_g,BaO_nat002,64000,18643,2,1,8.308000,set1,flang-openmp,mimalloc,1
newdxx_g,BaO_nat002,64000,18643,2,2,8.884000,set1,flang-openmp,mimalloc,1
newdxx_g,BaO_nat002,64000,18643,2,3,8.285000,set1,flang-openmp,mimalloc,1
newdxx_g,BaO_nat002,64000,18643,2,4,8.223000,set1,flang-openmp,mimalloc,1
newdxx_g,BaO_nat002,64000,18643,2,5,8.171000,set1,flang-openmp,mimalloc,1
newdxx_g,BaO_nat002,64000,18643,2,6,8.170000,set1,flang-openmp,mimalloc,1
newdxx_g,BaO_nat002,64000,18643,2,7,8.182000,set1,flang-openmp,mimalloc,1
newdxx_g,BaO_nat002,64000,18643,2,8,8.111000,set1,flang-openmp,mimalloc,1
newdxx_g,BaO_nat002,64000,18643,2,9,8.231000,set1,flang-openmp,mimalloc,1
newdxx_g,BaO_nat002,64000,18643,2,10,8.170000,set1,flang-openmp,mimalloc,1
newdxx_g,BaO_nat002,64000,18643,2,11,8.129000,set1,flang-openmp,mimalloc,1
newdxx_g,BaO_nat002,64000,18643,2,12,8.149000,set1,flang-openmp,mimalloc,1
newdxx_g,BaO_nat002,64000,18643,2,13,8.127000,set1,flang-openmp,mimalloc,1
newdxx_g,BaO_nat002,64000,18643,2,14,8.124000,set1,flang-openmp,mimalloc,1
newdxx_g,BaO_nat002,64000,18643,2,15,8.105000,set1,flang-openmp,mimalloc,1
newdxx_g,BaO_nat002,64000,18643,2,16,8.086000,set1,flang-openmp,mimalloc,1
newdxx_g,BaO_nat002,64000,18643,2,17,8.113000,set1,flang-openmp,mimalloc,1
newdxx_g,BaO_nat002,64000,18643,2,18,8.118000,set1,flang-openmp,mimalloc,1
newdxx_g,BaO_nat002,64000,18643,2,19,8.045000,set1,flang-openmp,mimalloc,1
newdxx_g,BaO_nat002,64000,18643,4,0,8.125000,set1,flang-openmp,mimalloc,1
newdxx_g,BaO_nat002,64000,18643,4,1,8.081000,set1,flang-openmp,mimalloc,1
newdxx_g,BaO_nat002,64000,18643,4,2,8.334000,set1,flang-openmp,mimalloc,1
newdxx_g,BaO_nat002,64000,18643,4,3,8.275000,set1,flang-openmp,mimalloc,1
newdxx_g,BaO_nat002,64000,18643,4,4,8.196000,set1,flang-openmp,mimalloc,1
newdxx_g,BaO_nat002,64000,18643,4,5,8.160000,set1,flang-openmp,mimalloc,1
newdxx_g,BaO_nat002,64000,18643,4,6,8.269000,set1,flang-openmp,mimalloc,1
newdxx_g,BaO_nat002,64000,18643,4,7,8.183000,set1,flang-openmp,mimalloc,1
newdxx_g,BaO_nat002,64000,18643,4,8,8.151000,set1,flang-openmp,mimalloc,1
newdxx_g,BaO_nat002,64000,18643,4,9,8.163000,set1,flang-openmp,mimalloc,1
newdxx_g,BaO_nat002,64000,18643,4,10,8.166000,set1,flang-openmp,mimalloc,1
newdxx_g,BaO_nat002,64000,18643,4,11,8.134000,set1,flang-openmp,mimalloc,1
newdxx_g,BaO_nat002,64000,18643,4,12,8.177000,set1,flang-openmp,mimalloc,1
newdxx_g,BaO_nat002,64000,18643,4,13,8.095000,set1,flang-openmp,mimalloc,1
newdxx_g,BaO_nat002,64000,18643,4,14,8.101000,set1,flang-openmp,mimalloc,1
newdxx_g,BaO_nat002,64000,18643,4,15,8.072000,set1,flang-openmp,mimalloc,1
newdxx_g,BaO_nat002,64000,18643,4,16,8.110000,set1,flang-openmp,mimalloc,1
newdxx_g,BaO_nat002,64000,18643,4,17,8.164000,set1,flang-openmp,mimalloc,1
newdxx_g,BaO_nat002,64000,18643,4,18,8.074000,set1,flang-openmp,mimalloc,1
newdxx_g,BaO_nat002,64000,18643,4,19,8.033000,set1,flang-openmp,mimalloc,1
newdxx_g,BaO_nat002,64000,18643,8,0,8.139000,set1,flang-openmp,mimalloc,1
newdxx_g,BaO_nat002,64000,18643,8,1,8.166000,set1,flang-openmp,mimalloc,1
newdxx_g,BaO_nat002,64000,18643,8,2,8.314000,set1,flang-openmp,mimalloc,1
newdxx_g,BaO_nat002,64000,18643,8,3,8.244000,set1,flang-openmp,mimalloc,1
newdxx_g,BaO_nat002,64000,18643,8,4,8.171000,set1,flang-openmp,mimalloc,1
newdxx_g,BaO_nat002,64000,18643,8,5,8.262000,set1,flang-openmp,mimalloc,1
newdxx_g,BaO_nat002,64000,18643,8,6,8.144000,set1,flang-openmp,mimalloc,1
newdxx_g,BaO_nat002,64000,18643,8,7,8.172000,set1,flang-openmp,mimalloc,1
newdxx_g,BaO_nat002,64000,18643,8,8,8.163000,set1,flang-openmp,mimalloc,1
newdxx_g,BaO_nat002,64000,18643,8,9,8.152000,set1,flang-openmp,mimalloc,1
newdxx_g,BaO_nat002,64000,18643,8,10,8.197000,set1,flang-openmp,mimalloc,1
newdxx_g,BaO_nat002,64000,18643,8,11,8.255000,set1,flang-openmp,mimalloc,1
newdxx_g,BaO_nat002,64000,18643,8,12,8.156000,set1,flang-openmp,mimalloc,1
newdxx_g,BaO_nat002,64000,18643,8,13,8.123000,set1,flang-openmp,mimalloc,1
newdxx_g,BaO_nat002,64000,18643,8,14,8.205000,set1,flang-openmp,mimalloc,1
newdxx_g,BaO_nat002,64000,18643,8,15,8.132000,set1,flang-openmp,mimalloc,1
newdxx_g,BaO_nat002,64000,18643,8,16,8.155000,set1,flang-openmp,mimalloc,1
newdxx_g,BaO_nat002,64000,18643,8,17,8.178000,set1,flang-openmp,mimalloc,1
newdxx_g,BaO_nat002,64000,18643,8,18,8.171000,set1,flang-openmp,mimalloc,1
newdxx_g,BaO_nat002,64000,18643,8,19,8.192000,set1,flang-openmp,mimalloc,1
newdxx_g,BaO_nat002,64000,18643,16,0,8.389000,set1,flang-openmp,mimalloc,1
newdxx_g,BaO_nat002,64000,18643,16,1,8.227000,set1,flang-openmp,mimalloc,1
newdxx_g,BaO_nat002,64000,18643,16,2,8.262000,set1,flang-openmp,mimalloc,1
newdxx_g,BaO_nat002,64000,18643,16,3,8.201000,set1,flang-openmp,mimalloc,1
newdxx_g,BaO_nat002,64000,18643,16,4,8.299000,set1,flang-openmp,mimalloc,1
newdxx_g,BaO_nat002,64000,18643,16,5,8.217000,set1,flang-openmp,mimalloc,1
newdxx_g,BaO_nat002,64000,18643,16,6,8.188000,set1,flang-openmp,mimalloc,1
newdxx_g,BaO_nat002,64000,18643,16,7,9.731000,set1,flang-openmp,mimalloc,1
newdxx_g,BaO_nat002,64000,18643,16,8,8.369000,set1,flang-openmp,mimalloc,1
newdxx_g,BaO_nat002,64000,18643,16,9,8.237000,set1,flang-openmp,mimalloc,1
newdxx_g,BaO_nat002,64000,18643,16,10,8.211000,set1,flang-openmp,mimalloc,1
newdxx_g,BaO_nat002,64000,18643,16,11,8.237000,set1,flang-openmp,mimalloc,1
newdxx_g,BaO_nat002,64000,18643,16,12,8.228000,set1,flang-openmp,mimalloc,1
newdxx_g,BaO_nat002,64000,18643,16,13,8.192000,set1,flang-openmp,mimalloc,1
newdxx_g,BaO_nat002,64000,18643,16,14,8.188000,set1,flang-openmp,mimalloc,1
newdxx_g,BaO_nat002,64000,18643,16,15,8.154000,set1,flang-openmp,mimalloc,1
newdxx_g,BaO_nat002,64000,18643,16,16,8.169000,set1,flang-openmp,mimalloc,1
newdxx_g,BaO_nat002,64000,18643,16,17,8.164000,set1,flang-openmp,mimalloc,1
newdxx_g,BaO_nat002,64000,18643,16,18,8.173000,set1,flang-openmp,mimalloc,1
newdxx_g,BaO_nat002,64000,18643,16,19,8.120000,set1,flang-openmp,mimalloc,1
newdxx_g,BaO_nat002,64000,18643,32,0,8.155000,set1,flang-openmp,mimalloc,1
newdxx_g,BaO_nat002,64000,18643,32,1,8.208000,set1,flang-openmp,mimalloc,1
newdxx_g,BaO_nat002,64000,18643,32,2,8.240000,set1,flang-openmp,mimalloc,1
newdxx_g,BaO_nat002,64000,18643,32,3,8.276000,set1,flang-openmp,mimalloc,1
newdxx_g,BaO_nat002,64000,18643,32,4,8.214000,set1,flang-openmp,mimalloc,1
newdxx_g,BaO_nat002,64000,18643,32,5,8.228000,set1,flang-openmp,mimalloc,1
newdxx_g,BaO_nat002,64000,18643,32,6,8.187000,set1,flang-openmp,mimalloc,1
newdxx_g,BaO_nat002,64000,18643,32,7,8.206000,set1,flang-openmp,mimalloc,1
newdxx_g,BaO_nat002,64000,18643,32,8,8.171000,set1,flang-openmp,mimalloc,1
newdxx_g,BaO_nat002,64000,18643,32,9,8.383000,set1,flang-openmp,mimalloc,1
newdxx_g,BaO_nat002,64000,18643,32,10,8.224000,set1,flang-openmp,mimalloc,1
newdxx_g,BaO_nat002,64000,18643,32,11,8.262000,set1,flang-openmp,mimalloc,1
newdxx_g,BaO_nat002,64000,18643,32,12,9.076000,set1,flang-openmp,mimalloc,1
newdxx_g,BaO_nat002,64000,18643,32,13,13.289000,set1,flang-openmp,mimalloc,1
newdxx_g,BaO_nat002,64000,18643,32,14,9.656000,set1,flang-openmp,mimalloc,1
newdxx_g,BaO_nat002,64000,18643,32,15,8.746000,set1,flang-openmp,mimalloc,1
newdxx_g,BaO_nat002,64000,18643,32,16,8.172000,set1,flang-openmp,mimalloc,1
newdxx_g,BaO_nat002,64000,18643,32,17,8.394000,set1,flang-openmp,mimalloc,1
newdxx_g,BaO_nat002,64000,18643,32,18,8.553000,set1,flang-openmp,mimalloc,1
newdxx_g,BaO_nat002,64000,18643,32,19,8.639000,set1,flang-openmp,mimalloc,1
newdxx_g,BaO_nat002,64000,18643,64,0,9.856000,set1,flang-openmp,mimalloc,1
newdxx_g,BaO_nat002,64000,18643,64,1,9.310000,set1,flang-openmp,mimalloc,1
newdxx_g,BaO_nat002,64000,18643,64,2,9.337000,set1,flang-openmp,mimalloc,1
newdxx_g,BaO_nat002,64000,18643,64,3,8.247000,set1,flang-openmp,mimalloc,1
newdxx_g,BaO_nat002,64000,18643,64,4,8.108000,set1,flang-openmp,mimalloc,1
newdxx_g,BaO_nat002,64000,18643,64,5,8.098000,set1,flang-openmp,mimalloc,1
newdxx_g,BaO_nat002,64000,18643,64,6,8.074000,set1,flang-openmp,mimalloc,1
newdxx_g,BaO_nat002,64000,18643,64,7,8.196000,set1,flang-openmp,mimalloc,1
newdxx_g,BaO_nat002,64000,18643,64,8,8.111000,set1,flang-openmp,mimalloc,1
newdxx_g,BaO_nat002,64000,18643,64,9,8.097000,set1,flang-openmp,mimalloc,1
newdxx_g,BaO_nat002,64000,18643,64,10,8.115000,set1,flang-openmp,mimalloc,1
newdxx_g,BaO_nat002,64000,18643,64,11,8.071000,set1,flang-openmp,mimalloc,1
newdxx_g,BaO_nat002,64000,18643,64,12,8.200000,set1,flang-openmp,mimalloc,1
newdxx_g,BaO_nat002,64000,18643,64,13,8.034000,set1,flang-openmp,mimalloc,1
newdxx_g,BaO_nat002,64000,18643,64,14,8.054000,set1,flang-openmp,mimalloc,1
newdxx_g,BaO_nat002,64000,18643,64,15,8.014000,set1,flang-openmp,mimalloc,1
newdxx_g,BaO_nat002,64000,18643,64,16,8.041000,set1,flang-openmp,mimalloc,1
newdxx_g,BaO_nat002,64000,18643,64,17,7.966000,set1,flang-openmp,mimalloc,1
newdxx_g,BaO_nat002,64000,18643,64,18,8.097000,set1,flang-openmp,mimalloc,1
newdxx_g,BaO_nat002,64000,18643,64,19,8.096000,set1,flang-openmp,mimalloc,1
newdxx_g,BaO_nat002,64000,18643,72,0,9.179000,set1,flang-openmp,mimalloc,1
newdxx_g,BaO_nat002,64000,18643,72,1,8.642000,set1,flang-openmp,mimalloc,1
newdxx_g,BaO_nat002,64000,18643,72,2,10.261000,set1,flang-openmp,mimalloc,1
newdxx_g,BaO_nat002,64000,18643,72,3,8.794000,set1,flang-openmp,mimalloc,1
newdxx_g,BaO_nat002,64000,18643,72,4,8.074000,set1,flang-openmp,mimalloc,1
newdxx_g,BaO_nat002,64000,18643,72,5,8.251000,set1,flang-openmp,mimalloc,1
newdxx_g,BaO_nat002,64000,18643,72,6,8.288000,set1,flang-openmp,mimalloc,1
newdxx_g,BaO_nat002,64000,18643,72,7,8.152000,set1,flang-openmp,mimalloc,1
newdxx_g,BaO_nat002,64000,18643,72,8,8.186000,set1,flang-openmp,mimalloc,1
newdxx_g,BaO_nat002,64000,18643,72,9,8.087000,set1,flang-openmp,mimalloc,1
newdxx_g,BaO_nat002,64000,18643,72,10,8.149000,set1,flang-openmp,mimalloc,1
newdxx_g,BaO_nat002,64000,18643,72,11,8.073000,set1,flang-openmp,mimalloc,1
newdxx_g,BaO_nat002,64000,18643,72,12,8.119000,set1,flang-openmp,mimalloc,1
newdxx_g,BaO_nat002,64000,18643,72,13,8.043000,set1,flang-openmp,mimalloc,1
newdxx_g,BaO_nat002,64000,18643,72,14,8.113000,set1,flang-openmp,mimalloc,1
newdxx_g,BaO_nat002,64000,18643,72,15,8.146000,set1,flang-openmp,mimalloc,1
newdxx_g,BaO_nat002,64000,18643,72,16,8.051000,set1,flang-openmp,mimalloc,1
newdxx_g,BaO_nat002,64000,18643,72,17,8.045000,set1,flang-openmp,mimalloc,1
newdxx_g,BaO_nat002,64000,18643,72,18,8.107000,set1,flang-openmp,mimalloc,1
newdxx_g,BaO_nat002,64000,18643,72,19,8.063000,set1,flang-openmp,mimalloc,1
newdxx_g,BaO_nat002,64000,18643,1,0,546.553000,set1_rep64,flang-openmp,mimalloc,64
newdxx_g,BaO_nat002,64000,18643,1,1,546.152000,set1_rep64,flang-openmp,mimalloc,64
newdxx_g,BaO_nat002,64000,18643,1,2,548.129000,set1_rep64,flang-openmp,mimalloc,64
newdxx_g,BaO_nat002,64000,18643,1,3,564.497000,set1_rep64,flang-openmp,mimalloc,64
newdxx_g,BaO_nat002,64000,18643,1,4,564.684000,set1_rep64,flang-openmp,mimalloc,64
newdxx_g,BaO_nat002,64000,18643,1,5,549.466000,set1_rep64,flang-openmp,mimalloc,64
newdxx_g,BaO_nat002,64000,18643,1,6,547.510000,set1_rep64,flang-openmp,mimalloc,64
newdxx_g,BaO_nat002,64000,18643,1,7,543.003000,set1_rep64,flang-openmp,mimalloc,64
newdxx_g,BaO_nat002,64000,18643,1,8,551.741000,set1_rep64,flang-openmp,mimalloc,64
newdxx_g,BaO_nat002,64000,18643,1,9,697.658000,set1_rep64,flang-openmp,mimalloc,64
newdxx_g,BaO_nat002,64000,18643,1,10,697.839000,set1_rep64,flang-openmp,mimalloc,64
newdxx_g,BaO_nat002,64000,18643,1,11,574.352000,set1_rep64,flang-openmp,mimalloc,64
newdxx_g,BaO_nat002,64000,18643,1,12,560.347000,set1_rep64,flang-openmp,mimalloc,64
newdxx_g,BaO_nat002,64000,18643,1,13,541.390000,set1_rep64,flang-openmp,mimalloc,64
newdxx_g,BaO_nat002,64000,18643,1,14,609.938000,set1_rep64,flang-openmp,mimalloc,64
newdxx_g,BaO_nat002,64000,18643,1,15,552.098000,set1_rep64,flang-openmp,mimalloc,64
newdxx_g,BaO_nat002,64000,18643,1,16,863.577000,set1_rep64,flang-openmp,mimalloc,64
newdxx_g,BaO_nat002,64000,18643,1,17,806.995000,set1_rep64,flang-openmp,mimalloc,64
newdxx_g,BaO_nat002,64000,18643,1,18,567.085000,set1_rep64,flang-openmp,mimalloc,64
newdxx_g,BaO_nat002,64000,18643,1,19,560.001000,set1_rep64,flang-openmp,mimalloc,64
newdxx_g,BaO_nat002,64000,18643,2,0,308.420000,set1_rep64,flang-openmp,mimalloc,64
newdxx_g,BaO_nat002,64000,18643,2,1,338.503000,set1_rep64,flang-openmp,mimalloc,64
newdxx_g,BaO_nat002,64000,18643,2,2,319.189000,set1_rep64,flang-openmp,mimalloc,64
newdxx_g,BaO_nat002,64000,18643,2,3,296.489000,set1_rep64,flang-openmp,mimalloc,64
newdxx_g,BaO_nat002,64000,18643,2,4,304.140000,set1_rep64,flang-openmp,mimalloc,64
newdxx_g,BaO_nat002,64000,18643,2,5,291.727000,set1_rep64,flang-openmp,mimalloc,64
newdxx_g,BaO_nat002,64000,18643,2,6,293.017000,set1_rep64,flang-openmp,mimalloc,64
newdxx_g,BaO_nat002,64000,18643,2,7,285.346000,set1_rep64,flang-openmp,mimalloc,64
newdxx_g,BaO_nat002,64000,18643,2,8,284.400000,set1_rep64,flang-openmp,mimalloc,64
newdxx_g,BaO_nat002,64000,18643,2,9,288.263000,set1_rep64,flang-openmp,mimalloc,64
newdxx_g,BaO_nat002,64000,18643,2,10,298.367000,set1_rep64,flang-openmp,mimalloc,64
newdxx_g,BaO_nat002,64000,18643,2,11,284.682000,set1_rep64,flang-openmp,mimalloc,64
newdxx_g,BaO_nat002,64000,18643,2,12,286.805000,set1_rep64,flang-openmp,mimalloc,64
newdxx_g,BaO_nat002,64000,18643,2,13,286.782000,set1_rep64,flang-openmp,mimalloc,64
newdxx_g,BaO_nat002,64000,18643,2,14,285.885000,set1_rep64,flang-openmp,mimalloc,64
newdxx_g,BaO_nat002,64000,18643,2,15,286.177000,set1_rep64,flang-openmp,mimalloc,64
newdxx_g,BaO_nat002,64000,18643,2,16,285.237000,set1_rep64,flang-openmp,mimalloc,64
newdxx_g,BaO_nat002,64000,18643,2,17,286.517000,set1_rep64,flang-openmp,mimalloc,64
newdxx_g,BaO_nat002,64000,18643,2,18,288.182000,set1_rep64,flang-openmp,mimalloc,64
newdxx_g,BaO_nat002,64000,18643,2,19,285.910000,set1_rep64,flang-openmp,mimalloc,64
newdxx_g,BaO_nat002,64000,18643,4,0,137.172000,set1_rep64,flang-openmp,mimalloc,64
newdxx_g,BaO_nat002,64000,18643,4,1,138.933000,set1_rep64,flang-openmp,mimalloc,64
newdxx_g,BaO_nat002,64000,18643,4,2,143.528000,set1_rep64,flang-openmp,mimalloc,64
newdxx_g,BaO_nat002,64000,18643,4,3,137.174000,set1_rep64,flang-openmp,mimalloc,64
newdxx_g,BaO_nat002,64000,18643,4,4,136.945000,set1_rep64,flang-openmp,mimalloc,64
newdxx_g,BaO_nat002,64000,18643,4,5,137.204000,set1_rep64,flang-openmp,mimalloc,64
newdxx_g,BaO_nat002,64000,18643,4,6,137.910000,set1_rep64,flang-openmp,mimalloc,64
newdxx_g,BaO_nat002,64000,18643,4,7,138.515000,set1_rep64,flang-openmp,mimalloc,64
newdxx_g,BaO_nat002,64000,18643,4,8,139.248000,set1_rep64,flang-openmp,mimalloc,64
newdxx_g,BaO_nat002,64000,18643,4,9,137.032000,set1_rep64,flang-openmp,mimalloc,64
newdxx_g,BaO_nat002,64000,18643,4,10,137.087000,set1_rep64,flang-openmp,mimalloc,64
newdxx_g,BaO_nat002,64000,18643,4,11,137.396000,set1_rep64,flang-openmp,mimalloc,64
newdxx_g,BaO_nat002,64000,18643,4,12,137.025000,set1_rep64,flang-openmp,mimalloc,64
newdxx_g,BaO_nat002,64000,18643,4,13,137.831000,set1_rep64,flang-openmp,mimalloc,64
newdxx_g,BaO_nat002,64000,18643,4,14,137.343000,set1_rep64,flang-openmp,mimalloc,64
newdxx_g,BaO_nat002,64000,18643,4,15,137.211000,set1_rep64,flang-openmp,mimalloc,64
newdxx_g,BaO_nat002,64000,18643,4,16,136.957000,set1_rep64,flang-openmp,mimalloc,64
newdxx_g,BaO_nat002,64000,18643,4,17,139.727000,set1_rep64,flang-openmp,mimalloc,64
newdxx_g,BaO_nat002,64000,18643,4,18,139.644000,set1_rep64,flang-openmp,mimalloc,64
newdxx_g,BaO_nat002,64000,18643,4,19,137.004000,set1_rep64,flang-openmp,mimalloc,64
newdxx_g,BaO_nat002,64000,18643,8,0,69.418000,set1_rep64,flang-openmp,mimalloc,64
newdxx_g,BaO_nat002,64000,18643,8,1,69.630000,set1_rep64,flang-openmp,mimalloc,64
newdxx_g,BaO_nat002,64000,18643,8,2,69.469000,set1_rep64,flang-openmp,mimalloc,64
newdxx_g,BaO_nat002,64000,18643,8,3,69.425000,set1_rep64,flang-openmp,mimalloc,64
newdxx_g,BaO_nat002,64000,18643,8,4,69.358000,set1_rep64,flang-openmp,mimalloc,64
newdxx_g,BaO_nat002,64000,18643,8,5,69.529000,set1_rep64,flang-openmp,mimalloc,64
newdxx_g,BaO_nat002,64000,18643,8,6,69.308000,set1_rep64,flang-openmp,mimalloc,64
newdxx_g,BaO_nat002,64000,18643,8,7,69.732000,set1_rep64,flang-openmp,mimalloc,64
newdxx_g,BaO_nat002,64000,18643,8,8,71.294000,set1_rep64,flang-openmp,mimalloc,64
newdxx_g,BaO_nat002,64000,18643,8,9,72.589000,set1_rep64,flang-openmp,mimalloc,64
newdxx_g,BaO_nat002,64000,18643,8,10,72.646000,set1_rep64,flang-openmp,mimalloc,64
newdxx_g,BaO_nat002,64000,18643,8,11,69.482000,set1_rep64,flang-openmp,mimalloc,64
newdxx_g,BaO_nat002,64000,18643,8,12,69.232000,set1_rep64,flang-openmp,mimalloc,64
newdxx_g,BaO_nat002,64000,18643,8,13,69.388000,set1_rep64,flang-openmp,mimalloc,64
newdxx_g,BaO_nat002,64000,18643,8,14,69.425000,set1_rep64,flang-openmp,mimalloc,64
newdxx_g,BaO_nat002,64000,18643,8,15,69.346000,set1_rep64,flang-openmp,mimalloc,64
newdxx_g,BaO_nat002,64000,18643,8,16,69.259000,set1_rep64,flang-openmp,mimalloc,64
newdxx_g,BaO_nat002,64000,18643,8,17,70.641000,set1_rep64,flang-openmp,mimalloc,64
newdxx_g,BaO_nat002,64000,18643,8,18,69.419000,set1_rep64,flang-openmp,mimalloc,64
newdxx_g,BaO_nat002,64000,18643,8,19,69.656000,set1_rep64,flang-openmp,mimalloc,64
newdxx_g,BaO_nat002,64000,18643,16,0,36.107000,set1_rep64,flang-openmp,mimalloc,64
newdxx_g,BaO_nat002,64000,18643,16,1,37.091000,set1_rep64,flang-openmp,mimalloc,64
newdxx_g,BaO_nat002,64000,18643,16,2,36.827000,set1_rep64,flang-openmp,mimalloc,64
newdxx_g,BaO_nat002,64000,18643,16,3,35.996000,set1_rep64,flang-openmp,mimalloc,64
newdxx_g,BaO_nat002,64000,18643,16,4,37.078000,set1_rep64,flang-openmp,mimalloc,64
newdxx_g,BaO_nat002,64000,18643,16,5,36.732000,set1_rep64,flang-openmp,mimalloc,64
newdxx_g,BaO_nat002,64000,18643,16,6,37.716000,set1_rep64,flang-openmp,mimalloc,64
newdxx_g,BaO_nat002,64000,18643,16,7,36.340000,set1_rep64,flang-openmp,mimalloc,64
newdxx_g,BaO_nat002,64000,18643,16,8,36.495000,set1_rep64,flang-openmp,mimalloc,64
newdxx_g,BaO_nat002,64000,18643,16,9,37.838000,set1_rep64,flang-openmp,mimalloc,64
newdxx_g,BaO_nat002,64000,18643,16,10,36.441000,set1_rep64,flang-openmp,mimalloc,64
newdxx_g,BaO_nat002,64000,18643,16,11,39.539000,set1_rep64,flang-openmp,mimalloc,64
newdxx_g,BaO_nat002,64000,18643,16,12,37.569000,set1_rep64,flang-openmp,mimalloc,64
newdxx_g,BaO_nat002,64000,18643,16,13,35.664000,set1_rep64,flang-openmp,mimalloc,64
newdxx_g,BaO_nat002,64000,18643,16,14,36.414000,set1_rep64,flang-openmp,mimalloc,64
newdxx_g,BaO_nat002,64000,18643,16,15,37.220000,set1_rep64,flang-openmp,mimalloc,64
newdxx_g,BaO_nat002,64000,18643,16,16,35.998000,set1_rep64,flang-openmp,mimalloc,64
newdxx_g,BaO_nat002,64000,18643,16,17,36.383000,set1_rep64,flang-openmp,mimalloc,64
newdxx_g,BaO_nat002,64000,18643,16,18,37.083000,set1_rep64,flang-openmp,mimalloc,64
newdxx_g,BaO_nat002,64000,18643,16,19,35.853000,set1_rep64,flang-openmp,mimalloc,64
newdxx_g,BaO_nat002,64000,18643,32,0,19.830000,set1_rep64,flang-openmp,mimalloc,64
newdxx_g,BaO_nat002,64000,18643,32,1,19.266000,set1_rep64,flang-openmp,mimalloc,64
newdxx_g,BaO_nat002,64000,18643,32,2,19.019000,set1_rep64,flang-openmp,mimalloc,64
newdxx_g,BaO_nat002,64000,18643,32,3,20.182000,set1_rep64,flang-openmp,mimalloc,64
newdxx_g,BaO_nat002,64000,18643,32,4,18.740000,set1_rep64,flang-openmp,mimalloc,64
newdxx_g,BaO_nat002,64000,18643,32,5,21.135000,set1_rep64,flang-openmp,mimalloc,64
newdxx_g,BaO_nat002,64000,18643,32,6,19.352000,set1_rep64,flang-openmp,mimalloc,64
newdxx_g,BaO_nat002,64000,18643,32,7,19.315000,set1_rep64,flang-openmp,mimalloc,64
newdxx_g,BaO_nat002,64000,18643,32,8,20.255000,set1_rep64,flang-openmp,mimalloc,64
newdxx_g,BaO_nat002,64000,18643,32,9,19.166000,set1_rep64,flang-openmp,mimalloc,64
newdxx_g,BaO_nat002,64000,18643,32,10,19.068000,set1_rep64,flang-openmp,mimalloc,64
newdxx_g,BaO_nat002,64000,18643,32,11,19.671000,set1_rep64,flang-openmp,mimalloc,64
newdxx_g,BaO_nat002,64000,18643,32,12,18.974000,set1_rep64,flang-openmp,mimalloc,64
newdxx_g,BaO_nat002,64000,18643,32,13,19.426000,set1_rep64,flang-openmp,mimalloc,64
newdxx_g,BaO_nat002,64000,18643,32,14,20.047000,set1_rep64,flang-openmp,mimalloc,64
newdxx_g,BaO_nat002,64000,18643,32,15,18.775000,set1_rep64,flang-openmp,mimalloc,64
newdxx_g,BaO_nat002,64000,18643,32,16,21.082000,set1_rep64,flang-openmp,mimalloc,64
newdxx_g,BaO_nat002,64000,18643,32,17,19.079000,set1_rep64,flang-openmp,mimalloc,64
newdxx_g,BaO_nat002,64000,18643,32,18,18.868000,set1_rep64,flang-openmp,mimalloc,64
newdxx_g,BaO_nat002,64000,18643,32,19,20.310000,set1_rep64,flang-openmp,mimalloc,64
newdxx_g,BaO_nat002,64000,18643,64,0,10.194000,set1_rep64,flang-openmp,mimalloc,64
newdxx_g,BaO_nat002,64000,18643,64,1,10.775000,set1_rep64,flang-openmp,mimalloc,64
newdxx_g,BaO_nat002,64000,18643,64,2,11.178000,set1_rep64,flang-openmp,mimalloc,64
newdxx_g,BaO_nat002,64000,18643,64,3,9.888000,set1_rep64,flang-openmp,mimalloc,64
newdxx_g,BaO_nat002,64000,18643,64,4,10.462000,set1_rep64,flang-openmp,mimalloc,64
newdxx_g,BaO_nat002,64000,18643,64,5,9.956000,set1_rep64,flang-openmp,mimalloc,64
newdxx_g,BaO_nat002,64000,18643,64,6,9.883000,set1_rep64,flang-openmp,mimalloc,64
newdxx_g,BaO_nat002,64000,18643,64,7,11.823000,set1_rep64,flang-openmp,mimalloc,64
newdxx_g,BaO_nat002,64000,18643,64,8,9.793000,set1_rep64,flang-openmp,mimalloc,64
newdxx_g,BaO_nat002,64000,18643,64,9,9.885000,set1_rep64,flang-openmp,mimalloc,64
newdxx_g,BaO_nat002,64000,18643,64,10,9.894000,set1_rep64,flang-openmp,mimalloc,64
newdxx_g,BaO_nat002,64000,18643,64,11,10.375000,set1_rep64,flang-openmp,mimalloc,64
newdxx_g,BaO_nat002,64000,18643,64,12,10.872000,set1_rep64,flang-openmp,mimalloc,64
newdxx_g,BaO_nat002,64000,18643,64,13,10.325000,set1_rep64,flang-openmp,mimalloc,64
newdxx_g,BaO_nat002,64000,18643,64,14,10.346000,set1_rep64,flang-openmp,mimalloc,64
newdxx_g,BaO_nat002,64000,18643,64,15,9.841000,set1_rep64,flang-openmp,mimalloc,64
newdxx_g,BaO_nat002,64000,18643,64,16,10.060000,set1_rep64,flang-openmp,mimalloc,64
newdxx_g,BaO_nat002,64000,18643,64,17,9.876000,set1_rep64,flang-openmp,mimalloc,64
newdxx_g,BaO_nat002,64000,18643,64,18,11.662000,set1_rep64,flang-openmp,mimalloc,64
newdxx_g,BaO_nat002,64000,18643,64,19,9.912000,set1_rep64,flang-openmp,mimalloc,64
newdxx_g,BaO_nat002,64000,18643,72,0,11.195000,set1_rep64,flang-openmp,mimalloc,64
newdxx_g,BaO_nat002,64000,18643,72,1,10.820000,set1_rep64,flang-openmp,mimalloc,64
newdxx_g,BaO_nat002,64000,18643,72,2,9.901000,set1_rep64,flang-openmp,mimalloc,64
newdxx_g,BaO_nat002,64000,18643,72,3,10.719000,set1_rep64,flang-openmp,mimalloc,64
newdxx_g,BaO_nat002,64000,18643,72,4,10.028000,set1_rep64,flang-openmp,mimalloc,64
newdxx_g,BaO_nat002,64000,18643,72,5,9.937000,set1_rep64,flang-openmp,mimalloc,64
newdxx_g,BaO_nat002,64000,18643,72,6,12.011000,set1_rep64,flang-openmp,mimalloc,64
newdxx_g,BaO_nat002,64000,18643,72,7,9.942000,set1_rep64,flang-openmp,mimalloc,64
newdxx_g,BaO_nat002,64000,18643,72,8,9.924000,set1_rep64,flang-openmp,mimalloc,64
newdxx_g,BaO_nat002,64000,18643,72,9,10.716000,set1_rep64,flang-openmp,mimalloc,64
newdxx_g,BaO_nat002,64000,18643,72,10,10.988000,set1_rep64,flang-openmp,mimalloc,64
newdxx_g,BaO_nat002,64000,18643,72,11,10.587000,set1_rep64,flang-openmp,mimalloc,64
newdxx_g,BaO_nat002,64000,18643,72,12,9.962000,set1_rep64,flang-openmp,mimalloc,64
newdxx_g,BaO_nat002,64000,18643,72,13,10.459000,set1_rep64,flang-openmp,mimalloc,64
newdxx_g,BaO_nat002,64000,18643,72,14,10.024000,set1_rep64,flang-openmp,mimalloc,64
newdxx_g,BaO_nat002,64000,18643,72,15,9.968000,set1_rep64,flang-openmp,mimalloc,64
newdxx_g,BaO_nat002,64000,18643,72,16,11.714000,set1_rep64,flang-openmp,mimalloc,64
newdxx_g,BaO_nat002,64000,18643,72,17,10.036000,set1_rep64,flang-openmp,mimalloc,64
newdxx_g,BaO_nat002,64000,18643,72,18,10.045000,set1_rep64,flang-openmp,mimalloc,64
newdxx_g,BaO_nat002,64000,18643,72,19,10.107000,set1_rep64,flang-openmp,mimalloc,64
newdxx_g,BaTiO3_nat005,64000,27609,1,0,36.154000,set0,flang-openmp,mimalloc,1
newdxx_g,BaTiO3_nat005,64000,27609,1,1,40.068000,set0,flang-openmp,mimalloc,1
newdxx_g,BaTiO3_nat005,64000,27609,1,2,37.815000,set0,flang-openmp,mimalloc,1
newdxx_g,BaTiO3_nat005,64000,27609,1,3,39.301000,set0,flang-openmp,mimalloc,1
newdxx_g,BaTiO3_nat005,64000,27609,1,4,37.985000,set0,flang-openmp,mimalloc,1
newdxx_g,BaTiO3_nat005,64000,27609,1,5,35.894000,set0,flang-openmp,mimalloc,1
newdxx_g,BaTiO3_nat005,64000,27609,1,6,35.777000,set0,flang-openmp,mimalloc,1
newdxx_g,BaTiO3_nat005,64000,27609,1,7,37.597000,set0,flang-openmp,mimalloc,1
newdxx_g,BaTiO3_nat005,64000,27609,1,8,37.972000,set0,flang-openmp,mimalloc,1
newdxx_g,BaTiO3_nat005,64000,27609,1,9,41.560000,set0,flang-openmp,mimalloc,1
newdxx_g,BaTiO3_nat005,64000,27609,1,10,36.172000,set0,flang-openmp,mimalloc,1
newdxx_g,BaTiO3_nat005,64000,27609,1,11,35.761000,set0,flang-openmp,mimalloc,1
newdxx_g,BaTiO3_nat005,64000,27609,1,12,35.766000,set0,flang-openmp,mimalloc,1
newdxx_g,BaTiO3_nat005,64000,27609,1,13,35.787000,set0,flang-openmp,mimalloc,1
newdxx_g,BaTiO3_nat005,64000,27609,1,14,35.651000,set0,flang-openmp,mimalloc,1
newdxx_g,BaTiO3_nat005,64000,27609,1,15,35.849000,set0,flang-openmp,mimalloc,1
newdxx_g,BaTiO3_nat005,64000,27609,1,16,35.809000,set0,flang-openmp,mimalloc,1
newdxx_g,BaTiO3_nat005,64000,27609,1,17,35.643000,set0,flang-openmp,mimalloc,1
newdxx_g,BaTiO3_nat005,64000,27609,1,18,35.682000,set0,flang-openmp,mimalloc,1
newdxx_g,BaTiO3_nat005,64000,27609,1,19,36.357000,set0,flang-openmp,mimalloc,1
newdxx_g,BaTiO3_nat005,64000,27609,2,0,31.526000,set0,flang-openmp,mimalloc,1
newdxx_g,BaTiO3_nat005,64000,27609,2,1,31.489000,set0,flang-openmp,mimalloc,1
newdxx_g,BaTiO3_nat005,64000,27609,2,2,33.619000,set0,flang-openmp,mimalloc,1
newdxx_g,BaTiO3_nat005,64000,27609,2,3,32.009000,set0,flang-openmp,mimalloc,1
newdxx_g,BaTiO3_nat005,64000,27609,2,4,32.291000,set0,flang-openmp,mimalloc,1
newdxx_g,BaTiO3_nat005,64000,27609,2,5,31.935000,set0,flang-openmp,mimalloc,1
newdxx_g,BaTiO3_nat005,64000,27609,2,6,31.067000,set0,flang-openmp,mimalloc,1
newdxx_g,BaTiO3_nat005,64000,27609,2,7,31.270000,set0,flang-openmp,mimalloc,1
newdxx_g,BaTiO3_nat005,64000,27609,2,8,31.320000,set0,flang-openmp,mimalloc,1
newdxx_g,BaTiO3_nat005,64000,27609,2,9,31.530000,set0,flang-openmp,mimalloc,1
newdxx_g,BaTiO3_nat005,64000,27609,2,10,31.658000,set0,flang-openmp,mimalloc,1
newdxx_g,BaTiO3_nat005,64000,27609,2,11,31.407000,set0,flang-openmp,mimalloc,1
newdxx_g,BaTiO3_nat005,64000,27609,2,12,31.341000,set0,flang-openmp,mimalloc,1
newdxx_g,BaTiO3_nat005,64000,27609,2,13,32.003000,set0,flang-openmp,mimalloc,1
newdxx_g,BaTiO3_nat005,64000,27609,2,14,31.670000,set0,flang-openmp,mimalloc,1
newdxx_g,BaTiO3_nat005,64000,27609,2,15,32.290000,set0,flang-openmp,mimalloc,1
newdxx_g,BaTiO3_nat005,64000,27609,2,16,31.868000,set0,flang-openmp,mimalloc,1
newdxx_g,BaTiO3_nat005,64000,27609,2,17,31.721000,set0,flang-openmp,mimalloc,1
newdxx_g,BaTiO3_nat005,64000,27609,2,18,31.746000,set0,flang-openmp,mimalloc,1
newdxx_g,BaTiO3_nat005,64000,27609,2,19,31.829000,set0,flang-openmp,mimalloc,1
newdxx_g,BaTiO3_nat005,64000,27609,4,0,29.604000,set0,flang-openmp,mimalloc,1
newdxx_g,BaTiO3_nat005,64000,27609,4,1,29.619000,set0,flang-openmp,mimalloc,1
newdxx_g,BaTiO3_nat005,64000,27609,4,2,28.896000,set0,flang-openmp,mimalloc,1
newdxx_g,BaTiO3_nat005,64000,27609,4,3,30.604000,set0,flang-openmp,mimalloc,1
newdxx_g,BaTiO3_nat005,64000,27609,4,4,29.494000,set0,flang-openmp,mimalloc,1
newdxx_g,BaTiO3_nat005,64000,27609,4,5,29.386000,set0,flang-openmp,mimalloc,1
newdxx_g,BaTiO3_nat005,64000,27609,4,6,29.263000,set0,flang-openmp,mimalloc,1
newdxx_g,BaTiO3_nat005,64000,27609,4,7,29.337000,set0,flang-openmp,mimalloc,1
newdxx_g,BaTiO3_nat005,64000,27609,4,8,29.186000,set0,flang-openmp,mimalloc,1
newdxx_g,BaTiO3_nat005,64000,27609,4,9,29.197000,set0,flang-openmp,mimalloc,1
newdxx_g,BaTiO3_nat005,64000,27609,4,10,29.276000,set0,flang-openmp,mimalloc,1
newdxx_g,BaTiO3_nat005,64000,27609,4,11,29.123000,set0,flang-openmp,mimalloc,1
newdxx_g,BaTiO3_nat005,64000,27609,4,12,29.083000,set0,flang-openmp,mimalloc,1
newdxx_g,BaTiO3_nat005,64000,27609,4,13,29.428000,set0,flang-openmp,mimalloc,1
newdxx_g,BaTiO3_nat005,64000,27609,4,14,29.034000,set0,flang-openmp,mimalloc,1
newdxx_g,BaTiO3_nat005,64000,27609,4,15,28.810000,set0,flang-openmp,mimalloc,1
newdxx_g,BaTiO3_nat005,64000,27609,4,16,29.050000,set0,flang-openmp,mimalloc,1
newdxx_g,BaTiO3_nat005,64000,27609,4,17,28.961000,set0,flang-openmp,mimalloc,1
newdxx_g,BaTiO3_nat005,64000,27609,4,18,28.783000,set0,flang-openmp,mimalloc,1
newdxx_g,BaTiO3_nat005,64000,27609,4,19,29.188000,set0,flang-openmp,mimalloc,1
newdxx_g,BaTiO3_nat005,64000,27609,8,0,24.324000,set0,flang-openmp,mimalloc,1
newdxx_g,BaTiO3_nat005,64000,27609,8,1,24.260000,set0,flang-openmp,mimalloc,1
newdxx_g,BaTiO3_nat005,64000,27609,8,2,24.367000,set0,flang-openmp,mimalloc,1
newdxx_g,BaTiO3_nat005,64000,27609,8,3,24.435000,set0,flang-openmp,mimalloc,1
newdxx_g,BaTiO3_nat005,64000,27609,8,4,24.394000,set0,flang-openmp,mimalloc,1
newdxx_g,BaTiO3_nat005,64000,27609,8,5,24.300000,set0,flang-openmp,mimalloc,1
newdxx_g,BaTiO3_nat005,64000,27609,8,6,24.584000,set0,flang-openmp,mimalloc,1
newdxx_g,BaTiO3_nat005,64000,27609,8,7,24.553000,set0,flang-openmp,mimalloc,1
newdxx_g,BaTiO3_nat005,64000,27609,8,8,27.237000,set0,flang-openmp,mimalloc,1
newdxx_g,BaTiO3_nat005,64000,27609,8,9,24.590000,set0,flang-openmp,mimalloc,1
newdxx_g,BaTiO3_nat005,64000,27609,8,10,24.816000,set0,flang-openmp,mimalloc,1
newdxx_g,BaTiO3_nat005,64000,27609,8,11,24.646000,set0,flang-openmp,mimalloc,1
newdxx_g,BaTiO3_nat005,64000,27609,8,12,25.794000,set0,flang-openmp,mimalloc,1
newdxx_g,BaTiO3_nat005,64000,27609,8,13,24.776000,set0,flang-openmp,mimalloc,1
newdxx_g,BaTiO3_nat005,64000,27609,8,14,24.807000,set0,flang-openmp,mimalloc,1
newdxx_g,BaTiO3_nat005,64000,27609,8,15,24.839000,set0,flang-openmp,mimalloc,1
newdxx_g,BaTiO3_nat005,64000,27609,8,16,24.818000,set0,flang-openmp,mimalloc,1
newdxx_g,BaTiO3_nat005,64000,27609,8,17,24.668000,set0,flang-openmp,mimalloc,1
newdxx_g,BaTiO3_nat005,64000,27609,8,18,24.664000,set0,flang-openmp,mimalloc,1
newdxx_g,BaTiO3_nat005,64000,27609,8,19,24.413000,set0,flang-openmp,mimalloc,1
newdxx_g,BaTiO3_nat005,64000,27609,16,0,15.484000,set0,flang-openmp,mimalloc,1
newdxx_g,BaTiO3_nat005,64000,27609,16,1,15.638000,set0,flang-openmp,mimalloc,1
newdxx_g,BaTiO3_nat005,64000,27609,16,2,15.346000,set0,flang-openmp,mimalloc,1
newdxx_g,BaTiO3_nat005,64000,27609,16,3,15.269000,set0,flang-openmp,mimalloc,1
newdxx_g,BaTiO3_nat005,64000,27609,16,4,14.906000,set0,flang-openmp,mimalloc,1
newdxx_g,BaTiO3_nat005,64000,27609,16,5,14.973000,set0,flang-openmp,mimalloc,1
newdxx_g,BaTiO3_nat005,64000,27609,16,6,14.982000,set0,flang-openmp,mimalloc,1
newdxx_g,BaTiO3_nat005,64000,27609,16,7,15.039000,set0,flang-openmp,mimalloc,1
newdxx_g,BaTiO3_nat005,64000,27609,16,8,14.618000,set0,flang-openmp,mimalloc,1
newdxx_g,BaTiO3_nat005,64000,27609,16,9,15.227000,set0,flang-openmp,mimalloc,1
newdxx_g,BaTiO3_nat005,64000,27609,16,10,14.919000,set0,flang-openmp,mimalloc,1
newdxx_g,BaTiO3_nat005,64000,27609,16,11,15.088000,set0,flang-openmp,mimalloc,1
newdxx_g,BaTiO3_nat005,64000,27609,16,12,14.978000,set0,flang-openmp,mimalloc,1
newdxx_g,BaTiO3_nat005,64000,27609,16,13,15.074000,set0,flang-openmp,mimalloc,1
newdxx_g,BaTiO3_nat005,64000,27609,16,14,15.049000,set0,flang-openmp,mimalloc,1
newdxx_g,BaTiO3_nat005,64000,27609,16,15,15.182000,set0,flang-openmp,mimalloc,1
newdxx_g,BaTiO3_nat005,64000,27609,16,16,15.071000,set0,flang-openmp,mimalloc,1
newdxx_g,BaTiO3_nat005,64000,27609,16,17,15.203000,set0,flang-openmp,mimalloc,1
newdxx_g,BaTiO3_nat005,64000,27609,16,18,15.233000,set0,flang-openmp,mimalloc,1
newdxx_g,BaTiO3_nat005,64000,27609,16,19,14.825000,set0,flang-openmp,mimalloc,1
newdxx_g,BaTiO3_nat005,64000,27609,32,0,27.803000,set0,flang-openmp,mimalloc,1
newdxx_g,BaTiO3_nat005,64000,27609,32,1,26.961000,set0,flang-openmp,mimalloc,1
newdxx_g,BaTiO3_nat005,64000,27609,32,2,24.918000,set0,flang-openmp,mimalloc,1
newdxx_g,BaTiO3_nat005,64000,27609,32,3,24.488000,set0,flang-openmp,mimalloc,1
newdxx_g,BaTiO3_nat005,64000,27609,32,4,25.830000,set0,flang-openmp,mimalloc,1
newdxx_g,BaTiO3_nat005,64000,27609,32,5,25.405000,set0,flang-openmp,mimalloc,1
newdxx_g,BaTiO3_nat005,64000,27609,32,6,25.106000,set0,flang-openmp,mimalloc,1
newdxx_g,BaTiO3_nat005,64000,27609,32,7,24.665000,set0,flang-openmp,mimalloc,1
newdxx_g,BaTiO3_nat005,64000,27609,32,8,24.666000,set0,flang-openmp,mimalloc,1
newdxx_g,BaTiO3_nat005,64000,27609,32,9,24.848000,set0,flang-openmp,mimalloc,1
newdxx_g,BaTiO3_nat005,64000,27609,32,10,24.370000,set0,flang-openmp,mimalloc,1
newdxx_g,BaTiO3_nat005,64000,27609,32,11,24.698000,set0,flang-openmp,mimalloc,1
newdxx_g,BaTiO3_nat005,64000,27609,32,12,24.876000,set0,flang-openmp,mimalloc,1
newdxx_g,BaTiO3_nat005,64000,27609,32,13,24.691000,set0,flang-openmp,mimalloc,1
newdxx_g,BaTiO3_nat005,64000,27609,32,14,24.678000,set0,flang-openmp,mimalloc,1
newdxx_g,BaTiO3_nat005,64000,27609,32,15,24.533000,set0,flang-openmp,mimalloc,1
newdxx_g,BaTiO3_nat005,64000,27609,32,16,27.889000,set0,flang-openmp,mimalloc,1
newdxx_g,BaTiO3_nat005,64000,27609,32,17,26.583000,set0,flang-openmp,mimalloc,1
newdxx_g,BaTiO3_nat005,64000,27609,32,18,26.204000,set0,flang-openmp,mimalloc,1
newdxx_g,BaTiO3_nat005,64000,27609,32,19,25.186000,set0,flang-openmp,mimalloc,1
newdxx_g,BaTiO3_nat005,64000,27609,64,0,16.372000,set0,flang-openmp,mimalloc,1
newdxx_g,BaTiO3_nat005,64000,27609,64,1,16.588000,set0,flang-openmp,mimalloc,1
newdxx_g,BaTiO3_nat005,64000,27609,64,2,15.531000,set0,flang-openmp,mimalloc,1
newdxx_g,BaTiO3_nat005,64000,27609,64,3,15.759000,set0,flang-openmp,mimalloc,1
newdxx_g,BaTiO3_nat005,64000,27609,64,4,15.394000,set0,flang-openmp,mimalloc,1
newdxx_g,BaTiO3_nat005,64000,27609,64,5,15.430000,set0,flang-openmp,mimalloc,1
newdxx_g,BaTiO3_nat005,64000,27609,64,6,15.455000,set0,flang-openmp,mimalloc,1
newdxx_g,BaTiO3_nat005,64000,27609,64,7,15.453000,set0,flang-openmp,mimalloc,1
newdxx_g,BaTiO3_nat005,64000,27609,64,8,15.231000,set0,flang-openmp,mimalloc,1
newdxx_g,BaTiO3_nat005,64000,27609,64,9,15.452000,set0,flang-openmp,mimalloc,1
newdxx_g,BaTiO3_nat005,64000,27609,64,10,15.374000,set0,flang-openmp,mimalloc,1
newdxx_g,BaTiO3_nat005,64000,27609,64,11,15.268000,set0,flang-openmp,mimalloc,1
newdxx_g,BaTiO3_nat005,64000,27609,64,12,15.618000,set0,flang-openmp,mimalloc,1
newdxx_g,BaTiO3_nat005,64000,27609,64,13,15.067000,set0,flang-openmp,mimalloc,1
newdxx_g,BaTiO3_nat005,64000,27609,64,14,15.064000,set0,flang-openmp,mimalloc,1
newdxx_g,BaTiO3_nat005,64000,27609,64,15,15.669000,set0,flang-openmp,mimalloc,1
newdxx_g,BaTiO3_nat005,64000,27609,64,16,15.423000,set0,flang-openmp,mimalloc,1
newdxx_g,BaTiO3_nat005,64000,27609,64,17,15.414000,set0,flang-openmp,mimalloc,1
newdxx_g,BaTiO3_nat005,64000,27609,64,18,15.369000,set0,flang-openmp,mimalloc,1
newdxx_g,BaTiO3_nat005,64000,27609,64,19,15.325000,set0,flang-openmp,mimalloc,1
newdxx_g,BaTiO3_nat005,64000,27609,72,0,15.210000,set0,flang-openmp,mimalloc,1
newdxx_g,BaTiO3_nat005,64000,27609,72,1,15.183000,set0,flang-openmp,mimalloc,1
newdxx_g,BaTiO3_nat005,64000,27609,72,2,15.467000,set0,flang-openmp,mimalloc,1
newdxx_g,BaTiO3_nat005,64000,27609,72,3,16.433000,set0,flang-openmp,mimalloc,1
newdxx_g,BaTiO3_nat005,64000,27609,72,4,15.043000,set0,flang-openmp,mimalloc,1
newdxx_g,BaTiO3_nat005,64000,27609,72,5,15.247000,set0,flang-openmp,mimalloc,1
newdxx_g,BaTiO3_nat005,64000,27609,72,6,14.913000,set0,flang-openmp,mimalloc,1
newdxx_g,BaTiO3_nat005,64000,27609,72,7,15.201000,set0,flang-openmp,mimalloc,1
newdxx_g,BaTiO3_nat005,64000,27609,72,8,15.271000,set0,flang-openmp,mimalloc,1
newdxx_g,BaTiO3_nat005,64000,27609,72,9,14.943000,set0,flang-openmp,mimalloc,1
newdxx_g,BaTiO3_nat005,64000,27609,72,10,15.007000,set0,flang-openmp,mimalloc,1
newdxx_g,BaTiO3_nat005,64000,27609,72,11,14.998000,set0,flang-openmp,mimalloc,1
newdxx_g,BaTiO3_nat005,64000,27609,72,12,14.975000,set0,flang-openmp,mimalloc,1
newdxx_g,BaTiO3_nat005,64000,27609,72,13,15.365000,set0,flang-openmp,mimalloc,1
newdxx_g,BaTiO3_nat005,64000,27609,72,14,15.169000,set0,flang-openmp,mimalloc,1
newdxx_g,BaTiO3_nat005,64000,27609,72,15,15.412000,set0,flang-openmp,mimalloc,1
newdxx_g,BaTiO3_nat005,64000,27609,72,16,15.137000,set0,flang-openmp,mimalloc,1
newdxx_g,BaTiO3_nat005,64000,27609,72,17,14.820000,set0,flang-openmp,mimalloc,1
newdxx_g,BaTiO3_nat005,64000,27609,72,18,14.825000,set0,flang-openmp,mimalloc,1
newdxx_g,BaTiO3_nat005,64000,27609,72,19,14.955000,set0,flang-openmp,mimalloc,1
newdxx_g,BaTiO3_nat005,64000,27609,1,0,1714.087000,set0_rep64,flang-openmp,mimalloc,64
newdxx_g,BaTiO3_nat005,64000,27609,1,1,1711.370000,set0_rep64,flang-openmp,mimalloc,64
newdxx_g,BaTiO3_nat005,64000,27609,1,2,1701.558000,set0_rep64,flang-openmp,mimalloc,64
newdxx_g,BaTiO3_nat005,64000,27609,1,3,1717.912000,set0_rep64,flang-openmp,mimalloc,64
newdxx_g,BaTiO3_nat005,64000,27609,1,4,1704.042000,set0_rep64,flang-openmp,mimalloc,64
newdxx_g,BaTiO3_nat005,64000,27609,1,5,1710.103000,set0_rep64,flang-openmp,mimalloc,64
newdxx_g,BaTiO3_nat005,64000,27609,1,6,1701.568000,set0_rep64,flang-openmp,mimalloc,64
newdxx_g,BaTiO3_nat005,64000,27609,1,7,1699.634000,set0_rep64,flang-openmp,mimalloc,64
newdxx_g,BaTiO3_nat005,64000,27609,1,8,1696.482000,set0_rep64,flang-openmp,mimalloc,64
newdxx_g,BaTiO3_nat005,64000,27609,1,9,1700.265000,set0_rep64,flang-openmp,mimalloc,64
newdxx_g,BaTiO3_nat005,64000,27609,1,10,1710.318000,set0_rep64,flang-openmp,mimalloc,64
newdxx_g,BaTiO3_nat005,64000,27609,1,11,1712.320000,set0_rep64,flang-openmp,mimalloc,64
newdxx_g,BaTiO3_nat005,64000,27609,1,12,1692.980000,set0_rep64,flang-openmp,mimalloc,64
newdxx_g,BaTiO3_nat005,64000,27609,1,13,1701.890000,set0_rep64,flang-openmp,mimalloc,64
newdxx_g,BaTiO3_nat005,64000,27609,1,14,1699.392000,set0_rep64,flang-openmp,mimalloc,64
newdxx_g,BaTiO3_nat005,64000,27609,1,15,1715.932000,set0_rep64,flang-openmp,mimalloc,64
newdxx_g,BaTiO3_nat005,64000,27609,1,16,1704.637000,set0_rep64,flang-openmp,mimalloc,64
newdxx_g,BaTiO3_nat005,64000,27609,1,17,1711.652000,set0_rep64,flang-openmp,mimalloc,64
newdxx_g,BaTiO3_nat005,64000,27609,1,18,1711.082000,set0_rep64,flang-openmp,mimalloc,64
newdxx_g,BaTiO3_nat005,64000,27609,1,19,1714.752000,set0_rep64,flang-openmp,mimalloc,64
newdxx_g,BaTiO3_nat005,64000,27609,2,0,875.759000,set0_rep64,flang-openmp,mimalloc,64
newdxx_g,BaTiO3_nat005,64000,27609,2,1,864.960000,set0_rep64,flang-openmp,mimalloc,64
newdxx_g,BaTiO3_nat005,64000,27609,2,2,871.814000,set0_rep64,flang-openmp,mimalloc,64
newdxx_g,BaTiO3_nat005,64000,27609,2,3,859.902000,set0_rep64,flang-openmp,mimalloc,64
newdxx_g,BaTiO3_nat005,64000,27609,2,4,860.141000,set0_rep64,flang-openmp,mimalloc,64
newdxx_g,BaTiO3_nat005,64000,27609,2,5,857.552000,set0_rep64,flang-openmp,mimalloc,64
newdxx_g,BaTiO3_nat005,64000,27609,2,6,864.681000,set0_rep64,flang-openmp,mimalloc,64
newdxx_g,BaTiO3_nat005,64000,27609,2,7,862.196000,set0_rep64,flang-openmp,mimalloc,64
newdxx_g,BaTiO3_nat005,64000,27609,2,8,860.184000,set0_rep64,flang-openmp,mimalloc,64
newdxx_g,BaTiO3_nat005,64000,27609,2,9,862.661000,set0_rep64,flang-openmp,mimalloc,64
newdxx_g,BaTiO3_nat005,64000,27609,2,10,868.065000,set0_rep64,flang-openmp,mimalloc,64
newdxx_g,BaTiO3_nat005,64000,27609,2,11,862.255000,set0_rep64,flang-openmp,mimalloc,64
newdxx_g,BaTiO3_nat005,64000,27609,2,12,864.460000,set0_rep64,flang-openmp,mimalloc,64
newdxx_g,BaTiO3_nat005,64000,27609,2,13,867.061000,set0_rep64,flang-openmp,mimalloc,64
newdxx_g,BaTiO3_nat005,64000,27609,2,14,865.610000,set0_rep64,flang-openmp,mimalloc,64
newdxx_g,BaTiO3_nat005,64000,27609,2,15,864.708000,set0_rep64,flang-openmp,mimalloc,64
newdxx_g,BaTiO3_nat005,64000,27609,2,16,861.086000,set0_rep64,flang-openmp,mimalloc,64
newdxx_g,BaTiO3_nat005,64000,27609,2,17,865.212000,set0_rep64,flang-openmp,mimalloc,64
newdxx_g,BaTiO3_nat005,64000,27609,2,18,862.802000,set0_rep64,flang-openmp,mimalloc,64
newdxx_g,BaTiO3_nat005,64000,27609,2,19,864.285000,set0_rep64,flang-openmp,mimalloc,64
newdxx_g,BaTiO3_nat005,64000,27609,4,0,435.030000,set0_rep64,flang-openmp,mimalloc,64
newdxx_g,BaTiO3_nat005,64000,27609,4,1,433.200000,set0_rep64,flang-openmp,mimalloc,64
newdxx_g,BaTiO3_nat005,64000,27609,4,2,431.119000,set0_rep64,flang-openmp,mimalloc,64
newdxx_g,BaTiO3_nat005,64000,27609,4,3,430.835000,set0_rep64,flang-openmp,mimalloc,64
newdxx_g,BaTiO3_nat005,64000,27609,4,4,434.622000,set0_rep64,flang-openmp,mimalloc,64
newdxx_g,BaTiO3_nat005,64000,27609,4,5,431.844000,set0_rep64,flang-openmp,mimalloc,64
newdxx_g,BaTiO3_nat005,64000,27609,4,6,431.813000,set0_rep64,flang-openmp,mimalloc,64
newdxx_g,BaTiO3_nat005,64000,27609,4,7,431.290000,set0_rep64,flang-openmp,mimalloc,64
newdxx_g,BaTiO3_nat005,64000,27609,4,8,431.786000,set0_rep64,flang-openmp,mimalloc,64
newdxx_g,BaTiO3_nat005,64000,27609,4,9,431.969000,set0_rep64,flang-openmp,mimalloc,64
newdxx_g,BaTiO3_nat005,64000,27609,4,10,431.863000,set0_rep64,flang-openmp,mimalloc,64
newdxx_g,BaTiO3_nat005,64000,27609,4,11,431.595000,set0_rep64,flang-openmp,mimalloc,64
newdxx_g,BaTiO3_nat005,64000,27609,4,12,433.291000,set0_rep64,flang-openmp,mimalloc,64
newdxx_g,BaTiO3_nat005,64000,27609,4,13,431.671000,set0_rep64,flang-openmp,mimalloc,64
newdxx_g,BaTiO3_nat005,64000,27609,4,14,430.879000,set0_rep64,flang-openmp,mimalloc,64
newdxx_g,BaTiO3_nat005,64000,27609,4,15,438.994000,set0_rep64,flang-openmp,mimalloc,64
newdxx_g,BaTiO3_nat005,64000,27609,4,16,431.572000,set0_rep64,flang-openmp,mimalloc,64
newdxx_g,BaTiO3_nat005,64000,27609,4,17,430.725000,set0_rep64,flang-openmp,mimalloc,64
newdxx_g,BaTiO3_nat005,64000,27609,4,18,434.992000,set0_rep64,flang-openmp,mimalloc,64
newdxx_g,BaTiO3_nat005,64000,27609,4,19,430.973000,set0_rep64,flang-openmp,mimalloc,64
newdxx_g,BaTiO3_nat005,64000,27609,8,0,411.576000,set0_rep64,flang-openmp,mimalloc,64
newdxx_g,BaTiO3_nat005,64000,27609,8,1,411.544000,set0_rep64,flang-openmp,mimalloc,64
newdxx_g,BaTiO3_nat005,64000,27609,8,2,412.506000,set0_rep64,flang-openmp,mimalloc,64
newdxx_g,BaTiO3_nat005,64000,27609,8,3,412.680000,set0_rep64,flang-openmp,mimalloc,64
newdxx_g,BaTiO3_nat005,64000,27609,8,4,412.932000,set0_rep64,flang-openmp,mimalloc,64
newdxx_g,BaTiO3_nat005,64000,27609,8,5,412.265000,set0_rep64,flang-openmp,mimalloc,64
newdxx_g,BaTiO3_nat005,64000,27609,8,6,417.891000,set0_rep64,flang-openmp,mimalloc,64
newdxx_g,BaTiO3_nat005,64000,27609,8,7,414.752000,set0_rep64,flang-openmp,mimalloc,64
newdxx_g,BaTiO3_nat005,64000,27609,8,8,412.031000,set0_rep64,flang-openmp,mimalloc,64
newdxx_g,BaTiO3_nat005,64000,27609,8,9,430.671000,set0_rep64,flang-openmp,mimalloc,64
newdxx_g,BaTiO3_nat005,64000,27609,8,10,411.609000,set0_rep64,flang-openmp,mimalloc,64
newdxx_g,BaTiO3_nat005,64000,27609,8,11,414.643000,set0_rep64,flang-openmp,mimalloc,64
newdxx_g,BaTiO3_nat005,64000,27609,8,12,411.889000,set0_rep64,flang-openmp,mimalloc,64
newdxx_g,BaTiO3_nat005,64000,27609,8,13,412.442000,set0_rep64,flang-openmp,mimalloc,64
newdxx_g,BaTiO3_nat005,64000,27609,8,14,410.248000,set0_rep64,flang-openmp,mimalloc,64
newdxx_g,BaTiO3_nat005,64000,27609,8,15,414.285000,set0_rep64,flang-openmp,mimalloc,64
newdxx_g,BaTiO3_nat005,64000,27609,8,16,414.583000,set0_rep64,flang-openmp,mimalloc,64
newdxx_g,BaTiO3_nat005,64000,27609,8,17,411.981000,set0_rep64,flang-openmp,mimalloc,64
newdxx_g,BaTiO3_nat005,64000,27609,8,18,424.011000,set0_rep64,flang-openmp,mimalloc,64
newdxx_g,BaTiO3_nat005,64000,27609,8,19,414.386000,set0_rep64,flang-openmp,mimalloc,64
newdxx_g,BaTiO3_nat005,64000,27609,16,0,112.684000,set0_rep64,flang-openmp,mimalloc,64
newdxx_g,BaTiO3_nat005,64000,27609,16,1,112.566000,set0_rep64,flang-openmp,mimalloc,64
newdxx_g,BaTiO3_nat005,64000,27609,16,2,113.883000,set0_rep64,flang-openmp,mimalloc,64
newdxx_g,BaTiO3_nat005,64000,27609,16,3,114.881000,set0_rep64,flang-openmp,mimalloc,64
newdxx_g,BaTiO3_nat005,64000,27609,16,4,113.647000,set0_rep64,flang-openmp,mimalloc,64
newdxx_g,BaTiO3_nat005,64000,27609,16,5,113.008000,set0_rep64,flang-openmp,mimalloc,64
newdxx_g,BaTiO3_nat005,64000,27609,16,6,112.618000,set0_rep64,flang-openmp,mimalloc,64
newdxx_g,BaTiO3_nat005,64000,27609,16,7,113.007000,set0_rep64,flang-openmp,mimalloc,64
newdxx_g,BaTiO3_nat005,64000,27609,16,8,113.646000,set0_rep64,flang-openmp,mimalloc,64
newdxx_g,BaTiO3_nat005,64000,27609,16,9,115.356000,set0_rep64,flang-openmp,mimalloc,64
newdxx_g,BaTiO3_nat005,64000,27609,16,10,113.534000,set0_rep64,flang-openmp,mimalloc,64
newdxx_g,BaTiO3_nat005,64000,27609,16,11,116.220000,set0_rep64,flang-openmp,mimalloc,64
newdxx_g,BaTiO3_nat005,64000,27609,16,12,115.472000,set0_rep64,flang-openmp,mimalloc,64
newdxx_g,BaTiO3_nat005,64000,27609,16,13,114.568000,set0_rep64,flang-openmp,mimalloc,64
newdxx_g,BaTiO3_nat005,64000,27609,16,14,113.354000,set0_rep64,flang-openmp,mimalloc,64
newdxx_g,BaTiO3_nat005,64000,27609,16,15,112.973000,set0_rep64,flang-openmp,mimalloc,64
newdxx_g,BaTiO3_nat005,64000,27609,16,16,113.162000,set0_rep64,flang-openmp,mimalloc,64
newdxx_g,BaTiO3_nat005,64000,27609,16,17,113.261000,set0_rep64,flang-openmp,mimalloc,64
newdxx_g,BaTiO3_nat005,64000,27609,16,18,115.987000,set0_rep64,flang-openmp,mimalloc,64
newdxx_g,BaTiO3_nat005,64000,27609,16,19,118.595000,set0_rep64,flang-openmp,mimalloc,64
newdxx_g,BaTiO3_nat005,64000,27609,32,0,110.571000,set0_rep64,flang-openmp,mimalloc,64
newdxx_g,BaTiO3_nat005,64000,27609,32,1,110.620000,set0_rep64,flang-openmp,mimalloc,64
newdxx_g,BaTiO3_nat005,64000,27609,32,2,112.222000,set0_rep64,flang-openmp,mimalloc,64
newdxx_g,BaTiO3_nat005,64000,27609,32,3,109.298000,set0_rep64,flang-openmp,mimalloc,64
newdxx_g,BaTiO3_nat005,64000,27609,32,4,109.717000,set0_rep64,flang-openmp,mimalloc,64
newdxx_g,BaTiO3_nat005,64000,27609,32,5,110.038000,set0_rep64,flang-openmp,mimalloc,64
newdxx_g,BaTiO3_nat005,64000,27609,32,6,110.706000,set0_rep64,flang-openmp,mimalloc,64
newdxx_g,BaTiO3_nat005,64000,27609,32,7,110.417000,set0_rep64,flang-openmp,mimalloc,64
newdxx_g,BaTiO3_nat005,64000,27609,32,8,114.014000,set0_rep64,flang-openmp,mimalloc,64
newdxx_g,BaTiO3_nat005,64000,27609,32,9,109.968000,set0_rep64,flang-openmp,mimalloc,64
newdxx_g,BaTiO3_nat005,64000,27609,32,10,111.138000,set0_rep64,flang-openmp,mimalloc,64
newdxx_g,BaTiO3_nat005,64000,27609,32,11,112.868000,set0_rep64,flang-openmp,mimalloc,64
newdxx_g,BaTiO3_nat005,64000,27609,32,12,114.758000,set0_rep64,flang-openmp,mimalloc,64
newdxx_g,BaTiO3_nat005,64000,27609,32,13,119.552000,set0_rep64,flang-openmp,mimalloc,64
newdxx_g,BaTiO3_nat005,64000,27609,32,14,109.827000,set0_rep64,flang-openmp,mimalloc,64
newdxx_g,BaTiO3_nat005,64000,27609,32,15,113.448000,set0_rep64,flang-openmp,mimalloc,64
newdxx_g,BaTiO3_nat005,64000,27609,32,16,111.865000,set0_rep64,flang-openmp,mimalloc,64
newdxx_g,BaTiO3_nat005,64000,27609,32,17,109.861000,set0_rep64,flang-openmp,mimalloc,64
newdxx_g,BaTiO3_nat005,64000,27609,32,18,108.878000,set0_rep64,flang-openmp,mimalloc,64
newdxx_g,BaTiO3_nat005,64000,27609,32,19,110.147000,set0_rep64,flang-openmp,mimalloc,64
newdxx_g,BaTiO3_nat005,64000,27609,64,0,31.672000,set0_rep64,flang-openmp,mimalloc,64
newdxx_g,BaTiO3_nat005,64000,27609,64,1,30.698000,set0_rep64,flang-openmp,mimalloc,64
newdxx_g,BaTiO3_nat005,64000,27609,64,2,30.676000,set0_rep64,flang-openmp,mimalloc,64
newdxx_g,BaTiO3_nat005,64000,27609,64,3,31.429000,set0_rep64,flang-openmp,mimalloc,64
newdxx_g,BaTiO3_nat005,64000,27609,64,4,31.662000,set0_rep64,flang-openmp,mimalloc,64
newdxx_g,BaTiO3_nat005,64000,27609,64,5,42.352000,set0_rep64,flang-openmp,mimalloc,64
newdxx_g,BaTiO3_nat005,64000,27609,64,6,31.414000,set0_rep64,flang-openmp,mimalloc,64
newdxx_g,BaTiO3_nat005,64000,27609,64,7,30.792000,set0_rep64,flang-openmp,mimalloc,64
newdxx_g,BaTiO3_nat005,64000,27609,64,8,31.574000,set0_rep64,flang-openmp,mimalloc,64
newdxx_g,BaTiO3_nat005,64000,27609,64,9,30.521000,set0_rep64,flang-openmp,mimalloc,64
newdxx_g,BaTiO3_nat005,64000,27609,64,10,33.489000,set0_rep64,flang-openmp,mimalloc,64
newdxx_g,BaTiO3_nat005,64000,27609,64,11,31.305000,set0_rep64,flang-openmp,mimalloc,64
newdxx_g,BaTiO3_nat005,64000,27609,64,12,30.341000,set0_rep64,flang-openmp,mimalloc,64
newdxx_g,BaTiO3_nat005,64000,27609,64,13,31.635000,set0_rep64,flang-openmp,mimalloc,64
newdxx_g,BaTiO3_nat005,64000,27609,64,14,32.284000,set0_rep64,flang-openmp,mimalloc,64
newdxx_g,BaTiO3_nat005,64000,27609,64,15,32.024000,set0_rep64,flang-openmp,mimalloc,64
newdxx_g,BaTiO3_nat005,64000,27609,64,16,34.753000,set0_rep64,flang-openmp,mimalloc,64
newdxx_g,BaTiO3_nat005,64000,27609,64,17,33.357000,set0_rep64,flang-openmp,mimalloc,64
newdxx_g,BaTiO3_nat005,64000,27609,64,18,31.043000,set0_rep64,flang-openmp,mimalloc,64
newdxx_g,BaTiO3_nat005,64000,27609,64,19,30.825000,set0_rep64,flang-openmp,mimalloc,64
newdxx_g,BaTiO3_nat005,64000,27609,72,0,30.986000,set0_rep64,flang-openmp,mimalloc,64
newdxx_g,BaTiO3_nat005,64000,27609,72,1,30.704000,set0_rep64,flang-openmp,mimalloc,64
newdxx_g,BaTiO3_nat005,64000,27609,72,2,31.260000,set0_rep64,flang-openmp,mimalloc,64
newdxx_g,BaTiO3_nat005,64000,27609,72,3,30.596000,set0_rep64,flang-openmp,mimalloc,64
newdxx_g,BaTiO3_nat005,64000,27609,72,4,36.902000,set0_rep64,flang-openmp,mimalloc,64
newdxx_g,BaTiO3_nat005,64000,27609,72,5,31.218000,set0_rep64,flang-openmp,mimalloc,64
newdxx_g,BaTiO3_nat005,64000,27609,72,6,31.307000,set0_rep64,flang-openmp,mimalloc,64
newdxx_g,BaTiO3_nat005,64000,27609,72,7,31.128000,set0_rep64,flang-openmp,mimalloc,64
newdxx_g,BaTiO3_nat005,64000,27609,72,8,31.419000,set0_rep64,flang-openmp,mimalloc,64
newdxx_g,BaTiO3_nat005,64000,27609,72,9,34.794000,set0_rep64,flang-openmp,mimalloc,64
newdxx_g,BaTiO3_nat005,64000,27609,72,10,31.218000,set0_rep64,flang-openmp,mimalloc,64
newdxx_g,BaTiO3_nat005,64000,27609,72,11,30.829000,set0_rep64,flang-openmp,mimalloc,64
newdxx_g,BaTiO3_nat005,64000,27609,72,12,31.812000,set0_rep64,flang-openmp,mimalloc,64
newdxx_g,BaTiO3_nat005,64000,27609,72,13,30.680000,set0_rep64,flang-openmp,mimalloc,64
newdxx_g,BaTiO3_nat005,64000,27609,72,14,32.101000,set0_rep64,flang-openmp,mimalloc,64
newdxx_g,BaTiO3_nat005,64000,27609,72,15,31.409000,set0_rep64,flang-openmp,mimalloc,64
newdxx_g,BaTiO3_nat005,64000,27609,72,16,30.666000,set0_rep64,flang-openmp,mimalloc,64
newdxx_g,BaTiO3_nat005,64000,27609,72,17,31.001000,set0_rep64,flang-openmp,mimalloc,64
newdxx_g,BaTiO3_nat005,64000,27609,72,18,31.129000,set0_rep64,flang-openmp,mimalloc,64
newdxx_g,BaTiO3_nat005,64000,27609,72,19,32.661000,set0_rep64,flang-openmp,mimalloc,64
newdxx_g,BaTiO3_nat005,64000,27609,1,0,35.877000,set1,flang-openmp,mimalloc,1
newdxx_g,BaTiO3_nat005,64000,27609,1,1,37.002000,set1,flang-openmp,mimalloc,1
newdxx_g,BaTiO3_nat005,64000,27609,1,2,35.775000,set1,flang-openmp,mimalloc,1
newdxx_g,BaTiO3_nat005,64000,27609,1,3,35.645000,set1,flang-openmp,mimalloc,1
newdxx_g,BaTiO3_nat005,64000,27609,1,4,35.647000,set1,flang-openmp,mimalloc,1
newdxx_g,BaTiO3_nat005,64000,27609,1,5,35.570000,set1,flang-openmp,mimalloc,1
newdxx_g,BaTiO3_nat005,64000,27609,1,6,35.790000,set1,flang-openmp,mimalloc,1
newdxx_g,BaTiO3_nat005,64000,27609,1,7,35.909000,set1,flang-openmp,mimalloc,1
newdxx_g,BaTiO3_nat005,64000,27609,1,8,35.804000,set1,flang-openmp,mimalloc,1
newdxx_g,BaTiO3_nat005,64000,27609,1,9,35.503000,set1,flang-openmp,mimalloc,1
newdxx_g,BaTiO3_nat005,64000,27609,1,10,35.627000,set1,flang-openmp,mimalloc,1
newdxx_g,BaTiO3_nat005,64000,27609,1,11,35.763000,set1,flang-openmp,mimalloc,1
newdxx_g,BaTiO3_nat005,64000,27609,1,12,35.621000,set1,flang-openmp,mimalloc,1
newdxx_g,BaTiO3_nat005,64000,27609,1,13,35.507000,set1,flang-openmp,mimalloc,1
newdxx_g,BaTiO3_nat005,64000,27609,1,14,35.622000,set1,flang-openmp,mimalloc,1
newdxx_g,BaTiO3_nat005,64000,27609,1,15,35.624000,set1,flang-openmp,mimalloc,1
newdxx_g,BaTiO3_nat005,64000,27609,1,16,35.779000,set1,flang-openmp,mimalloc,1
newdxx_g,BaTiO3_nat005,64000,27609,1,17,35.663000,set1,flang-openmp,mimalloc,1
newdxx_g,BaTiO3_nat005,64000,27609,1,18,35.759000,set1,flang-openmp,mimalloc,1
newdxx_g,BaTiO3_nat005,64000,27609,1,19,35.792000,set1,flang-openmp,mimalloc,1
newdxx_g,BaTiO3_nat005,64000,27609,2,0,31.825000,set1,flang-openmp,mimalloc,1
newdxx_g,BaTiO3_nat005,64000,27609,2,1,31.866000,set1,flang-openmp,mimalloc,1
newdxx_g,BaTiO3_nat005,64000,27609,2,2,32.117000,set1,flang-openmp,mimalloc,1
newdxx_g,BaTiO3_nat005,64000,27609,2,3,32.713000,set1,flang-openmp,mimalloc,1
newdxx_g,BaTiO3_nat005,64000,27609,2,4,32.346000,set1,flang-openmp,mimalloc,1
newdxx_g,BaTiO3_nat005,64000,27609,2,5,31.769000,set1,flang-openmp,mimalloc,1
newdxx_g,BaTiO3_nat005,64000,27609,2,6,31.772000,set1,flang-openmp,mimalloc,1
newdxx_g,BaTiO3_nat005,64000,27609,2,7,31.770000,set1,flang-openmp,mimalloc,1
newdxx_g,BaTiO3_nat005,64000,27609,2,8,32.001000,set1,flang-openmp,mimalloc,1
newdxx_g,BaTiO3_nat005,64000,27609,2,9,31.926000,set1,flang-openmp,mimalloc,1
newdxx_g,BaTiO3_nat005,64000,27609,2,10,31.818000,set1,flang-openmp,mimalloc,1
newdxx_g,BaTiO3_nat005,64000,27609,2,11,31.973000,set1,flang-openmp,mimalloc,1
newdxx_g,BaTiO3_nat005,64000,27609,2,12,31.892000,set1,flang-openmp,mimalloc,1
newdxx_g,BaTiO3_nat005,64000,27609,2,13,31.741000,set1,flang-openmp,mimalloc,1
newdxx_g,BaTiO3_nat005,64000,27609,2,14,31.866000,set1,flang-openmp,mimalloc,1
newdxx_g,BaTiO3_nat005,64000,27609,2,15,31.753000,set1,flang-openmp,mimalloc,1
newdxx_g,BaTiO3_nat005,64000,27609,2,16,31.746000,set1,flang-openmp,mimalloc,1
newdxx_g,BaTiO3_nat005,64000,27609,2,17,31.467000,set1,flang-openmp,mimalloc,1
newdxx_g,BaTiO3_nat005,64000,27609,2,18,31.752000,set1,flang-openmp,mimalloc,1
newdxx_g,BaTiO3_nat005,64000,27609,2,19,31.568000,set1,flang-openmp,mimalloc,1
newdxx_g,BaTiO3_nat005,64000,27609,4,0,29.596000,set1,flang-openmp,mimalloc,1
newdxx_g,BaTiO3_nat005,64000,27609,4,1,29.308000,set1,flang-openmp,mimalloc,1
newdxx_g,BaTiO3_nat005,64000,27609,4,2,29.346000,set1,flang-openmp,mimalloc,1
newdxx_g,BaTiO3_nat005,64000,27609,4,3,29.244000,set1,flang-openmp,mimalloc,1
newdxx_g,BaTiO3_nat005,64000,27609,4,4,29.332000,set1,flang-openmp,mimalloc,1
newdxx_g,BaTiO3_nat005,64000,27609,4,5,29.584000,set1,flang-openmp,mimalloc,1
newdxx_g,BaTiO3_nat005,64000,27609,4,6,29.455000,set1,flang-openmp,mimalloc,1
newdxx_g,BaTiO3_nat005,64000,27609,4,7,29.632000,set1,flang-openmp,mimalloc,1
newdxx_g,BaTiO3_nat005,64000,27609,4,8,30.022000,set1,flang-openmp,mimalloc,1
newdxx_g,BaTiO3_nat005,64000,27609,4,9,29.523000,set1,flang-openmp,mimalloc,1
newdxx_g,BaTiO3_nat005,64000,27609,4,10,31.741000,set1,flang-openmp,mimalloc,1
newdxx_g,BaTiO3_nat005,64000,27609,4,11,31.413000,set1,flang-openmp,mimalloc,1
newdxx_g,BaTiO3_nat005,64000,27609,4,12,32.046000,set1,flang-openmp,mimalloc,1
newdxx_g,BaTiO3_nat005,64000,27609,4,13,33.344000,set1,flang-openmp,mimalloc,1
newdxx_g,BaTiO3_nat005,64000,27609,4,14,29.379000,set1,flang-openmp,mimalloc,1
newdxx_g,BaTiO3_nat005,64000,27609,4,15,29.333000,set1,flang-openmp,mimalloc,1
newdxx_g,BaTiO3_nat005,64000,27609,4,16,29.205000,set1,flang-openmp,mimalloc,1
newdxx_g,BaTiO3_nat005,64000,27609,4,17,29.162000,set1,flang-openmp,mimalloc,1
newdxx_g,BaTiO3_nat005,64000,27609,4,18,29.230000,set1,flang-openmp,mimalloc,1
newdxx_g,BaTiO3_nat005,64000,27609,4,19,29.270000,set1,flang-openmp,mimalloc,1
newdxx_g,BaTiO3_nat005,64000,27609,8,0,24.637000,set1,flang-openmp,mimalloc,1
newdxx_g,BaTiO3_nat005,64000,27609,8,1,25.252000,set1,flang-openmp,mimalloc,1
newdxx_g,BaTiO3_nat005,64000,27609,8,2,24.301000,set1,flang-openmp,mimalloc,1
newdxx_g,BaTiO3_nat005,64000,27609,8,3,24.766000,set1,flang-openmp,mimalloc,1
newdxx_g,BaTiO3_nat005,64000,27609,8,4,24.867000,set1,flang-openmp,mimalloc,1
newdxx_g,BaTiO3_nat005,64000,27609,8,5,25.225000,set1,flang-openmp,mimalloc,1
newdxx_g,BaTiO3_nat005,64000,27609,8,6,24.630000,set1,flang-openmp,mimalloc,1
newdxx_g,BaTiO3_nat005,64000,27609,8,7,24.200000,set1,flang-openmp,mimalloc,1
newdxx_g,BaTiO3_nat005,64000,27609,8,8,24.614000,set1,flang-openmp,mimalloc,1
newdxx_g,BaTiO3_nat005,64000,27609,8,9,24.288000,set1,flang-openmp,mimalloc,1
newdxx_g,BaTiO3_nat005,64000,27609,8,10,24.659000,set1,flang-openmp,mimalloc,1
newdxx_g,BaTiO3_nat005,64000,27609,8,11,24.583000,set1,flang-openmp,mimalloc,1
newdxx_g,BaTiO3_nat005,64000,27609,8,12,24.667000,set1,flang-openmp,mimalloc,1
newdxx_g,BaTiO3_nat005,64000,27609,8,13,24.190000,set1,flang-openmp,mimalloc,1
newdxx_g,BaTiO3_nat005,64000,27609,8,14,24.694000,set1,flang-openmp,mimalloc,1
newdxx_g,BaTiO3_nat005,64000,27609,8,15,24.547000,set1,flang-openmp,mimalloc,1
newdxx_g,BaTiO3_nat005,64000,27609,8,16,24.251000,set1,flang-openmp,mimalloc,1
newdxx_g,BaTiO3_nat005,64000,27609,8,17,25.083000,set1,flang-openmp,mimalloc,1
newdxx_g,BaTiO3_nat005,64000,27609,8,18,27.870000,set1,flang-openmp,mimalloc,1
newdxx_g,BaTiO3_nat005,64000,27609,8,19,24.512000,set1,flang-openmp,mimalloc,1
newdxx_g,BaTiO3_nat005,64000,27609,16,0,15.180000,set1,flang-openmp,mimalloc,1
newdxx_g,BaTiO3_nat005,64000,27609,16,1,15.111000,set1,flang-openmp,mimalloc,1
newdxx_g,BaTiO3_nat005,64000,27609,16,2,15.283000,set1,flang-openmp,mimalloc,1
newdxx_g,BaTiO3_nat005,64000,27609,16,3,14.890000,set1,flang-openmp,mimalloc,1
newdxx_g,BaTiO3_nat005,64000,27609,16,4,15.111000,set1,flang-openmp,mimalloc,1
newdxx_g,BaTiO3_nat005,64000,27609,16,5,15.020000,set1,flang-openmp,mimalloc,1
newdxx_g,BaTiO3_nat005,64000,27609,16,6,14.938000,set1,flang-openmp,mimalloc,1
newdxx_g,BaTiO3_nat005,64000,27609,16,7,14.870000,set1,flang-openmp,mimalloc,1
newdxx_g,BaTiO3_nat005,64000,27609,16,8,15.045000,set1,flang-openmp,mimalloc,1
newdxx_g,BaTiO3_nat005,64000,27609,16,9,14.824000,set1,flang-openmp,mimalloc,1
newdxx_g,BaTiO3_nat005,64000,27609,16,10,14.982000,set1,flang-openmp,mimalloc,1
newdxx_g,BaTiO3_nat005,64000,27609,16,11,15.307000,set1,flang-openmp,mimalloc,1
newdxx_g,BaTiO3_nat005,64000,27609,16,12,15.221000,set1,flang-openmp,mimalloc,1
newdxx_g,BaTiO3_nat005,64000,27609,16,13,14.938000,set1,flang-openmp,mimalloc,1
newdxx_g,BaTiO3_nat005,64000,27609,16,14,14.609000,set1,flang-openmp,mimalloc,1
newdxx_g,BaTiO3_nat005,64000,27609,16,15,14.790000,set1,flang-openmp,mimalloc,1
newdxx_g,BaTiO3_nat005,64000,27609,16,16,14.932000,set1,flang-openmp,mimalloc,1
newdxx_g,BaTiO3_nat005,64000,27609,16,17,14.894000,set1,flang-openmp,mimalloc,1
newdxx_g,BaTiO3_nat005,64000,27609,16,18,15.063000,set1,flang-openmp,mimalloc,1
newdxx_g,BaTiO3_nat005,64000,27609,16,19,14.740000,set1,flang-openmp,mimalloc,1
newdxx_g,BaTiO3_nat005,64000,27609,32,0,25.088000,set1,flang-openmp,mimalloc,1
newdxx_g,BaTiO3_nat005,64000,27609,32,1,24.889000,set1,flang-openmp,mimalloc,1
newdxx_g,BaTiO3_nat005,64000,27609,32,2,24.995000,set1,flang-openmp,mimalloc,1
newdxx_g,BaTiO3_nat005,64000,27609,32,3,24.580000,set1,flang-openmp,mimalloc,1
newdxx_g,BaTiO3_nat005,64000,27609,32,4,24.389000,set1,flang-openmp,mimalloc,1
newdxx_g,BaTiO3_nat005,64000,27609,32,5,24.167000,set1,flang-openmp,mimalloc,1
newdxx_g,BaTiO3_nat005,64000,27609,32,6,25.064000,set1,flang-openmp,mimalloc,1
newdxx_g,BaTiO3_nat005,64000,27609,32,7,25.460000,set1,flang-openmp,mimalloc,1
newdxx_g,BaTiO3_nat005,64000,27609,32,8,25.067000,set1,flang-openmp,mimalloc,1
newdxx_g,BaTiO3_nat005,64000,27609,32,9,24.744000,set1,flang-openmp,mimalloc,1
newdxx_g,BaTiO3_nat005,64000,27609,32,10,24.681000,set1,flang-openmp,mimalloc,1
newdxx_g,BaTiO3_nat005,64000,27609,32,11,24.991000,set1,flang-openmp,mimalloc,1
newdxx_g,BaTiO3_nat005,64000,27609,32,12,25.211000,set1,flang-openmp,mimalloc,1
newdxx_g,BaTiO3_nat005,64000,27609,32,13,24.563000,set1,flang-openmp,mimalloc,1
newdxx_g,BaTiO3_nat005,64000,27609,32,14,24.661000,set1,flang-openmp,mimalloc,1
newdxx_g,BaTiO3_nat005,64000,27609,32,15,24.758000,set1,flang-openmp,mimalloc,1
newdxx_g,BaTiO3_nat005,64000,27609,32,16,25.129000,set1,flang-openmp,mimalloc,1
newdxx_g,BaTiO3_nat005,64000,27609,32,17,27.634000,set1,flang-openmp,mimalloc,1
newdxx_g,BaTiO3_nat005,64000,27609,32,18,27.718000,set1,flang-openmp,mimalloc,1
newdxx_g,BaTiO3_nat005,64000,27609,32,19,28.063000,set1,flang-openmp,mimalloc,1
newdxx_g,BaTiO3_nat005,64000,27609,64,0,15.269000,set1,flang-openmp,mimalloc,1
newdxx_g,BaTiO3_nat005,64000,27609,64,1,15.215000,set1,flang-openmp,mimalloc,1
newdxx_g,BaTiO3_nat005,64000,27609,64,2,15.338000,set1,flang-openmp,mimalloc,1
newdxx_g,BaTiO3_nat005,64000,27609,64,3,15.019000,set1,flang-openmp,mimalloc,1
newdxx_g,BaTiO3_nat005,64000,27609,64,4,15.129000,set1,flang-openmp,mimalloc,1
newdxx_g,BaTiO3_nat005,64000,27609,64,5,15.114000,set1,flang-openmp,mimalloc,1
newdxx_g,BaTiO3_nat005,64000,27609,64,6,15.105000,set1,flang-openmp,mimalloc,1
newdxx_g,BaTiO3_nat005,64000,27609,64,7,14.928000,set1,flang-openmp,mimalloc,1
newdxx_g,BaTiO3_nat005,64000,27609,64,8,15.466000,set1,flang-openmp,mimalloc,1
newdxx_g,BaTiO3_nat005,64000,27609,64,9,14.734000,set1,flang-openmp,mimalloc,1
newdxx_g,BaTiO3_nat005,64000,27609,64,10,15.071000,set1,flang-openmp,mimalloc,1
newdxx_g,BaTiO3_nat005,64000,27609,64,11,14.990000,set1,flang-openmp,mimalloc,1
newdxx_g,BaTiO3_nat005,64000,27609,64,12,14.975000,set1,flang-openmp,mimalloc,1
newdxx_g,BaTiO3_nat005,64000,27609,64,13,14.939000,set1,flang-openmp,mimalloc,1
newdxx_g,BaTiO3_nat005,64000,27609,64,14,15.163000,set1,flang-openmp,mimalloc,1
newdxx_g,BaTiO3_nat005,64000,27609,64,15,15.439000,set1,flang-openmp,mimalloc,1
newdxx_g,BaTiO3_nat005,64000,27609,64,16,14.835000,set1,flang-openmp,mimalloc,1
newdxx_g,BaTiO3_nat005,64000,27609,64,17,15.623000,set1,flang-openmp,mimalloc,1
newdxx_g,BaTiO3_nat005,64000,27609,64,18,19.330000,set1,flang-openmp,mimalloc,1
newdxx_g,BaTiO3_nat005,64000,27609,64,19,15.038000,set1,flang-openmp,mimalloc,1
newdxx_g,BaTiO3_nat005,64000,27609,72,0,15.443000,set1,flang-openmp,mimalloc,1
newdxx_g,BaTiO3_nat005,64000,27609,72,1,14.984000,set1,flang-openmp,mimalloc,1
newdxx_g,BaTiO3_nat005,64000,27609,72,2,15.435000,set1,flang-openmp,mimalloc,1
newdxx_g,BaTiO3_nat005,64000,27609,72,3,15.412000,set1,flang-openmp,mimalloc,1
newdxx_g,BaTiO3_nat005,64000,27609,72,4,15.315000,set1,flang-openmp,mimalloc,1
newdxx_g,BaTiO3_nat005,64000,27609,72,5,14.901000,set1,flang-openmp,mimalloc,1
newdxx_g,BaTiO3_nat005,64000,27609,72,6,15.277000,set1,flang-openmp,mimalloc,1
newdxx_g,BaTiO3_nat005,64000,27609,72,7,15.646000,set1,flang-openmp,mimalloc,1
newdxx_g,BaTiO3_nat005,64000,27609,72,8,15.302000,set1,flang-openmp,mimalloc,1
newdxx_g,BaTiO3_nat005,64000,27609,72,9,15.388000,set1,flang-openmp,mimalloc,1
newdxx_g,BaTiO3_nat005,64000,27609,72,10,15.502000,set1,flang-openmp,mimalloc,1
newdxx_g,BaTiO3_nat005,64000,27609,72,11,15.526000,set1,flang-openmp,mimalloc,1
newdxx_g,BaTiO3_nat005,64000,27609,72,12,15.180000,set1,flang-openmp,mimalloc,1
newdxx_g,BaTiO3_nat005,64000,27609,72,13,15.075000,set1,flang-openmp,mimalloc,1
newdxx_g,BaTiO3_nat005,64000,27609,72,14,15.168000,set1,flang-openmp,mimalloc,1
newdxx_g,BaTiO3_nat005,64000,27609,72,15,14.899000,set1,flang-openmp,mimalloc,1
newdxx_g,BaTiO3_nat005,64000,27609,72,16,15.042000,set1,flang-openmp,mimalloc,1
newdxx_g,BaTiO3_nat005,64000,27609,72,17,14.928000,set1,flang-openmp,mimalloc,1
newdxx_g,BaTiO3_nat005,64000,27609,72,18,15.150000,set1,flang-openmp,mimalloc,1
newdxx_g,BaTiO3_nat005,64000,27609,72,19,15.280000,set1,flang-openmp,mimalloc,1
newdxx_g,BaTiO3_nat005,64000,27609,1,0,1736.486000,set1_rep64,flang-openmp,mimalloc,64
newdxx_g,BaTiO3_nat005,64000,27609,1,1,1714.897000,set1_rep64,flang-openmp,mimalloc,64
newdxx_g,BaTiO3_nat005,64000,27609,1,2,1718.715000,set1_rep64,flang-openmp,mimalloc,64
newdxx_g,BaTiO3_nat005,64000,27609,1,3,1707.148000,set1_rep64,flang-openmp,mimalloc,64
newdxx_g,BaTiO3_nat005,64000,27609,1,4,1704.621000,set1_rep64,flang-openmp,mimalloc,64
newdxx_g,BaTiO3_nat005,64000,27609,1,5,1709.096000,set1_rep64,flang-openmp,mimalloc,64
newdxx_g,BaTiO3_nat005,64000,27609,1,6,1698.066000,set1_rep64,flang-openmp,mimalloc,64
newdxx_g,BaTiO3_nat005,64000,27609,1,7,1712.232000,set1_rep64,flang-openmp,mimalloc,64
newdxx_g,BaTiO3_nat005,64000,27609,1,8,1700.004000,set1_rep64,flang-openmp,mimalloc,64
newdxx_g,BaTiO3_nat005,64000,27609,1,9,1706.746000,set1_rep64,flang-openmp,mimalloc,64
newdxx_g,BaTiO3_nat005,64000,27609,1,10,1706.568000,set1_rep64,flang-openmp,mimalloc,64
newdxx_g,BaTiO3_nat005,64000,27609,1,11,1704.441000,set1_rep64,flang-openmp,mimalloc,64
newdxx_g,BaTiO3_nat005,64000,27609,1,12,1705.008000,set1_rep64,flang-openmp,mimalloc,64
newdxx_g,BaTiO3_nat005,64000,27609,1,13,1707.050000,set1_rep64,flang-openmp,mimalloc,64
newdxx_g,BaTiO3_nat005,64000,27609,1,14,1721.643000,set1_rep64,flang-openmp,mimalloc,64
newdxx_g,BaTiO3_nat005,64000,27609,1,15,1696.236000,set1_rep64,flang-openmp,mimalloc,64
newdxx_g,BaTiO3_nat005,64000,27609,1,16,1708.507000,set1_rep64,flang-openmp,mimalloc,64
newdxx_g,BaTiO3_nat005,64000,27609,1,17,1702.558000,set1_rep64,flang-openmp,mimalloc,64
newdxx_g,BaTiO3_nat005,64000,27609,1,18,1694.050000,set1_rep64,flang-openmp,mimalloc,64
newdxx_g,BaTiO3_nat005,64000,27609,1,19,1699.992000,set1_rep64,flang-openmp,mimalloc,64
newdxx_g,BaTiO3_nat005,64000,27609,2,0,862.167000,set1_rep64,flang-openmp,mimalloc,64
newdxx_g,BaTiO3_nat005,64000,27609,2,1,857.398000,set1_rep64,flang-openmp,mimalloc,64
newdxx_g,BaTiO3_nat005,64000,27609,2,2,859.853000,set1_rep64,flang-openmp,mimalloc,64
newdxx_g,BaTiO3_nat005,64000,27609,2,3,861.705000,set1_rep64,flang-openmp,mimalloc,64
newdxx_g,BaTiO3_nat005,64000,27609,2,4,860.063000,set1_rep64,flang-openmp,mimalloc,64
newdxx_g,BaTiO3_nat005,64000,27609,2,5,863.894000,set1_rep64,flang-openmp,mimalloc,64
newdxx_g,BaTiO3_nat005,64000,27609,2,6,863.445000,set1_rep64,flang-openmp,mimalloc,64
newdxx_g,BaTiO3_nat005,64000,27609,2,7,863.802000,set1_rep64,flang-openmp,mimalloc,64
newdxx_g,BaTiO3_nat005,64000,27609,2,8,864.075000,set1_rep64,flang-openmp,mimalloc,64
newdxx_g,BaTiO3_nat005,64000,27609,2,9,865.471000,set1_rep64,flang-openmp,mimalloc,64
newdxx_g,BaTiO3_nat005,64000,27609,2,10,861.586000,set1_rep64,flang-openmp,mimalloc,64
newdxx_g,BaTiO3_nat005,64000,27609,2,11,863.754000,set1_rep64,flang-openmp,mimalloc,64
newdxx_g,BaTiO3_nat005,64000,27609,2,12,863.453000,set1_rep64,flang-openmp,mimalloc,64
newdxx_g,BaTiO3_nat005,64000,27609,2,13,858.713000,set1_rep64,flang-openmp,mimalloc,64
newdxx_g,BaTiO3_nat005,64000,27609,2,14,864.150000,set1_rep64,flang-openmp,mimalloc,64
newdxx_g,BaTiO3_nat005,64000,27609,2,15,861.401000,set1_rep64,flang-openmp,mimalloc,64
newdxx_g,BaTiO3_nat005,64000,27609,2,16,865.231000,set1_rep64,flang-openmp,mimalloc,64
newdxx_g,BaTiO3_nat005,64000,27609,2,17,863.167000,set1_rep64,flang-openmp,mimalloc,64
newdxx_g,BaTiO3_nat005,64000,27609,2,18,862.089000,set1_rep64,flang-openmp,mimalloc,64
newdxx_g,BaTiO3_nat005,64000,27609,2,19,859.405000,set1_rep64,flang-openmp,mimalloc,64
newdxx_g,BaTiO3_nat005,64000,27609,4,0,434.642000,set1_rep64,flang-openmp,mimalloc,64
newdxx_g,BaTiO3_nat005,64000,27609,4,1,431.454000,set1_rep64,flang-openmp,mimalloc,64
newdxx_g,BaTiO3_nat005,64000,27609,4,2,432.468000,set1_rep64,flang-openmp,mimalloc,64
newdxx_g,BaTiO3_nat005,64000,27609,4,3,435.044000,set1_rep64,flang-openmp,mimalloc,64
newdxx_g,BaTiO3_nat005,64000,27609,4,4,431.777000,set1_rep64,flang-openmp,mimalloc,64
newdxx_g,BaTiO3_nat005,64000,27609,4,5,436.776000,set1_rep64,flang-openmp,mimalloc,64
newdxx_g,BaTiO3_nat005,64000,27609,4,6,434.183000,set1_rep64,flang-openmp,mimalloc,64
newdxx_g,BaTiO3_nat005,64000,27609,4,7,430.009000,set1_rep64,flang-openmp,mimalloc,64
newdxx_g,BaTiO3_nat005,64000,27609,4,8,431.828000,set1_rep64,flang-openmp,mimalloc,64
newdxx_g,BaTiO3_nat005,64000,27609,4,9,433.531000,set1_rep64,flang-openmp,mimalloc,64
newdxx_g,BaTiO3_nat005,64000,27609,4,10,431.807000,set1_rep64,flang-openmp,mimalloc,64
newdxx_g,BaTiO3_nat005,64000,27609,4,11,432.064000,set1_rep64,flang-openmp,mimalloc,64
newdxx_g,BaTiO3_nat005,64000,27609,4,12,432.794000,set1_rep64,flang-openmp,mimalloc,64
newdxx_g,BaTiO3_nat005,64000,27609,4,13,432.413000,set1_rep64,flang-openmp,mimalloc,64
newdxx_g,BaTiO3_nat005,64000,27609,4,14,431.567000,set1_rep64,flang-openmp,mimalloc,64
newdxx_g,BaTiO3_nat005,64000,27609,4,15,437.155000,set1_rep64,flang-openmp,mimalloc,64
newdxx_g,BaTiO3_nat005,64000,27609,4,16,432.486000,set1_rep64,flang-openmp,mimalloc,64
newdxx_g,BaTiO3_nat005,64000,27609,4,17,432.394000,set1_rep64,flang-openmp,mimalloc,64
newdxx_g,BaTiO3_nat005,64000,27609,4,18,432.601000,set1_rep64,flang-openmp,mimalloc,64
newdxx_g,BaTiO3_nat005,64000,27609,4,19,431.494000,set1_rep64,flang-openmp,mimalloc,64
newdxx_g,BaTiO3_nat005,64000,27609,8,0,413.438000,set1_rep64,flang-openmp,mimalloc,64
newdxx_g,BaTiO3_nat005,64000,27609,8,1,421.494000,set1_rep64,flang-openmp,mimalloc,64
newdxx_g,BaTiO3_nat005,64000,27609,8,2,412.657000,set1_rep64,flang-openmp,mimalloc,64
newdxx_g,BaTiO3_nat005,64000,27609,8,3,414.758000,set1_rep64,flang-openmp,mimalloc,64
newdxx_g,BaTiO3_nat005,64000,27609,8,4,413.316000,set1_rep64,flang-openmp,mimalloc,64
newdxx_g,BaTiO3_nat005,64000,27609,8,5,410.775000,set1_rep64,flang-openmp,mimalloc,64
newdxx_g,BaTiO3_nat005,64000,27609,8,6,415.217000,set1_rep64,flang-openmp,mimalloc,64
newdxx_g,BaTiO3_nat005,64000,27609,8,7,412.022000,set1_rep64,flang-openmp,mimalloc,64
newdxx_g,BaTiO3_nat005,64000,27609,8,8,421.385000,set1_rep64,flang-openmp,mimalloc,64
newdxx_g,BaTiO3_nat005,64000,27609,8,9,411.957000,set1_rep64,flang-openmp,mimalloc,64
newdxx_g,BaTiO3_nat005,64000,27609,8,10,414.813000,set1_rep64,flang-openmp,mimalloc,64
newdxx_g,BaTiO3_nat005,64000,27609,8,11,413.422000,set1_rep64,flang-openmp,mimalloc,64
newdxx_g,BaTiO3_nat005,64000,27609,8,12,412.370000,set1_rep64,flang-openmp,mimalloc,64
newdxx_g,BaTiO3_nat005,64000,27609,8,13,410.503000,set1_rep64,flang-openmp,mimalloc,64
newdxx_g,BaTiO3_nat005,64000,27609,8,14,416.557000,set1_rep64,flang-openmp,mimalloc,64
newdxx_g,BaTiO3_nat005,64000,27609,8,15,412.665000,set1_rep64,flang-openmp,mimalloc,64
newdxx_g,BaTiO3_nat005,64000,27609,8,16,413.874000,set1_rep64,flang-openmp,mimalloc,64
newdxx_g,BaTiO3_nat005,64000,27609,8,17,412.655000,set1_rep64,flang-openmp,mimalloc,64
newdxx_g,BaTiO3_nat005,64000,27609,8,18,423.680000,set1_rep64,flang-openmp,mimalloc,64
newdxx_g,BaTiO3_nat005,64000,27609,8,19,413.806000,set1_rep64,flang-openmp,mimalloc,64
newdxx_g,BaTiO3_nat005,64000,27609,16,0,112.438000,set1_rep64,flang-openmp,mimalloc,64
newdxx_g,BaTiO3_nat005,64000,27609,16,1,113.023000,set1_rep64,flang-openmp,mimalloc,64
newdxx_g,BaTiO3_nat005,64000,27609,16,2,112.773000,set1_rep64,flang-openmp,mimalloc,64
newdxx_g,BaTiO3_nat005,64000,27609,16,3,115.934000,set1_rep64,flang-openmp,mimalloc,64
newdxx_g,BaTiO3_nat005,64000,27609,16,4,114.375000,set1_rep64,flang-openmp,mimalloc,64
newdxx_g,BaTiO3_nat005,64000,27609,16,5,117.196000,set1_rep64,flang-openmp,mimalloc,64
newdxx_g,BaTiO3_nat005,64000,27609,16,6,115.370000,set1_rep64,flang-openmp,mimalloc,64
newdxx_g,BaTiO3_nat005,64000,27609,16,7,114.913000,set1_rep64,flang-openmp,mimalloc,64
newdxx_g,BaTiO3_nat005,64000,27609,16,8,113.542000,set1_rep64,flang-openmp,mimalloc,64
newdxx_g,BaTiO3_nat005,64000,27609,16,9,113.564000,set1_rep64,flang-openmp,mimalloc,64
newdxx_g,BaTiO3_nat005,64000,27609,16,10,113.308000,set1_rep64,flang-openmp,mimalloc,64
newdxx_g,BaTiO3_nat005,64000,27609,16,11,113.271000,set1_rep64,flang-openmp,mimalloc,64
newdxx_g,BaTiO3_nat005,64000,27609,16,12,116.003000,set1_rep64,flang-openmp,mimalloc,64
newdxx_g,BaTiO3_nat005,64000,27609,16,13,115.633000,set1_rep64,flang-openmp,mimalloc,64
newdxx_g,BaTiO3_nat005,64000,27609,16,14,114.003000,set1_rep64,flang-openmp,mimalloc,64
newdxx_g,BaTiO3_nat005,64000,27609,16,15,114.011000,set1_rep64,flang-openmp,mimalloc,64
newdxx_g,BaTiO3_nat005,64000,27609,16,16,116.013000,set1_rep64,flang-openmp,mimalloc,64
newdxx_g,BaTiO3_nat005,64000,27609,16,17,115.639000,set1_rep64,flang-openmp,mimalloc,64
newdxx_g,BaTiO3_nat005,64000,27609,16,18,115.010000,set1_rep64,flang-openmp,mimalloc,64
newdxx_g,BaTiO3_nat005,64000,27609,16,19,113.913000,set1_rep64,flang-openmp,mimalloc,64
newdxx_g,BaTiO3_nat005,64000,27609,32,0,129.852000,set1_rep64,flang-openmp,mimalloc,64
newdxx_g,BaTiO3_nat005,64000,27609,32,1,129.918000,set1_rep64,flang-openmp,mimalloc,64
newdxx_g,BaTiO3_nat005,64000,27609,32,2,132.467000,set1_rep64,flang-openmp,mimalloc,64
newdxx_g,BaTiO3_nat005,64000,27609,32,3,130.454000,set1_rep64,flang-openmp,mimalloc,64
newdxx_g,BaTiO3_nat005,64000,27609,32,4,129.763000,set1_rep64,flang-openmp,mimalloc,64
newdxx_g,BaTiO3_nat005,64000,27609,32,5,130.331000,set1_rep64,flang-openmp,mimalloc,64
newdxx_g,BaTiO3_nat005,64000,27609,32,6,130.392000,set1_rep64,flang-openmp,mimalloc,64
newdxx_g,BaTiO3_nat005,64000,27609,32,7,134.346000,set1_rep64,flang-openmp,mimalloc,64
newdxx_g,BaTiO3_nat005,64000,27609,32,8,130.190000,set1_rep64,flang-openmp,mimalloc,64
newdxx_g,BaTiO3_nat005,64000,27609,32,9,134.803000,set1_rep64,flang-openmp,mimalloc,64
newdxx_g,BaTiO3_nat005,64000,27609,32,10,130.008000,set1_rep64,flang-openmp,mimalloc,64
newdxx_g,BaTiO3_nat005,64000,27609,32,11,129.810000,set1_rep64,flang-openmp,mimalloc,64
newdxx_g,BaTiO3_nat005,64000,27609,32,12,130.203000,set1_rep64,flang-openmp,mimalloc,64
newdxx_g,BaTiO3_nat005,64000,27609,32,13,129.929000,set1_rep64,flang-openmp,mimalloc,64
newdxx_g,BaTiO3_nat005,64000,27609,32,14,130.813000,set1_rep64,flang-openmp,mimalloc,64
newdxx_g,BaTiO3_nat005,64000,27609,32,15,130.186000,set1_rep64,flang-openmp,mimalloc,64
newdxx_g,BaTiO3_nat005,64000,27609,32,16,130.224000,set1_rep64,flang-openmp,mimalloc,64
newdxx_g,BaTiO3_nat005,64000,27609,32,17,141.481000,set1_rep64,flang-openmp,mimalloc,64
newdxx_g,BaTiO3_nat005,64000,27609,32,18,130.716000,set1_rep64,flang-openmp,mimalloc,64
newdxx_g,BaTiO3_nat005,64000,27609,32,19,130.771000,set1_rep64,flang-openmp,mimalloc,64
newdxx_g,BaTiO3_nat005,64000,27609,64,0,29.904000,set1_rep64,flang-openmp,mimalloc,64
newdxx_g,BaTiO3_nat005,64000,27609,64,1,33.564000,set1_rep64,flang-openmp,mimalloc,64
newdxx_g,BaTiO3_nat005,64000,27609,64,2,29.791000,set1_rep64,flang-openmp,mimalloc,64
newdxx_g,BaTiO3_nat005,64000,27609,64,3,31.937000,set1_rep64,flang-openmp,mimalloc,64
newdxx_g,BaTiO3_nat005,64000,27609,64,4,33.357000,set1_rep64,flang-openmp,mimalloc,64
newdxx_g,BaTiO3_nat005,64000,27609,64,5,29.887000,set1_rep64,flang-openmp,mimalloc,64
newdxx_g,BaTiO3_nat005,64000,27609,64,6,32.491000,set1_rep64,flang-openmp,mimalloc,64
newdxx_g,BaTiO3_nat005,64000,27609,64,7,31.909000,set1_rep64,flang-openmp,mimalloc,64
newdxx_g,BaTiO3_nat005,64000,27609,64,8,30.360000,set1_rep64,flang-openmp,mimalloc,64
newdxx_g,BaTiO3_nat005,64000,27609,64,9,32.783000,set1_rep64,flang-openmp,mimalloc,64
newdxx_g,BaTiO3_nat005,64000,27609,64,10,30.372000,set1_rep64,flang-openmp,mimalloc,64
newdxx_g,BaTiO3_nat005,64000,27609,64,11,32.257000,set1_rep64,flang-openmp,mimalloc,64
newdxx_g,BaTiO3_nat005,64000,27609,64,12,29.615000,set1_rep64,flang-openmp,mimalloc,64
newdxx_g,BaTiO3_nat005,64000,27609,64,13,31.566000,set1_rep64,flang-openmp,mimalloc,64
newdxx_g,BaTiO3_nat005,64000,27609,64,14,33.522000,set1_rep64,flang-openmp,mimalloc,64
newdxx_g,BaTiO3_nat005,64000,27609,64,15,29.837000,set1_rep64,flang-openmp,mimalloc,64
newdxx_g,BaTiO3_nat005,64000,27609,64,16,32.336000,set1_rep64,flang-openmp,mimalloc,64
newdxx_g,BaTiO3_nat005,64000,27609,64,17,32.159000,set1_rep64,flang-openmp,mimalloc,64
newdxx_g,BaTiO3_nat005,64000,27609,64,18,30.882000,set1_rep64,flang-openmp,mimalloc,64
newdxx_g,BaTiO3_nat005,64000,27609,64,19,30.450000,set1_rep64,flang-openmp,mimalloc,64
newdxx_g,BaTiO3_nat005,64000,27609,72,0,32.358000,set1_rep64,flang-openmp,mimalloc,64
newdxx_g,BaTiO3_nat005,64000,27609,72,1,30.978000,set1_rep64,flang-openmp,mimalloc,64
newdxx_g,BaTiO3_nat005,64000,27609,72,2,31.043000,set1_rep64,flang-openmp,mimalloc,64
newdxx_g,BaTiO3_nat005,64000,27609,72,3,30.603000,set1_rep64,flang-openmp,mimalloc,64
newdxx_g,BaTiO3_nat005,64000,27609,72,4,36.277000,set1_rep64,flang-openmp,mimalloc,64
newdxx_g,BaTiO3_nat005,64000,27609,72,5,31.433000,set1_rep64,flang-openmp,mimalloc,64
newdxx_g,BaTiO3_nat005,64000,27609,72,6,30.666000,set1_rep64,flang-openmp,mimalloc,64
newdxx_g,BaTiO3_nat005,64000,27609,72,7,32.396000,set1_rep64,flang-openmp,mimalloc,64
newdxx_g,BaTiO3_nat005,64000,27609,72,8,30.749000,set1_rep64,flang-openmp,mimalloc,64
newdxx_g,BaTiO3_nat005,64000,27609,72,9,33.111000,set1_rep64,flang-openmp,mimalloc,64
newdxx_g,BaTiO3_nat005,64000,27609,72,10,32.007000,set1_rep64,flang-openmp,mimalloc,64
newdxx_g,BaTiO3_nat005,64000,27609,72,11,30.632000,set1_rep64,flang-openmp,mimalloc,64
newdxx_g,BaTiO3_nat005,64000,27609,72,12,31.129000,set1_rep64,flang-openmp,mimalloc,64
newdxx_g,BaTiO3_nat005,64000,27609,72,13,30.774000,set1_rep64,flang-openmp,mimalloc,64
newdxx_g,BaTiO3_nat005,64000,27609,72,14,36.878000,set1_rep64,flang-openmp,mimalloc,64
newdxx_g,BaTiO3_nat005,64000,27609,72,15,31.765000,set1_rep64,flang-openmp,mimalloc,64
newdxx_g,BaTiO3_nat005,64000,27609,72,16,30.792000,set1_rep64,flang-openmp,mimalloc,64
newdxx_g,BaTiO3_nat005,64000,27609,72,17,31.959000,set1_rep64,flang-openmp,mimalloc,64
newdxx_g,BaTiO3_nat005,64000,27609,72,18,30.816000,set1_rep64,flang-openmp,mimalloc,64
newdxx_g,BaTiO3_nat005,64000,27609,72,19,32.170000,set1_rep64,flang-openmp,mimalloc,64
newdxx_g,BaO_nat002,64000,18643,1,0,10.467072,set0,dace-gcc,mimalloc,1
newdxx_g,BaO_nat002,64000,18643,1,1,10.435842,set0,dace-gcc,mimalloc,1
newdxx_g,BaO_nat002,64000,18643,1,2,10.399491,set0,dace-gcc,mimalloc,1
newdxx_g,BaO_nat002,64000,18643,1,3,10.415778,set0,dace-gcc,mimalloc,1
newdxx_g,BaO_nat002,64000,18643,1,4,10.470753,set0,dace-gcc,mimalloc,1
newdxx_g,BaO_nat002,64000,18643,1,5,10.378723,set0,dace-gcc,mimalloc,1
newdxx_g,BaO_nat002,64000,18643,1,6,10.583261,set0,dace-gcc,mimalloc,1
newdxx_g,BaO_nat002,64000,18643,1,7,10.527615,set0,dace-gcc,mimalloc,1
newdxx_g,BaO_nat002,64000,18643,1,8,10.556830,set0,dace-gcc,mimalloc,1
newdxx_g,BaO_nat002,64000,18643,1,9,10.428354,set0,dace-gcc,mimalloc,1
newdxx_g,BaO_nat002,64000,18643,1,10,10.500384,set0,dace-gcc,mimalloc,1
newdxx_g,BaO_nat002,64000,18643,1,11,10.553374,set0,dace-gcc,mimalloc,1
newdxx_g,BaO_nat002,64000,18643,1,12,10.587774,set0,dace-gcc,mimalloc,1
newdxx_g,BaO_nat002,64000,18643,1,13,10.643707,set0,dace-gcc,mimalloc,1
newdxx_g,BaO_nat002,64000,18643,1,14,10.567006,set0,dace-gcc,mimalloc,1
newdxx_g,BaO_nat002,64000,18643,1,15,10.582845,set0,dace-gcc,mimalloc,1
newdxx_g,BaO_nat002,64000,18643,1,16,10.557790,set0,dace-gcc,mimalloc,1
newdxx_g,BaO_nat002,64000,18643,1,17,10.589598,set0,dace-gcc,mimalloc,1
newdxx_g,BaO_nat002,64000,18643,1,18,10.596732,set0,dace-gcc,mimalloc,1
newdxx_g,BaO_nat002,64000,18643,1,19,10.578909,set0,dace-gcc,mimalloc,1
newdxx_g,BaO_nat002,64000,18643,2,0,5.456858,set0,dace-gcc,mimalloc,1
newdxx_g,BaO_nat002,64000,18643,2,1,5.399547,set0,dace-gcc,mimalloc,1
newdxx_g,BaO_nat002,64000,18643,2,2,5.389180,set0,dace-gcc,mimalloc,1
newdxx_g,BaO_nat002,64000,18643,2,3,5.383484,set0,dace-gcc,mimalloc,1
newdxx_g,BaO_nat002,64000,18643,2,4,5.503896,set0,dace-gcc,mimalloc,1
newdxx_g,BaO_nat002,64000,18643,2,5,5.372796,set0,dace-gcc,mimalloc,1
newdxx_g,BaO_nat002,64000,18643,2,6,5.376572,set0,dace-gcc,mimalloc,1
newdxx_g,BaO_nat002,64000,18643,2,7,5.331838,set0,dace-gcc,mimalloc,1
newdxx_g,BaO_nat002,64000,18643,2,8,5.342749,set0,dace-gcc,mimalloc,1
newdxx_g,BaO_nat002,64000,18643,2,9,5.415163,set0,dace-gcc,mimalloc,1
newdxx_g,BaO_nat002,64000,18643,2,10,5.410651,set0,dace-gcc,mimalloc,1
newdxx_g,BaO_nat002,64000,18643,2,11,5.289246,set0,dace-gcc,mimalloc,1
newdxx_g,BaO_nat002,64000,18643,2,12,5.346813,set0,dace-gcc,mimalloc,1
newdxx_g,BaO_nat002,64000,18643,2,13,5.329726,set0,dace-gcc,mimalloc,1
newdxx_g,BaO_nat002,64000,18643,2,14,5.310686,set0,dace-gcc,mimalloc,1
newdxx_g,BaO_nat002,64000,18643,2,15,5.316062,set0,dace-gcc,mimalloc,1
newdxx_g,BaO_nat002,64000,18643,2,16,5.365149,set0,dace-gcc,mimalloc,1
newdxx_g,BaO_nat002,64000,18643,2,17,5.302302,set0,dace-gcc,mimalloc,1
newdxx_g,BaO_nat002,64000,18643,2,18,5.284830,set0,dace-gcc,mimalloc,1
newdxx_g,BaO_nat002,64000,18643,2,19,5.335389,set0,dace-gcc,mimalloc,1
newdxx_g,BaO_nat002,64000,18643,4,0,3.032612,set0,dace-gcc,mimalloc,1
newdxx_g,BaO_nat002,64000,18643,4,1,3.054595,set0,dace-gcc,mimalloc,1
newdxx_g,BaO_nat002,64000,18643,4,2,3.048899,set0,dace-gcc,mimalloc,1
newdxx_g,BaO_nat002,64000,18643,4,3,3.025732,set0,dace-gcc,mimalloc,1
newdxx_g,BaO_nat002,64000,18643,4,4,3.023620,set0,dace-gcc,mimalloc,1
newdxx_g,BaO_nat002,64000,18643,4,5,3.024228,set0,dace-gcc,mimalloc,1
newdxx_g,BaO_nat002,64000,18643,4,6,2.999749,set0,dace-gcc,mimalloc,1
newdxx_g,BaO_nat002,64000,18643,4,7,2.996453,set0,dace-gcc,mimalloc,1
newdxx_g,BaO_nat002,64000,18643,4,8,3.006692,set0,dace-gcc,mimalloc,1
newdxx_g,BaO_nat002,64000,18643,4,9,2.990309,set0,dace-gcc,mimalloc,1
newdxx_g,BaO_nat002,64000,18643,4,10,3.015749,set0,dace-gcc,mimalloc,1
newdxx_g,BaO_nat002,64000,18643,4,11,2.997733,set0,dace-gcc,mimalloc,1
newdxx_g,BaO_nat002,64000,18643,4,12,2.997732,set0,dace-gcc,mimalloc,1
newdxx_g,BaO_nat002,64000,18643,4,13,2.995332,set0,dace-gcc,mimalloc,1
newdxx_g,BaO_nat002,64000,18643,4,14,3.060226,set0,dace-gcc,mimalloc,1
newdxx_g,BaO_nat002,64000,18643,4,15,2.995108,set0,dace-gcc,mimalloc,1
newdxx_g,BaO_nat002,64000,18643,4,16,3.011748,set0,dace-gcc,mimalloc,1
newdxx_g,BaO_nat002,64000,18643,4,17,3.013828,set0,dace-gcc,mimalloc,1
newdxx_g,BaO_nat002,64000,18643,4,18,3.028740,set0,dace-gcc,mimalloc,1
newdxx_g,BaO_nat002,64000,18643,4,19,3.037316,set0,dace-gcc,mimalloc,1
newdxx_g,BaO_nat002,64000,18643,8,0,1.995075,set0,dace-gcc,mimalloc,1
newdxx_g,BaO_nat002,64000,18643,8,1,1.968804,set0,dace-gcc,mimalloc,1
newdxx_g,BaO_nat002,64000,18643,8,2,1.956836,set0,dace-gcc,mimalloc,1
newdxx_g,BaO_nat002,64000,18643,8,3,1.944389,set0,dace-gcc,mimalloc,1
newdxx_g,BaO_nat002,64000,18643,8,4,1.959460,set0,dace-gcc,mimalloc,1
newdxx_g,BaO_nat002,64000,18643,8,5,1.946917,set0,dace-gcc,mimalloc,1
newdxx_g,BaO_nat002,64000,18643,8,6,1.941669,set0,dace-gcc,mimalloc,1
newdxx_g,BaO_nat002,64000,18643,8,7,1.958053,set0,dace-gcc,mimalloc,1
newdxx_g,BaO_nat002,64000,18643,8,8,1.947941,set0,dace-gcc,mimalloc,1
newdxx_g,BaO_nat002,64000,18643,8,9,1.949668,set0,dace-gcc,mimalloc,1
newdxx_g,BaO_nat002,64000,18643,8,10,1.959108,set0,dace-gcc,mimalloc,1
newdxx_g,BaO_nat002,64000,18643,8,11,1.940677,set0,dace-gcc,mimalloc,1
newdxx_g,BaO_nat002,64000,18643,8,12,1.952708,set0,dace-gcc,mimalloc,1
newdxx_g,BaO_nat002,64000,18643,8,13,1.950404,set0,dace-gcc,mimalloc,1
newdxx_g,BaO_nat002,64000,18643,8,14,1.941221,set0,dace-gcc,mimalloc,1
newdxx_g,BaO_nat002,64000,18643,8,15,1.943397,set0,dace-gcc,mimalloc,1
newdxx_g,BaO_nat002,64000,18643,8,16,1.929701,set0,dace-gcc,mimalloc,1
newdxx_g,BaO_nat002,64000,18643,8,17,2.003395,set0,dace-gcc,mimalloc,1
newdxx_g,BaO_nat002,64000,18643,8,18,1.977188,set0,dace-gcc,mimalloc,1
newdxx_g,BaO_nat002,64000,18643,8,19,1.973956,set0,dace-gcc,mimalloc,1
newdxx_g,BaO_nat002,64000,18643,16,0,1.770250,set0,dace-gcc,mimalloc,1
newdxx_g,BaO_nat002,64000,18643,16,1,1.777034,set0,dace-gcc,mimalloc,1
newdxx_g,BaO_nat002,64000,18643,16,2,1.754891,set0,dace-gcc,mimalloc,1
newdxx_g,BaO_nat002,64000,18643,16,3,1.913350,set0,dace-gcc,mimalloc,1
newdxx_g,BaO_nat002,64000,18643,16,4,1.758250,set0,dace-gcc,mimalloc,1
newdxx_g,BaO_nat002,64000,18643,16,5,1.757002,set0,dace-gcc,mimalloc,1
newdxx_g,BaO_nat002,64000,18643,16,6,1.786793,set0,dace-gcc,mimalloc,1
newdxx_g,BaO_nat002,64000,18643,16,7,1.755307,set0,dace-gcc,mimalloc,1
newdxx_g,BaO_nat002,64000,18643,16,8,1.788842,set0,dace-gcc,mimalloc,1
newdxx_g,BaO_nat002,64000,18643,16,9,1.805353,set0,dace-gcc,mimalloc,1
newdxx_g,BaO_nat002,64000,18643,16,10,1.777834,set0,dace-gcc,mimalloc,1
newdxx_g,BaO_nat002,64000,18643,16,11,1.976515,set0,dace-gcc,mimalloc,1
newdxx_g,BaO_nat002,64000,18643,16,12,1.787049,set0,dace-gcc,mimalloc,1
newdxx_g,BaO_nat002,64000,18643,16,13,1.792138,set0,dace-gcc,mimalloc,1
newdxx_g,BaO_nat002,64000,18643,16,14,1.780874,set0,dace-gcc,mimalloc,1
newdxx_g,BaO_nat002,64000,18643,16,15,1.785801,set0,dace-gcc,mimalloc,1
newdxx_g,BaO_nat002,64000,18643,16,16,1.750219,set0,dace-gcc,mimalloc,1
newdxx_g,BaO_nat002,64000,18643,16,17,1.776458,set0,dace-gcc,mimalloc,1
newdxx_g,BaO_nat002,64000,18643,16,18,1.751659,set0,dace-gcc,mimalloc,1
newdxx_g,BaO_nat002,64000,18643,16,19,1.780874,set0,dace-gcc,mimalloc,1
newdxx_g,BaO_nat002,64000,18643,32,0,2.086396,set0,dace-gcc,mimalloc,1
newdxx_g,BaO_nat002,64000,18643,32,1,2.064253,set0,dace-gcc,mimalloc,1
newdxx_g,BaO_nat002,64000,18643,32,2,2.079740,set0,dace-gcc,mimalloc,1
newdxx_g,BaO_nat002,64000,18643,32,3,2.044957,set0,dace-gcc,mimalloc,1
newdxx_g,BaO_nat002,64000,18643,32,4,2.065405,set0,dace-gcc,mimalloc,1
newdxx_g,BaO_nat002,64000,18643,32,5,2.090844,set0,dace-gcc,mimalloc,1
newdxx_g,BaO_nat002,64000,18643,32,6,2.067741,set0,dace-gcc,mimalloc,1
newdxx_g,BaO_nat002,64000,18643,32,7,2.051677,set0,dace-gcc,mimalloc,1
newdxx_g,BaO_nat002,64000,18643,32,8,2.072540,set0,dace-gcc,mimalloc,1
newdxx_g,BaO_nat002,64000,18643,32,9,2.058173,set0,dace-gcc,mimalloc,1
newdxx_g,BaO_nat002,64000,18643,32,10,2.035934,set0,dace-gcc,mimalloc,1
newdxx_g,BaO_nat002,64000,18643,32,11,2.036830,set0,dace-gcc,mimalloc,1
newdxx_g,BaO_nat002,64000,18643,32,12,2.028574,set0,dace-gcc,mimalloc,1
newdxx_g,BaO_nat002,64000,18643,32,13,2.025566,set0,dace-gcc,mimalloc,1
newdxx_g,BaO_nat002,64000,18643,32,14,2.022302,set0,dace-gcc,mimalloc,1
newdxx_g,BaO_nat002,64000,18643,32,15,2.046813,set0,dace-gcc,mimalloc,1
newdxx_g,BaO_nat002,64000,18643,32,16,2.036830,set0,dace-gcc,mimalloc,1
newdxx_g,BaO_nat002,64000,18643,32,17,2.075740,set0,dace-gcc,mimalloc,1
newdxx_g,BaO_nat002,64000,18643,32,18,2.035198,set0,dace-gcc,mimalloc,1
newdxx_g,BaO_nat002,64000,18643,32,19,2.035710,set0,dace-gcc,mimalloc,1
newdxx_g,BaO_nat002,64000,18643,64,0,2.924865,set0,dace-gcc,mimalloc,1
newdxx_g,BaO_nat002,64000,18643,64,1,3.003999,set0,dace-gcc,mimalloc,1
newdxx_g,BaO_nat002,64000,18643,64,2,2.888962,set0,dace-gcc,mimalloc,1
newdxx_g,BaO_nat002,64000,18643,64,3,2.948448,set0,dace-gcc,mimalloc,1
newdxx_g,BaO_nat002,64000,18643,64,4,2.922369,set0,dace-gcc,mimalloc,1
newdxx_g,BaO_nat002,64000,18643,64,5,2.886370,set0,dace-gcc,mimalloc,1
newdxx_g,BaO_nat002,64000,18643,64,6,2.897762,set0,dace-gcc,mimalloc,1
newdxx_g,BaO_nat002,64000,18643,64,7,2.904290,set0,dace-gcc,mimalloc,1
newdxx_g,BaO_nat002,64000,18643,64,8,2.945792,set0,dace-gcc,mimalloc,1
newdxx_g,BaO_nat002,64000,18643,64,9,2.931841,set0,dace-gcc,mimalloc,1
newdxx_g,BaO_nat002,64000,18643,64,10,2.907553,set0,dace-gcc,mimalloc,1
newdxx_g,BaO_nat002,64000,18643,64,11,2.952577,set0,dace-gcc,mimalloc,1
newdxx_g,BaO_nat002,64000,18643,64,12,2.904418,set0,dace-gcc,mimalloc,1
newdxx_g,BaO_nat002,64000,18643,64,13,2.939265,set0,dace-gcc,mimalloc,1
newdxx_g,BaO_nat002,64000,18643,64,14,2.907905,set0,dace-gcc,mimalloc,1
newdxx_g,BaO_nat002,64000,18643,64,15,2.900354,set0,dace-gcc,mimalloc,1
newdxx_g,BaO_nat002,64000,18643,64,16,2.889794,set0,dace-gcc,mimalloc,1
newdxx_g,BaO_nat002,64000,18643,64,17,2.878082,set0,dace-gcc,mimalloc,1
newdxx_g,BaO_nat002,64000,18643,64,18,2.888002,set0,dace-gcc,mimalloc,1
newdxx_g,BaO_nat002,64000,18643,64,19,2.904097,set0,dace-gcc,mimalloc,1
newdxx_g,BaO_nat002,64000,18643,72,0,3.223959,set0,dace-gcc,mimalloc,1
newdxx_g,BaO_nat002,64000,18643,72,1,3.249911,set0,dace-gcc,mimalloc,1
newdxx_g,BaO_nat002,64000,18643,72,2,3.270517,set0,dace-gcc,mimalloc,1
newdxx_g,BaO_nat002,64000,18643,72,3,3.292117,set0,dace-gcc,mimalloc,1
newdxx_g,BaO_nat002,64000,18643,72,4,3.301172,set0,dace-gcc,mimalloc,1
newdxx_g,BaO_nat002,64000,18643,72,5,3.239863,set0,dace-gcc,mimalloc,1
newdxx_g,BaO_nat002,64000,18643,72,6,3.235191,set0,dace-gcc,mimalloc,1
newdxx_g,BaO_nat002,64000,18643,72,7,3.242198,set0,dace-gcc,mimalloc,1
newdxx_g,BaO_nat002,64000,18643,72,8,3.238326,set0,dace-gcc,mimalloc,1
newdxx_g,BaO_nat002,64000,18643,72,9,3.233495,set0,dace-gcc,mimalloc,1
newdxx_g,BaO_nat002,64000,18643,72,10,3.231607,set0,dace-gcc,mimalloc,1
newdxx_g,BaO_nat002,64000,18643,72,11,3.272694,set0,dace-gcc,mimalloc,1
newdxx_g,BaO_nat002,64000,18643,72,12,3.221911,set0,dace-gcc,mimalloc,1
newdxx_g,BaO_nat002,64000,18643,72,13,3.265206,set0,dace-gcc,mimalloc,1
newdxx_g,BaO_nat002,64000,18643,72,14,3.229879,set0,dace-gcc,mimalloc,1
newdxx_g,BaO_nat002,64000,18643,72,15,3.227223,set0,dace-gcc,mimalloc,1
newdxx_g,BaO_nat002,64000,18643,72,16,3.275990,set0,dace-gcc,mimalloc,1
newdxx_g,BaO_nat002,64000,18643,72,17,3.221687,set0,dace-gcc,mimalloc,1
newdxx_g,BaO_nat002,64000,18643,72,18,3.226200,set0,dace-gcc,mimalloc,1
newdxx_g,BaO_nat002,64000,18643,72,19,3.253206,set0,dace-gcc,mimalloc,1
newdxx_g,BaO_nat002,64000,18643,1,0,555.695435,set0_rep64,dace-gcc,mimalloc,64
newdxx_g,BaO_nat002,64000,18643,1,1,555.263706,set0_rep64,dace-gcc,mimalloc,64
newdxx_g,BaO_nat002,64000,18643,1,2,555.644174,set0_rep64,dace-gcc,mimalloc,64
newdxx_g,BaO_nat002,64000,18643,1,3,555.412597,set0_rep64,dace-gcc,mimalloc,64
newdxx_g,BaO_nat002,64000,18643,1,4,555.962627,set0_rep64,dace-gcc,mimalloc,64
newdxx_g,BaO_nat002,64000,18643,1,5,555.522354,set0_rep64,dace-gcc,mimalloc,64
newdxx_g,BaO_nat002,64000,18643,1,6,555.569840,set0_rep64,dace-gcc,mimalloc,64
newdxx_g,BaO_nat002,64000,18643,1,7,555.358583,set0_rep64,dace-gcc,mimalloc,64
newdxx_g,BaO_nat002,64000,18643,1,8,555.960707,set0_rep64,dace-gcc,mimalloc,64
newdxx_g,BaO_nat002,64000,18643,1,9,555.437397,set0_rep64,dace-gcc,mimalloc,64
newdxx_g,BaO_nat002,64000,18643,1,10,558.615213,set0_rep64,dace-gcc,mimalloc,64
newdxx_g,BaO_nat002,64000,18643,1,11,555.983299,set0_rep64,dace-gcc,mimalloc,64
newdxx_g,BaO_nat002,64000,18643,1,12,555.535601,set0_rep64,dace-gcc,mimalloc,64
newdxx_g,BaO_nat002,64000,18643,1,13,555.554256,set0_rep64,dace-gcc,mimalloc,64
newdxx_g,BaO_nat002,64000,18643,1,14,555.567408,set0_rep64,dace-gcc,mimalloc,64
newdxx_g,BaO_nat002,64000,18643,1,15,555.755690,set0_rep64,dace-gcc,mimalloc,64
newdxx_g,BaO_nat002,64000,18643,1,16,555.627246,set0_rep64,dace-gcc,mimalloc,64
newdxx_g,BaO_nat002,64000,18643,1,17,556.684140,set0_rep64,dace-gcc,mimalloc,64
newdxx_g,BaO_nat002,64000,18643,1,18,555.654318,set0_rep64,dace-gcc,mimalloc,64
newdxx_g,BaO_nat002,64000,18643,1,19,555.825224,set0_rep64,dace-gcc,mimalloc,64
newdxx_g,BaO_nat002,64000,18643,2,0,305.135711,set0_rep64,dace-gcc,mimalloc,64
newdxx_g,BaO_nat002,64000,18643,2,1,305.029474,set0_rep64,dace-gcc,mimalloc,64
newdxx_g,BaO_nat002,64000,18643,2,2,305.181725,set0_rep64,dace-gcc,mimalloc,64
newdxx_g,BaO_nat002,64000,18643,2,3,305.497587,set0_rep64,dace-gcc,mimalloc,64
newdxx_g,BaO_nat002,64000,18643,2,4,304.661966,set0_rep64,dace-gcc,mimalloc,64
newdxx_g,BaO_nat002,64000,18643,2,5,305.861639,set0_rep64,dace-gcc,mimalloc,64
newdxx_g,BaO_nat002,64000,18643,2,6,304.688813,set0_rep64,dace-gcc,mimalloc,64
newdxx_g,BaO_nat002,64000,18643,2,7,304.883751,set0_rep64,dace-gcc,mimalloc,64
newdxx_g,BaO_nat002,64000,18643,2,8,305.165214,set0_rep64,dace-gcc,mimalloc,64
newdxx_g,BaO_nat002,64000,18643,2,9,305.811945,set0_rep64,dace-gcc,mimalloc,64
newdxx_g,BaO_nat002,64000,18643,2,10,305.338776,set0_rep64,dace-gcc,mimalloc,64
newdxx_g,BaO_nat002,64000,18643,2,11,304.941509,set0_rep64,dace-gcc,mimalloc,64
newdxx_g,BaO_nat002,64000,18643,2,12,306.688172,set0_rep64,dace-gcc,mimalloc,64
newdxx_g,BaO_nat002,64000,18643,2,13,305.041698,set0_rep64,dace-gcc,mimalloc,64
newdxx_g,BaO_nat002,64000,18643,2,14,304.936454,set0_rep64,dace-gcc,mimalloc,64
newdxx_g,BaO_nat002,64000,18643,2,15,305.547025,set0_rep64,dace-gcc,mimalloc,64
newdxx_g,BaO_nat002,64000,18643,2,16,305.553809,set0_rep64,dace-gcc,mimalloc,64
newdxx_g,BaO_nat002,64000,18643,2,17,305.790953,set0_rep64,dace-gcc,mimalloc,64
newdxx_g,BaO_nat002,64000,18643,2,18,304.875879,set0_rep64,dace-gcc,mimalloc,64
newdxx_g,BaO_nat002,64000,18643,2,19,305.660462,set0_rep64,dace-gcc,mimalloc,64
newdxx_g,BaO_nat002,64000,18643,4,0,169.186724,set0_rep64,dace-gcc,mimalloc,64
newdxx_g,BaO_nat002,64000,18643,4,1,168.259364,set0_rep64,dace-gcc,mimalloc,64
newdxx_g,BaO_nat002,64000,18643,4,2,167.889679,set0_rep64,dace-gcc,mimalloc,64
newdxx_g,BaO_nat002,64000,18643,4,3,167.721843,set0_rep64,dace-gcc,mimalloc,64
newdxx_g,BaO_nat002,64000,18643,4,4,167.722196,set0_rep64,dace-gcc,mimalloc,64
newdxx_g,BaO_nat002,64000,18643,4,5,167.805585,set0_rep64,dace-gcc,mimalloc,64
newdxx_g,BaO_nat002,64000,18643,4,6,167.534681,set0_rep64,dace-gcc,mimalloc,64
newdxx_g,BaO_nat002,64000,18643,4,7,167.476091,set0_rep64,dace-gcc,mimalloc,64
newdxx_g,BaO_nat002,64000,18643,4,8,167.435229,set0_rep64,dace-gcc,mimalloc,64
newdxx_g,BaO_nat002,64000,18643,4,9,167.404765,set0_rep64,dace-gcc,mimalloc,64
newdxx_g,BaO_nat002,64000,18643,4,10,167.522074,set0_rep64,dace-gcc,mimalloc,64
newdxx_g,BaO_nat002,64000,18643,4,11,167.569369,set0_rep64,dace-gcc,mimalloc,64
newdxx_g,BaO_nat002,64000,18643,4,12,167.201315,set0_rep64,dace-gcc,mimalloc,64
newdxx_g,BaO_nat002,64000,18643,4,13,167.321792,set0_rep64,dace-gcc,mimalloc,64
newdxx_g,BaO_nat002,64000,18643,4,14,167.298400,set0_rep64,dace-gcc,mimalloc,64
newdxx_g,BaO_nat002,64000,18643,4,15,167.399357,set0_rep64,dace-gcc,mimalloc,64
newdxx_g,BaO_nat002,64000,18643,4,16,167.552281,set0_rep64,dace-gcc,mimalloc,64
newdxx_g,BaO_nat002,64000,18643,4,17,167.866704,set0_rep64,dace-gcc,mimalloc,64
newdxx_g,BaO_nat002,64000,18643,4,18,167.459932,set0_rep64,dace-gcc,mimalloc,64
newdxx_g,BaO_nat002,64000,18643,4,19,167.527033,set0_rep64,dace-gcc,mimalloc,64
newdxx_g,BaO_nat002,64000,18643,8,0,116.703321,set0_rep64,dace-gcc,mimalloc,64
newdxx_g,BaO_nat002,64000,18643,8,1,117.459523,set0_rep64,dace-gcc,mimalloc,64
newdxx_g,BaO_nat002,64000,18643,8,2,117.928724,set0_rep64,dace-gcc,mimalloc,64
newdxx_g,BaO_nat002,64000,18643,8,3,117.655645,set0_rep64,dace-gcc,mimalloc,64
newdxx_g,BaO_nat002,64000,18643,8,4,117.447491,set0_rep64,dace-gcc,mimalloc,64
newdxx_g,BaO_nat002,64000,18643,8,5,117.348102,set0_rep64,dace-gcc,mimalloc,64
newdxx_g,BaO_nat002,64000,18643,8,6,117.348390,set0_rep64,dace-gcc,mimalloc,64
newdxx_g,BaO_nat002,64000,18643,8,7,116.825877,set0_rep64,dace-gcc,mimalloc,64
newdxx_g,BaO_nat002,64000,18643,8,8,116.716761,set0_rep64,dace-gcc,mimalloc,64
newdxx_g,BaO_nat002,64000,18643,8,9,116.876980,set0_rep64,dace-gcc,mimalloc,64
newdxx_g,BaO_nat002,64000,18643,8,10,116.857716,set0_rep64,dace-gcc,mimalloc,64
newdxx_g,BaO_nat002,64000,18643,8,11,117.005840,set0_rep64,dace-gcc,mimalloc,64
newdxx_g,BaO_nat002,64000,18643,8,12,116.588924,set0_rep64,dace-gcc,mimalloc,64
newdxx_g,BaO_nat002,64000,18643,8,13,116.697690,set0_rep64,dace-gcc,mimalloc,64
newdxx_g,BaO_nat002,64000,18643,8,14,116.656923,set0_rep64,dace-gcc,mimalloc,64
newdxx_g,BaO_nat002,64000,18643,8,15,117.024527,set0_rep64,dace-gcc,mimalloc,64
newdxx_g,BaO_nat002,64000,18643,8,16,116.504415,set0_rep64,dace-gcc,mimalloc,64
newdxx_g,BaO_nat002,64000,18643,8,17,116.286470,set0_rep64,dace-gcc,mimalloc,64
newdxx_g,BaO_nat002,64000,18643,8,18,116.402435,set0_rep64,dace-gcc,mimalloc,64
newdxx_g,BaO_nat002,64000,18643,8,19,117.470658,set0_rep64,dace-gcc,mimalloc,64
newdxx_g,BaO_nat002,64000,18643,16,0,103.349965,set0_rep64,dace-gcc,mimalloc,64
newdxx_g,BaO_nat002,64000,18643,16,1,103.379180,set0_rep64,dace-gcc,mimalloc,64
newdxx_g,BaO_nat002,64000,18643,16,2,103.360237,set0_rep64,dace-gcc,mimalloc,64
newdxx_g,BaO_nat002,64000,18643,16,3,103.076341,set0_rep64,dace-gcc,mimalloc,64
newdxx_g,BaO_nat002,64000,18643,16,4,102.755966,set0_rep64,dace-gcc,mimalloc,64
newdxx_g,BaO_nat002,64000,18643,16,5,103.459049,set0_rep64,dace-gcc,mimalloc,64
newdxx_g,BaO_nat002,64000,18643,16,6,103.825630,set0_rep64,dace-gcc,mimalloc,64
newdxx_g,BaO_nat002,64000,18643,16,7,103.618757,set0_rep64,dace-gcc,mimalloc,64
newdxx_g,BaO_nat002,64000,18643,16,8,103.510280,set0_rep64,dace-gcc,mimalloc,64
newdxx_g,BaO_nat002,64000,18643,16,9,103.260880,set0_rep64,dace-gcc,mimalloc,64
newdxx_g,BaO_nat002,64000,18643,16,10,103.300335,set0_rep64,dace-gcc,mimalloc,64
newdxx_g,BaO_nat002,64000,18643,16,11,103.221361,set0_rep64,dace-gcc,mimalloc,64
newdxx_g,BaO_nat002,64000,18643,16,12,103.204273,set0_rep64,dace-gcc,mimalloc,64
newdxx_g,BaO_nat002,64000,18643,16,13,103.097172,set0_rep64,dace-gcc,mimalloc,64
newdxx_g,BaO_nat002,64000,18643,16,14,103.068213,set0_rep64,dace-gcc,mimalloc,64
newdxx_g,BaO_nat002,64000,18643,16,15,104.042488,set0_rep64,dace-gcc,mimalloc,64
newdxx_g,BaO_nat002,64000,18643,16,16,103.097781,set0_rep64,dace-gcc,mimalloc,64
newdxx_g,BaO_nat002,64000,18643,16,17,102.951065,set0_rep64,dace-gcc,mimalloc,64
newdxx_g,BaO_nat002,64000,18643,16,18,103.046518,set0_rep64,dace-gcc,mimalloc,64
newdxx_g,BaO_nat002,64000,18643,16,19,103.122164,set0_rep64,dace-gcc,mimalloc,64
newdxx_g,BaO_nat002,64000,18643,32,0,122.620277,set0_rep64,dace-gcc,mimalloc,64
newdxx_g,BaO_nat002,64000,18643,32,1,122.498585,set0_rep64,dace-gcc,mimalloc,64
newdxx_g,BaO_nat002,64000,18643,32,2,122.769136,set0_rep64,dace-gcc,mimalloc,64
newdxx_g,BaO_nat002,64000,18643,32,3,123.089734,set0_rep64,dace-gcc,mimalloc,64
newdxx_g,BaO_nat002,64000,18643,32,4,123.471131,set0_rep64,dace-gcc,mimalloc,64
newdxx_g,BaO_nat002,64000,18643,32,5,123.062823,set0_rep64,dace-gcc,mimalloc,64
newdxx_g,BaO_nat002,64000,18643,32,6,122.727025,set0_rep64,dace-gcc,mimalloc,64
newdxx_g,BaO_nat002,64000,18643,32,7,122.696498,set0_rep64,dace-gcc,mimalloc,64
newdxx_g,BaO_nat002,64000,18643,32,8,122.770384,set0_rep64,dace-gcc,mimalloc,64
newdxx_g,BaO_nat002,64000,18643,32,9,122.150435,set0_rep64,dace-gcc,mimalloc,64
newdxx_g,BaO_nat002,64000,18643,32,10,122.480569,set0_rep64,dace-gcc,mimalloc,64
newdxx_g,BaO_nat002,64000,18643,32,11,123.725426,set0_rep64,dace-gcc,mimalloc,64
newdxx_g,BaO_nat002,64000,18643,32,12,122.854510,set0_rep64,dace-gcc,mimalloc,64
newdxx_g,BaO_nat002,64000,18643,32,13,122.878284,set0_rep64,dace-gcc,mimalloc,64
newdxx_g,BaO_nat002,64000,18643,32,14,122.591030,set0_rep64,dace-gcc,mimalloc,64
newdxx_g,BaO_nat002,64000,18643,32,15,122.846894,set0_rep64,dace-gcc,mimalloc,64
newdxx_g,BaO_nat002,64000,18643,32,16,122.721297,set0_rep64,dace-gcc,mimalloc,64
newdxx_g,BaO_nat002,64000,18643,32,17,122.968490,set0_rep64,dace-gcc,mimalloc,64
newdxx_g,BaO_nat002,64000,18643,32,18,123.163972,set0_rep64,dace-gcc,mimalloc,64
newdxx_g,BaO_nat002,64000,18643,32,19,123.523545,set0_rep64,dace-gcc,mimalloc,64
newdxx_g,BaO_nat002,64000,18643,64,0,174.117092,set0_rep64,dace-gcc,mimalloc,64
newdxx_g,BaO_nat002,64000,18643,64,1,173.906506,set0_rep64,dace-gcc,mimalloc,64
newdxx_g,BaO_nat002,64000,18643,64,2,173.516215,set0_rep64,dace-gcc,mimalloc,64
newdxx_g,BaO_nat002,64000,18643,64,3,173.638898,set0_rep64,dace-gcc,mimalloc,64
newdxx_g,BaO_nat002,64000,18643,64,4,174.091620,set0_rep64,dace-gcc,mimalloc,64
newdxx_g,BaO_nat002,64000,18643,64,5,173.689969,set0_rep64,dace-gcc,mimalloc,64
newdxx_g,BaO_nat002,64000,18643,64,6,173.901482,set0_rep64,dace-gcc,mimalloc,64
newdxx_g,BaO_nat002,64000,18643,64,7,173.495351,set0_rep64,dace-gcc,mimalloc,64
newdxx_g,BaO_nat002,64000,18643,64,8,173.627251,set0_rep64,dace-gcc,mimalloc,64
newdxx_g,BaO_nat002,64000,18643,64,9,173.788621,set0_rep64,dace-gcc,mimalloc,64
newdxx_g,BaO_nat002,64000,18643,64,10,173.447417,set0_rep64,dace-gcc,mimalloc,64
newdxx_g,BaO_nat002,64000,18643,64,11,174.943754,set0_rep64,dace-gcc,mimalloc,64
newdxx_g,BaO_nat002,64000,18643,64,12,174.026374,set0_rep64,dace-gcc,mimalloc,64
newdxx_g,BaO_nat002,64000,18643,64,13,173.571829,set0_rep64,dace-gcc,mimalloc,64
newdxx_g,BaO_nat002,64000,18643,64,14,174.080421,set0_rep64,dace-gcc,mimalloc,64
newdxx_g,BaO_nat002,64000,18643,64,15,175.356988,set0_rep64,dace-gcc,mimalloc,64
newdxx_g,BaO_nat002,64000,18643,64,16,175.527768,set0_rep64,dace-gcc,mimalloc,64
newdxx_g,BaO_nat002,64000,18643,64,17,174.101252,set0_rep64,dace-gcc,mimalloc,64
newdxx_g,BaO_nat002,64000,18643,64,18,173.827884,set0_rep64,dace-gcc,mimalloc,64
newdxx_g,BaO_nat002,64000,18643,64,19,173.452408,set0_rep64,dace-gcc,mimalloc,64
newdxx_g,BaO_nat002,64000,18643,72,0,196.914712,set0_rep64,dace-gcc,mimalloc,64
newdxx_g,BaO_nat002,64000,18643,72,1,196.139791,set0_rep64,dace-gcc,mimalloc,64
newdxx_g,BaO_nat002,64000,18643,72,2,195.867800,set0_rep64,dace-gcc,mimalloc,64
newdxx_g,BaO_nat002,64000,18643,72,3,195.532259,set0_rep64,dace-gcc,mimalloc,64
newdxx_g,BaO_nat002,64000,18643,72,4,196.258540,set0_rep64,dace-gcc,mimalloc,64
newdxx_g,BaO_nat002,64000,18643,72,5,195.508291,set0_rep64,dace-gcc,mimalloc,64
newdxx_g,BaO_nat002,64000,18643,72,6,196.501989,set0_rep64,dace-gcc,mimalloc,64
newdxx_g,BaO_nat002,64000,18643,72,7,195.370664,set0_rep64,dace-gcc,mimalloc,64
newdxx_g,BaO_nat002,64000,18643,72,8,195.327241,set0_rep64,dace-gcc,mimalloc,64
newdxx_g,BaO_nat002,64000,18643,72,9,195.117872,set0_rep64,dace-gcc,mimalloc,64
newdxx_g,BaO_nat002,64000,18643,72,10,195.787675,set0_rep64,dace-gcc,mimalloc,64
newdxx_g,BaO_nat002,64000,18643,72,11,196.521572,set0_rep64,dace-gcc,mimalloc,64
newdxx_g,BaO_nat002,64000,18643,72,12,195.129839,set0_rep64,dace-gcc,mimalloc,64
newdxx_g,BaO_nat002,64000,18643,72,13,194.508515,set0_rep64,dace-gcc,mimalloc,64
newdxx_g,BaO_nat002,64000,18643,72,14,194.702525,set0_rep64,dace-gcc,mimalloc,64
newdxx_g,BaO_nat002,64000,18643,72,15,196.468838,set0_rep64,dace-gcc,mimalloc,64
newdxx_g,BaO_nat002,64000,18643,72,16,194.846553,set0_rep64,dace-gcc,mimalloc,64
newdxx_g,BaO_nat002,64000,18643,72,17,194.888375,set0_rep64,dace-gcc,mimalloc,64
newdxx_g,BaO_nat002,64000,18643,72,18,196.646239,set0_rep64,dace-gcc,mimalloc,64
newdxx_g,BaO_nat002,64000,18643,72,19,195.720253,set0_rep64,dace-gcc,mimalloc,64
newdxx_g,BaO_nat002,64000,18643,1,0,10.480951,set1,dace-gcc,mimalloc,1
newdxx_g,BaO_nat002,64000,18643,1,1,10.613618,set1,dace-gcc,mimalloc,1
newdxx_g,BaO_nat002,64000,18643,1,2,10.597395,set1,dace-gcc,mimalloc,1
newdxx_g,BaO_nat002,64000,18643,1,3,10.585107,set1,dace-gcc,mimalloc,1
newdxx_g,BaO_nat002,64000,18643,1,4,10.611922,set1,dace-gcc,mimalloc,1
newdxx_g,BaO_nat002,64000,18643,1,5,10.666738,set1,dace-gcc,mimalloc,1
newdxx_g,BaO_nat002,64000,18643,1,6,10.706863,set1,dace-gcc,mimalloc,1
newdxx_g,BaO_nat002,64000,18643,1,7,10.634674,set1,dace-gcc,mimalloc,1
newdxx_g,BaO_nat002,64000,18643,1,8,10.584820,set1,dace-gcc,mimalloc,1
newdxx_g,BaO_nat002,64000,18643,1,9,10.633298,set1,dace-gcc,mimalloc,1
newdxx_g,BaO_nat002,64000,18643,1,10,10.629874,set1,dace-gcc,mimalloc,1
newdxx_g,BaO_nat002,64000,18643,1,11,10.645970,set1,dace-gcc,mimalloc,1
newdxx_g,BaO_nat002,64000,18643,1,12,10.606067,set1,dace-gcc,mimalloc,1
newdxx_g,BaO_nat002,64000,18643,1,13,10.641170,set1,dace-gcc,mimalloc,1
newdxx_g,BaO_nat002,64000,18643,1,14,10.549717,set1,dace-gcc,mimalloc,1
newdxx_g,BaO_nat002,64000,18643,1,15,10.607219,set1,dace-gcc,mimalloc,1
newdxx_g,BaO_nat002,64000,18643,1,16,10.599603,set1,dace-gcc,mimalloc,1
newdxx_g,BaO_nat002,64000,18643,1,17,10.576756,set1,dace-gcc,mimalloc,1
newdxx_g,BaO_nat002,64000,18643,1,18,10.564245,set1,dace-gcc,mimalloc,1
newdxx_g,BaO_nat002,64000,18643,1,19,10.634194,set1,dace-gcc,mimalloc,1
newdxx_g,BaO_nat002,64000,18643,2,0,5.395670,set1,dace-gcc,mimalloc,1
newdxx_g,BaO_nat002,64000,18643,2,1,5.426549,set1,dace-gcc,mimalloc,1
newdxx_g,BaO_nat002,64000,18643,2,2,5.404022,set1,dace-gcc,mimalloc,1
newdxx_g,BaO_nat002,64000,18643,2,3,5.551026,set1,dace-gcc,mimalloc,1
newdxx_g,BaO_nat002,64000,18643,2,4,5.350808,set1,dace-gcc,mimalloc,1
newdxx_g,BaO_nat002,64000,18643,2,5,5.379286,set1,dace-gcc,mimalloc,1
newdxx_g,BaO_nat002,64000,18643,2,6,5.354296,set1,dace-gcc,mimalloc,1
newdxx_g,BaO_nat002,64000,18643,2,7,5.388023,set1,dace-gcc,mimalloc,1
newdxx_g,BaO_nat002,64000,18643,2,8,5.583760,set1,dace-gcc,mimalloc,1
newdxx_g,BaO_nat002,64000,18643,2,9,5.358360,set1,dace-gcc,mimalloc,1
newdxx_g,BaO_nat002,64000,18643,2,10,5.350008,set1,dace-gcc,mimalloc,1
newdxx_g,BaO_nat002,64000,18643,2,11,5.343320,set1,dace-gcc,mimalloc,1
newdxx_g,BaO_nat002,64000,18643,2,12,5.422517,set1,dace-gcc,mimalloc,1
newdxx_g,BaO_nat002,64000,18643,2,13,5.333304,set1,dace-gcc,mimalloc,1
newdxx_g,BaO_nat002,64000,18643,2,14,5.368087,set1,dace-gcc,mimalloc,1
newdxx_g,BaO_nat002,64000,18643,2,15,5.344280,set1,dace-gcc,mimalloc,1
newdxx_g,BaO_nat002,64000,18643,2,16,5.339289,set1,dace-gcc,mimalloc,1
newdxx_g,BaO_nat002,64000,18643,2,17,5.323417,set1,dace-gcc,mimalloc,1
newdxx_g,BaO_nat002,64000,18643,2,18,5.363928,set1,dace-gcc,mimalloc,1
newdxx_g,BaO_nat002,64000,18643,2,19,5.372663,set1,dace-gcc,mimalloc,1
newdxx_g,BaO_nat002,64000,18643,4,0,2.912773,set1,dace-gcc,mimalloc,1
newdxx_g,BaO_nat002,64000,18643,4,1,2.939908,set1,dace-gcc,mimalloc,1
newdxx_g,BaO_nat002,64000,18643,4,2,2.937028,set1,dace-gcc,mimalloc,1
newdxx_g,BaO_nat002,64000,18643,4,3,2.930947,set1,dace-gcc,mimalloc,1
newdxx_g,BaO_nat002,64000,18643,4,4,2.935139,set1,dace-gcc,mimalloc,1
newdxx_g,BaO_nat002,64000,18643,4,5,2.934404,set1,dace-gcc,mimalloc,1
newdxx_g,BaO_nat002,64000,18643,4,6,2.987682,set1,dace-gcc,mimalloc,1
newdxx_g,BaO_nat002,64000,18643,4,7,2.955364,set1,dace-gcc,mimalloc,1
newdxx_g,BaO_nat002,64000,18643,4,8,2.946211,set1,dace-gcc,mimalloc,1
newdxx_g,BaO_nat002,64000,18643,4,9,2.971234,set1,dace-gcc,mimalloc,1
newdxx_g,BaO_nat002,64000,18643,4,10,3.008801,set1,dace-gcc,mimalloc,1
newdxx_g,BaO_nat002,64000,18643,4,11,3.016257,set1,dace-gcc,mimalloc,1
newdxx_g,BaO_nat002,64000,18643,4,12,3.001570,set1,dace-gcc,mimalloc,1
newdxx_g,BaO_nat002,64000,18643,4,13,2.987042,set1,dace-gcc,mimalloc,1
newdxx_g,BaO_nat002,64000,18643,4,14,3.073535,set1,dace-gcc,mimalloc,1
newdxx_g,BaO_nat002,64000,18643,4,15,2.983331,set1,dace-gcc,mimalloc,1
newdxx_g,BaO_nat002,64000,18643,4,16,3.072800,set1,dace-gcc,mimalloc,1
newdxx_g,BaO_nat002,64000,18643,4,17,3.068639,set1,dace-gcc,mimalloc,1
newdxx_g,BaO_nat002,64000,18643,4,18,3.010114,set1,dace-gcc,mimalloc,1
newdxx_g,BaO_nat002,64000,18643,4,19,2.988994,set1,dace-gcc,mimalloc,1
newdxx_g,BaO_nat002,64000,18643,8,0,2.049055,set1,dace-gcc,mimalloc,1
newdxx_g,BaO_nat002,64000,18643,8,1,2.058912,set1,dace-gcc,mimalloc,1
newdxx_g,BaO_nat002,64000,18643,8,2,2.058303,set1,dace-gcc,mimalloc,1
newdxx_g,BaO_nat002,64000,18643,8,3,2.030144,set1,dace-gcc,mimalloc,1
newdxx_g,BaO_nat002,64000,18643,8,4,2.042208,set1,dace-gcc,mimalloc,1
newdxx_g,BaO_nat002,64000,18643,8,5,2.027968,set1,dace-gcc,mimalloc,1
newdxx_g,BaO_nat002,64000,18643,8,6,2.037375,set1,dace-gcc,mimalloc,1
newdxx_g,BaO_nat002,64000,18643,8,7,2.023776,set1,dace-gcc,mimalloc,1
newdxx_g,BaO_nat002,64000,18643,8,8,2.024096,set1,dace-gcc,mimalloc,1
newdxx_g,BaO_nat002,64000,18643,8,9,2.040416,set1,dace-gcc,mimalloc,1
newdxx_g,BaO_nat002,64000,18643,8,10,2.039680,set1,dace-gcc,mimalloc,1
newdxx_g,BaO_nat002,64000,18643,8,11,2.030624,set1,dace-gcc,mimalloc,1
newdxx_g,BaO_nat002,64000,18643,8,12,2.012385,set1,dace-gcc,mimalloc,1
newdxx_g,BaO_nat002,64000,18643,8,13,2.154044,set1,dace-gcc,mimalloc,1
newdxx_g,BaO_nat002,64000,18643,8,14,2.039904,set1,dace-gcc,mimalloc,1
newdxx_g,BaO_nat002,64000,18643,8,15,2.043968,set1,dace-gcc,mimalloc,1
newdxx_g,BaO_nat002,64000,18643,8,16,2.022688,set1,dace-gcc,mimalloc,1
newdxx_g,BaO_nat002,64000,18643,8,17,2.036960,set1,dace-gcc,mimalloc,1
newdxx_g,BaO_nat002,64000,18643,8,18,2.018273,set1,dace-gcc,mimalloc,1
newdxx_g,BaO_nat002,64000,18643,8,19,2.023169,set1,dace-gcc,mimalloc,1
newdxx_g,BaO_nat002,64000,18643,16,0,1.775145,set1,dace-gcc,mimalloc,1
newdxx_g,BaO_nat002,64000,18643,16,1,1.772553,set1,dace-gcc,mimalloc,1
newdxx_g,BaO_nat002,64000,18643,16,2,1.766792,set1,dace-gcc,mimalloc,1
newdxx_g,BaO_nat002,64000,18643,16,3,1.745225,set1,dace-gcc,mimalloc,1
newdxx_g,BaO_nat002,64000,18643,16,4,1.783080,set1,dace-gcc,mimalloc,1
newdxx_g,BaO_nat002,64000,18643,16,5,1.763176,set1,dace-gcc,mimalloc,1
newdxx_g,BaO_nat002,64000,18643,16,6,1.782760,set1,dace-gcc,mimalloc,1
newdxx_g,BaO_nat002,64000,18643,16,7,1.774568,set1,dace-gcc,mimalloc,1
newdxx_g,BaO_nat002,64000,18643,16,8,1.748521,set1,dace-gcc,mimalloc,1
newdxx_g,BaO_nat002,64000,18643,16,9,1.772713,set1,dace-gcc,mimalloc,1
newdxx_g,BaO_nat002,64000,18643,16,10,1.754185,set1,dace-gcc,mimalloc,1
newdxx_g,BaO_nat002,64000,18643,16,11,1.773353,set1,dace-gcc,mimalloc,1
newdxx_g,BaO_nat002,64000,18643,16,12,1.758313,set1,dace-gcc,mimalloc,1
newdxx_g,BaO_nat002,64000,18643,16,13,1.766408,set1,dace-gcc,mimalloc,1
newdxx_g,BaO_nat002,64000,18643,16,14,1.760649,set1,dace-gcc,mimalloc,1
newdxx_g,BaO_nat002,64000,18643,16,15,1.750569,set1,dace-gcc,mimalloc,1
newdxx_g,BaO_nat002,64000,18643,16,16,1.752808,set1,dace-gcc,mimalloc,1
newdxx_g,BaO_nat002,64000,18643,16,17,1.750889,set1,dace-gcc,mimalloc,1
newdxx_g,BaO_nat002,64000,18643,16,18,1.754729,set1,dace-gcc,mimalloc,1
newdxx_g,BaO_nat002,64000,18643,16,19,1.752265,set1,dace-gcc,mimalloc,1
newdxx_g,BaO_nat002,64000,18643,32,0,1.859494,set1,dace-gcc,mimalloc,1
newdxx_g,BaO_nat002,64000,18643,32,1,1.827367,set1,dace-gcc,mimalloc,1
newdxx_g,BaO_nat002,64000,18643,32,2,1.857733,set1,dace-gcc,mimalloc,1
newdxx_g,BaO_nat002,64000,18643,32,3,1.831462,set1,dace-gcc,mimalloc,1
newdxx_g,BaO_nat002,64000,18643,32,4,1.857445,set1,dace-gcc,mimalloc,1
newdxx_g,BaO_nat002,64000,18643,32,5,1.828102,set1,dace-gcc,mimalloc,1
newdxx_g,BaO_nat002,64000,18643,32,6,1.816263,set1,dace-gcc,mimalloc,1
newdxx_g,BaO_nat002,64000,18643,32,7,1.831879,set1,dace-gcc,mimalloc,1
newdxx_g,BaO_nat002,64000,18643,32,8,1.818855,set1,dace-gcc,mimalloc,1
newdxx_g,BaO_nat002,64000,18643,32,9,1.830567,set1,dace-gcc,mimalloc,1
newdxx_g,BaO_nat002,64000,18643,32,10,1.815016,set1,dace-gcc,mimalloc,1
newdxx_g,BaO_nat002,64000,18643,32,11,1.827207,set1,dace-gcc,mimalloc,1
newdxx_g,BaO_nat002,64000,18643,32,12,1.816359,set1,dace-gcc,mimalloc,1
newdxx_g,BaO_nat002,64000,18643,32,13,1.833959,set1,dace-gcc,mimalloc,1
newdxx_g,BaO_nat002,64000,18643,32,14,1.818119,set1,dace-gcc,mimalloc,1
newdxx_g,BaO_nat002,64000,18643,32,15,1.834182,set1,dace-gcc,mimalloc,1
newdxx_g,BaO_nat002,64000,18643,32,16,1.883876,set1,dace-gcc,mimalloc,1
newdxx_g,BaO_nat002,64000,18643,32,17,1.839238,set1,dace-gcc,mimalloc,1
newdxx_g,BaO_nat002,64000,18643,32,18,1.824199,set1,dace-gcc,mimalloc,1
newdxx_g,BaO_nat002,64000,18643,32,19,1.824902,set1,dace-gcc,mimalloc,1
newdxx_g,BaO_nat002,64000,18643,64,0,3.002946,set1,dace-gcc,mimalloc,1
newdxx_g,BaO_nat002,64000,18643,64,1,3.054432,set1,dace-gcc,mimalloc,1
newdxx_g,BaO_nat002,64000,18643,64,2,3.059072,set1,dace-gcc,mimalloc,1
newdxx_g,BaO_nat002,64000,18643,64,3,3.031584,set1,dace-gcc,mimalloc,1
newdxx_g,BaO_nat002,64000,18643,64,4,3.007170,set1,dace-gcc,mimalloc,1
newdxx_g,BaO_nat002,64000,18643,64,5,2.998690,set1,dace-gcc,mimalloc,1
newdxx_g,BaO_nat002,64000,18643,64,6,3.004354,set1,dace-gcc,mimalloc,1
newdxx_g,BaO_nat002,64000,18643,64,7,3.072512,set1,dace-gcc,mimalloc,1
newdxx_g,BaO_nat002,64000,18643,64,8,3.001665,set1,dace-gcc,mimalloc,1
newdxx_g,BaO_nat002,64000,18643,64,9,2.995106,set1,dace-gcc,mimalloc,1
newdxx_g,BaO_nat002,64000,18643,64,10,2.988098,set1,dace-gcc,mimalloc,1
newdxx_g,BaO_nat002,64000,18643,64,11,3.051872,set1,dace-gcc,mimalloc,1
newdxx_g,BaO_nat002,64000,18643,64,12,3.046081,set1,dace-gcc,mimalloc,1
newdxx_g,BaO_nat002,64000,18643,64,13,3.018689,set1,dace-gcc,mimalloc,1
newdxx_g,BaO_nat002,64000,18643,64,14,3.001410,set1,dace-gcc,mimalloc,1
newdxx_g,BaO_nat002,64000,18643,64,15,2.997250,set1,dace-gcc,mimalloc,1
newdxx_g,BaO_nat002,64000,18643,64,16,3.103647,set1,dace-gcc,mimalloc,1
newdxx_g,BaO_nat002,64000,18643,64,17,2.998082,set1,dace-gcc,mimalloc,1
newdxx_g,BaO_nat002,64000,18643,64,18,3.015138,set1,dace-gcc,mimalloc,1
newdxx_g,BaO_nat002,64000,18643,64,19,3.020609,set1,dace-gcc,mimalloc,1
newdxx_g,BaO_nat002,64000,18643,72,0,3.323736,set1,dace-gcc,mimalloc,1
newdxx_g,BaO_nat002,64000,18643,72,1,3.324376,set1,dace-gcc,mimalloc,1
newdxx_g,BaO_nat002,64000,18643,72,2,3.259993,set1,dace-gcc,mimalloc,1
newdxx_g,BaO_nat002,64000,18643,72,3,3.276921,set1,dace-gcc,mimalloc,1
newdxx_g,BaO_nat002,64000,18643,72,4,3.246810,set1,dace-gcc,mimalloc,1
newdxx_g,BaO_nat002,64000,18643,72,5,3.239066,set1,dace-gcc,mimalloc,1
newdxx_g,BaO_nat002,64000,18643,72,6,3.243194,set1,dace-gcc,mimalloc,1
newdxx_g,BaO_nat002,64000,18643,72,7,3.235898,set1,dace-gcc,mimalloc,1
newdxx_g,BaO_nat002,64000,18643,72,8,3.777097,set1,dace-gcc,mimalloc,1
newdxx_g,BaO_nat002,64000,18643,72,9,3.274105,set1,dace-gcc,mimalloc,1
newdxx_g,BaO_nat002,64000,18643,72,10,3.226843,set1,dace-gcc,mimalloc,1
newdxx_g,BaO_nat002,64000,18643,72,11,3.264825,set1,dace-gcc,mimalloc,1
newdxx_g,BaO_nat002,64000,18643,72,12,3.234554,set1,dace-gcc,mimalloc,1
newdxx_g,BaO_nat002,64000,18643,72,13,3.236795,set1,dace-gcc,mimalloc,1
newdxx_g,BaO_nat002,64000,18643,72,14,3.234363,set1,dace-gcc,mimalloc,1
newdxx_g,BaO_nat002,64000,18643,72,15,3.257562,set1,dace-gcc,mimalloc,1
newdxx_g,BaO_nat002,64000,18643,72,16,3.240250,set1,dace-gcc,mimalloc,1
newdxx_g,BaO_nat002,64000,18643,72,17,3.239706,set1,dace-gcc,mimalloc,1
newdxx_g,BaO_nat002,64000,18643,72,18,3.292760,set1,dace-gcc,mimalloc,1
newdxx_g,BaO_nat002,64000,18643,72,19,3.383829,set1,dace-gcc,mimalloc,1
newdxx_g,BaO_nat002,64000,18643,1,0,558.128102,set1_rep64,dace-gcc,mimalloc,64
newdxx_g,BaO_nat002,64000,18643,1,1,557.637942,set1_rep64,dace-gcc,mimalloc,64
newdxx_g,BaO_nat002,64000,18643,1,2,559.126023,set1_rep64,dace-gcc,mimalloc,64
newdxx_g,BaO_nat002,64000,18643,1,3,557.675951,set1_rep64,dace-gcc,mimalloc,64
newdxx_g,BaO_nat002,64000,18643,1,4,557.678312,set1_rep64,dace-gcc,mimalloc,64
newdxx_g,BaO_nat002,64000,18643,1,5,557.355123,set1_rep64,dace-gcc,mimalloc,64
newdxx_g,BaO_nat002,64000,18643,1,6,556.854499,set1_rep64,dace-gcc,mimalloc,64
newdxx_g,BaO_nat002,64000,18643,1,7,558.118585,set1_rep64,dace-gcc,mimalloc,64
newdxx_g,BaO_nat002,64000,18643,1,8,556.837572,set1_rep64,dace-gcc,mimalloc,64
newdxx_g,BaO_nat002,64000,18643,1,9,556.461424,set1_rep64,dace-gcc,mimalloc,64
newdxx_g,BaO_nat002,64000,18643,1,10,557.289141,set1_rep64,dace-gcc,mimalloc,64
newdxx_g,BaO_nat002,64000,18643,1,11,557.738278,set1_rep64,dace-gcc,mimalloc,64
newdxx_g,BaO_nat002,64000,18643,1,12,557.899841,set1_rep64,dace-gcc,mimalloc,64
newdxx_g,BaO_nat002,64000,18643,1,13,558.018845,set1_rep64,dace-gcc,mimalloc,64
newdxx_g,BaO_nat002,64000,18643,1,14,558.211223,set1_rep64,dace-gcc,mimalloc,64
newdxx_g,BaO_nat002,64000,18643,1,15,558.190871,set1_rep64,dace-gcc,mimalloc,64
newdxx_g,BaO_nat002,64000,18643,1,16,558.116921,set1_rep64,dace-gcc,mimalloc,64
newdxx_g,BaO_nat002,64000,18643,1,17,557.985757,set1_rep64,dace-gcc,mimalloc,64
newdxx_g,BaO_nat002,64000,18643,1,18,558.186999,set1_rep64,dace-gcc,mimalloc,64
newdxx_g,BaO_nat002,64000,18643,1,19,557.678952,set1_rep64,dace-gcc,mimalloc,64
newdxx_g,BaO_nat002,64000,18643,2,0,307.535944,set1_rep64,dace-gcc,mimalloc,64
newdxx_g,BaO_nat002,64000,18643,2,1,308.180115,set1_rep64,dace-gcc,mimalloc,64
newdxx_g,BaO_nat002,64000,18643,2,2,308.899163,set1_rep64,dace-gcc,mimalloc,64
newdxx_g,BaO_nat002,64000,18643,2,3,308.802270,set1_rep64,dace-gcc,mimalloc,64
newdxx_g,BaO_nat002,64000,18643,2,4,307.707746,set1_rep64,dace-gcc,mimalloc,64
newdxx_g,BaO_nat002,64000,18643,2,5,307.557799,set1_rep64,dace-gcc,mimalloc,64
newdxx_g,BaO_nat002,64000,18643,2,6,307.611558,set1_rep64,dace-gcc,mimalloc,64
newdxx_g,BaO_nat002,64000,18643,2,7,308.133782,set1_rep64,dace-gcc,mimalloc,64
newdxx_g,BaO_nat002,64000,18643,2,8,307.633861,set1_rep64,dace-gcc,mimalloc,64
newdxx_g,BaO_nat002,64000,18643,2,9,307.561575,set1_rep64,dace-gcc,mimalloc,64
newdxx_g,BaO_nat002,64000,18643,2,10,307.244561,set1_rep64,dace-gcc,mimalloc,64
newdxx_g,BaO_nat002,64000,18643,2,11,307.019994,set1_rep64,dace-gcc,mimalloc,64
newdxx_g,BaO_nat002,64000,18643,2,12,307.278992,set1_rep64,dace-gcc,mimalloc,64
newdxx_g,BaO_nat002,64000,18643,2,13,307.375437,set1_rep64,dace-gcc,mimalloc,64
newdxx_g,BaO_nat002,64000,18643,2,14,307.625349,set1_rep64,dace-gcc,mimalloc,64
newdxx_g,BaO_nat002,64000,18643,2,15,307.400940,set1_rep64,dace-gcc,mimalloc,64
newdxx_g,BaO_nat002,64000,18643,2,16,307.525864,set1_rep64,dace-gcc,mimalloc,64
newdxx_g,BaO_nat002,64000,18643,2,17,307.402669,set1_rep64,dace-gcc,mimalloc,64
newdxx_g,BaO_nat002,64000,18643,2,18,307.832702,set1_rep64,dace-gcc,mimalloc,64
newdxx_g,BaO_nat002,64000,18643,2,19,307.930427,set1_rep64,dace-gcc,mimalloc,64
newdxx_g,BaO_nat002,64000,18643,4,0,176.143735,set1_rep64,dace-gcc,mimalloc,64
newdxx_g,BaO_nat002,64000,18643,4,1,175.647175,set1_rep64,dace-gcc,mimalloc,64
newdxx_g,BaO_nat002,64000,18643,4,2,175.484045,set1_rep64,dace-gcc,mimalloc,64
newdxx_g,BaO_nat002,64000,18643,4,3,174.885376,set1_rep64,dace-gcc,mimalloc,64
newdxx_g,BaO_nat002,64000,18643,4,4,174.294356,set1_rep64,dace-gcc,mimalloc,64
newdxx_g,BaO_nat002,64000,18643,4,5,171.455249,set1_rep64,dace-gcc,mimalloc,64
newdxx_g,BaO_nat002,64000,18643,4,6,171.337877,set1_rep64,dace-gcc,mimalloc,64
newdxx_g,BaO_nat002,64000,18643,4,7,171.229656,set1_rep64,dace-gcc,mimalloc,64
newdxx_g,BaO_nat002,64000,18643,4,8,171.156954,set1_rep64,dace-gcc,mimalloc,64
newdxx_g,BaO_nat002,64000,18643,4,9,171.117180,set1_rep64,dace-gcc,mimalloc,64
newdxx_g,BaO_nat002,64000,18643,4,10,171.372884,set1_rep64,dace-gcc,mimalloc,64
newdxx_g,BaO_nat002,64000,18643,4,11,171.258615,set1_rep64,dace-gcc,mimalloc,64
newdxx_g,BaO_nat002,64000,18643,4,12,171.126267,set1_rep64,dace-gcc,mimalloc,64
newdxx_g,BaO_nat002,64000,18643,4,13,171.010559,set1_rep64,dace-gcc,mimalloc,64
newdxx_g,BaO_nat002,64000,18643,4,14,171.378387,set1_rep64,dace-gcc,mimalloc,64
newdxx_g,BaO_nat002,64000,18643,4,15,171.211801,set1_rep64,dace-gcc,mimalloc,64
newdxx_g,BaO_nat002,64000,18643,4,16,171.069406,set1_rep64,dace-gcc,mimalloc,64
newdxx_g,BaO_nat002,64000,18643,4,17,171.906114,set1_rep64,dace-gcc,mimalloc,64
newdxx_g,BaO_nat002,64000,18643,4,18,171.126971,set1_rep64,dace-gcc,mimalloc,64
newdxx_g,BaO_nat002,64000,18643,4,19,171.102076,set1_rep64,dace-gcc,mimalloc,64
newdxx_g,BaO_nat002,64000,18643,8,0,114.965354,set1_rep64,dace-gcc,mimalloc,64
newdxx_g,BaO_nat002,64000,18643,8,1,114.765938,set1_rep64,dace-gcc,mimalloc,64
newdxx_g,BaO_nat002,64000,18643,8,2,114.975818,set1_rep64,dace-gcc,mimalloc,64
newdxx_g,BaO_nat002,64000,18643,8,3,115.022057,set1_rep64,dace-gcc,mimalloc,64
newdxx_g,BaO_nat002,64000,18643,8,4,114.882797,set1_rep64,dace-gcc,mimalloc,64
newdxx_g,BaO_nat002,64000,18643,8,5,114.901389,set1_rep64,dace-gcc,mimalloc,64
newdxx_g,BaO_nat002,64000,18643,8,6,114.878670,set1_rep64,dace-gcc,mimalloc,64
newdxx_g,BaO_nat002,64000,18643,8,7,114.820368,set1_rep64,dace-gcc,mimalloc,64
newdxx_g,BaO_nat002,64000,18643,8,8,114.907181,set1_rep64,dace-gcc,mimalloc,64
newdxx_g,BaO_nat002,64000,18643,8,9,115.038697,set1_rep64,dace-gcc,mimalloc,64
newdxx_g,BaO_nat002,64000,18643,8,10,115.083303,set1_rep64,dace-gcc,mimalloc,64
newdxx_g,BaO_nat002,64000,18643,8,11,115.299456,set1_rep64,dace-gcc,mimalloc,64
newdxx_g,BaO_nat002,64000,18643,8,12,114.976459,set1_rep64,dace-gcc,mimalloc,64
newdxx_g,BaO_nat002,64000,18643,8,13,115.433020,set1_rep64,dace-gcc,mimalloc,64
newdxx_g,BaO_nat002,64000,18643,8,14,114.756818,set1_rep64,dace-gcc,mimalloc,64
newdxx_g,BaO_nat002,64000,18643,8,15,114.616279,set1_rep64,dace-gcc,mimalloc,64
newdxx_g,BaO_nat002,64000,18643,8,16,114.716083,set1_rep64,dace-gcc,mimalloc,64
newdxx_g,BaO_nat002,64000,18643,8,17,114.584087,set1_rep64,dace-gcc,mimalloc,64
newdxx_g,BaO_nat002,64000,18643,8,18,114.632598,set1_rep64,dace-gcc,mimalloc,64
newdxx_g,BaO_nat002,64000,18643,8,19,114.922380,set1_rep64,dace-gcc,mimalloc,64
newdxx_g,BaO_nat002,64000,18643,16,0,102.870025,set1_rep64,dace-gcc,mimalloc,64
newdxx_g,BaO_nat002,64000,18643,16,1,102.639505,set1_rep64,dace-gcc,mimalloc,64
newdxx_g,BaO_nat002,64000,18643,16,2,102.549139,set1_rep64,dace-gcc,mimalloc,64
newdxx_g,BaO_nat002,64000,18643,16,3,102.585330,set1_rep64,dace-gcc,mimalloc,64
newdxx_g,BaO_nat002,64000,18643,16,4,103.375641,set1_rep64,dace-gcc,mimalloc,64
newdxx_g,BaO_nat002,64000,18643,16,5,102.878537,set1_rep64,dace-gcc,mimalloc,64
newdxx_g,BaO_nat002,64000,18643,16,6,103.211839,set1_rep64,dace-gcc,mimalloc,64
newdxx_g,BaO_nat002,64000,18643,16,7,103.375994,set1_rep64,dace-gcc,mimalloc,64
newdxx_g,BaO_nat002,64000,18643,16,8,102.825258,set1_rep64,dace-gcc,mimalloc,64
newdxx_g,BaO_nat002,64000,18643,16,9,102.668816,set1_rep64,dace-gcc,mimalloc,64
newdxx_g,BaO_nat002,64000,18643,16,10,102.889641,set1_rep64,dace-gcc,mimalloc,64
newdxx_g,BaO_nat002,64000,18643,16,11,102.641200,set1_rep64,dace-gcc,mimalloc,64
newdxx_g,BaO_nat002,64000,18643,16,12,102.548915,set1_rep64,dace-gcc,mimalloc,64
newdxx_g,BaO_nat002,64000,18643,16,13,102.576754,set1_rep64,dace-gcc,mimalloc,64
newdxx_g,BaO_nat002,64000,18643,16,14,102.705743,set1_rep64,dace-gcc,mimalloc,64
newdxx_g,BaO_nat002,64000,18643,16,15,102.843050,set1_rep64,dace-gcc,mimalloc,64
newdxx_g,BaO_nat002,64000,18643,16,16,103.839564,set1_rep64,dace-gcc,mimalloc,64
newdxx_g,BaO_nat002,64000,18643,16,17,102.782412,set1_rep64,dace-gcc,mimalloc,64
newdxx_g,BaO_nat002,64000,18643,16,18,102.471957,set1_rep64,dace-gcc,mimalloc,64
newdxx_g,BaO_nat002,64000,18643,16,19,102.638032,set1_rep64,dace-gcc,mimalloc,64
newdxx_g,BaO_nat002,64000,18643,32,0,118.012472,set1_rep64,dace-gcc,mimalloc,64
newdxx_g,BaO_nat002,64000,18643,32,1,117.272975,set1_rep64,dace-gcc,mimalloc,64
newdxx_g,BaO_nat002,64000,18643,32,2,117.351981,set1_rep64,dace-gcc,mimalloc,64
newdxx_g,BaO_nat002,64000,18643,32,3,117.434442,set1_rep64,dace-gcc,mimalloc,64
newdxx_g,BaO_nat002,64000,18643,32,4,118.655557,set1_rep64,dace-gcc,mimalloc,64
newdxx_g,BaO_nat002,64000,18643,32,5,118.021720,set1_rep64,dace-gcc,mimalloc,64
newdxx_g,BaO_nat002,64000,18643,32,6,117.507304,set1_rep64,dace-gcc,mimalloc,64
newdxx_g,BaO_nat002,64000,18643,32,7,117.361388,set1_rep64,dace-gcc,mimalloc,64
newdxx_g,BaO_nat002,64000,18643,32,8,117.845694,set1_rep64,dace-gcc,mimalloc,64
newdxx_g,BaO_nat002,64000,18643,32,9,117.282286,set1_rep64,dace-gcc,mimalloc,64
newdxx_g,BaO_nat002,64000,18643,32,10,117.372300,set1_rep64,dace-gcc,mimalloc,64
newdxx_g,BaO_nat002,64000,18643,32,11,117.273391,set1_rep64,dace-gcc,mimalloc,64
newdxx_g,BaO_nat002,64000,18643,32,12,117.327182,set1_rep64,dace-gcc,mimalloc,64
newdxx_g,BaO_nat002,64000,18643,32,13,117.188178,set1_rep64,dace-gcc,mimalloc,64
newdxx_g,BaO_nat002,64000,18643,32,14,117.264335,set1_rep64,dace-gcc,mimalloc,64
newdxx_g,BaO_nat002,64000,18643,32,15,117.264271,set1_rep64,dace-gcc,mimalloc,64
newdxx_g,BaO_nat002,64000,18643,32,16,117.347309,set1_rep64,dace-gcc,mimalloc,64
newdxx_g,BaO_nat002,64000,18643,32,17,117.659587,set1_rep64,dace-gcc,mimalloc,64
newdxx_g,BaO_nat002,64000,18643,32,18,117.250896,set1_rep64,dace-gcc,mimalloc,64
newdxx_g,BaO_nat002,64000,18643,32,19,117.924795,set1_rep64,dace-gcc,mimalloc,64
newdxx_g,BaO_nat002,64000,18643,64,0,176.030018,set1_rep64,dace-gcc,mimalloc,64
newdxx_g,BaO_nat002,64000,18643,64,1,176.154303,set1_rep64,dace-gcc,mimalloc,64
newdxx_g,BaO_nat002,64000,18643,64,2,176.366360,set1_rep64,dace-gcc,mimalloc,64
newdxx_g,BaO_nat002,64000,18643,64,3,176.981958,set1_rep64,dace-gcc,mimalloc,64
newdxx_g,BaO_nat002,64000,18643,64,4,176.327354,set1_rep64,dace-gcc,mimalloc,64
newdxx_g,BaO_nat002,64000,18643,64,5,176.328762,set1_rep64,dace-gcc,mimalloc,64
newdxx_g,BaO_nat002,64000,18643,64,6,176.462486,set1_rep64,dace-gcc,mimalloc,64
newdxx_g,BaO_nat002,64000,18643,64,7,176.013252,set1_rep64,dace-gcc,mimalloc,64
newdxx_g,BaO_nat002,64000,18643,64,8,176.301946,set1_rep64,dace-gcc,mimalloc,64
newdxx_g,BaO_nat002,64000,18643,64,9,176.182782,set1_rep64,dace-gcc,mimalloc,64
newdxx_g,BaO_nat002,64000,18643,64,10,177.125505,set1_rep64,dace-gcc,mimalloc,64
newdxx_g,BaO_nat002,64000,18643,64,11,176.299066,set1_rep64,dace-gcc,mimalloc,64
newdxx_g,BaO_nat002,64000,18643,64,12,176.399863,set1_rep64,dace-gcc,mimalloc,64
newdxx_g,BaO_nat002,64000,18643,64,13,179.163011,set1_rep64,dace-gcc,mimalloc,64
newdxx_g,BaO_nat002,64000,18643,64,14,176.491253,set1_rep64,dace-gcc,mimalloc,64
newdxx_g,BaO_nat002,64000,18643,64,15,176.198782,set1_rep64,dace-gcc,mimalloc,64
newdxx_g,BaO_nat002,64000,18643,64,16,176.584338,set1_rep64,dace-gcc,mimalloc,64
newdxx_g,BaO_nat002,64000,18643,64,17,176.407703,set1_rep64,dace-gcc,mimalloc,64
newdxx_g,BaO_nat002,64000,18643,64,18,176.731405,set1_rep64,dace-gcc,mimalloc,64
newdxx_g,BaO_nat002,64000,18643,64,19,177.932361,set1_rep64,dace-gcc,mimalloc,64
newdxx_g,BaO_nat002,64000,18643,72,0,190.428328,set1_rep64,dace-gcc,mimalloc,64
newdxx_g,BaO_nat002,64000,18643,72,1,190.355243,set1_rep64,dace-gcc,mimalloc,64
newdxx_g,BaO_nat002,64000,18643,72,2,190.741182,set1_rep64,dace-gcc,mimalloc,64
newdxx_g,BaO_nat002,64000,18643,72,3,191.290222,set1_rep64,dace-gcc,mimalloc,64
newdxx_g,BaO_nat002,64000,18643,72,4,190.177296,set1_rep64,dace-gcc,mimalloc,64
newdxx_g,BaO_nat002,64000,18643,72,5,192.964603,set1_rep64,dace-gcc,mimalloc,64
newdxx_g,BaO_nat002,64000,18643,72,6,190.727008,set1_rep64,dace-gcc,mimalloc,64
newdxx_g,BaO_nat002,64000,18643,72,7,190.415561,set1_rep64,dace-gcc,mimalloc,64
newdxx_g,BaO_nat002,64000,18643,72,8,190.830268,set1_rep64,dace-gcc,mimalloc,64
newdxx_g,BaO_nat002,64000,18643,72,9,190.388900,set1_rep64,dace-gcc,mimalloc,64
newdxx_g,BaO_nat002,64000,18643,72,10,191.374922,set1_rep64,dace-gcc,mimalloc,64
newdxx_g,BaO_nat002,64000,18643,72,11,190.976119,set1_rep64,dace-gcc,mimalloc,64
newdxx_g,BaO_nat002,64000,18643,72,12,190.636802,set1_rep64,dace-gcc,mimalloc,64
newdxx_g,BaO_nat002,64000,18643,72,13,190.540133,set1_rep64,dace-gcc,mimalloc,64
newdxx_g,BaO_nat002,64000,18643,72,14,190.628675,set1_rep64,dace-gcc,mimalloc,64
newdxx_g,BaO_nat002,64000,18643,72,15,190.516261,set1_rep64,dace-gcc,mimalloc,64
newdxx_g,BaO_nat002,64000,18643,72,16,190.677056,set1_rep64,dace-gcc,mimalloc,64
newdxx_g,BaO_nat002,64000,18643,72,17,190.877178,set1_rep64,dace-gcc,mimalloc,64
newdxx_g,BaO_nat002,64000,18643,72,18,193.030774,set1_rep64,dace-gcc,mimalloc,64
newdxx_g,BaO_nat002,64000,18643,72,19,190.469639,set1_rep64,dace-gcc,mimalloc,64
newdxx_g,BaTiO3_nat005,64000,27609,1,0,36.528314,set0,dace-gcc,mimalloc,1
newdxx_g,BaTiO3_nat005,64000,27609,1,1,36.473179,set0,dace-gcc,mimalloc,1
newdxx_g,BaTiO3_nat005,64000,27609,1,2,36.368606,set0,dace-gcc,mimalloc,1
newdxx_g,BaTiO3_nat005,64000,27609,1,3,36.613175,set0,dace-gcc,mimalloc,1
newdxx_g,BaTiO3_nat005,64000,27609,1,4,36.309601,set0,dace-gcc,mimalloc,1
newdxx_g,BaTiO3_nat005,64000,27609,1,5,36.386238,set0,dace-gcc,mimalloc,1
newdxx_g,BaTiO3_nat005,64000,27609,1,6,36.535706,set0,dace-gcc,mimalloc,1
newdxx_g,BaTiO3_nat005,64000,27609,1,7,36.731667,set0,dace-gcc,mimalloc,1
newdxx_g,BaTiO3_nat005,64000,27609,1,8,36.834832,set0,dace-gcc,mimalloc,1
newdxx_g,BaTiO3_nat005,64000,27609,1,9,36.537273,set0,dace-gcc,mimalloc,1
newdxx_g,BaTiO3_nat005,64000,27609,1,10,36.553976,set0,dace-gcc,mimalloc,1
newdxx_g,BaTiO3_nat005,64000,27609,1,11,36.087688,set0,dace-gcc,mimalloc,1
newdxx_g,BaTiO3_nat005,64000,27609,1,12,36.432221,set0,dace-gcc,mimalloc,1
newdxx_g,BaTiO3_nat005,64000,27609,1,13,36.170724,set0,dace-gcc,mimalloc,1
newdxx_g,BaTiO3_nat005,64000,27609,1,14,35.967499,set0,dace-gcc,mimalloc,1
newdxx_g,BaTiO3_nat005,64000,27609,1,15,36.263234,set0,dace-gcc,mimalloc,1
newdxx_g,BaTiO3_nat005,64000,27609,1,16,36.153157,set0,dace-gcc,mimalloc,1
newdxx_g,BaTiO3_nat005,64000,27609,1,17,36.236419,set0,dace-gcc,mimalloc,1
newdxx_g,BaTiO3_nat005,64000,27609,1,18,36.672789,set0,dace-gcc,mimalloc,1
newdxx_g,BaTiO3_nat005,64000,27609,1,19,36.203299,set0,dace-gcc,mimalloc,1
newdxx_g,BaTiO3_nat005,64000,27609,2,0,18.593395,set0,dace-gcc,mimalloc,1
newdxx_g,BaTiO3_nat005,64000,27609,2,1,18.608721,set0,dace-gcc,mimalloc,1
newdxx_g,BaTiO3_nat005,64000,27609,2,2,18.544980,set0,dace-gcc,mimalloc,1
newdxx_g,BaTiO3_nat005,64000,27609,2,3,18.461686,set0,dace-gcc,mimalloc,1
newdxx_g,BaTiO3_nat005,64000,27609,2,4,18.481366,set0,dace-gcc,mimalloc,1
newdxx_g,BaTiO3_nat005,64000,27609,2,5,18.766765,set0,dace-gcc,mimalloc,1
newdxx_g,BaTiO3_nat005,64000,27609,2,6,18.508437,set0,dace-gcc,mimalloc,1
newdxx_g,BaTiO3_nat005,64000,27609,2,7,18.443447,set0,dace-gcc,mimalloc,1
newdxx_g,BaTiO3_nat005,64000,27609,2,8,18.539924,set0,dace-gcc,mimalloc,1
newdxx_g,BaTiO3_nat005,64000,27609,2,9,18.504694,set0,dace-gcc,mimalloc,1
newdxx_g,BaTiO3_nat005,64000,27609,2,10,18.655472,set0,dace-gcc,mimalloc,1
newdxx_g,BaTiO3_nat005,64000,27609,2,11,18.584626,set0,dace-gcc,mimalloc,1
newdxx_g,BaTiO3_nat005,64000,27609,2,12,18.777228,set0,dace-gcc,mimalloc,1
newdxx_g,BaTiO3_nat005,64000,27609,2,13,18.839307,set0,dace-gcc,mimalloc,1
newdxx_g,BaTiO3_nat005,64000,27609,2,14,24.757647,set0,dace-gcc,mimalloc,1
newdxx_g,BaTiO3_nat005,64000,27609,2,15,18.541076,set0,dace-gcc,mimalloc,1
newdxx_g,BaTiO3_nat005,64000,27609,2,16,18.603058,set0,dace-gcc,mimalloc,1
newdxx_g,BaTiO3_nat005,64000,27609,2,17,18.612305,set0,dace-gcc,mimalloc,1
newdxx_g,BaTiO3_nat005,64000,27609,2,18,18.559635,set0,dace-gcc,mimalloc,1
newdxx_g,BaTiO3_nat005,64000,27609,2,19,18.638960,set0,dace-gcc,mimalloc,1
newdxx_g,BaTiO3_nat005,64000,27609,4,0,10.696332,set0,dace-gcc,mimalloc,1
newdxx_g,BaTiO3_nat005,64000,27609,4,1,10.712748,set0,dace-gcc,mimalloc,1
newdxx_g,BaTiO3_nat005,64000,27609,4,2,10.727244,set0,dace-gcc,mimalloc,1
newdxx_g,BaTiO3_nat005,64000,27609,4,3,10.663822,set0,dace-gcc,mimalloc,1
newdxx_g,BaTiO3_nat005,64000,27609,4,4,10.716396,set0,dace-gcc,mimalloc,1
newdxx_g,BaTiO3_nat005,64000,27609,4,5,10.752459,set0,dace-gcc,mimalloc,1
newdxx_g,BaTiO3_nat005,64000,27609,4,6,10.680142,set0,dace-gcc,mimalloc,1
newdxx_g,BaTiO3_nat005,64000,27609,4,7,10.711148,set0,dace-gcc,mimalloc,1
newdxx_g,BaTiO3_nat005,64000,27609,4,8,10.697709,set0,dace-gcc,mimalloc,1
newdxx_g,BaTiO3_nat005,64000,27609,4,9,10.667886,set0,dace-gcc,mimalloc,1
newdxx_g,BaTiO3_nat005,64000,27609,4,10,10.661038,set0,dace-gcc,mimalloc,1
newdxx_g,BaTiO3_nat005,64000,27609,4,11,10.666094,set0,dace-gcc,mimalloc,1
newdxx_g,BaTiO3_nat005,64000,27609,4,12,10.652046,set0,dace-gcc,mimalloc,1
newdxx_g,BaTiO3_nat005,64000,27609,4,13,10.715756,set0,dace-gcc,mimalloc,1
newdxx_g,BaTiO3_nat005,64000,27609,4,14,10.685198,set0,dace-gcc,mimalloc,1
newdxx_g,BaTiO3_nat005,64000,27609,4,15,10.730252,set0,dace-gcc,mimalloc,1
newdxx_g,BaTiO3_nat005,64000,27609,4,16,10.812617,set0,dace-gcc,mimalloc,1
newdxx_g,BaTiO3_nat005,64000,27609,4,17,10.677037,set0,dace-gcc,mimalloc,1
newdxx_g,BaTiO3_nat005,64000,27609,4,18,10.783722,set0,dace-gcc,mimalloc,1
newdxx_g,BaTiO3_nat005,64000,27609,4,19,10.675181,set0,dace-gcc,mimalloc,1
newdxx_g,BaTiO3_nat005,64000,27609,8,0,6.818760,set0,dace-gcc,mimalloc,1
newdxx_g,BaTiO3_nat005,64000,27609,8,1,6.842950,set0,dace-gcc,mimalloc,1
newdxx_g,BaTiO3_nat005,64000,27609,8,2,6.858823,set0,dace-gcc,mimalloc,1
newdxx_g,BaTiO3_nat005,64000,27609,8,3,6.815304,set0,dace-gcc,mimalloc,1
newdxx_g,BaTiO3_nat005,64000,27609,8,4,6.957092,set0,dace-gcc,mimalloc,1
newdxx_g,BaTiO3_nat005,64000,27609,8,5,6.859846,set0,dace-gcc,mimalloc,1
newdxx_g,BaTiO3_nat005,64000,27609,8,6,7.032705,set0,dace-gcc,mimalloc,1
newdxx_g,BaTiO3_nat005,64000,27609,8,7,7.003521,set0,dace-gcc,mimalloc,1
newdxx_g,BaTiO3_nat005,64000,27609,8,8,7.072000,set0,dace-gcc,mimalloc,1
newdxx_g,BaTiO3_nat005,64000,27609,8,9,7.010818,set0,dace-gcc,mimalloc,1
newdxx_g,BaTiO3_nat005,64000,27609,8,10,6.868199,set0,dace-gcc,mimalloc,1
newdxx_g,BaTiO3_nat005,64000,27609,8,11,6.955812,set0,dace-gcc,mimalloc,1
newdxx_g,BaTiO3_nat005,64000,27609,8,12,6.871430,set0,dace-gcc,mimalloc,1
newdxx_g,BaTiO3_nat005,64000,27609,8,13,6.863494,set0,dace-gcc,mimalloc,1
newdxx_g,BaTiO3_nat005,64000,27609,8,14,6.940164,set0,dace-gcc,mimalloc,1
newdxx_g,BaTiO3_nat005,64000,27609,8,15,6.877542,set0,dace-gcc,mimalloc,1
newdxx_g,BaTiO3_nat005,64000,27609,8,16,6.886277,set0,dace-gcc,mimalloc,1
newdxx_g,BaTiO3_nat005,64000,27609,8,17,6.958052,set0,dace-gcc,mimalloc,1
newdxx_g,BaTiO3_nat005,64000,27609,8,18,6.888870,set0,dace-gcc,mimalloc,1
newdxx_g,BaTiO3_nat005,64000,27609,8,19,6.943236,set0,dace-gcc,mimalloc,1
newdxx_g,BaTiO3_nat005,64000,27609,16,0,6.230842,set0,dace-gcc,mimalloc,1
newdxx_g,BaTiO3_nat005,64000,27609,16,1,6.326200,set0,dace-gcc,mimalloc,1
newdxx_g,BaTiO3_nat005,64000,27609,16,2,6.344343,set0,dace-gcc,mimalloc,1
newdxx_g,BaTiO3_nat005,64000,27609,16,3,6.374773,set0,dace-gcc,mimalloc,1
newdxx_g,BaTiO3_nat005,64000,27609,16,4,6.328023,set0,dace-gcc,mimalloc,1
newdxx_g,BaTiO3_nat005,64000,27609,16,5,6.333816,set0,dace-gcc,mimalloc,1
newdxx_g,BaTiO3_nat005,64000,27609,16,6,6.327063,set0,dace-gcc,mimalloc,1
newdxx_g,BaTiO3_nat005,64000,27609,16,7,6.306520,set0,dace-gcc,mimalloc,1
newdxx_g,BaTiO3_nat005,64000,27609,16,8,6.364919,set0,dace-gcc,mimalloc,1
newdxx_g,BaTiO3_nat005,64000,27609,16,9,6.336215,set0,dace-gcc,mimalloc,1
newdxx_g,BaTiO3_nat005,64000,27609,16,10,6.424532,set0,dace-gcc,mimalloc,1
newdxx_g,BaTiO3_nat005,64000,27609,16,11,6.315991,set0,dace-gcc,mimalloc,1
newdxx_g,BaTiO3_nat005,64000,27609,16,12,6.318423,set0,dace-gcc,mimalloc,1
newdxx_g,BaTiO3_nat005,64000,27609,16,13,6.315415,set0,dace-gcc,mimalloc,1
newdxx_g,BaTiO3_nat005,64000,27609,16,14,6.335479,set0,dace-gcc,mimalloc,1
newdxx_g,BaTiO3_nat005,64000,27609,16,15,6.318871,set0,dace-gcc,mimalloc,1
newdxx_g,BaTiO3_nat005,64000,27609,16,16,6.286872,set0,dace-gcc,mimalloc,1
newdxx_g,BaTiO3_nat005,64000,27609,16,17,6.357494,set0,dace-gcc,mimalloc,1
newdxx_g,BaTiO3_nat005,64000,27609,16,18,6.305113,set0,dace-gcc,mimalloc,1
newdxx_g,BaTiO3_nat005,64000,27609,16,19,6.255258,set0,dace-gcc,mimalloc,1
newdxx_g,BaTiO3_nat005,64000,27609,32,0,6.867079,set0,dace-gcc,mimalloc,1
newdxx_g,BaTiO3_nat005,64000,27609,32,1,6.983266,set0,dace-gcc,mimalloc,1
newdxx_g,BaTiO3_nat005,64000,27609,32,2,6.920388,set0,dace-gcc,mimalloc,1
newdxx_g,BaTiO3_nat005,64000,27609,32,3,6.955396,set0,dace-gcc,mimalloc,1
newdxx_g,BaTiO3_nat005,64000,27609,32,4,6.964707,set0,dace-gcc,mimalloc,1
newdxx_g,BaTiO3_nat005,64000,27609,32,5,6.986051,set0,dace-gcc,mimalloc,1
newdxx_g,BaTiO3_nat005,64000,27609,32,6,6.950308,set0,dace-gcc,mimalloc,1
newdxx_g,BaTiO3_nat005,64000,27609,32,7,6.982562,set0,dace-gcc,mimalloc,1
newdxx_g,BaTiO3_nat005,64000,27609,32,8,7.046369,set0,dace-gcc,mimalloc,1
newdxx_g,BaTiO3_nat005,64000,27609,32,9,6.982978,set0,dace-gcc,mimalloc,1
newdxx_g,BaTiO3_nat005,64000,27609,32,10,6.989666,set0,dace-gcc,mimalloc,1
newdxx_g,BaTiO3_nat005,64000,27609,32,11,7.018562,set0,dace-gcc,mimalloc,1
newdxx_g,BaTiO3_nat005,64000,27609,32,12,7.041984,set0,dace-gcc,mimalloc,1
newdxx_g,BaTiO3_nat005,64000,27609,32,13,6.915461,set0,dace-gcc,mimalloc,1
newdxx_g,BaTiO3_nat005,64000,27609,32,14,6.949763,set0,dace-gcc,mimalloc,1
newdxx_g,BaTiO3_nat005,64000,27609,32,15,6.883558,set0,dace-gcc,mimalloc,1
newdxx_g,BaTiO3_nat005,64000,27609,32,16,6.878662,set0,dace-gcc,mimalloc,1
newdxx_g,BaTiO3_nat005,64000,27609,32,17,6.966755,set0,dace-gcc,mimalloc,1
newdxx_g,BaTiO3_nat005,64000,27609,32,18,6.952387,set0,dace-gcc,mimalloc,1
newdxx_g,BaTiO3_nat005,64000,27609,32,19,6.979619,set0,dace-gcc,mimalloc,1
newdxx_g,BaTiO3_nat005,64000,27609,64,0,10.413622,set0,dace-gcc,mimalloc,1
newdxx_g,BaTiO3_nat005,64000,27609,64,1,10.708781,set0,dace-gcc,mimalloc,1
newdxx_g,BaTiO3_nat005,64000,27609,64,2,10.588496,set0,dace-gcc,mimalloc,1
newdxx_g,BaTiO3_nat005,64000,27609,64,3,10.521715,set0,dace-gcc,mimalloc,1
newdxx_g,BaTiO3_nat005,64000,27609,64,4,10.555537,set0,dace-gcc,mimalloc,1
newdxx_g,BaTiO3_nat005,64000,27609,64,5,10.609967,set0,dace-gcc,mimalloc,1
newdxx_g,BaTiO3_nat005,64000,27609,64,6,10.555633,set0,dace-gcc,mimalloc,1
newdxx_g,BaTiO3_nat005,64000,27609,64,7,10.803338,set0,dace-gcc,mimalloc,1
newdxx_g,BaTiO3_nat005,64000,27609,64,8,10.653103,set0,dace-gcc,mimalloc,1
newdxx_g,BaTiO3_nat005,64000,27609,64,9,10.534898,set0,dace-gcc,mimalloc,1
newdxx_g,BaTiO3_nat005,64000,27609,64,10,10.593456,set0,dace-gcc,mimalloc,1
newdxx_g,BaTiO3_nat005,64000,27609,64,11,10.586960,set0,dace-gcc,mimalloc,1
newdxx_g,BaTiO3_nat005,64000,27609,64,12,10.587504,set0,dace-gcc,mimalloc,1
newdxx_g,BaTiO3_nat005,64000,27609,64,13,10.559985,set0,dace-gcc,mimalloc,1
newdxx_g,BaTiO3_nat005,64000,27609,64,14,10.633455,set0,dace-gcc,mimalloc,1
newdxx_g,BaTiO3_nat005,64000,27609,64,15,10.564465,set0,dace-gcc,mimalloc,1
newdxx_g,BaTiO3_nat005,64000,27609,64,16,10.548305,set0,dace-gcc,mimalloc,1
newdxx_g,BaTiO3_nat005,64000,27609,64,17,10.551057,set0,dace-gcc,mimalloc,1
newdxx_g,BaTiO3_nat005,64000,27609,64,18,10.534098,set0,dace-gcc,mimalloc,1
newdxx_g,BaTiO3_nat005,64000,27609,64,19,10.546673,set0,dace-gcc,mimalloc,1
newdxx_g,BaTiO3_nat005,64000,27609,72,0,11.825577,set0,dace-gcc,mimalloc,1
newdxx_g,BaTiO3_nat005,64000,27609,72,1,11.837321,set0,dace-gcc,mimalloc,1
newdxx_g,BaTiO3_nat005,64000,27609,72,2,11.793482,set0,dace-gcc,mimalloc,1
newdxx_g,BaTiO3_nat005,64000,27609,72,3,11.930854,set0,dace-gcc,mimalloc,1
newdxx_g,BaTiO3_nat005,64000,27609,72,4,11.894503,set0,dace-gcc,mimalloc,1
newdxx_g,BaTiO3_nat005,64000,27609,72,5,11.833160,set0,dace-gcc,mimalloc,1
newdxx_g,BaTiO3_nat005,64000,27609,72,6,11.722892,set0,dace-gcc,mimalloc,1
newdxx_g,BaTiO3_nat005,64000,27609,72,7,11.675022,set0,dace-gcc,mimalloc,1
newdxx_g,BaTiO3_nat005,64000,27609,72,8,11.885159,set0,dace-gcc,mimalloc,1
newdxx_g,BaTiO3_nat005,64000,27609,72,9,11.707501,set0,dace-gcc,mimalloc,1
newdxx_g,BaTiO3_nat005,64000,27609,72,10,11.709037,set0,dace-gcc,mimalloc,1
newdxx_g,BaTiO3_nat005,64000,27609,72,11,11.779147,set0,dace-gcc,mimalloc,1
newdxx_g,BaTiO3_nat005,64000,27609,72,12,11.780843,set0,dace-gcc,mimalloc,1
newdxx_g,BaTiO3_nat005,64000,27609,72,13,11.700332,set0,dace-gcc,mimalloc,1
newdxx_g,BaTiO3_nat005,64000,27609,72,14,11.691725,set0,dace-gcc,mimalloc,1
newdxx_g,BaTiO3_nat005,64000,27609,72,15,11.850088,set0,dace-gcc,mimalloc,1
newdxx_g,BaTiO3_nat005,64000,27609,72,16,11.873767,set0,dace-gcc,mimalloc,1
newdxx_g,BaTiO3_nat005,64000,27609,72,17,11.709100,set0,dace-gcc,mimalloc,1
newdxx_g,BaTiO3_nat005,64000,27609,72,18,11.615984,set0,dace-gcc,mimalloc,1
newdxx_g,BaTiO3_nat005,64000,27609,72,19,11.733260,set0,dace-gcc,mimalloc,1
newdxx_g,BaTiO3_nat005,64000,27609,1,0,1760.773660,set0_rep64,dace-gcc,mimalloc,64
newdxx_g,BaTiO3_nat005,64000,27609,1,1,1760.325931,set0_rep64,dace-gcc,mimalloc,64
newdxx_g,BaTiO3_nat005,64000,27609,1,2,1762.141586,set0_rep64,dace-gcc,mimalloc,64
newdxx_g,BaTiO3_nat005,64000,27609,1,3,1761.940439,set0_rep64,dace-gcc,mimalloc,64
newdxx_g,BaTiO3_nat005,64000,27609,1,4,1762.204526,set0_rep64,dace-gcc,mimalloc,64
newdxx_g,BaTiO3_nat005,64000,27609,1,5,1761.521061,set0_rep64,dace-gcc,mimalloc,64
newdxx_g,BaTiO3_nat005,64000,27609,1,6,1765.879771,set0_rep64,dace-gcc,mimalloc,64
newdxx_g,BaTiO3_nat005,64000,27609,1,7,1766.122320,set0_rep64,dace-gcc,mimalloc,64
newdxx_g,BaTiO3_nat005,64000,27609,1,8,1762.780274,set0_rep64,dace-gcc,mimalloc,64
newdxx_g,BaTiO3_nat005,64000,27609,1,9,1764.561883,set0_rep64,dace-gcc,mimalloc,64
newdxx_g,BaTiO3_nat005,64000,27609,1,10,1762.585271,set0_rep64,dace-gcc,mimalloc,64
newdxx_g,BaTiO3_nat005,64000,27609,1,11,1762.144946,set0_rep64,dace-gcc,mimalloc,64
newdxx_g,BaTiO3_nat005,64000,27609,1,12,1763.312588,set0_rep64,dace-gcc,mimalloc,64
newdxx_g,BaTiO3_nat005,64000,27609,1,13,1762.285388,set0_rep64,dace-gcc,mimalloc,64
newdxx_g,BaTiO3_nat005,64000,27609,1,14,1763.100979,set0_rep64,dace-gcc,mimalloc,64
newdxx_g,BaTiO3_nat005,64000,27609,1,15,1764.671905,set0_rep64,dace-gcc,mimalloc,64
newdxx_g,BaTiO3_nat005,64000,27609,1,16,1762.770205,set0_rep64,dace-gcc,mimalloc,64
newdxx_g,BaTiO3_nat005,64000,27609,1,17,1763.643745,set0_rep64,dace-gcc,mimalloc,64
newdxx_g,BaTiO3_nat005,64000,27609,1,18,1762.814396,set0_rep64,dace-gcc,mimalloc,64
newdxx_g,BaTiO3_nat005,64000,27609,1,19,1763.321452,set0_rep64,dace-gcc,mimalloc,64
newdxx_g,BaTiO3_nat005,64000,27609,2,0,962.197207,set0_rep64,dace-gcc,mimalloc,64
newdxx_g,BaTiO3_nat005,64000,27609,2,1,961.849538,set0_rep64,dace-gcc,mimalloc,64
newdxx_g,BaTiO3_nat005,64000,27609,2,2,961.967038,set0_rep64,dace-gcc,mimalloc,64
newdxx_g,BaTiO3_nat005,64000,27609,2,3,961.639689,set0_rep64,dace-gcc,mimalloc,64
newdxx_g,BaTiO3_nat005,64000,27609,2,4,962.092347,set0_rep64,dace-gcc,mimalloc,64
newdxx_g,BaTiO3_nat005,64000,27609,2,5,967.277974,set0_rep64,dace-gcc,mimalloc,64
newdxx_g,BaTiO3_nat005,64000,27609,2,6,960.706886,set0_rep64,dace-gcc,mimalloc,64
newdxx_g,BaTiO3_nat005,64000,27609,2,7,960.694215,set0_rep64,dace-gcc,mimalloc,64
newdxx_g,BaTiO3_nat005,64000,27609,2,8,961.107162,set0_rep64,dace-gcc,mimalloc,64
newdxx_g,BaTiO3_nat005,64000,27609,2,9,961.775525,set0_rep64,dace-gcc,mimalloc,64
newdxx_g,BaTiO3_nat005,64000,27609,2,10,959.350898,set0_rep64,dace-gcc,mimalloc,64
newdxx_g,BaTiO3_nat005,64000,27609,2,11,961.831907,set0_rep64,dace-gcc,mimalloc,64
newdxx_g,BaTiO3_nat005,64000,27609,2,12,960.607114,set0_rep64,dace-gcc,mimalloc,64
newdxx_g,BaTiO3_nat005,64000,27609,2,13,961.215062,set0_rep64,dace-gcc,mimalloc,64
newdxx_g,BaTiO3_nat005,64000,27609,2,14,961.974590,set0_rep64,dace-gcc,mimalloc,64
newdxx_g,BaTiO3_nat005,64000,27609,2,15,961.973535,set0_rep64,dace-gcc,mimalloc,64
newdxx_g,BaTiO3_nat005,64000,27609,2,16,960.416527,set0_rep64,dace-gcc,mimalloc,64
newdxx_g,BaTiO3_nat005,64000,27609,2,17,960.558155,set0_rep64,dace-gcc,mimalloc,64
newdxx_g,BaTiO3_nat005,64000,27609,2,18,963.659368,set0_rep64,dace-gcc,mimalloc,64
newdxx_g,BaTiO3_nat005,64000,27609,2,19,959.436079,set0_rep64,dace-gcc,mimalloc,64
newdxx_g,BaTiO3_nat005,64000,27609,4,0,566.299000,set0_rep64,dace-gcc,mimalloc,64
newdxx_g,BaTiO3_nat005,64000,27609,4,1,570.518706,set0_rep64,dace-gcc,mimalloc,64
newdxx_g,BaTiO3_nat005,64000,27609,4,2,566.225243,set0_rep64,dace-gcc,mimalloc,64
newdxx_g,BaTiO3_nat005,64000,27609,4,3,565.494611,set0_rep64,dace-gcc,mimalloc,64
newdxx_g,BaTiO3_nat005,64000,27609,4,4,566.704748,set0_rep64,dace-gcc,mimalloc,64
newdxx_g,BaTiO3_nat005,64000,27609,4,5,566.388662,set0_rep64,dace-gcc,mimalloc,64
newdxx_g,BaTiO3_nat005,64000,27609,4,6,566.506930,set0_rep64,dace-gcc,mimalloc,64
newdxx_g,BaTiO3_nat005,64000,27609,4,7,567.610415,set0_rep64,dace-gcc,mimalloc,64
newdxx_g,BaTiO3_nat005,64000,27609,4,8,572.061953,set0_rep64,dace-gcc,mimalloc,64
newdxx_g,BaTiO3_nat005,64000,27609,4,9,577.910600,set0_rep64,dace-gcc,mimalloc,64
newdxx_g,BaTiO3_nat005,64000,27609,4,10,575.882536,set0_rep64,dace-gcc,mimalloc,64
newdxx_g,BaTiO3_nat005,64000,27609,4,11,566.331608,set0_rep64,dace-gcc,mimalloc,64
newdxx_g,BaTiO3_nat005,64000,27609,4,12,565.855175,set0_rep64,dace-gcc,mimalloc,64
newdxx_g,BaTiO3_nat005,64000,27609,4,13,566.822312,set0_rep64,dace-gcc,mimalloc,64
newdxx_g,BaTiO3_nat005,64000,27609,4,14,566.207900,set0_rep64,dace-gcc,mimalloc,64
newdxx_g,BaTiO3_nat005,64000,27609,4,15,573.319802,set0_rep64,dace-gcc,mimalloc,64
newdxx_g,BaTiO3_nat005,64000,27609,4,16,565.869959,set0_rep64,dace-gcc,mimalloc,64
newdxx_g,BaTiO3_nat005,64000,27609,4,17,565.517457,set0_rep64,dace-gcc,mimalloc,64
newdxx_g,BaTiO3_nat005,64000,27609,4,18,566.145534,set0_rep64,dace-gcc,mimalloc,64
newdxx_g,BaTiO3_nat005,64000,27609,4,19,565.681164,set0_rep64,dace-gcc,mimalloc,64
newdxx_g,BaTiO3_nat005,64000,27609,8,0,408.212067,set0_rep64,dace-gcc,mimalloc,64
newdxx_g,BaTiO3_nat005,64000,27609,8,1,407.616182,set0_rep64,dace-gcc,mimalloc,64
newdxx_g,BaTiO3_nat005,64000,27609,8,2,406.983659,set0_rep64,dace-gcc,mimalloc,64
newdxx_g,BaTiO3_nat005,64000,27609,8,3,410.873998,set0_rep64,dace-gcc,mimalloc,64
newdxx_g,BaTiO3_nat005,64000,27609,8,4,406.187171,set0_rep64,dace-gcc,mimalloc,64
newdxx_g,BaTiO3_nat005,64000,27609,8,5,404.621685,set0_rep64,dace-gcc,mimalloc,64
newdxx_g,BaTiO3_nat005,64000,27609,8,6,403.865613,set0_rep64,dace-gcc,mimalloc,64
newdxx_g,BaTiO3_nat005,64000,27609,8,7,403.562775,set0_rep64,dace-gcc,mimalloc,64
newdxx_g,BaTiO3_nat005,64000,27609,8,8,402.292671,set0_rep64,dace-gcc,mimalloc,64
newdxx_g,BaTiO3_nat005,64000,27609,8,9,403.012360,set0_rep64,dace-gcc,mimalloc,64
newdxx_g,BaTiO3_nat005,64000,27609,8,10,402.006376,set0_rep64,dace-gcc,mimalloc,64
newdxx_g,BaTiO3_nat005,64000,27609,8,11,402.282752,set0_rep64,dace-gcc,mimalloc,64
newdxx_g,BaTiO3_nat005,64000,27609,8,12,402.415995,set0_rep64,dace-gcc,mimalloc,64
newdxx_g,BaTiO3_nat005,64000,27609,8,13,401.855181,set0_rep64,dace-gcc,mimalloc,64
newdxx_g,BaTiO3_nat005,64000,27609,8,14,401.570518,set0_rep64,dace-gcc,mimalloc,64
newdxx_g,BaTiO3_nat005,64000,27609,8,15,402.581046,set0_rep64,dace-gcc,mimalloc,64
newdxx_g,BaTiO3_nat005,64000,27609,8,16,402.090534,set0_rep64,dace-gcc,mimalloc,64
newdxx_g,BaTiO3_nat005,64000,27609,8,17,401.969705,set0_rep64,dace-gcc,mimalloc,64
newdxx_g,BaTiO3_nat005,64000,27609,8,18,401.403388,set0_rep64,dace-gcc,mimalloc,64
newdxx_g,BaTiO3_nat005,64000,27609,8,19,402.230465,set0_rep64,dace-gcc,mimalloc,64
newdxx_g,BaTiO3_nat005,64000,27609,16,0,370.530930,set0_rep64,dace-gcc,mimalloc,64
newdxx_g,BaTiO3_nat005,64000,27609,16,1,367.836200,set0_rep64,dace-gcc,mimalloc,64
newdxx_g,BaTiO3_nat005,64000,27609,16,2,367.176924,set0_rep64,dace-gcc,mimalloc,64
newdxx_g,BaTiO3_nat005,64000,27609,16,3,368.794313,set0_rep64,dace-gcc,mimalloc,64
newdxx_g,BaTiO3_nat005,64000,27609,16,4,369.050401,set0_rep64,dace-gcc,mimalloc,64
newdxx_g,BaTiO3_nat005,64000,27609,16,5,369.462708,set0_rep64,dace-gcc,mimalloc,64
newdxx_g,BaTiO3_nat005,64000,27609,16,6,369.957220,set0_rep64,dace-gcc,mimalloc,64
newdxx_g,BaTiO3_nat005,64000,27609,16,7,367.389718,set0_rep64,dace-gcc,mimalloc,64
newdxx_g,BaTiO3_nat005,64000,27609,16,8,369.220124,set0_rep64,dace-gcc,mimalloc,64
newdxx_g,BaTiO3_nat005,64000,27609,16,9,367.911846,set0_rep64,dace-gcc,mimalloc,64
newdxx_g,BaTiO3_nat005,64000,27609,16,10,368.386710,set0_rep64,dace-gcc,mimalloc,64
newdxx_g,BaTiO3_nat005,64000,27609,16,11,367.202332,set0_rep64,dace-gcc,mimalloc,64
newdxx_g,BaTiO3_nat005,64000,27609,16,12,368.647085,set0_rep64,dace-gcc,mimalloc,64
newdxx_g,BaTiO3_nat005,64000,27609,16,13,368.181469,set0_rep64,dace-gcc,mimalloc,64
newdxx_g,BaTiO3_nat005,64000,27609,16,14,368.699628,set0_rep64,dace-gcc,mimalloc,64
newdxx_g,BaTiO3_nat005,64000,27609,16,15,369.179069,set0_rep64,dace-gcc,mimalloc,64
newdxx_g,BaTiO3_nat005,64000,27609,16,16,369.180221,set0_rep64,dace-gcc,mimalloc,64
newdxx_g,BaTiO3_nat005,64000,27609,16,17,369.910246,set0_rep64,dace-gcc,mimalloc,64
newdxx_g,BaTiO3_nat005,64000,27609,16,18,369.192828,set0_rep64,dace-gcc,mimalloc,64
newdxx_g,BaTiO3_nat005,64000,27609,16,19,368.652654,set0_rep64,dace-gcc,mimalloc,64
newdxx_g,BaTiO3_nat005,64000,27609,32,0,433.693176,set0_rep64,dace-gcc,mimalloc,64
newdxx_g,BaTiO3_nat005,64000,27609,32,1,432.979503,set0_rep64,dace-gcc,mimalloc,64
newdxx_g,BaTiO3_nat005,64000,27609,32,2,433.702392,set0_rep64,dace-gcc,mimalloc,64
newdxx_g,BaTiO3_nat005,64000,27609,32,3,432.884562,set0_rep64,dace-gcc,mimalloc,64
newdxx_g,BaTiO3_nat005,64000,27609,32,4,432.701496,set0_rep64,dace-gcc,mimalloc,64
newdxx_g,BaTiO3_nat005,64000,27609,32,5,433.689048,set0_rep64,dace-gcc,mimalloc,64
newdxx_g,BaTiO3_nat005,64000,27609,32,6,432.732055,set0_rep64,dace-gcc,mimalloc,64
newdxx_g,BaTiO3_nat005,64000,27609,32,7,432.739478,set0_rep64,dace-gcc,mimalloc,64
newdxx_g,BaTiO3_nat005,64000,27609,32,8,432.568540,set0_rep64,dace-gcc,mimalloc,64
newdxx_g,BaTiO3_nat005,64000,27609,32,9,432.749334,set0_rep64,dace-gcc,mimalloc,64
newdxx_g,BaTiO3_nat005,64000,27609,32,10,433.387394,set0_rep64,dace-gcc,mimalloc,64
newdxx_g,BaTiO3_nat005,64000,27609,32,11,433.005646,set0_rep64,dace-gcc,mimalloc,64
newdxx_g,BaTiO3_nat005,64000,27609,32,12,433.475871,set0_rep64,dace-gcc,mimalloc,64
newdxx_g,BaTiO3_nat005,64000,27609,32,13,432.716632,set0_rep64,dace-gcc,mimalloc,64
newdxx_g,BaTiO3_nat005,64000,27609,32,14,432.821972,set0_rep64,dace-gcc,mimalloc,64
newdxx_g,BaTiO3_nat005,64000,27609,32,15,432.680792,set0_rep64,dace-gcc,mimalloc,64
newdxx_g,BaTiO3_nat005,64000,27609,32,16,432.431008,set0_rep64,dace-gcc,mimalloc,64
newdxx_g,BaTiO3_nat005,64000,27609,32,17,434.345315,set0_rep64,dace-gcc,mimalloc,64
newdxx_g,BaTiO3_nat005,64000,27609,32,18,432.753494,set0_rep64,dace-gcc,mimalloc,64
newdxx_g,BaTiO3_nat005,64000,27609,32,19,433.169929,set0_rep64,dace-gcc,mimalloc,64
newdxx_g,BaTiO3_nat005,64000,27609,64,0,655.024118,set0_rep64,dace-gcc,mimalloc,64
newdxx_g,BaTiO3_nat005,64000,27609,64,1,654.243630,set0_rep64,dace-gcc,mimalloc,64
newdxx_g,BaTiO3_nat005,64000,27609,64,2,656.436552,set0_rep64,dace-gcc,mimalloc,64
newdxx_g,BaTiO3_nat005,64000,27609,64,3,654.157617,set0_rep64,dace-gcc,mimalloc,64
newdxx_g,BaTiO3_nat005,64000,27609,64,4,656.676385,set0_rep64,dace-gcc,mimalloc,64
newdxx_g,BaTiO3_nat005,64000,27609,64,5,654.653186,set0_rep64,dace-gcc,mimalloc,64
newdxx_g,BaTiO3_nat005,64000,27609,64,6,657.115411,set0_rep64,dace-gcc,mimalloc,64
newdxx_g,BaTiO3_nat005,64000,27609,64,7,655.198672,set0_rep64,dace-gcc,mimalloc,64
newdxx_g,BaTiO3_nat005,64000,27609,64,8,653.948856,set0_rep64,dace-gcc,mimalloc,64
newdxx_g,BaTiO3_nat005,64000,27609,64,9,655.404329,set0_rep64,dace-gcc,mimalloc,64
newdxx_g,BaTiO3_nat005,64000,27609,64,10,654.183729,set0_rep64,dace-gcc,mimalloc,64
newdxx_g,BaTiO3_nat005,64000,27609,64,11,654.967863,set0_rep64,dace-gcc,mimalloc,64
newdxx_g,BaTiO3_nat005,64000,27609,64,12,653.498758,set0_rep64,dace-gcc,mimalloc,64
newdxx_g,BaTiO3_nat005,64000,27609,64,13,654.239823,set0_rep64,dace-gcc,mimalloc,64
newdxx_g,BaTiO3_nat005,64000,27609,64,14,654.428840,set0_rep64,dace-gcc,mimalloc,64
newdxx_g,BaTiO3_nat005,64000,27609,64,15,656.600195,set0_rep64,dace-gcc,mimalloc,64
newdxx_g,BaTiO3_nat005,64000,27609,64,16,655.029493,set0_rep64,dace-gcc,mimalloc,64
newdxx_g,BaTiO3_nat005,64000,27609,64,17,654.432425,set0_rep64,dace-gcc,mimalloc,64
newdxx_g,BaTiO3_nat005,64000,27609,64,18,654.682528,set0_rep64,dace-gcc,mimalloc,64
newdxx_g,BaTiO3_nat005,64000,27609,64,19,654.056724,set0_rep64,dace-gcc,mimalloc,64
newdxx_g,BaTiO3_nat005,64000,27609,72,0,729.216074,set0_rep64,dace-gcc,mimalloc,64
newdxx_g,BaTiO3_nat005,64000,27609,72,1,726.932369,set0_rep64,dace-gcc,mimalloc,64
newdxx_g,BaTiO3_nat005,64000,27609,72,2,727.517375,set0_rep64,dace-gcc,mimalloc,64
newdxx_g,BaTiO3_nat005,64000,27609,72,3,726.472064,set0_rep64,dace-gcc,mimalloc,64
newdxx_g,BaTiO3_nat005,64000,27609,72,4,726.111563,set0_rep64,dace-gcc,mimalloc,64
newdxx_g,BaTiO3_nat005,64000,27609,72,5,730.173453,set0_rep64,dace-gcc,mimalloc,64
newdxx_g,BaTiO3_nat005,64000,27609,72,6,725.728759,set0_rep64,dace-gcc,mimalloc,64
newdxx_g,BaTiO3_nat005,64000,27609,72,7,726.326340,set0_rep64,dace-gcc,mimalloc,64
newdxx_g,BaTiO3_nat005,64000,27609,72,8,725.498717,set0_rep64,dace-gcc,mimalloc,64
newdxx_g,BaTiO3_nat005,64000,27609,72,9,726.839796,set0_rep64,dace-gcc,mimalloc,64
newdxx_g,BaTiO3_nat005,64000,27609,72,10,725.502174,set0_rep64,dace-gcc,mimalloc,64
newdxx_g,BaTiO3_nat005,64000,27609,72,11,726.110506,set0_rep64,dace-gcc,mimalloc,64
newdxx_g,BaTiO3_nat005,64000,27609,72,12,728.985170,set0_rep64,dace-gcc,mimalloc,64
newdxx_g,BaTiO3_nat005,64000,27609,72,13,726.023566,set0_rep64,dace-gcc,mimalloc,64
newdxx_g,BaTiO3_nat005,64000,27609,72,14,726.197192,set0_rep64,dace-gcc,mimalloc,64
newdxx_g,BaTiO3_nat005,64000,27609,72,15,726.092876,set0_rep64,dace-gcc,mimalloc,64
newdxx_g,BaTiO3_nat005,64000,27609,72,16,726.793398,set0_rep64,dace-gcc,mimalloc,64
newdxx_g,BaTiO3_nat005,64000,27609,72,17,726.501151,set0_rep64,dace-gcc,mimalloc,64
newdxx_g,BaTiO3_nat005,64000,27609,72,18,726.368835,set0_rep64,dace-gcc,mimalloc,64
newdxx_g,BaTiO3_nat005,64000,27609,72,19,726.555965,set0_rep64,dace-gcc,mimalloc,64
newdxx_g,BaTiO3_nat005,64000,27609,1,0,36.227035,set1,dace-gcc,mimalloc,1
newdxx_g,BaTiO3_nat005,64000,27609,1,1,36.266074,set1,dace-gcc,mimalloc,1
newdxx_g,BaTiO3_nat005,64000,27609,1,2,36.262105,set1,dace-gcc,mimalloc,1
newdxx_g,BaTiO3_nat005,64000,27609,1,3,36.239547,set1,dace-gcc,mimalloc,1
newdxx_g,BaTiO3_nat005,64000,27609,1,4,36.218331,set1,dace-gcc,mimalloc,1
newdxx_g,BaTiO3_nat005,64000,27609,1,5,35.787753,set1,dace-gcc,mimalloc,1
newdxx_g,BaTiO3_nat005,64000,27609,1,6,35.787273,set1,dace-gcc,mimalloc,1
newdxx_g,BaTiO3_nat005,64000,27609,1,7,35.965380,set1,dace-gcc,mimalloc,1
newdxx_g,BaTiO3_nat005,64000,27609,1,8,36.151869,set1,dace-gcc,mimalloc,1
newdxx_g,BaTiO3_nat005,64000,27609,1,9,36.132350,set1,dace-gcc,mimalloc,1
newdxx_g,BaTiO3_nat005,64000,27609,1,10,35.673900,set1,dace-gcc,mimalloc,1
newdxx_g,BaTiO3_nat005,64000,27609,1,11,34.615981,set1,dace-gcc,mimalloc,1
newdxx_g,BaTiO3_nat005,64000,27609,1,12,35.999074,set1,dace-gcc,mimalloc,1
newdxx_g,BaTiO3_nat005,64000,27609,1,13,36.026689,set1,dace-gcc,mimalloc,1
newdxx_g,BaTiO3_nat005,64000,27609,1,14,36.218363,set1,dace-gcc,mimalloc,1
newdxx_g,BaTiO3_nat005,64000,27609,1,15,35.987203,set1,dace-gcc,mimalloc,1
newdxx_g,BaTiO3_nat005,64000,27609,1,16,36.084863,set1,dace-gcc,mimalloc,1
newdxx_g,BaTiO3_nat005,64000,27609,1,17,36.012610,set1,dace-gcc,mimalloc,1
newdxx_g,BaTiO3_nat005,64000,27609,1,18,35.914213,set1,dace-gcc,mimalloc,1
newdxx_g,BaTiO3_nat005,64000,27609,1,19,35.878470,set1,dace-gcc,mimalloc,1
newdxx_g,BaTiO3_nat005,64000,27609,2,0,18.462658,set1,dace-gcc,mimalloc,1
newdxx_g,BaTiO3_nat005,64000,27609,2,1,18.370821,set1,dace-gcc,mimalloc,1
newdxx_g,BaTiO3_nat005,64000,27609,2,2,18.473315,set1,dace-gcc,mimalloc,1
newdxx_g,BaTiO3_nat005,64000,27609,2,3,18.427747,set1,dace-gcc,mimalloc,1
newdxx_g,BaTiO3_nat005,64000,27609,2,4,18.454115,set1,dace-gcc,mimalloc,1
newdxx_g,BaTiO3_nat005,64000,27609,2,5,18.456739,set1,dace-gcc,mimalloc,1
newdxx_g,BaTiO3_nat005,64000,27609,2,6,18.505089,set1,dace-gcc,mimalloc,1
newdxx_g,BaTiO3_nat005,64000,27609,2,7,18.543776,set1,dace-gcc,mimalloc,1
newdxx_g,BaTiO3_nat005,64000,27609,2,8,18.491009,set1,dace-gcc,mimalloc,1
newdxx_g,BaTiO3_nat005,64000,27609,2,9,18.409669,set1,dace-gcc,mimalloc,1
newdxx_g,BaTiO3_nat005,64000,27609,2,10,18.452451,set1,dace-gcc,mimalloc,1
newdxx_g,BaTiO3_nat005,64000,27609,2,11,18.440580,set1,dace-gcc,mimalloc,1
newdxx_g,BaTiO3_nat005,64000,27609,2,12,18.419556,set1,dace-gcc,mimalloc,1
newdxx_g,BaTiO3_nat005,64000,27609,2,13,18.545312,set1,dace-gcc,mimalloc,1
newdxx_g,BaTiO3_nat005,64000,27609,2,14,18.502722,set1,dace-gcc,mimalloc,1
newdxx_g,BaTiO3_nat005,64000,27609,2,15,18.363013,set1,dace-gcc,mimalloc,1
newdxx_g,BaTiO3_nat005,64000,27609,2,16,18.385349,set1,dace-gcc,mimalloc,1
newdxx_g,BaTiO3_nat005,64000,27609,2,17,18.678140,set1,dace-gcc,mimalloc,1
newdxx_g,BaTiO3_nat005,64000,27609,2,18,18.560416,set1,dace-gcc,mimalloc,1
newdxx_g,BaTiO3_nat005,64000,27609,2,19,18.447939,set1,dace-gcc,mimalloc,1
newdxx_g,BaTiO3_nat005,64000,27609,4,0,10.550585,set1,dace-gcc,mimalloc,1
newdxx_g,BaTiO3_nat005,64000,27609,4,1,10.566424,set1,dace-gcc,mimalloc,1
newdxx_g,BaTiO3_nat005,64000,27609,4,2,10.439356,set1,dace-gcc,mimalloc,1
newdxx_g,BaTiO3_nat005,64000,27609,4,3,10.483803,set1,dace-gcc,mimalloc,1
newdxx_g,BaTiO3_nat005,64000,27609,4,4,10.581207,set1,dace-gcc,mimalloc,1
newdxx_g,BaTiO3_nat005,64000,27609,4,5,10.718868,set1,dace-gcc,mimalloc,1
newdxx_g,BaTiO3_nat005,64000,27609,4,6,10.561752,set1,dace-gcc,mimalloc,1
newdxx_g,BaTiO3_nat005,64000,27609,4,7,10.510010,set1,dace-gcc,mimalloc,1
newdxx_g,BaTiO3_nat005,64000,27609,4,8,10.652725,set1,dace-gcc,mimalloc,1
newdxx_g,BaTiO3_nat005,64000,27609,4,9,10.483642,set1,dace-gcc,mimalloc,1
newdxx_g,BaTiO3_nat005,64000,27609,4,10,10.541625,set1,dace-gcc,mimalloc,1
newdxx_g,BaTiO3_nat005,64000,27609,4,11,10.516730,set1,dace-gcc,mimalloc,1
newdxx_g,BaTiO3_nat005,64000,27609,4,12,10.537144,set1,dace-gcc,mimalloc,1
newdxx_g,BaTiO3_nat005,64000,27609,4,13,10.581399,set1,dace-gcc,mimalloc,1
newdxx_g,BaTiO3_nat005,64000,27609,4,14,10.542649,set1,dace-gcc,mimalloc,1
newdxx_g,BaTiO3_nat005,64000,27609,4,15,10.528185,set1,dace-gcc,mimalloc,1
newdxx_g,BaTiO3_nat005,64000,27609,4,16,10.659061,set1,dace-gcc,mimalloc,1
newdxx_g,BaTiO3_nat005,64000,27609,4,17,10.559608,set1,dace-gcc,mimalloc,1
newdxx_g,BaTiO3_nat005,64000,27609,4,18,10.542745,set1,dace-gcc,mimalloc,1
newdxx_g,BaTiO3_nat005,64000,27609,4,19,10.533337,set1,dace-gcc,mimalloc,1
newdxx_g,BaTiO3_nat005,64000,27609,8,0,6.818349,set1,dace-gcc,mimalloc,1
newdxx_g,BaTiO3_nat005,64000,27609,8,1,6.876586,set1,dace-gcc,mimalloc,1
newdxx_g,BaTiO3_nat005,64000,27609,8,2,6.848875,set1,dace-gcc,mimalloc,1
newdxx_g,BaTiO3_nat005,64000,27609,8,3,6.839403,set1,dace-gcc,mimalloc,1
newdxx_g,BaTiO3_nat005,64000,27609,8,4,7.040997,set1,dace-gcc,mimalloc,1
newdxx_g,BaTiO3_nat005,64000,27609,8,5,6.882346,set1,dace-gcc,mimalloc,1
newdxx_g,BaTiO3_nat005,64000,27609,8,6,6.888970,set1,dace-gcc,mimalloc,1
newdxx_g,BaTiO3_nat005,64000,27609,8,7,6.893834,set1,dace-gcc,mimalloc,1
newdxx_g,BaTiO3_nat005,64000,27609,8,8,6.919081,set1,dace-gcc,mimalloc,1
newdxx_g,BaTiO3_nat005,64000,27609,8,9,6.963528,set1,dace-gcc,mimalloc,1
newdxx_g,BaTiO3_nat005,64000,27609,8,10,7.006406,set1,dace-gcc,mimalloc,1
newdxx_g,BaTiO3_nat005,64000,27609,8,11,6.911593,set1,dace-gcc,mimalloc,1
newdxx_g,BaTiO3_nat005,64000,27609,8,12,6.912073,set1,dace-gcc,mimalloc,1
newdxx_g,BaTiO3_nat005,64000,27609,8,13,6.978375,set1,dace-gcc,mimalloc,1
newdxx_g,BaTiO3_nat005,64000,27609,8,14,6.930824,set1,dace-gcc,mimalloc,1
newdxx_g,BaTiO3_nat005,64000,27609,8,15,7.004295,set1,dace-gcc,mimalloc,1
newdxx_g,BaTiO3_nat005,64000,27609,8,16,6.986760,set1,dace-gcc,mimalloc,1
newdxx_g,BaTiO3_nat005,64000,27609,8,17,6.986215,set1,dace-gcc,mimalloc,1
newdxx_g,BaTiO3_nat005,64000,27609,8,18,6.960776,set1,dace-gcc,mimalloc,1
newdxx_g,BaTiO3_nat005,64000,27609,8,19,6.922345,set1,dace-gcc,mimalloc,1
newdxx_g,BaTiO3_nat005,64000,27609,16,0,6.191456,set1,dace-gcc,mimalloc,1
newdxx_g,BaTiO3_nat005,64000,27609,16,1,6.276317,set1,dace-gcc,mimalloc,1
newdxx_g,BaTiO3_nat005,64000,27609,16,2,6.187136,set1,dace-gcc,mimalloc,1
newdxx_g,BaTiO3_nat005,64000,27609,16,3,6.228191,set1,dace-gcc,mimalloc,1
newdxx_g,BaTiO3_nat005,64000,27609,16,4,6.308668,set1,dace-gcc,mimalloc,1
newdxx_g,BaTiO3_nat005,64000,27609,16,5,6.244318,set1,dace-gcc,mimalloc,1
newdxx_g,BaTiO3_nat005,64000,27609,16,6,6.229022,set1,dace-gcc,mimalloc,1
newdxx_g,BaTiO3_nat005,64000,27609,16,7,6.250366,set1,dace-gcc,mimalloc,1
newdxx_g,BaTiO3_nat005,64000,27609,16,8,6.252062,set1,dace-gcc,mimalloc,1
newdxx_g,BaTiO3_nat005,64000,27609,16,9,6.268606,set1,dace-gcc,mimalloc,1
newdxx_g,BaTiO3_nat005,64000,27609,16,10,6.299804,set1,dace-gcc,mimalloc,1
newdxx_g,BaTiO3_nat005,64000,27609,16,11,6.265246,set1,dace-gcc,mimalloc,1
newdxx_g,BaTiO3_nat005,64000,27609,16,12,6.200640,set1,dace-gcc,mimalloc,1
newdxx_g,BaTiO3_nat005,64000,27609,16,13,6.384474,set1,dace-gcc,mimalloc,1
newdxx_g,BaTiO3_nat005,64000,27609,16,14,6.301180,set1,dace-gcc,mimalloc,1
newdxx_g,BaTiO3_nat005,64000,27609,16,15,6.215807,set1,dace-gcc,mimalloc,1
newdxx_g,BaTiO3_nat005,64000,27609,16,16,6.246398,set1,dace-gcc,mimalloc,1
newdxx_g,BaTiO3_nat005,64000,27609,16,17,6.229246,set1,dace-gcc,mimalloc,1
newdxx_g,BaTiO3_nat005,64000,27609,16,18,6.337979,set1,dace-gcc,mimalloc,1
newdxx_g,BaTiO3_nat005,64000,27609,16,19,6.299612,set1,dace-gcc,mimalloc,1
newdxx_g,BaTiO3_nat005,64000,27609,32,0,6.756911,set1,dace-gcc,mimalloc,1
newdxx_g,BaTiO3_nat005,64000,27609,32,1,6.766702,set1,dace-gcc,mimalloc,1
newdxx_g,BaTiO3_nat005,64000,27609,32,2,6.755086,set1,dace-gcc,mimalloc,1
newdxx_g,BaTiO3_nat005,64000,27609,32,3,6.794893,set1,dace-gcc,mimalloc,1
newdxx_g,BaTiO3_nat005,64000,27609,32,4,6.773198,set1,dace-gcc,mimalloc,1
newdxx_g,BaTiO3_nat005,64000,27609,32,5,6.763566,set1,dace-gcc,mimalloc,1
newdxx_g,BaTiO3_nat005,64000,27609,32,6,6.795149,set1,dace-gcc,mimalloc,1
newdxx_g,BaTiO3_nat005,64000,27609,32,7,6.898250,set1,dace-gcc,mimalloc,1
newdxx_g,BaTiO3_nat005,64000,27609,32,8,6.800012,set1,dace-gcc,mimalloc,1
newdxx_g,BaTiO3_nat005,64000,27609,32,9,6.814508,set1,dace-gcc,mimalloc,1
newdxx_g,BaTiO3_nat005,64000,27609,32,10,6.952648,set1,dace-gcc,mimalloc,1
newdxx_g,BaTiO3_nat005,64000,27609,32,11,6.799116,set1,dace-gcc,mimalloc,1
newdxx_g,BaTiO3_nat005,64000,27609,32,12,6.770862,set1,dace-gcc,mimalloc,1
newdxx_g,BaTiO3_nat005,64000,27609,32,13,6.736527,set1,dace-gcc,mimalloc,1
newdxx_g,BaTiO3_nat005,64000,27609,32,14,6.732943,set1,dace-gcc,mimalloc,1
newdxx_g,BaTiO3_nat005,64000,27609,32,15,6.794445,set1,dace-gcc,mimalloc,1
newdxx_g,BaTiO3_nat005,64000,27609,32,16,7.011462,set1,dace-gcc,mimalloc,1
newdxx_g,BaTiO3_nat005,64000,27609,32,17,6.778798,set1,dace-gcc,mimalloc,1
newdxx_g,BaTiO3_nat005,64000,27609,32,18,6.777486,set1,dace-gcc,mimalloc,1
newdxx_g,BaTiO3_nat005,64000,27609,32,19,6.765901,set1,dace-gcc,mimalloc,1
newdxx_g,BaTiO3_nat005,64000,27609,64,0,10.980842,set1,dace-gcc,mimalloc,1
newdxx_g,BaTiO3_nat005,64000,27609,64,1,10.965516,set1,dace-gcc,mimalloc,1
newdxx_g,BaTiO3_nat005,64000,27609,64,2,11.057673,set1,dace-gcc,mimalloc,1
newdxx_g,BaTiO3_nat005,64000,27609,64,3,11.119654,set1,dace-gcc,mimalloc,1
newdxx_g,BaTiO3_nat005,64000,27609,64,4,11.002635,set1,dace-gcc,mimalloc,1
newdxx_g,BaTiO3_nat005,64000,27609,64,5,10.838415,set1,dace-gcc,mimalloc,1
newdxx_g,BaTiO3_nat005,64000,27609,64,6,10.852655,set1,dace-gcc,mimalloc,1
newdxx_g,BaTiO3_nat005,64000,27609,64,7,10.958251,set1,dace-gcc,mimalloc,1
newdxx_g,BaTiO3_nat005,64000,27609,64,8,10.992299,set1,dace-gcc,mimalloc,1
newdxx_g,BaTiO3_nat005,64000,27609,64,9,10.930380,set1,dace-gcc,mimalloc,1
newdxx_g,BaTiO3_nat005,64000,27609,64,10,10.912173,set1,dace-gcc,mimalloc,1
newdxx_g,BaTiO3_nat005,64000,27609,64,11,10.919469,set1,dace-gcc,mimalloc,1
newdxx_g,BaTiO3_nat005,64000,27609,64,12,10.948748,set1,dace-gcc,mimalloc,1
newdxx_g,BaTiO3_nat005,64000,27609,64,13,10.924301,set1,dace-gcc,mimalloc,1
newdxx_g,BaTiO3_nat005,64000,27609,64,14,10.983595,set1,dace-gcc,mimalloc,1
newdxx_g,BaTiO3_nat005,64000,27609,64,15,11.059785,set1,dace-gcc,mimalloc,1
newdxx_g,BaTiO3_nat005,64000,27609,64,16,11.063433,set1,dace-gcc,mimalloc,1
newdxx_g,BaTiO3_nat005,64000,27609,64,17,11.063753,set1,dace-gcc,mimalloc,1
newdxx_g,BaTiO3_nat005,64000,27609,64,18,11.007562,set1,dace-gcc,mimalloc,1
newdxx_g,BaTiO3_nat005,64000,27609,64,19,10.976715,set1,dace-gcc,mimalloc,1
newdxx_g,BaTiO3_nat005,64000,27609,72,0,11.293089,set1,dace-gcc,mimalloc,1
newdxx_g,BaTiO3_nat005,64000,27609,72,1,11.510875,set1,dace-gcc,mimalloc,1
newdxx_g,BaTiO3_nat005,64000,27609,72,2,11.427741,set1,dace-gcc,mimalloc,1
newdxx_g,BaTiO3_nat005,64000,27609,72,3,11.470140,set1,dace-gcc,mimalloc,1
newdxx_g,BaTiO3_nat005,64000,27609,72,4,11.458653,set1,dace-gcc,mimalloc,1
newdxx_g,BaTiO3_nat005,64000,27609,72,5,11.388862,set1,dace-gcc,mimalloc,1
newdxx_g,BaTiO3_nat005,64000,27609,72,6,11.314048,set1,dace-gcc,mimalloc,1
newdxx_g,BaTiO3_nat005,64000,27609,72,7,11.382078,set1,dace-gcc,mimalloc,1
newdxx_g,BaTiO3_nat005,64000,27609,72,8,11.436861,set1,dace-gcc,mimalloc,1
newdxx_g,BaTiO3_nat005,64000,27609,72,9,11.468348,set1,dace-gcc,mimalloc,1
newdxx_g,BaTiO3_nat005,64000,27609,72,10,11.519034,set1,dace-gcc,mimalloc,1
newdxx_g,BaTiO3_nat005,64000,27609,72,11,11.357760,set1,dace-gcc,mimalloc,1
newdxx_g,BaTiO3_nat005,64000,27609,72,12,11.356351,set1,dace-gcc,mimalloc,1
newdxx_g,BaTiO3_nat005,64000,27609,72,13,11.488699,set1,dace-gcc,mimalloc,1
newdxx_g,BaTiO3_nat005,64000,27609,72,14,11.397726,set1,dace-gcc,mimalloc,1
newdxx_g,BaTiO3_nat005,64000,27609,72,15,11.385502,set1,dace-gcc,mimalloc,1
newdxx_g,BaTiO3_nat005,64000,27609,72,16,11.366399,set1,dace-gcc,mimalloc,1
newdxx_g,BaTiO3_nat005,64000,27609,72,17,11.406845,set1,dace-gcc,mimalloc,1
newdxx_g,BaTiO3_nat005,64000,27609,72,18,11.449789,set1,dace-gcc,mimalloc,1
newdxx_g,BaTiO3_nat005,64000,27609,72,19,11.480539,set1,dace-gcc,mimalloc,1
newdxx_g,BaTiO3_nat005,64000,27609,1,0,1759.733928,set1_rep64,dace-gcc,mimalloc,64
newdxx_g,BaTiO3_nat005,64000,27609,1,1,1760.315637,set1_rep64,dace-gcc,mimalloc,64
newdxx_g,BaTiO3_nat005,64000,27609,1,2,1761.240760,set1_rep64,dace-gcc,mimalloc,64
newdxx_g,BaTiO3_nat005,64000,27609,1,3,1761.687383,set1_rep64,dace-gcc,mimalloc,64
newdxx_g,BaTiO3_nat005,64000,27609,1,4,1763.653434,set1_rep64,dace-gcc,mimalloc,64
newdxx_g,BaTiO3_nat005,64000,27609,1,5,1762.609658,set1_rep64,dace-gcc,mimalloc,64
newdxx_g,BaTiO3_nat005,64000,27609,1,6,1761.097831,set1_rep64,dace-gcc,mimalloc,64
newdxx_g,BaTiO3_nat005,64000,27609,1,7,1761.451452,set1_rep64,dace-gcc,mimalloc,64
newdxx_g,BaTiO3_nat005,64000,27609,1,8,1760.516666,set1_rep64,dace-gcc,mimalloc,64
newdxx_g,BaTiO3_nat005,64000,27609,1,9,1761.831057,set1_rep64,dace-gcc,mimalloc,64
newdxx_g,BaTiO3_nat005,64000,27609,1,10,1763.876692,set1_rep64,dace-gcc,mimalloc,64
newdxx_g,BaTiO3_nat005,64000,27609,1,11,1762.090025,set1_rep64,dace-gcc,mimalloc,64
newdxx_g,BaTiO3_nat005,64000,27609,1,12,1761.304257,set1_rep64,dace-gcc,mimalloc,64
newdxx_g,BaTiO3_nat005,64000,27609,1,13,1761.678454,set1_rep64,dace-gcc,mimalloc,64
newdxx_g,BaTiO3_nat005,64000,27609,1,14,1762.196070,set1_rep64,dace-gcc,mimalloc,64
newdxx_g,BaTiO3_nat005,64000,27609,1,15,1761.182533,set1_rep64,dace-gcc,mimalloc,64
newdxx_g,BaTiO3_nat005,64000,27609,1,16,1762.356993,set1_rep64,dace-gcc,mimalloc,64
newdxx_g,BaTiO3_nat005,64000,27609,1,17,1762.225733,set1_rep64,dace-gcc,mimalloc,64
newdxx_g,BaTiO3_nat005,64000,27609,1,18,1762.009548,set1_rep64,dace-gcc,mimalloc,64
newdxx_g,BaTiO3_nat005,64000,27609,1,19,1761.615128,set1_rep64,dace-gcc,mimalloc,64
newdxx_g,BaTiO3_nat005,64000,27609,2,0,957.616655,set1_rep64,dace-gcc,mimalloc,64
newdxx_g,BaTiO3_nat005,64000,27609,2,1,958.917224,set1_rep64,dace-gcc,mimalloc,64
newdxx_g,BaTiO3_nat005,64000,27609,2,2,955.328116,set1_rep64,dace-gcc,mimalloc,64
newdxx_g,BaTiO3_nat005,64000,27609,2,3,954.841379,set1_rep64,dace-gcc,mimalloc,64
newdxx_g,BaTiO3_nat005,64000,27609,2,4,956.145724,set1_rep64,dace-gcc,mimalloc,64
newdxx_g,BaTiO3_nat005,64000,27609,2,5,958.592306,set1_rep64,dace-gcc,mimalloc,64
newdxx_g,BaTiO3_nat005,64000,27609,2,6,954.216950,set1_rep64,dace-gcc,mimalloc,64
newdxx_g,BaTiO3_nat005,64000,27609,2,7,955.028701,set1_rep64,dace-gcc,mimalloc,64
newdxx_g,BaTiO3_nat005,64000,27609,2,8,959.058692,set1_rep64,dace-gcc,mimalloc,64
newdxx_g,BaTiO3_nat005,64000,27609,2,9,955.007167,set1_rep64,dace-gcc,mimalloc,64
newdxx_g,BaTiO3_nat005,64000,27609,2,10,955.181209,set1_rep64,dace-gcc,mimalloc,64
newdxx_g,BaTiO3_nat005,64000,27609,2,11,954.262581,set1_rep64,dace-gcc,mimalloc,64
newdxx_g,BaTiO3_nat005,64000,27609,2,12,955.906531,set1_rep64,dace-gcc,mimalloc,64
newdxx_g,BaTiO3_nat005,64000,27609,2,13,955.317525,set1_rep64,dace-gcc,mimalloc,64
newdxx_g,BaTiO3_nat005,64000,27609,2,14,955.641739,set1_rep64,dace-gcc,mimalloc,64
newdxx_g,BaTiO3_nat005,64000,27609,2,15,958.572947,set1_rep64,dace-gcc,mimalloc,64
newdxx_g,BaTiO3_nat005,64000,27609,2,16,961.141189,set1_rep64,dace-gcc,mimalloc,64
newdxx_g,BaTiO3_nat005,64000,27609,2,17,955.249783,set1_rep64,dace-gcc,mimalloc,64
newdxx_g,BaTiO3_nat005,64000,27609,2,18,955.072284,set1_rep64,dace-gcc,mimalloc,64
newdxx_g,BaTiO3_nat005,64000,27609,2,19,955.416817,set1_rep64,dace-gcc,mimalloc,64
newdxx_g,BaTiO3_nat005,64000,27609,4,0,559.695536,set1_rep64,dace-gcc,mimalloc,64
newdxx_g,BaTiO3_nat005,64000,27609,4,1,558.955621,set1_rep64,dace-gcc,mimalloc,64
newdxx_g,BaTiO3_nat005,64000,27609,4,2,558.894908,set1_rep64,dace-gcc,mimalloc,64
newdxx_g,BaTiO3_nat005,64000,27609,4,3,560.297329,set1_rep64,dace-gcc,mimalloc,64
newdxx_g,BaTiO3_nat005,64000,27609,4,4,558.844799,set1_rep64,dace-gcc,mimalloc,64
newdxx_g,BaTiO3_nat005,64000,27609,4,5,559.654437,set1_rep64,dace-gcc,mimalloc,64
newdxx_g,BaTiO3_nat005,64000,27609,4,6,564.238937,set1_rep64,dace-gcc,mimalloc,64
newdxx_g,BaTiO3_nat005,64000,27609,4,7,559.342351,set1_rep64,dace-gcc,mimalloc,64
newdxx_g,BaTiO3_nat005,64000,27609,4,8,559.376238,set1_rep64,dace-gcc,mimalloc,64
newdxx_g,BaTiO3_nat005,64000,27609,4,9,559.691748,set1_rep64,dace-gcc,mimalloc,64
newdxx_g,BaTiO3_nat005,64000,27609,4,10,559.614758,set1_rep64,dace-gcc,mimalloc,64
newdxx_g,BaTiO3_nat005,64000,27609,4,11,560.892927,set1_rep64,dace-gcc,mimalloc,64
newdxx_g,BaTiO3_nat005,64000,27609,4,12,558.851326,set1_rep64,dace-gcc,mimalloc,64
newdxx_g,BaTiO3_nat005,64000,27609,4,13,559.177267,set1_rep64,dace-gcc,mimalloc,64
newdxx_g,BaTiO3_nat005,64000,27609,4,14,560.391822,set1_rep64,dace-gcc,mimalloc,64
newdxx_g,BaTiO3_nat005,64000,27609,4,15,559.581032,set1_rep64,dace-gcc,mimalloc,64
newdxx_g,BaTiO3_nat005,64000,27609,4,16,559.889246,set1_rep64,dace-gcc,mimalloc,64
newdxx_g,BaTiO3_nat005,64000,27609,4,17,558.596325,set1_rep64,dace-gcc,mimalloc,64
newdxx_g,BaTiO3_nat005,64000,27609,4,18,559.063544,set1_rep64,dace-gcc,mimalloc,64
newdxx_g,BaTiO3_nat005,64000,27609,4,19,559.814432,set1_rep64,dace-gcc,mimalloc,64
newdxx_g,BaTiO3_nat005,64000,27609,8,0,409.684024,set1_rep64,dace-gcc,mimalloc,64
newdxx_g,BaTiO3_nat005,64000,27609,8,1,409.239590,set1_rep64,dace-gcc,mimalloc,64
newdxx_g,BaTiO3_nat005,64000,27609,8,2,408.833075,set1_rep64,dace-gcc,mimalloc,64
newdxx_g,BaTiO3_nat005,64000,27609,8,3,407.676021,set1_rep64,dace-gcc,mimalloc,64
newdxx_g,BaTiO3_nat005,64000,27609,8,4,408.751381,set1_rep64,dace-gcc,mimalloc,64
newdxx_g,BaTiO3_nat005,64000,27609,8,5,408.342305,set1_rep64,dace-gcc,mimalloc,64
newdxx_g,BaTiO3_nat005,64000,27609,8,6,406.496570,set1_rep64,dace-gcc,mimalloc,64
newdxx_g,BaTiO3_nat005,64000,27609,8,7,407.925197,set1_rep64,dace-gcc,mimalloc,64
newdxx_g,BaTiO3_nat005,64000,27609,8,8,403.896970,set1_rep64,dace-gcc,mimalloc,64
newdxx_g,BaTiO3_nat005,64000,27609,8,9,405.246048,set1_rep64,dace-gcc,mimalloc,64
newdxx_g,BaTiO3_nat005,64000,27609,8,10,405.415867,set1_rep64,dace-gcc,mimalloc,64
newdxx_g,BaTiO3_nat005,64000,27609,8,11,404.495927,set1_rep64,dace-gcc,mimalloc,64
newdxx_g,BaTiO3_nat005,64000,27609,8,12,404.516406,set1_rep64,dace-gcc,mimalloc,64
newdxx_g,BaTiO3_nat005,64000,27609,8,13,402.638095,set1_rep64,dace-gcc,mimalloc,64
newdxx_g,BaTiO3_nat005,64000,27609,8,14,404.913163,set1_rep64,dace-gcc,mimalloc,64
newdxx_g,BaTiO3_nat005,64000,27609,8,15,402.175805,set1_rep64,dace-gcc,mimalloc,64
newdxx_g,BaTiO3_nat005,64000,27609,8,16,402.382776,set1_rep64,dace-gcc,mimalloc,64
newdxx_g,BaTiO3_nat005,64000,27609,8,17,401.711596,set1_rep64,dace-gcc,mimalloc,64
newdxx_g,BaTiO3_nat005,64000,27609,8,18,402.008964,set1_rep64,dace-gcc,mimalloc,64
newdxx_g,BaTiO3_nat005,64000,27609,8,19,403.752877,set1_rep64,dace-gcc,mimalloc,64
newdxx_g,BaTiO3_nat005,64000,27609,16,0,366.517475,set1_rep64,dace-gcc,mimalloc,64
newdxx_g,BaTiO3_nat005,64000,27609,16,1,366.056241,set1_rep64,dace-gcc,mimalloc,64
newdxx_g,BaTiO3_nat005,64000,27609,16,2,366.748219,set1_rep64,dace-gcc,mimalloc,64
newdxx_g,BaTiO3_nat005,64000,27609,16,3,366.896407,set1_rep64,dace-gcc,mimalloc,64
newdxx_g,BaTiO3_nat005,64000,27609,16,4,366.980468,set1_rep64,dace-gcc,mimalloc,64
newdxx_g,BaTiO3_nat005,64000,27609,16,5,367.369321,set1_rep64,dace-gcc,mimalloc,64
newdxx_g,BaTiO3_nat005,64000,27609,16,6,367.653408,set1_rep64,dace-gcc,mimalloc,64
newdxx_g,BaTiO3_nat005,64000,27609,16,7,366.684669,set1_rep64,dace-gcc,mimalloc,64
newdxx_g,BaTiO3_nat005,64000,27609,16,8,366.650495,set1_rep64,dace-gcc,mimalloc,64
newdxx_g,BaTiO3_nat005,64000,27609,16,9,366.852184,set1_rep64,dace-gcc,mimalloc,64
newdxx_g,BaTiO3_nat005,64000,27609,16,10,366.677470,set1_rep64,dace-gcc,mimalloc,64
newdxx_g,BaTiO3_nat005,64000,27609,16,11,366.796313,set1_rep64,dace-gcc,mimalloc,64
newdxx_g,BaTiO3_nat005,64000,27609,16,12,366.706109,set1_rep64,dace-gcc,mimalloc,64
newdxx_g,BaTiO3_nat005,64000,27609,16,13,366.778522,set1_rep64,dace-gcc,mimalloc,64
newdxx_g,BaTiO3_nat005,64000,27609,16,14,366.956693,set1_rep64,dace-gcc,mimalloc,64
newdxx_g,BaTiO3_nat005,64000,27609,16,15,367.232877,set1_rep64,dace-gcc,mimalloc,64
newdxx_g,BaTiO3_nat005,64000,27609,16,16,367.250317,set1_rep64,dace-gcc,mimalloc,64
newdxx_g,BaTiO3_nat005,64000,27609,16,17,366.706492,set1_rep64,dace-gcc,mimalloc,64
newdxx_g,BaTiO3_nat005,64000,27609,16,18,366.509027,set1_rep64,dace-gcc,mimalloc,64
newdxx_g,BaTiO3_nat005,64000,27609,16,19,366.769818,set1_rep64,dace-gcc,mimalloc,64
newdxx_g,BaTiO3_nat005,64000,27609,32,0,421.885250,set1_rep64,dace-gcc,mimalloc,64
newdxx_g,BaTiO3_nat005,64000,27609,32,1,421.617706,set1_rep64,dace-gcc,mimalloc,64
newdxx_g,BaTiO3_nat005,64000,27609,32,2,421.901538,set1_rep64,dace-gcc,mimalloc,64
newdxx_g,BaTiO3_nat005,64000,27609,32,3,421.503822,set1_rep64,dace-gcc,mimalloc,64
newdxx_g,BaTiO3_nat005,64000,27609,32,4,424.230458,set1_rep64,dace-gcc,mimalloc,64
newdxx_g,BaTiO3_nat005,64000,27609,32,5,421.497806,set1_rep64,dace-gcc,mimalloc,64
newdxx_g,BaTiO3_nat005,64000,27609,32,6,421.433392,set1_rep64,dace-gcc,mimalloc,64
newdxx_g,BaTiO3_nat005,64000,27609,32,7,421.602571,set1_rep64,dace-gcc,mimalloc,64
newdxx_g,BaTiO3_nat005,64000,27609,32,8,421.381393,set1_rep64,dace-gcc,mimalloc,64
newdxx_g,BaTiO3_nat005,64000,27609,32,9,421.088027,set1_rep64,dace-gcc,mimalloc,64
newdxx_g,BaTiO3_nat005,64000,27609,32,10,421.654217,set1_rep64,dace-gcc,mimalloc,64
newdxx_g,BaTiO3_nat005,64000,27609,32,11,421.694184,set1_rep64,dace-gcc,mimalloc,64
newdxx_g,BaTiO3_nat005,64000,27609,32,12,421.466991,set1_rep64,dace-gcc,mimalloc,64
newdxx_g,BaTiO3_nat005,64000,27609,32,13,422.108635,set1_rep64,dace-gcc,mimalloc,64
newdxx_g,BaTiO3_nat005,64000,27609,32,14,421.018748,set1_rep64,dace-gcc,mimalloc,64
newdxx_g,BaTiO3_nat005,64000,27609,32,15,421.359922,set1_rep64,dace-gcc,mimalloc,64
newdxx_g,BaTiO3_nat005,64000,27609,32,16,422.431633,set1_rep64,dace-gcc,mimalloc,64
newdxx_g,BaTiO3_nat005,64000,27609,32,17,421.358674,set1_rep64,dace-gcc,mimalloc,64
newdxx_g,BaTiO3_nat005,64000,27609,32,18,421.612746,set1_rep64,dace-gcc,mimalloc,64
newdxx_g,BaTiO3_nat005,64000,27609,32,19,421.694632,set1_rep64,dace-gcc,mimalloc,64
newdxx_g,BaTiO3_nat005,64000,27609,64,0,652.355436,set1_rep64,dace-gcc,mimalloc,64
newdxx_g,BaTiO3_nat005,64000,27609,64,1,652.003319,set1_rep64,dace-gcc,mimalloc,64
newdxx_g,BaTiO3_nat005,64000,27609,64,2,651.618020,set1_rep64,dace-gcc,mimalloc,64
newdxx_g,BaTiO3_nat005,64000,27609,64,3,651.944121,set1_rep64,dace-gcc,mimalloc,64
newdxx_g,BaTiO3_nat005,64000,27609,64,4,651.630627,set1_rep64,dace-gcc,mimalloc,64
newdxx_g,BaTiO3_nat005,64000,27609,64,5,651.235823,set1_rep64,dace-gcc,mimalloc,64
newdxx_g,BaTiO3_nat005,64000,27609,64,6,651.489352,set1_rep64,dace-gcc,mimalloc,64
newdxx_g,BaTiO3_nat005,64000,27609,64,7,652.016471,set1_rep64,dace-gcc,mimalloc,64
newdxx_g,BaTiO3_nat005,64000,27609,64,8,651.141362,set1_rep64,dace-gcc,mimalloc,64
newdxx_g,BaTiO3_nat005,64000,27609,64,9,651.195281,set1_rep64,dace-gcc,mimalloc,64
newdxx_g,BaTiO3_nat005,64000,27609,64,10,654.302465,set1_rep64,dace-gcc,mimalloc,64
newdxx_g,BaTiO3_nat005,64000,27609,64,11,652.069793,set1_rep64,dace-gcc,mimalloc,64
newdxx_g,BaTiO3_nat005,64000,27609,64,12,651.495411,set1_rep64,dace-gcc,mimalloc,64
newdxx_g,BaTiO3_nat005,64000,27609,64,13,652.112288,set1_rep64,dace-gcc,mimalloc,64
newdxx_g,BaTiO3_nat005,64000,27609,64,14,651.619535,set1_rep64,dace-gcc,mimalloc,64
newdxx_g,BaTiO3_nat005,64000,27609,64,15,651.760619,set1_rep64,dace-gcc,mimalloc,64
newdxx_g,BaTiO3_nat005,64000,27609,64,16,651.715596,set1_rep64,dace-gcc,mimalloc,64
newdxx_g,BaTiO3_nat005,64000,27609,64,17,651.680846,set1_rep64,dace-gcc,mimalloc,64
newdxx_g,BaTiO3_nat005,64000,27609,64,18,651.621871,set1_rep64,dace-gcc,mimalloc,64
newdxx_g,BaTiO3_nat005,64000,27609,64,19,651.376150,set1_rep64,dace-gcc,mimalloc,64
newdxx_g,BaTiO3_nat005,64000,27609,72,0,701.578370,set1_rep64,dace-gcc,mimalloc,64
newdxx_g,BaTiO3_nat005,64000,27609,72,1,701.519363,set1_rep64,dace-gcc,mimalloc,64
newdxx_g,BaTiO3_nat005,64000,27609,72,2,700.756732,set1_rep64,dace-gcc,mimalloc,64
newdxx_g,BaTiO3_nat005,64000,27609,72,3,701.006868,set1_rep64,dace-gcc,mimalloc,64
newdxx_g,BaTiO3_nat005,64000,27609,72,4,700.751547,set1_rep64,dace-gcc,mimalloc,64
newdxx_g,BaTiO3_nat005,64000,27609,72,5,700.782522,set1_rep64,dace-gcc,mimalloc,64
newdxx_g,BaTiO3_nat005,64000,27609,72,6,701.115312,set1_rep64,dace-gcc,mimalloc,64
newdxx_g,BaTiO3_nat005,64000,27609,72,7,700.927542,set1_rep64,dace-gcc,mimalloc,64
newdxx_g,BaTiO3_nat005,64000,27609,72,8,700.837208,set1_rep64,dace-gcc,mimalloc,64
newdxx_g,BaTiO3_nat005,64000,27609,72,9,701.824027,set1_rep64,dace-gcc,mimalloc,64
newdxx_g,BaTiO3_nat005,64000,27609,72,10,700.465444,set1_rep64,dace-gcc,mimalloc,64
newdxx_g,BaTiO3_nat005,64000,27609,72,11,700.508003,set1_rep64,dace-gcc,mimalloc,64
newdxx_g,BaTiO3_nat005,64000,27609,72,12,700.641503,set1_rep64,dace-gcc,mimalloc,64
newdxx_g,BaTiO3_nat005,64000,27609,72,13,700.171565,set1_rep64,dace-gcc,mimalloc,64
newdxx_g,BaTiO3_nat005,64000,27609,72,14,700.134478,set1_rep64,dace-gcc,mimalloc,64
newdxx_g,BaTiO3_nat005,64000,27609,72,15,701.493061,set1_rep64,dace-gcc,mimalloc,64
newdxx_g,BaTiO3_nat005,64000,27609,72,16,700.476579,set1_rep64,dace-gcc,mimalloc,64
newdxx_g,BaTiO3_nat005,64000,27609,72,17,700.628255,set1_rep64,dace-gcc,mimalloc,64
newdxx_g,BaTiO3_nat005,64000,27609,72,18,702.932472,set1_rep64,dace-gcc,mimalloc,64
newdxx_g,BaTiO3_nat005,64000,27609,72,19,700.872792,set1_rep64,dace-gcc,mimalloc,64
newdxx_g,BaO_nat002,64000,18643,1,0,11.899125,set0,dace-llvm,mimalloc,1
newdxx_g,BaO_nat002,64000,18643,1,1,11.888917,set0,dace-llvm,mimalloc,1
newdxx_g,BaO_nat002,64000,18643,1,2,12.052881,set0,dace-llvm,mimalloc,1
newdxx_g,BaO_nat002,64000,18643,1,3,11.919028,set0,dace-llvm,mimalloc,1
newdxx_g,BaO_nat002,64000,18643,1,4,12.032817,set0,dace-llvm,mimalloc,1
newdxx_g,BaO_nat002,64000,18643,1,5,11.968466,set0,dace-llvm,mimalloc,1
newdxx_g,BaO_nat002,64000,18643,1,6,12.050128,set0,dace-llvm,mimalloc,1
newdxx_g,BaO_nat002,64000,18643,1,7,12.049297,set0,dace-llvm,mimalloc,1
newdxx_g,BaO_nat002,64000,18643,1,8,11.979475,set0,dace-llvm,mimalloc,1
newdxx_g,BaO_nat002,64000,18643,1,9,11.941652,set0,dace-llvm,mimalloc,1
newdxx_g,BaO_nat002,64000,18643,1,10,11.839703,set0,dace-llvm,mimalloc,1
newdxx_g,BaO_nat002,64000,18643,1,11,12.039057,set0,dace-llvm,mimalloc,1
newdxx_g,BaO_nat002,64000,18643,1,12,11.901366,set0,dace-llvm,mimalloc,1
newdxx_g,BaO_nat002,64000,18643,1,13,11.970419,set0,dace-llvm,mimalloc,1
newdxx_g,BaO_nat002,64000,18643,1,14,11.953844,set0,dace-llvm,mimalloc,1
newdxx_g,BaO_nat002,64000,18643,1,15,11.956275,set0,dace-llvm,mimalloc,1
newdxx_g,BaO_nat002,64000,18643,1,16,11.883318,set0,dace-llvm,mimalloc,1
newdxx_g,BaO_nat002,64000,18643,1,17,11.840343,set0,dace-llvm,mimalloc,1
newdxx_g,BaO_nat002,64000,18643,1,18,11.788216,set0,dace-llvm,mimalloc,1
newdxx_g,BaO_nat002,64000,18643,1,19,11.819192,set0,dace-llvm,mimalloc,1
newdxx_g,BaO_nat002,64000,18643,2,0,6.124741,set0,dace-llvm,mimalloc,1
newdxx_g,BaO_nat002,64000,18643,2,1,6.122949,set0,dace-llvm,mimalloc,1
newdxx_g,BaO_nat002,64000,18643,2,2,6.078727,set0,dace-llvm,mimalloc,1
newdxx_g,BaO_nat002,64000,18643,2,3,6.098950,set0,dace-llvm,mimalloc,1
newdxx_g,BaO_nat002,64000,18643,2,4,6.068039,set0,dace-llvm,mimalloc,1
newdxx_g,BaO_nat002,64000,18643,2,5,6.071783,set0,dace-llvm,mimalloc,1
newdxx_g,BaO_nat002,64000,18643,2,6,6.084742,set0,dace-llvm,mimalloc,1
newdxx_g,BaO_nat002,64000,18643,2,7,6.028457,set0,dace-llvm,mimalloc,1
newdxx_g,BaO_nat002,64000,18643,2,8,6.062023,set0,dace-llvm,mimalloc,1
newdxx_g,BaO_nat002,64000,18643,2,9,6.048103,set0,dace-llvm,mimalloc,1
newdxx_g,BaO_nat002,64000,18643,2,10,6.016425,set0,dace-llvm,mimalloc,1
newdxx_g,BaO_nat002,64000,18643,2,11,6.067175,set0,dace-llvm,mimalloc,1
newdxx_g,BaO_nat002,64000,18643,2,12,5.939915,set0,dace-llvm,mimalloc,1
newdxx_g,BaO_nat002,64000,18643,2,13,5.905740,set0,dace-llvm,mimalloc,1
newdxx_g,BaO_nat002,64000,18643,2,14,5.896076,set0,dace-llvm,mimalloc,1
newdxx_g,BaO_nat002,64000,18643,2,15,5.977898,set0,dace-llvm,mimalloc,1
newdxx_g,BaO_nat002,64000,18643,2,16,5.928011,set0,dace-llvm,mimalloc,1
newdxx_g,BaO_nat002,64000,18643,2,17,5.914220,set0,dace-llvm,mimalloc,1
newdxx_g,BaO_nat002,64000,18643,2,18,6.077831,set0,dace-llvm,mimalloc,1
newdxx_g,BaO_nat002,64000,18643,2,19,6.096870,set0,dace-llvm,mimalloc,1
newdxx_g,BaO_nat002,64000,18643,4,0,3.857354,set0,dace-llvm,mimalloc,1
newdxx_g,BaO_nat002,64000,18643,4,1,3.282908,set0,dace-llvm,mimalloc,1
newdxx_g,BaO_nat002,64000,18643,4,2,3.335227,set0,dace-llvm,mimalloc,1
newdxx_g,BaO_nat002,64000,18643,4,3,3.301371,set0,dace-llvm,mimalloc,1
newdxx_g,BaO_nat002,64000,18643,4,4,3.275292,set0,dace-llvm,mimalloc,1
newdxx_g,BaO_nat002,64000,18643,4,5,3.325818,set0,dace-llvm,mimalloc,1
newdxx_g,BaO_nat002,64000,18643,4,6,3.298651,set0,dace-llvm,mimalloc,1
newdxx_g,BaO_nat002,64000,18643,4,7,3.346809,set0,dace-llvm,mimalloc,1
newdxx_g,BaO_nat002,64000,18643,4,8,3.280028,set0,dace-llvm,mimalloc,1
newdxx_g,BaO_nat002,64000,18643,4,9,3.276124,set0,dace-llvm,mimalloc,1
newdxx_g,BaO_nat002,64000,18643,4,10,3.327483,set0,dace-llvm,mimalloc,1
newdxx_g,BaO_nat002,64000,18643,4,11,3.321211,set0,dace-llvm,mimalloc,1
newdxx_g,BaO_nat002,64000,18643,4,12,3.339578,set0,dace-llvm,mimalloc,1
newdxx_g,BaO_nat002,64000,18643,4,13,3.317883,set0,dace-llvm,mimalloc,1
newdxx_g,BaO_nat002,64000,18643,4,14,3.335706,set0,dace-llvm,mimalloc,1
newdxx_g,BaO_nat002,64000,18643,4,15,3.314011,set0,dace-llvm,mimalloc,1
newdxx_g,BaO_nat002,64000,18643,4,16,3.315291,set0,dace-llvm,mimalloc,1
newdxx_g,BaO_nat002,64000,18643,4,17,3.365882,set0,dace-llvm,mimalloc,1
newdxx_g,BaO_nat002,64000,18643,4,18,3.317242,set0,dace-llvm,mimalloc,1
newdxx_g,BaO_nat002,64000,18643,4,19,3.306076,set0,dace-llvm,mimalloc,1
newdxx_g,BaO_nat002,64000,18643,8,0,2.245147,set0,dace-llvm,mimalloc,1
newdxx_g,BaO_nat002,64000,18643,8,1,2.182749,set0,dace-llvm,mimalloc,1
newdxx_g,BaO_nat002,64000,18643,8,2,2.212573,set0,dace-llvm,mimalloc,1
newdxx_g,BaO_nat002,64000,18643,8,3,2.191197,set0,dace-llvm,mimalloc,1
newdxx_g,BaO_nat002,64000,18643,8,4,2.198204,set0,dace-llvm,mimalloc,1
newdxx_g,BaO_nat002,64000,18643,8,5,2.191133,set0,dace-llvm,mimalloc,1
newdxx_g,BaO_nat002,64000,18643,8,6,2.213917,set0,dace-llvm,mimalloc,1
newdxx_g,BaO_nat002,64000,18643,8,7,2.244988,set0,dace-llvm,mimalloc,1
newdxx_g,BaO_nat002,64000,18643,8,8,2.197565,set0,dace-llvm,mimalloc,1
newdxx_g,BaO_nat002,64000,18643,8,9,2.199901,set0,dace-llvm,mimalloc,1
newdxx_g,BaO_nat002,64000,18643,8,10,2.188445,set0,dace-llvm,mimalloc,1
newdxx_g,BaO_nat002,64000,18643,8,11,2.203292,set0,dace-llvm,mimalloc,1
newdxx_g,BaO_nat002,64000,18643,8,12,2.181501,set0,dace-llvm,mimalloc,1
newdxx_g,BaO_nat002,64000,18643,8,13,2.189277,set0,dace-llvm,mimalloc,1
newdxx_g,BaO_nat002,64000,18643,8,14,2.185662,set0,dace-llvm,mimalloc,1
newdxx_g,BaO_nat002,64000,18643,8,15,2.182077,set0,dace-llvm,mimalloc,1
newdxx_g,BaO_nat002,64000,18643,8,16,2.184349,set0,dace-llvm,mimalloc,1
newdxx_g,BaO_nat002,64000,18643,8,17,2.190781,set0,dace-llvm,mimalloc,1
newdxx_g,BaO_nat002,64000,18643,8,18,2.186621,set0,dace-llvm,mimalloc,1
newdxx_g,BaO_nat002,64000,18643,8,19,2.170750,set0,dace-llvm,mimalloc,1
newdxx_g,BaO_nat002,64000,18643,16,0,2.014691,set0,dace-llvm,mimalloc,1
newdxx_g,BaO_nat002,64000,18643,16,1,1.852584,set0,dace-llvm,mimalloc,1
newdxx_g,BaO_nat002,64000,18643,16,2,1.865415,set0,dace-llvm,mimalloc,1
newdxx_g,BaO_nat002,64000,18643,16,3,1.837480,set0,dace-llvm,mimalloc,1
newdxx_g,BaO_nat002,64000,18643,16,4,1.862823,set0,dace-llvm,mimalloc,1
newdxx_g,BaO_nat002,64000,18643,16,5,1.833160,set0,dace-llvm,mimalloc,1
newdxx_g,BaO_nat002,64000,18643,16,6,1.851432,set0,dace-llvm,mimalloc,1
newdxx_g,BaO_nat002,64000,18643,16,7,1.879878,set0,dace-llvm,mimalloc,1
newdxx_g,BaO_nat002,64000,18643,16,8,1.847208,set0,dace-llvm,mimalloc,1
newdxx_g,BaO_nat002,64000,18643,16,9,1.830600,set0,dace-llvm,mimalloc,1
newdxx_g,BaO_nat002,64000,18643,16,10,1.830472,set0,dace-llvm,mimalloc,1
newdxx_g,BaO_nat002,64000,18643,16,11,1.842248,set0,dace-llvm,mimalloc,1
newdxx_g,BaO_nat002,64000,18643,16,12,1.829224,set0,dace-llvm,mimalloc,1
newdxx_g,BaO_nat002,64000,18643,16,13,1.896070,set0,dace-llvm,mimalloc,1
newdxx_g,BaO_nat002,64000,18643,16,14,1.833832,set0,dace-llvm,mimalloc,1
newdxx_g,BaO_nat002,64000,18643,16,15,1.844167,set0,dace-llvm,mimalloc,1
newdxx_g,BaO_nat002,64000,18643,16,16,1.831272,set0,dace-llvm,mimalloc,1
newdxx_g,BaO_nat002,64000,18643,16,17,1.839368,set0,dace-llvm,mimalloc,1
newdxx_g,BaO_nat002,64000,18643,16,18,1.833225,set0,dace-llvm,mimalloc,1
newdxx_g,BaO_nat002,64000,18643,16,19,2.886088,set0,dace-llvm,mimalloc,1
newdxx_g,BaO_nat002,64000,18643,32,0,1.508210,set0,dace-llvm,mimalloc,1
newdxx_g,BaO_nat002,64000,18643,32,1,1.477523,set0,dace-llvm,mimalloc,1
newdxx_g,BaO_nat002,64000,18643,32,2,1.510194,set0,dace-llvm,mimalloc,1
newdxx_g,BaO_nat002,64000,18643,32,3,1.471507,set0,dace-llvm,mimalloc,1
newdxx_g,BaO_nat002,64000,18643,32,4,1.483155,set0,dace-llvm,mimalloc,1
newdxx_g,BaO_nat002,64000,18643,32,5,1.507186,set0,dace-llvm,mimalloc,1
newdxx_g,BaO_nat002,64000,18643,32,6,1.499314,set0,dace-llvm,mimalloc,1
newdxx_g,BaO_nat002,64000,18643,32,7,1.578128,set0,dace-llvm,mimalloc,1
newdxx_g,BaO_nat002,64000,18643,32,8,1.529585,set0,dace-llvm,mimalloc,1
newdxx_g,BaO_nat002,64000,18643,32,9,1.529170,set0,dace-llvm,mimalloc,1
newdxx_g,BaO_nat002,64000,18643,32,10,1.525937,set0,dace-llvm,mimalloc,1
newdxx_g,BaO_nat002,64000,18643,32,11,1.489011,set0,dace-llvm,mimalloc,1
newdxx_g,BaO_nat002,64000,18643,32,12,1.526354,set0,dace-llvm,mimalloc,1
newdxx_g,BaO_nat002,64000,18643,32,13,1.508050,set0,dace-llvm,mimalloc,1
newdxx_g,BaO_nat002,64000,18643,32,14,1.498131,set0,dace-llvm,mimalloc,1
newdxx_g,BaO_nat002,64000,18643,32,15,1.505266,set0,dace-llvm,mimalloc,1
newdxx_g,BaO_nat002,64000,18643,32,16,1.573584,set0,dace-llvm,mimalloc,1
newdxx_g,BaO_nat002,64000,18643,32,17,1.492658,set0,dace-llvm,mimalloc,1
newdxx_g,BaO_nat002,64000,18643,32,18,1.504467,set0,dace-llvm,mimalloc,1
newdxx_g,BaO_nat002,64000,18643,32,19,1.495858,set0,dace-llvm,mimalloc,1
newdxx_g,BaO_nat002,64000,18643,64,0,1.665550,set0,dace-llvm,mimalloc,1
newdxx_g,BaO_nat002,64000,18643,64,1,1.605903,set0,dace-llvm,mimalloc,1
newdxx_g,BaO_nat002,64000,18643,64,2,2.044706,set0,dace-llvm,mimalloc,1
newdxx_g,BaO_nat002,64000,18643,64,3,1.638158,set0,dace-llvm,mimalloc,1
newdxx_g,BaO_nat002,64000,18643,64,4,1.711116,set0,dace-llvm,mimalloc,1
newdxx_g,BaO_nat002,64000,18643,64,5,1.624910,set0,dace-llvm,mimalloc,1
newdxx_g,BaO_nat002,64000,18643,64,6,1.741163,set0,dace-llvm,mimalloc,1
newdxx_g,BaO_nat002,64000,18643,64,7,1.751850,set0,dace-llvm,mimalloc,1
newdxx_g,BaO_nat002,64000,18643,64,8,1.599919,set0,dace-llvm,mimalloc,1
newdxx_g,BaO_nat002,64000,18643,64,9,1.663117,set0,dace-llvm,mimalloc,1
newdxx_g,BaO_nat002,64000,18643,64,10,1.735083,set0,dace-llvm,mimalloc,1
newdxx_g,BaO_nat002,64000,18643,64,11,1.772522,set0,dace-llvm,mimalloc,1
newdxx_g,BaO_nat002,64000,18643,64,12,1.749547,set0,dace-llvm,mimalloc,1
newdxx_g,BaO_nat002,64000,18643,64,13,1.764778,set0,dace-llvm,mimalloc,1
newdxx_g,BaO_nat002,64000,18643,64,14,1.723436,set0,dace-llvm,mimalloc,1
newdxx_g,BaO_nat002,64000,18643,64,15,1.741163,set0,dace-llvm,mimalloc,1
newdxx_g,BaO_nat002,64000,18643,64,16,1.641166,set0,dace-llvm,mimalloc,1
newdxx_g,BaO_nat002,64000,18643,64,17,1.634414,set0,dace-llvm,mimalloc,1
newdxx_g,BaO_nat002,64000,18643,64,18,1.657518,set0,dace-llvm,mimalloc,1
newdxx_g,BaO_nat002,64000,18643,64,19,1.771690,set0,dace-llvm,mimalloc,1
newdxx_g,BaO_nat002,64000,18643,72,0,1.753991,set0,dace-llvm,mimalloc,1
newdxx_g,BaO_nat002,64000,18643,72,1,1.686985,set0,dace-llvm,mimalloc,1
newdxx_g,BaO_nat002,64000,18643,72,2,1.760231,set0,dace-llvm,mimalloc,1
newdxx_g,BaO_nat002,64000,18643,72,3,1.682505,set0,dace-llvm,mimalloc,1
newdxx_g,BaO_nat002,64000,18643,72,4,1.711464,set0,dace-llvm,mimalloc,1
newdxx_g,BaO_nat002,64000,18643,72,5,1.660362,set0,dace-llvm,mimalloc,1
newdxx_g,BaO_nat002,64000,18643,72,6,1.655306,set0,dace-llvm,mimalloc,1
newdxx_g,BaO_nat002,64000,18643,72,7,1.819685,set0,dace-llvm,mimalloc,1
newdxx_g,BaO_nat002,64000,18643,72,8,1.670538,set0,dace-llvm,mimalloc,1
newdxx_g,BaO_nat002,64000,18643,72,9,1.670506,set0,dace-llvm,mimalloc,1
newdxx_g,BaO_nat002,64000,18643,72,10,1.658410,set0,dace-llvm,mimalloc,1
newdxx_g,BaO_nat002,64000,18643,72,11,1.671946,set0,dace-llvm,mimalloc,1
newdxx_g,BaO_nat002,64000,18643,72,12,1.666506,set0,dace-llvm,mimalloc,1
newdxx_g,BaO_nat002,64000,18643,72,13,1.660170,set0,dace-llvm,mimalloc,1
newdxx_g,BaO_nat002,64000,18643,72,14,1.717256,set0,dace-llvm,mimalloc,1
newdxx_g,BaO_nat002,64000,18643,72,15,1.664554,set0,dace-llvm,mimalloc,1
newdxx_g,BaO_nat002,64000,18643,72,16,1.668074,set0,dace-llvm,mimalloc,1
newdxx_g,BaO_nat002,64000,18643,72,17,1.701449,set0,dace-llvm,mimalloc,1
newdxx_g,BaO_nat002,64000,18643,72,18,1.653642,set0,dace-llvm,mimalloc,1
newdxx_g,BaO_nat002,64000,18643,72,19,1.649802,set0,dace-llvm,mimalloc,1
newdxx_g,BaO_nat002,64000,18643,1,0,623.450098,set0_rep64,dace-llvm,mimalloc,64
newdxx_g,BaO_nat002,64000,18643,1,1,623.988703,set0_rep64,dace-llvm,mimalloc,64
newdxx_g,BaO_nat002,64000,18643,1,2,623.051902,set0_rep64,dace-llvm,mimalloc,64
newdxx_g,BaO_nat002,64000,18643,1,3,624.776742,set0_rep64,dace-llvm,mimalloc,64
newdxx_g,BaO_nat002,64000,18643,1,4,624.590860,set0_rep64,dace-llvm,mimalloc,64
newdxx_g,BaO_nat002,64000,18643,1,5,623.455537,set0_rep64,dace-llvm,mimalloc,64
newdxx_g,BaO_nat002,64000,18643,1,6,624.303701,set0_rep64,dace-llvm,mimalloc,64
newdxx_g,BaO_nat002,64000,18643,1,7,623.122907,set0_rep64,dace-llvm,mimalloc,64
newdxx_g,BaO_nat002,64000,18643,1,8,623.423602,set0_rep64,dace-llvm,mimalloc,64
newdxx_g,BaO_nat002,64000,18643,1,9,622.902147,set0_rep64,dace-llvm,mimalloc,64
newdxx_g,BaO_nat002,64000,18643,1,10,625.141531,set0_rep64,dace-llvm,mimalloc,64
newdxx_g,BaO_nat002,64000,18643,1,11,623.113499,set0_rep64,dace-llvm,mimalloc,64
newdxx_g,BaO_nat002,64000,18643,1,12,624.844708,set0_rep64,dace-llvm,mimalloc,64
newdxx_g,BaO_nat002,64000,18643,1,13,623.459920,set0_rep64,dace-llvm,mimalloc,64
newdxx_g,BaO_nat002,64000,18643,1,14,624.976832,set0_rep64,dace-llvm,mimalloc,64
newdxx_g,BaO_nat002,64000,18643,1,15,623.743655,set0_rep64,dace-llvm,mimalloc,64
newdxx_g,BaO_nat002,64000,18643,1,16,623.397331,set0_rep64,dace-llvm,mimalloc,64
newdxx_g,BaO_nat002,64000,18643,1,17,623.251991,set0_rep64,dace-llvm,mimalloc,64
newdxx_g,BaO_nat002,64000,18643,1,18,624.142266,set0_rep64,dace-llvm,mimalloc,64
newdxx_g,BaO_nat002,64000,18643,1,19,623.399282,set0_rep64,dace-llvm,mimalloc,64
newdxx_g,BaO_nat002,64000,18643,2,0,344.325765,set0_rep64,dace-llvm,mimalloc,64
newdxx_g,BaO_nat002,64000,18643,2,1,344.702840,set0_rep64,dace-llvm,mimalloc,64
newdxx_g,BaO_nat002,64000,18643,2,2,344.385698,set0_rep64,dace-llvm,mimalloc,64
newdxx_g,BaO_nat002,64000,18643,2,3,369.662413,set0_rep64,dace-llvm,mimalloc,64
newdxx_g,BaO_nat002,64000,18643,2,4,344.201929,set0_rep64,dace-llvm,mimalloc,64
newdxx_g,BaO_nat002,64000,18643,2,5,345.697688,set0_rep64,dace-llvm,mimalloc,64
newdxx_g,BaO_nat002,64000,18643,2,6,344.271494,set0_rep64,dace-llvm,mimalloc,64
newdxx_g,BaO_nat002,64000,18643,2,7,344.257351,set0_rep64,dace-llvm,mimalloc,64
newdxx_g,BaO_nat002,64000,18643,2,8,344.264103,set0_rep64,dace-llvm,mimalloc,64
newdxx_g,BaO_nat002,64000,18643,2,9,344.260007,set0_rep64,dace-llvm,mimalloc,64
newdxx_g,BaO_nat002,64000,18643,2,10,344.057101,set0_rep64,dace-llvm,mimalloc,64
newdxx_g,BaO_nat002,64000,18643,2,11,344.190057,set0_rep64,dace-llvm,mimalloc,64
newdxx_g,BaO_nat002,64000,18643,2,12,344.257575,set0_rep64,dace-llvm,mimalloc,64
newdxx_g,BaO_nat002,64000,18643,2,13,344.067725,set0_rep64,dace-llvm,mimalloc,64
newdxx_g,BaO_nat002,64000,18643,2,14,344.544253,set0_rep64,dace-llvm,mimalloc,64
newdxx_g,BaO_nat002,64000,18643,2,15,344.332804,set0_rep64,dace-llvm,mimalloc,64
newdxx_g,BaO_nat002,64000,18643,2,16,345.891666,set0_rep64,dace-llvm,mimalloc,64
newdxx_g,BaO_nat002,64000,18643,2,17,344.210856,set0_rep64,dace-llvm,mimalloc,64
newdxx_g,BaO_nat002,64000,18643,2,18,345.499583,set0_rep64,dace-llvm,mimalloc,64
newdxx_g,BaO_nat002,64000,18643,2,19,343.827573,set0_rep64,dace-llvm,mimalloc,64
newdxx_g,BaO_nat002,64000,18643,4,0,190.963423,set0_rep64,dace-llvm,mimalloc,64
newdxx_g,BaO_nat002,64000,18643,4,1,190.265174,set0_rep64,dace-llvm,mimalloc,64
newdxx_g,BaO_nat002,64000,18643,4,2,189.980063,set0_rep64,dace-llvm,mimalloc,64
newdxx_g,BaO_nat002,64000,18643,4,3,191.580011,set0_rep64,dace-llvm,mimalloc,64
newdxx_g,BaO_nat002,64000,18643,4,4,191.798052,set0_rep64,dace-llvm,mimalloc,64
newdxx_g,BaO_nat002,64000,18643,4,5,190.034557,set0_rep64,dace-llvm,mimalloc,64
newdxx_g,BaO_nat002,64000,18643,4,6,190.364499,set0_rep64,dace-llvm,mimalloc,64
newdxx_g,BaO_nat002,64000,18643,4,7,190.665161,set0_rep64,dace-llvm,mimalloc,64
newdxx_g,BaO_nat002,64000,18643,4,8,190.900001,set0_rep64,dace-llvm,mimalloc,64
newdxx_g,BaO_nat002,64000,18643,4,9,190.160632,set0_rep64,dace-llvm,mimalloc,64
newdxx_g,BaO_nat002,64000,18643,4,10,191.207031,set0_rep64,dace-llvm,mimalloc,64
newdxx_g,BaO_nat002,64000,18643,4,11,192.635080,set0_rep64,dace-llvm,mimalloc,64
newdxx_g,BaO_nat002,64000,18643,4,12,189.741830,set0_rep64,dace-llvm,mimalloc,64
newdxx_g,BaO_nat002,64000,18643,4,13,190.116282,set0_rep64,dace-llvm,mimalloc,64
newdxx_g,BaO_nat002,64000,18643,4,14,190.263701,set0_rep64,dace-llvm,mimalloc,64
newdxx_g,BaO_nat002,64000,18643,4,15,191.311060,set0_rep64,dace-llvm,mimalloc,64
newdxx_g,BaO_nat002,64000,18643,4,16,190.451504,set0_rep64,dace-llvm,mimalloc,64
newdxx_g,BaO_nat002,64000,18643,4,17,190.067963,set0_rep64,dace-llvm,mimalloc,64
newdxx_g,BaO_nat002,64000,18643,4,18,191.650473,set0_rep64,dace-llvm,mimalloc,64
newdxx_g,BaO_nat002,64000,18643,4,19,190.421105,set0_rep64,dace-llvm,mimalloc,64
newdxx_g,BaO_nat002,64000,18643,8,0,130.596905,set0_rep64,dace-llvm,mimalloc,64
newdxx_g,BaO_nat002,64000,18643,8,1,130.849514,set0_rep64,dace-llvm,mimalloc,64
newdxx_g,BaO_nat002,64000,18643,8,2,144.476690,set0_rep64,dace-llvm,mimalloc,64
newdxx_g,BaO_nat002,64000,18643,8,3,130.538263,set0_rep64,dace-llvm,mimalloc,64
newdxx_g,BaO_nat002,64000,18643,8,4,130.571638,set0_rep64,dace-llvm,mimalloc,64
newdxx_g,BaO_nat002,64000,18643,8,5,130.192385,set0_rep64,dace-llvm,mimalloc,64
newdxx_g,BaO_nat002,64000,18643,8,6,130.839150,set0_rep64,dace-llvm,mimalloc,64
newdxx_g,BaO_nat002,64000,18643,8,7,130.726098,set0_rep64,dace-llvm,mimalloc,64
newdxx_g,BaO_nat002,64000,18643,8,8,130.315102,set0_rep64,dace-llvm,mimalloc,64
newdxx_g,BaO_nat002,64000,18643,8,9,130.455994,set0_rep64,dace-llvm,mimalloc,64
newdxx_g,BaO_nat002,64000,18643,8,10,130.440794,set0_rep64,dace-llvm,mimalloc,64
newdxx_g,BaO_nat002,64000,18643,8,11,130.423707,set0_rep64,dace-llvm,mimalloc,64
newdxx_g,BaO_nat002,64000,18643,8,12,130.318014,set0_rep64,dace-llvm,mimalloc,64
newdxx_g,BaO_nat002,64000,18643,8,13,130.357404,set0_rep64,dace-llvm,mimalloc,64
newdxx_g,BaO_nat002,64000,18643,8,14,130.379100,set0_rep64,dace-llvm,mimalloc,64
newdxx_g,BaO_nat002,64000,18643,8,15,130.586486,set0_rep64,dace-llvm,mimalloc,64
newdxx_g,BaO_nat002,64000,18643,8,16,130.151939,set0_rep64,dace-llvm,mimalloc,64
newdxx_g,BaO_nat002,64000,18643,8,17,130.258528,set0_rep64,dace-llvm,mimalloc,64
newdxx_g,BaO_nat002,64000,18643,8,18,130.241824,set0_rep64,dace-llvm,mimalloc,64
newdxx_g,BaO_nat002,64000,18643,8,19,130.286847,set0_rep64,dace-llvm,mimalloc,64
newdxx_g,BaO_nat002,64000,18643,16,0,111.284957,set0_rep64,dace-llvm,mimalloc,64
newdxx_g,BaO_nat002,64000,18643,16,1,111.220895,set0_rep64,dace-llvm,mimalloc,64
newdxx_g,BaO_nat002,64000,18643,16,2,111.913066,set0_rep64,dace-llvm,mimalloc,64
newdxx_g,BaO_nat002,64000,18643,16,3,111.639987,set0_rep64,dace-llvm,mimalloc,64
newdxx_g,BaO_nat002,64000,18643,16,4,111.525462,set0_rep64,dace-llvm,mimalloc,64
newdxx_g,BaO_nat002,64000,18643,16,5,111.601427,set0_rep64,dace-llvm,mimalloc,64
newdxx_g,BaO_nat002,64000,18643,16,6,111.093060,set0_rep64,dace-llvm,mimalloc,64
newdxx_g,BaO_nat002,64000,18643,16,7,111.446584,set0_rep64,dace-llvm,mimalloc,64
newdxx_g,BaO_nat002,64000,18643,16,8,111.092994,set0_rep64,dace-llvm,mimalloc,64
newdxx_g,BaO_nat002,64000,18643,16,9,111.367291,set0_rep64,dace-llvm,mimalloc,64
newdxx_g,BaO_nat002,64000,18643,16,10,111.526870,set0_rep64,dace-llvm,mimalloc,64
newdxx_g,BaO_nat002,64000,18643,16,11,112.024967,set0_rep64,dace-llvm,mimalloc,64
newdxx_g,BaO_nat002,64000,18643,16,12,111.513782,set0_rep64,dace-llvm,mimalloc,64
newdxx_g,BaO_nat002,64000,18643,16,13,113.515098,set0_rep64,dace-llvm,mimalloc,64
newdxx_g,BaO_nat002,64000,18643,16,14,113.739027,set0_rep64,dace-llvm,mimalloc,64
newdxx_g,BaO_nat002,64000,18643,16,15,112.009287,set0_rep64,dace-llvm,mimalloc,64
newdxx_g,BaO_nat002,64000,18643,16,16,112.507032,set0_rep64,dace-llvm,mimalloc,64
newdxx_g,BaO_nat002,64000,18643,16,17,112.662292,set0_rep64,dace-llvm,mimalloc,64
newdxx_g,BaO_nat002,64000,18643,16,18,112.292223,set0_rep64,dace-llvm,mimalloc,64
newdxx_g,BaO_nat002,64000,18643,16,19,112.226625,set0_rep64,dace-llvm,mimalloc,64
newdxx_g,BaO_nat002,64000,18643,32,0,93.635730,set0_rep64,dace-llvm,mimalloc,64
newdxx_g,BaO_nat002,64000,18643,32,1,93.503446,set0_rep64,dace-llvm,mimalloc,64
newdxx_g,BaO_nat002,64000,18643,32,2,93.122241,set0_rep64,dace-llvm,mimalloc,64
newdxx_g,BaO_nat002,64000,18643,32,3,92.975174,set0_rep64,dace-llvm,mimalloc,64
newdxx_g,BaO_nat002,64000,18643,32,4,93.949673,set0_rep64,dace-llvm,mimalloc,64
newdxx_g,BaO_nat002,64000,18643,32,5,93.751279,set0_rep64,dace-llvm,mimalloc,64
newdxx_g,BaO_nat002,64000,18643,32,6,94.671699,set0_rep64,dace-llvm,mimalloc,64
newdxx_g,BaO_nat002,64000,18643,32,7,93.180032,set0_rep64,dace-llvm,mimalloc,64
newdxx_g,BaO_nat002,64000,18643,32,8,92.835371,set0_rep64,dace-llvm,mimalloc,64
newdxx_g,BaO_nat002,64000,18643,32,9,93.566996,set0_rep64,dace-llvm,mimalloc,64
newdxx_g,BaO_nat002,64000,18643,32,10,94.381468,set0_rep64,dace-llvm,mimalloc,64
newdxx_g,BaO_nat002,64000,18643,32,11,93.526550,set0_rep64,dace-llvm,mimalloc,64
newdxx_g,BaO_nat002,64000,18643,32,12,93.479671,set0_rep64,dace-llvm,mimalloc,64
newdxx_g,BaO_nat002,64000,18643,32,13,93.382810,set0_rep64,dace-llvm,mimalloc,64
newdxx_g,BaO_nat002,64000,18643,32,14,93.840461,set0_rep64,dace-llvm,mimalloc,64
newdxx_g,BaO_nat002,64000,18643,32,15,95.804913,set0_rep64,dace-llvm,mimalloc,64
newdxx_g,BaO_nat002,64000,18643,32,16,93.629171,set0_rep64,dace-llvm,mimalloc,64
newdxx_g,BaO_nat002,64000,18643,32,17,93.623219,set0_rep64,dace-llvm,mimalloc,64
newdxx_g,BaO_nat002,64000,18643,32,18,93.144481,set0_rep64,dace-llvm,mimalloc,64
newdxx_g,BaO_nat002,64000,18643,32,19,93.075075,set0_rep64,dace-llvm,mimalloc,64
newdxx_g,BaO_nat002,64000,18643,64,0,100.170893,set0_rep64,dace-llvm,mimalloc,64
newdxx_g,BaO_nat002,64000,18643,64,1,100.333992,set0_rep64,dace-llvm,mimalloc,64
newdxx_g,BaO_nat002,64000,18643,64,2,100.341192,set0_rep64,dace-llvm,mimalloc,64
newdxx_g,BaO_nat002,64000,18643,64,3,100.736828,set0_rep64,dace-llvm,mimalloc,64
newdxx_g,BaO_nat002,64000,18643,64,4,101.110545,set0_rep64,dace-llvm,mimalloc,64
newdxx_g,BaO_nat002,64000,18643,64,5,100.650526,set0_rep64,dace-llvm,mimalloc,64
newdxx_g,BaO_nat002,64000,18643,64,6,101.223277,set0_rep64,dace-llvm,mimalloc,64
newdxx_g,BaO_nat002,64000,18643,64,7,101.162415,set0_rep64,dace-llvm,mimalloc,64
newdxx_g,BaO_nat002,64000,18643,64,8,101.180175,set0_rep64,dace-llvm,mimalloc,64
newdxx_g,BaO_nat002,64000,18643,64,9,101.089905,set0_rep64,dace-llvm,mimalloc,64
newdxx_g,BaO_nat002,64000,18643,64,10,100.684157,set0_rep64,dace-llvm,mimalloc,64
newdxx_g,BaO_nat002,64000,18643,64,11,100.985940,set0_rep64,dace-llvm,mimalloc,64
newdxx_g,BaO_nat002,64000,18643,64,12,101.366953,set0_rep64,dace-llvm,mimalloc,64
newdxx_g,BaO_nat002,64000,18643,64,13,101.885433,set0_rep64,dace-llvm,mimalloc,64
newdxx_g,BaO_nat002,64000,18643,64,14,101.620705,set0_rep64,dace-llvm,mimalloc,64
newdxx_g,BaO_nat002,64000,18643,64,15,101.294091,set0_rep64,dace-llvm,mimalloc,64
newdxx_g,BaO_nat002,64000,18643,64,16,101.142704,set0_rep64,dace-llvm,mimalloc,64
newdxx_g,BaO_nat002,64000,18643,64,17,101.393576,set0_rep64,dace-llvm,mimalloc,64
newdxx_g,BaO_nat002,64000,18643,64,18,100.921590,set0_rep64,dace-llvm,mimalloc,64
newdxx_g,BaO_nat002,64000,18643,64,19,100.935958,set0_rep64,dace-llvm,mimalloc,64
newdxx_g,BaO_nat002,64000,18643,72,0,104.008221,set0_rep64,dace-llvm,mimalloc,64
newdxx_g,BaO_nat002,64000,18643,72,1,104.352082,set0_rep64,dace-llvm,mimalloc,64
newdxx_g,BaO_nat002,64000,18643,72,2,104.417712,set0_rep64,dace-llvm,mimalloc,64
newdxx_g,BaO_nat002,64000,18643,72,3,104.524717,set0_rep64,dace-llvm,mimalloc,64
newdxx_g,BaO_nat002,64000,18643,72,4,105.814533,set0_rep64,dace-llvm,mimalloc,64
newdxx_g,BaO_nat002,64000,18643,72,5,106.126939,set0_rep64,dace-llvm,mimalloc,64
newdxx_g,BaO_nat002,64000,18643,72,6,104.607562,set0_rep64,dace-llvm,mimalloc,64
newdxx_g,BaO_nat002,64000,18643,72,7,104.430704,set0_rep64,dace-llvm,mimalloc,64
newdxx_g,BaO_nat002,64000,18643,72,8,109.059519,set0_rep64,dace-llvm,mimalloc,64
newdxx_g,BaO_nat002,64000,18643,72,9,104.723751,set0_rep64,dace-llvm,mimalloc,64
newdxx_g,BaO_nat002,64000,18643,72,10,104.464815,set0_rep64,dace-llvm,mimalloc,64
newdxx_g,BaO_nat002,64000,18643,72,11,104.360722,set0_rep64,dace-llvm,mimalloc,64
newdxx_g,BaO_nat002,64000,18643,72,12,103.830115,set0_rep64,dace-llvm,mimalloc,64
newdxx_g,BaO_nat002,64000,18643,72,13,104.315988,set0_rep64,dace-llvm,mimalloc,64
newdxx_g,BaO_nat002,64000,18643,72,14,104.577932,set0_rep64,dace-llvm,mimalloc,64
newdxx_g,BaO_nat002,64000,18643,72,15,104.170904,set0_rep64,dace-llvm,mimalloc,64
newdxx_g,BaO_nat002,64000,18643,72,16,104.996286,set0_rep64,dace-llvm,mimalloc,64
newdxx_g,BaO_nat002,64000,18643,72,17,104.475150,set0_rep64,dace-llvm,mimalloc,64
newdxx_g,BaO_nat002,64000,18643,72,18,104.628522,set0_rep64,dace-llvm,mimalloc,64
newdxx_g,BaO_nat002,64000,18643,72,19,104.453584,set0_rep64,dace-llvm,mimalloc,64
newdxx_g,BaO_nat002,64000,18643,1,0,12.079844,set1,dace-llvm,mimalloc,1
newdxx_g,BaO_nat002,64000,18643,1,1,11.991111,set1,dace-llvm,mimalloc,1
newdxx_g,BaO_nat002,64000,18643,1,2,12.099332,set1,dace-llvm,mimalloc,1
newdxx_g,BaO_nat002,64000,18643,1,3,12.035462,set1,dace-llvm,mimalloc,1
newdxx_g,BaO_nat002,64000,18643,1,4,12.102468,set1,dace-llvm,mimalloc,1
newdxx_g,BaO_nat002,64000,18643,1,5,11.982088,set1,dace-llvm,mimalloc,1
newdxx_g,BaO_nat002,64000,18643,1,6,12.056293,set1,dace-llvm,mimalloc,1
newdxx_g,BaO_nat002,64000,18643,1,7,11.893451,set1,dace-llvm,mimalloc,1
newdxx_g,BaO_nat002,64000,18643,1,8,11.827756,set1,dace-llvm,mimalloc,1
newdxx_g,BaO_nat002,64000,18643,1,9,11.874027,set1,dace-llvm,mimalloc,1
newdxx_g,BaO_nat002,64000,18643,1,10,11.798702,set1,dace-llvm,mimalloc,1
newdxx_g,BaO_nat002,64000,18643,1,11,11.951401,set1,dace-llvm,mimalloc,1
newdxx_g,BaO_nat002,64000,18643,1,12,11.812749,set1,dace-llvm,mimalloc,1
newdxx_g,BaO_nat002,64000,18643,1,13,11.821933,set1,dace-llvm,mimalloc,1
newdxx_g,BaO_nat002,64000,18643,1,14,11.898666,set1,dace-llvm,mimalloc,1
newdxx_g,BaO_nat002,64000,18643,1,15,11.726159,set1,dace-llvm,mimalloc,1
newdxx_g,BaO_nat002,64000,18643,1,16,11.745615,set1,dace-llvm,mimalloc,1
newdxx_g,BaO_nat002,64000,18643,1,17,11.719089,set1,dace-llvm,mimalloc,1
newdxx_g,BaO_nat002,64000,18643,1,18,11.682193,set1,dace-llvm,mimalloc,1
newdxx_g,BaO_nat002,64000,18643,1,19,11.718256,set1,dace-llvm,mimalloc,1
newdxx_g,BaO_nat002,64000,18643,2,0,6.062593,set1,dace-llvm,mimalloc,1
newdxx_g,BaO_nat002,64000,18643,2,1,6.098305,set1,dace-llvm,mimalloc,1
newdxx_g,BaO_nat002,64000,18643,2,2,6.049890,set1,dace-llvm,mimalloc,1
newdxx_g,BaO_nat002,64000,18643,2,3,6.020995,set1,dace-llvm,mimalloc,1
newdxx_g,BaO_nat002,64000,18643,2,4,6.015331,set1,dace-llvm,mimalloc,1
newdxx_g,BaO_nat002,64000,18643,2,5,5.993060,set1,dace-llvm,mimalloc,1
newdxx_g,BaO_nat002,64000,18643,2,6,6.085762,set1,dace-llvm,mimalloc,1
newdxx_g,BaO_nat002,64000,18643,2,7,6.023555,set1,dace-llvm,mimalloc,1
newdxx_g,BaO_nat002,64000,18643,2,8,6.065633,set1,dace-llvm,mimalloc,1
newdxx_g,BaO_nat002,64000,18643,2,9,6.051874,set1,dace-llvm,mimalloc,1
newdxx_g,BaO_nat002,64000,18643,2,10,6.031746,set1,dace-llvm,mimalloc,1
newdxx_g,BaO_nat002,64000,18643,2,11,5.994756,set1,dace-llvm,mimalloc,1
newdxx_g,BaO_nat002,64000,18643,2,12,6.036483,set1,dace-llvm,mimalloc,1
newdxx_g,BaO_nat002,64000,18643,2,13,6.063745,set1,dace-llvm,mimalloc,1
newdxx_g,BaO_nat002,64000,18643,2,14,6.053986,set1,dace-llvm,mimalloc,1
newdxx_g,BaO_nat002,64000,18643,2,15,5.996931,set1,dace-llvm,mimalloc,1
newdxx_g,BaO_nat002,64000,18643,2,16,6.007844,set1,dace-llvm,mimalloc,1
newdxx_g,BaO_nat002,64000,18643,2,17,5.984388,set1,dace-llvm,mimalloc,1
newdxx_g,BaO_nat002,64000,18643,2,18,5.938118,set1,dace-llvm,mimalloc,1
newdxx_g,BaO_nat002,64000,18643,2,19,5.995011,set1,dace-llvm,mimalloc,1
newdxx_g,BaO_nat002,64000,18643,4,0,3.238810,set1,dace-llvm,mimalloc,1
newdxx_g,BaO_nat002,64000,18643,4,1,3.249434,set1,dace-llvm,mimalloc,1
newdxx_g,BaO_nat002,64000,18643,4,2,3.264921,set1,dace-llvm,mimalloc,1
newdxx_g,BaO_nat002,64000,18643,4,3,3.255706,set1,dace-llvm,mimalloc,1
newdxx_g,BaO_nat002,64000,18643,4,4,3.245434,set1,dace-llvm,mimalloc,1
newdxx_g,BaO_nat002,64000,18643,4,5,3.248570,set1,dace-llvm,mimalloc,1
newdxx_g,BaO_nat002,64000,18643,4,6,3.261626,set1,dace-llvm,mimalloc,1
newdxx_g,BaO_nat002,64000,18643,4,7,3.298104,set1,dace-llvm,mimalloc,1
newdxx_g,BaO_nat002,64000,18643,4,8,3.287096,set1,dace-llvm,mimalloc,1
newdxx_g,BaO_nat002,64000,18643,4,9,3.282874,set1,dace-llvm,mimalloc,1
newdxx_g,BaO_nat002,64000,18643,4,10,3.279033,set1,dace-llvm,mimalloc,1
newdxx_g,BaO_nat002,64000,18643,4,11,3.267097,set1,dace-llvm,mimalloc,1
newdxx_g,BaO_nat002,64000,18643,4,12,3.306840,set1,dace-llvm,mimalloc,1
newdxx_g,BaO_nat002,64000,18643,4,13,3.272409,set1,dace-llvm,mimalloc,1
newdxx_g,BaO_nat002,64000,18643,4,14,3.314711,set1,dace-llvm,mimalloc,1
newdxx_g,BaO_nat002,64000,18643,4,15,3.308665,set1,dace-llvm,mimalloc,1
newdxx_g,BaO_nat002,64000,18643,4,16,3.263226,set1,dace-llvm,mimalloc,1
newdxx_g,BaO_nat002,64000,18643,4,17,3.347991,set1,dace-llvm,mimalloc,1
newdxx_g,BaO_nat002,64000,18643,4,18,3.259385,set1,dace-llvm,mimalloc,1
newdxx_g,BaO_nat002,64000,18643,4,19,3.266042,set1,dace-llvm,mimalloc,1
newdxx_g,BaO_nat002,64000,18643,8,0,2.150876,set1,dace-llvm,mimalloc,1
newdxx_g,BaO_nat002,64000,18643,8,1,2.175035,set1,dace-llvm,mimalloc,1
newdxx_g,BaO_nat002,64000,18643,8,2,2.209659,set1,dace-llvm,mimalloc,1
newdxx_g,BaO_nat002,64000,18643,8,3,2.129182,set1,dace-llvm,mimalloc,1
newdxx_g,BaO_nat002,64000,18643,8,4,2.158620,set1,dace-llvm,mimalloc,1
newdxx_g,BaO_nat002,64000,18643,8,5,2.135613,set1,dace-llvm,mimalloc,1
newdxx_g,BaO_nat002,64000,18643,8,6,2.182044,set1,dace-llvm,mimalloc,1
newdxx_g,BaO_nat002,64000,18643,8,7,2.141788,set1,dace-llvm,mimalloc,1
newdxx_g,BaO_nat002,64000,18643,8,8,2.117630,set1,dace-llvm,mimalloc,1
newdxx_g,BaO_nat002,64000,18643,8,9,2.151004,set1,dace-llvm,mimalloc,1
newdxx_g,BaO_nat002,64000,18643,8,10,2.139645,set1,dace-llvm,mimalloc,1
newdxx_g,BaO_nat002,64000,18643,8,11,2.193179,set1,dace-llvm,mimalloc,1
newdxx_g,BaO_nat002,64000,18643,8,12,2.160284,set1,dace-llvm,mimalloc,1
newdxx_g,BaO_nat002,64000,18643,8,13,2.175612,set1,dace-llvm,mimalloc,1
newdxx_g,BaO_nat002,64000,18643,8,14,2.150556,set1,dace-llvm,mimalloc,1
newdxx_g,BaO_nat002,64000,18643,8,15,2.171868,set1,dace-llvm,mimalloc,1
newdxx_g,BaO_nat002,64000,18643,8,16,2.162492,set1,dace-llvm,mimalloc,1
newdxx_g,BaO_nat002,64000,18643,8,17,2.173436,set1,dace-llvm,mimalloc,1
newdxx_g,BaO_nat002,64000,18643,8,18,2.188379,set1,dace-llvm,mimalloc,1
newdxx_g,BaO_nat002,64000,18643,8,19,2.170876,set1,dace-llvm,mimalloc,1
newdxx_g,BaO_nat002,64000,18643,16,0,1.855622,set1,dace-llvm,mimalloc,1
newdxx_g,BaO_nat002,64000,18643,16,1,1.838758,set1,dace-llvm,mimalloc,1
newdxx_g,BaO_nat002,64000,18643,16,2,1.845958,set1,dace-llvm,mimalloc,1
newdxx_g,BaO_nat002,64000,18643,16,3,1.810951,set1,dace-llvm,mimalloc,1
newdxx_g,BaO_nat002,64000,18643,16,4,1.819719,set1,dace-llvm,mimalloc,1
newdxx_g,BaO_nat002,64000,18643,16,5,1.858182,set1,dace-llvm,mimalloc,1
newdxx_g,BaO_nat002,64000,18643,16,6,1.835302,set1,dace-llvm,mimalloc,1
newdxx_g,BaO_nat002,64000,18643,16,7,1.819815,set1,dace-llvm,mimalloc,1
newdxx_g,BaO_nat002,64000,18643,16,8,1.840711,set1,dace-llvm,mimalloc,1
newdxx_g,BaO_nat002,64000,18643,16,9,1.867077,set1,dace-llvm,mimalloc,1
newdxx_g,BaO_nat002,64000,18643,16,10,1.825991,set1,dace-llvm,mimalloc,1
newdxx_g,BaO_nat002,64000,18643,16,11,2.123901,set1,dace-llvm,mimalloc,1
newdxx_g,BaO_nat002,64000,18643,16,12,1.809959,set1,dace-llvm,mimalloc,1
newdxx_g,BaO_nat002,64000,18643,16,13,1.813703,set1,dace-llvm,mimalloc,1
newdxx_g,BaO_nat002,64000,18643,16,14,1.802216,set1,dace-llvm,mimalloc,1
newdxx_g,BaO_nat002,64000,18643,16,15,1.891941,set1,dace-llvm,mimalloc,1
newdxx_g,BaO_nat002,64000,18643,16,16,1.797831,set1,dace-llvm,mimalloc,1
newdxx_g,BaO_nat002,64000,18643,16,17,1.811495,set1,dace-llvm,mimalloc,1
newdxx_g,BaO_nat002,64000,18643,16,18,1.793672,set1,dace-llvm,mimalloc,1
newdxx_g,BaO_nat002,64000,18643,16,19,1.803239,set1,dace-llvm,mimalloc,1
newdxx_g,BaO_nat002,64000,18643,32,0,1.469042,set1,dace-llvm,mimalloc,1
newdxx_g,BaO_nat002,64000,18643,32,1,1.435987,set1,dace-llvm,mimalloc,1
newdxx_g,BaO_nat002,64000,18643,32,2,1.444146,set1,dace-llvm,mimalloc,1
newdxx_g,BaO_nat002,64000,18643,32,3,1.456562,set1,dace-llvm,mimalloc,1
newdxx_g,BaO_nat002,64000,18643,32,4,1.444851,set1,dace-llvm,mimalloc,1
newdxx_g,BaO_nat002,64000,18643,32,5,1.604462,set1,dace-llvm,mimalloc,1
newdxx_g,BaO_nat002,64000,18643,32,6,1.464114,set1,dace-llvm,mimalloc,1
newdxx_g,BaO_nat002,64000,18643,32,7,1.445427,set1,dace-llvm,mimalloc,1
newdxx_g,BaO_nat002,64000,18643,32,8,1.466418,set1,dace-llvm,mimalloc,1
newdxx_g,BaO_nat002,64000,18643,32,9,1.450802,set1,dace-llvm,mimalloc,1
newdxx_g,BaO_nat002,64000,18643,32,10,1.462930,set1,dace-llvm,mimalloc,1
newdxx_g,BaO_nat002,64000,18643,32,11,1.530576,set1,dace-llvm,mimalloc,1
newdxx_g,BaO_nat002,64000,18643,32,12,1.471890,set1,dace-llvm,mimalloc,1
newdxx_g,BaO_nat002,64000,18643,32,13,1.466034,set1,dace-llvm,mimalloc,1
newdxx_g,BaO_nat002,64000,18643,32,14,1.481618,set1,dace-llvm,mimalloc,1
newdxx_g,BaO_nat002,64000,18643,32,15,1.453458,set1,dace-llvm,mimalloc,1
newdxx_g,BaO_nat002,64000,18643,32,16,1.460563,set1,dace-llvm,mimalloc,1
newdxx_g,BaO_nat002,64000,18643,32,17,1.452594,set1,dace-llvm,mimalloc,1
newdxx_g,BaO_nat002,64000,18643,32,18,1.449970,set1,dace-llvm,mimalloc,1
newdxx_g,BaO_nat002,64000,18643,32,19,1.453202,set1,dace-llvm,mimalloc,1
newdxx_g,BaO_nat002,64000,18643,64,0,1.591246,set1,dace-llvm,mimalloc,1
newdxx_g,BaO_nat002,64000,18643,64,1,1.647884,set1,dace-llvm,mimalloc,1
newdxx_g,BaO_nat002,64000,18643,64,2,1.575502,set1,dace-llvm,mimalloc,1
newdxx_g,BaO_nat002,64000,18643,64,3,1.572718,set1,dace-llvm,mimalloc,1
newdxx_g,BaO_nat002,64000,18643,64,4,1.636076,set1,dace-llvm,mimalloc,1
newdxx_g,BaO_nat002,64000,18643,64,5,1.576110,set1,dace-llvm,mimalloc,1
newdxx_g,BaO_nat002,64000,18643,64,6,1.618605,set1,dace-llvm,mimalloc,1
newdxx_g,BaO_nat002,64000,18643,64,7,1.591342,set1,dace-llvm,mimalloc,1
newdxx_g,BaO_nat002,64000,18643,64,8,1.581518,set1,dace-llvm,mimalloc,1
newdxx_g,BaO_nat002,64000,18643,64,9,1.591182,set1,dace-llvm,mimalloc,1
newdxx_g,BaO_nat002,64000,18643,64,10,1.593582,set1,dace-llvm,mimalloc,1
newdxx_g,BaO_nat002,64000,18643,64,11,1.605069,set1,dace-llvm,mimalloc,1
newdxx_g,BaO_nat002,64000,18643,64,12,1.583919,set1,dace-llvm,mimalloc,1
newdxx_g,BaO_nat002,64000,18643,64,13,1.581006,set1,dace-llvm,mimalloc,1
newdxx_g,BaO_nat002,64000,18643,64,14,1.653164,set1,dace-llvm,mimalloc,1
newdxx_g,BaO_nat002,64000,18643,64,15,1.579854,set1,dace-llvm,mimalloc,1
newdxx_g,BaO_nat002,64000,18643,64,16,1.649516,set1,dace-llvm,mimalloc,1
newdxx_g,BaO_nat002,64000,18643,64,17,1.589294,set1,dace-llvm,mimalloc,1
newdxx_g,BaO_nat002,64000,18643,64,18,1.630348,set1,dace-llvm,mimalloc,1
newdxx_g,BaO_nat002,64000,18643,64,19,1.628045,set1,dace-llvm,mimalloc,1
newdxx_g,BaO_nat002,64000,18643,72,0,1.684395,set1,dace-llvm,mimalloc,1
newdxx_g,BaO_nat002,64000,18643,72,1,1.679819,set1,dace-llvm,mimalloc,1
newdxx_g,BaO_nat002,64000,18643,72,2,1.772777,set1,dace-llvm,mimalloc,1
newdxx_g,BaO_nat002,64000,18643,72,3,1.707083,set1,dace-llvm,mimalloc,1
newdxx_g,BaO_nat002,64000,18643,72,4,1.657995,set1,dace-llvm,mimalloc,1
newdxx_g,BaO_nat002,64000,18643,72,5,1.710122,set1,dace-llvm,mimalloc,1
newdxx_g,BaO_nat002,64000,18643,72,6,1.655116,set1,dace-llvm,mimalloc,1
newdxx_g,BaO_nat002,64000,18643,72,7,1.729194,set1,dace-llvm,mimalloc,1
newdxx_g,BaO_nat002,64000,18643,72,8,1.853926,set1,dace-llvm,mimalloc,1
newdxx_g,BaO_nat002,64000,18643,72,9,1.681547,set1,dace-llvm,mimalloc,1
newdxx_g,BaO_nat002,64000,18643,72,10,1.768104,set1,dace-llvm,mimalloc,1
newdxx_g,BaO_nat002,64000,18643,72,11,2.039296,set1,dace-llvm,mimalloc,1
newdxx_g,BaO_nat002,64000,18643,72,12,1.727658,set1,dace-llvm,mimalloc,1
newdxx_g,BaO_nat002,64000,18643,72,13,1.677963,set1,dace-llvm,mimalloc,1
newdxx_g,BaO_nat002,64000,18643,72,14,1.687115,set1,dace-llvm,mimalloc,1
newdxx_g,BaO_nat002,64000,18643,72,15,1.664715,set1,dace-llvm,mimalloc,1
newdxx_g,BaO_nat002,64000,18643,72,16,1.664108,set1,dace-llvm,mimalloc,1
newdxx_g,BaO_nat002,64000,18643,72,17,1.658380,set1,dace-llvm,mimalloc,1
newdxx_g,BaO_nat002,64000,18643,72,18,1.646764,set1,dace-llvm,mimalloc,1
newdxx_g,BaO_nat002,64000,18643,72,19,8.538228,set1,dace-llvm,mimalloc,1
newdxx_g,BaO_nat002,64000,18643,1,0,621.745176,set1_rep64,dace-llvm,mimalloc,64
newdxx_g,BaO_nat002,64000,18643,1,1,621.627324,set1_rep64,dace-llvm,mimalloc,64
newdxx_g,BaO_nat002,64000,18643,1,2,621.811990,set1_rep64,dace-llvm,mimalloc,64
newdxx_g,BaO_nat002,64000,18643,1,3,621.995984,set1_rep64,dace-llvm,mimalloc,64
newdxx_g,BaO_nat002,64000,18643,1,4,621.667451,set1_rep64,dace-llvm,mimalloc,64
newdxx_g,BaO_nat002,64000,18643,1,5,622.978002,set1_rep64,dace-llvm,mimalloc,64
newdxx_g,BaO_nat002,64000,18643,1,6,621.776056,set1_rep64,dace-llvm,mimalloc,64
newdxx_g,BaO_nat002,64000,18643,1,7,621.717050,set1_rep64,dace-llvm,mimalloc,64
newdxx_g,BaO_nat002,64000,18643,1,8,647.828294,set1_rep64,dace-llvm,mimalloc,64
newdxx_g,BaO_nat002,64000,18643,1,9,621.680891,set1_rep64,dace-llvm,mimalloc,64
newdxx_g,BaO_nat002,64000,18643,1,10,622.329734,set1_rep64,dace-llvm,mimalloc,64
newdxx_g,BaO_nat002,64000,18643,1,11,622.209258,set1_rep64,dace-llvm,mimalloc,64
newdxx_g,BaO_nat002,64000,18643,1,12,622.599101,set1_rep64,dace-llvm,mimalloc,64
newdxx_g,BaO_nat002,64000,18643,1,13,621.835701,set1_rep64,dace-llvm,mimalloc,64
newdxx_g,BaO_nat002,64000,18643,1,14,621.421186,set1_rep64,dace-llvm,mimalloc,64
newdxx_g,BaO_nat002,64000,18643,1,15,625.802745,set1_rep64,dace-llvm,mimalloc,64
newdxx_g,BaO_nat002,64000,18643,1,16,622.420611,set1_rep64,dace-llvm,mimalloc,64
newdxx_g,BaO_nat002,64000,18643,1,17,639.565705,set1_rep64,dace-llvm,mimalloc,64
newdxx_g,BaO_nat002,64000,18643,1,18,623.114990,set1_rep64,dace-llvm,mimalloc,64
newdxx_g,BaO_nat002,64000,18643,1,19,622.579199,set1_rep64,dace-llvm,mimalloc,64
newdxx_g,BaO_nat002,64000,18643,2,0,342.307873,set1_rep64,dace-llvm,mimalloc,64
newdxx_g,BaO_nat002,64000,18643,2,1,343.069928,set1_rep64,dace-llvm,mimalloc,64
newdxx_g,BaO_nat002,64000,18643,2,2,342.584056,set1_rep64,dace-llvm,mimalloc,64
newdxx_g,BaO_nat002,64000,18643,2,3,342.612695,set1_rep64,dace-llvm,mimalloc,64
newdxx_g,BaO_nat002,64000,18643,2,4,344.156967,set1_rep64,dace-llvm,mimalloc,64
newdxx_g,BaO_nat002,64000,18643,2,5,343.051690,set1_rep64,dace-llvm,mimalloc,64
newdxx_g,BaO_nat002,64000,18643,2,6,342.626295,set1_rep64,dace-llvm,mimalloc,64
newdxx_g,BaO_nat002,64000,18643,2,7,343.771283,set1_rep64,dace-llvm,mimalloc,64
newdxx_g,BaO_nat002,64000,18643,2,8,342.894319,set1_rep64,dace-llvm,mimalloc,64
newdxx_g,BaO_nat002,64000,18643,2,9,342.648438,set1_rep64,dace-llvm,mimalloc,64
newdxx_g,BaO_nat002,64000,18643,2,10,342.391902,set1_rep64,dace-llvm,mimalloc,64
newdxx_g,BaO_nat002,64000,18643,2,11,342.740083,set1_rep64,dace-llvm,mimalloc,64
newdxx_g,BaO_nat002,64000,18643,2,12,342.629974,set1_rep64,dace-llvm,mimalloc,64
newdxx_g,BaO_nat002,64000,18643,2,13,342.497467,set1_rep64,dace-llvm,mimalloc,64
newdxx_g,BaO_nat002,64000,18643,2,14,342.699637,set1_rep64,dace-llvm,mimalloc,64
newdxx_g,BaO_nat002,64000,18643,2,15,343.027659,set1_rep64,dace-llvm,mimalloc,64
newdxx_g,BaO_nat002,64000,18643,2,16,342.559897,set1_rep64,dace-llvm,mimalloc,64
newdxx_g,BaO_nat002,64000,18643,2,17,342.595992,set1_rep64,dace-llvm,mimalloc,64
newdxx_g,BaO_nat002,64000,18643,2,18,342.609240,set1_rep64,dace-llvm,mimalloc,64
newdxx_g,BaO_nat002,64000,18643,2,19,343.492764,set1_rep64,dace-llvm,mimalloc,64
newdxx_g,BaO_nat002,64000,18643,4,0,190.245033,set1_rep64,dace-llvm,mimalloc,64
newdxx_g,BaO_nat002,64000,18643,4,1,190.257897,set1_rep64,dace-llvm,mimalloc,64
newdxx_g,BaO_nat002,64000,18643,4,2,190.532896,set1_rep64,dace-llvm,mimalloc,64
newdxx_g,BaO_nat002,64000,18643,4,3,190.310503,set1_rep64,dace-llvm,mimalloc,64
newdxx_g,BaO_nat002,64000,18643,4,4,190.269161,set1_rep64,dace-llvm,mimalloc,64
newdxx_g,BaO_nat002,64000,18643,4,5,190.264937,set1_rep64,dace-llvm,mimalloc,64
newdxx_g,BaO_nat002,64000,18643,4,6,190.479778,set1_rep64,dace-llvm,mimalloc,64
newdxx_g,BaO_nat002,64000,18643,4,7,190.276489,set1_rep64,dace-llvm,mimalloc,64
newdxx_g,BaO_nat002,64000,18643,4,8,190.709498,set1_rep64,dace-llvm,mimalloc,64
newdxx_g,BaO_nat002,64000,18643,4,9,190.398085,set1_rep64,dace-llvm,mimalloc,64
newdxx_g,BaO_nat002,64000,18643,4,10,190.236842,set1_rep64,dace-llvm,mimalloc,64
newdxx_g,BaO_nat002,64000,18643,4,11,190.301384,set1_rep64,dace-llvm,mimalloc,64
newdxx_g,BaO_nat002,64000,18643,4,12,190.345254,set1_rep64,dace-llvm,mimalloc,64
newdxx_g,BaO_nat002,64000,18643,4,13,190.512897,set1_rep64,dace-llvm,mimalloc,64
newdxx_g,BaO_nat002,64000,18643,4,14,190.507360,set1_rep64,dace-llvm,mimalloc,64
newdxx_g,BaO_nat002,64000,18643,4,15,190.105806,set1_rep64,dace-llvm,mimalloc,64
newdxx_g,BaO_nat002,64000,18643,4,16,190.147917,set1_rep64,dace-llvm,mimalloc,64
newdxx_g,BaO_nat002,64000,18643,4,17,190.058000,set1_rep64,dace-llvm,mimalloc,64
newdxx_g,BaO_nat002,64000,18643,4,18,190.317127,set1_rep64,dace-llvm,mimalloc,64
newdxx_g,BaO_nat002,64000,18643,4,19,190.481186,set1_rep64,dace-llvm,mimalloc,64
newdxx_g,BaO_nat002,64000,18643,8,0,130.144698,set1_rep64,dace-llvm,mimalloc,64
newdxx_g,BaO_nat002,64000,18643,8,1,129.640330,set1_rep64,dace-llvm,mimalloc,64
newdxx_g,BaO_nat002,64000,18643,8,2,129.940160,set1_rep64,dace-llvm,mimalloc,64
newdxx_g,BaO_nat002,64000,18643,8,3,129.984256,set1_rep64,dace-llvm,mimalloc,64
newdxx_g,BaO_nat002,64000,18643,8,4,129.700424,set1_rep64,dace-llvm,mimalloc,64
newdxx_g,BaO_nat002,64000,18643,8,5,130.115898,set1_rep64,dace-llvm,mimalloc,64
newdxx_g,BaO_nat002,64000,18643,8,6,130.027293,set1_rep64,dace-llvm,mimalloc,64
newdxx_g,BaO_nat002,64000,18643,8,7,129.971103,set1_rep64,dace-llvm,mimalloc,64
newdxx_g,BaO_nat002,64000,18643,8,8,131.865441,set1_rep64,dace-llvm,mimalloc,64
newdxx_g,BaO_nat002,64000,18643,8,9,129.734600,set1_rep64,dace-llvm,mimalloc,64
newdxx_g,BaO_nat002,64000,18643,8,10,130.031614,set1_rep64,dace-llvm,mimalloc,64
newdxx_g,BaO_nat002,64000,18643,8,11,129.842115,set1_rep64,dace-llvm,mimalloc,64
newdxx_g,BaO_nat002,64000,18643,8,12,129.534190,set1_rep64,dace-llvm,mimalloc,64
newdxx_g,BaO_nat002,64000,18643,8,13,129.938625,set1_rep64,dace-llvm,mimalloc,64
newdxx_g,BaO_nat002,64000,18643,8,14,129.969216,set1_rep64,dace-llvm,mimalloc,64
newdxx_g,BaO_nat002,64000,18643,8,15,129.886530,set1_rep64,dace-llvm,mimalloc,64
newdxx_g,BaO_nat002,64000,18643,8,16,129.441617,set1_rep64,dace-llvm,mimalloc,64
newdxx_g,BaO_nat002,64000,18643,8,17,129.396467,set1_rep64,dace-llvm,mimalloc,64
newdxx_g,BaO_nat002,64000,18643,8,18,129.902050,set1_rep64,dace-llvm,mimalloc,64
newdxx_g,BaO_nat002,64000,18643,8,19,129.644746,set1_rep64,dace-llvm,mimalloc,64
newdxx_g,BaO_nat002,64000,18643,16,0,108.091116,set1_rep64,dace-llvm,mimalloc,64
newdxx_g,BaO_nat002,64000,18643,16,1,107.946800,set1_rep64,dace-llvm,mimalloc,64
newdxx_g,BaO_nat002,64000,18643,16,2,107.635323,set1_rep64,dace-llvm,mimalloc,64
newdxx_g,BaO_nat002,64000,18643,16,3,107.967824,set1_rep64,dace-llvm,mimalloc,64
newdxx_g,BaO_nat002,64000,18643,16,4,107.973552,set1_rep64,dace-llvm,mimalloc,64
newdxx_g,BaO_nat002,64000,18643,16,5,107.944081,set1_rep64,dace-llvm,mimalloc,64
newdxx_g,BaO_nat002,64000,18643,16,6,107.813045,set1_rep64,dace-llvm,mimalloc,64
newdxx_g,BaO_nat002,64000,18643,16,7,107.918642,set1_rep64,dace-llvm,mimalloc,64
newdxx_g,BaO_nat002,64000,18643,16,8,107.894674,set1_rep64,dace-llvm,mimalloc,64
newdxx_g,BaO_nat002,64000,18643,16,9,108.108811,set1_rep64,dace-llvm,mimalloc,64
newdxx_g,BaO_nat002,64000,18643,16,10,107.912689,set1_rep64,dace-llvm,mimalloc,64
newdxx_g,BaO_nat002,64000,18643,16,11,107.859155,set1_rep64,dace-llvm,mimalloc,64
newdxx_g,BaO_nat002,64000,18643,16,12,107.787222,set1_rep64,dace-llvm,mimalloc,64
newdxx_g,BaO_nat002,64000,18643,16,13,107.785878,set1_rep64,dace-llvm,mimalloc,64
newdxx_g,BaO_nat002,64000,18643,16,14,108.111244,set1_rep64,dace-llvm,mimalloc,64
newdxx_g,BaO_nat002,64000,18643,16,15,107.682329,set1_rep64,dace-llvm,mimalloc,64
newdxx_g,BaO_nat002,64000,18643,16,16,107.724472,set1_rep64,dace-llvm,mimalloc,64
newdxx_g,BaO_nat002,64000,18643,16,17,107.740504,set1_rep64,dace-llvm,mimalloc,64
newdxx_g,BaO_nat002,64000,18643,16,18,108.046414,set1_rep64,dace-llvm,mimalloc,64
newdxx_g,BaO_nat002,64000,18643,16,19,107.739927,set1_rep64,dace-llvm,mimalloc,64
newdxx_g,BaO_nat002,64000,18643,32,0,90.137816,set1_rep64,dace-llvm,mimalloc,64
newdxx_g,BaO_nat002,64000,18643,32,1,90.807842,set1_rep64,dace-llvm,mimalloc,64
newdxx_g,BaO_nat002,64000,18643,32,2,91.103800,set1_rep64,dace-llvm,mimalloc,64
newdxx_g,BaO_nat002,64000,18643,32,3,88.827394,set1_rep64,dace-llvm,mimalloc,64
newdxx_g,BaO_nat002,64000,18643,32,4,90.044507,set1_rep64,dace-llvm,mimalloc,64
newdxx_g,BaO_nat002,64000,18643,32,5,90.041115,set1_rep64,dace-llvm,mimalloc,64
newdxx_g,BaO_nat002,64000,18643,32,6,90.007292,set1_rep64,dace-llvm,mimalloc,64
newdxx_g,BaO_nat002,64000,18643,32,7,90.143768,set1_rep64,dace-llvm,mimalloc,64
newdxx_g,BaO_nat002,64000,18643,32,8,89.943838,set1_rep64,dace-llvm,mimalloc,64
newdxx_g,BaO_nat002,64000,18643,32,9,90.017180,set1_rep64,dace-llvm,mimalloc,64
newdxx_g,BaO_nat002,64000,18643,32,10,89.119002,set1_rep64,dace-llvm,mimalloc,64
newdxx_g,BaO_nat002,64000,18643,32,11,89.666343,set1_rep64,dace-llvm,mimalloc,64
newdxx_g,BaO_nat002,64000,18643,32,12,89.915679,set1_rep64,dace-llvm,mimalloc,64
newdxx_g,BaO_nat002,64000,18643,32,13,89.872064,set1_rep64,dace-llvm,mimalloc,64
newdxx_g,BaO_nat002,64000,18643,32,14,89.670087,set1_rep64,dace-llvm,mimalloc,64
newdxx_g,BaO_nat002,64000,18643,32,15,89.185143,set1_rep64,dace-llvm,mimalloc,64
newdxx_g,BaO_nat002,64000,18643,32,16,89.659784,set1_rep64,dace-llvm,mimalloc,64
newdxx_g,BaO_nat002,64000,18643,32,17,89.010748,set1_rep64,dace-llvm,mimalloc,64
newdxx_g,BaO_nat002,64000,18643,32,18,89.252405,set1_rep64,dace-llvm,mimalloc,64
newdxx_g,BaO_nat002,64000,18643,32,19,89.646440,set1_rep64,dace-llvm,mimalloc,64
newdxx_g,BaO_nat002,64000,18643,64,0,103.458915,set1_rep64,dace-llvm,mimalloc,64
newdxx_g,BaO_nat002,64000,18643,64,1,103.365799,set1_rep64,dace-llvm,mimalloc,64
newdxx_g,BaO_nat002,64000,18643,64,2,103.353319,set1_rep64,dace-llvm,mimalloc,64
newdxx_g,BaO_nat002,64000,18643,64,3,103.151278,set1_rep64,dace-llvm,mimalloc,64
newdxx_g,BaO_nat002,64000,18643,64,4,103.087376,set1_rep64,dace-llvm,mimalloc,64
newdxx_g,BaO_nat002,64000,18643,64,5,103.517378,set1_rep64,dace-llvm,mimalloc,64
newdxx_g,BaO_nat002,64000,18643,64,6,104.262570,set1_rep64,dace-llvm,mimalloc,64
newdxx_g,BaO_nat002,64000,18643,64,7,103.678301,set1_rep64,dace-llvm,mimalloc,64
newdxx_g,BaO_nat002,64000,18643,64,8,103.152686,set1_rep64,dace-llvm,mimalloc,64
newdxx_g,BaO_nat002,64000,18643,64,9,102.542306,set1_rep64,dace-llvm,mimalloc,64
newdxx_g,BaO_nat002,64000,18643,64,10,102.652767,set1_rep64,dace-llvm,mimalloc,64
newdxx_g,BaO_nat002,64000,18643,64,11,103.797881,set1_rep64,dace-llvm,mimalloc,64
newdxx_g,BaO_nat002,64000,18643,64,12,102.916694,set1_rep64,dace-llvm,mimalloc,64
newdxx_g,BaO_nat002,64000,18643,64,13,102.273067,set1_rep64,dace-llvm,mimalloc,64
newdxx_g,BaO_nat002,64000,18643,64,14,102.420934,set1_rep64,dace-llvm,mimalloc,64
newdxx_g,BaO_nat002,64000,18643,64,15,102.670109,set1_rep64,dace-llvm,mimalloc,64
newdxx_g,BaO_nat002,64000,18643,64,16,102.424997,set1_rep64,dace-llvm,mimalloc,64
newdxx_g,BaO_nat002,64000,18643,64,17,102.532514,set1_rep64,dace-llvm,mimalloc,64
newdxx_g,BaO_nat002,64000,18643,64,18,102.202413,set1_rep64,dace-llvm,mimalloc,64
newdxx_g,BaO_nat002,64000,18643,64,19,102.003667,set1_rep64,dace-llvm,mimalloc,64
newdxx_g,BaO_nat002,64000,18643,72,0,104.387813,set1_rep64,dace-llvm,mimalloc,64
newdxx_g,BaO_nat002,64000,18643,72,1,104.689211,set1_rep64,dace-llvm,mimalloc,64
newdxx_g,BaO_nat002,64000,18643,72,2,104.509345,set1_rep64,dace-llvm,mimalloc,64
newdxx_g,BaO_nat002,64000,18643,72,3,104.813016,set1_rep64,dace-llvm,mimalloc,64
newdxx_g,BaO_nat002,64000,18643,72,4,105.033968,set1_rep64,dace-llvm,mimalloc,64
newdxx_g,BaO_nat002,64000,18643,72,5,107.794325,set1_rep64,dace-llvm,mimalloc,64
newdxx_g,BaO_nat002,64000,18643,72,6,104.993906,set1_rep64,dace-llvm,mimalloc,64
newdxx_g,BaO_nat002,64000,18643,72,7,104.879285,set1_rep64,dace-llvm,mimalloc,64
newdxx_g,BaO_nat002,64000,18643,72,8,104.933171,set1_rep64,dace-llvm,mimalloc,64
newdxx_g,BaO_nat002,64000,18643,72,9,104.237963,set1_rep64,dace-llvm,mimalloc,64
newdxx_g,BaO_nat002,64000,18643,72,10,104.063216,set1_rep64,dace-llvm,mimalloc,64
newdxx_g,BaO_nat002,64000,18643,72,11,104.248298,set1_rep64,dace-llvm,mimalloc,64
newdxx_g,BaO_nat002,64000,18643,72,12,104.655549,set1_rep64,dace-llvm,mimalloc,64
newdxx_g,BaO_nat002,64000,18643,72,13,104.799192,set1_rep64,dace-llvm,mimalloc,64
newdxx_g,BaO_nat002,64000,18643,72,14,104.326279,set1_rep64,dace-llvm,mimalloc,64
newdxx_g,BaO_nat002,64000,18643,72,15,104.304872,set1_rep64,dace-llvm,mimalloc,64
newdxx_g,BaO_nat002,64000,18643,72,16,105.558143,set1_rep64,dace-llvm,mimalloc,64
newdxx_g,BaO_nat002,64000,18643,72,17,104.615549,set1_rep64,dace-llvm,mimalloc,64
newdxx_g,BaO_nat002,64000,18643,72,18,104.253797,set1_rep64,dace-llvm,mimalloc,64
newdxx_g,BaO_nat002,64000,18643,72,19,104.356220,set1_rep64,dace-llvm,mimalloc,64
newdxx_g,BaTiO3_nat005,64000,27609,1,0,38.393413,set0,dace-llvm,mimalloc,1
newdxx_g,BaTiO3_nat005,64000,27609,1,1,38.750650,set0,dace-llvm,mimalloc,1
newdxx_g,BaTiO3_nat005,64000,27609,1,2,38.764697,set0,dace-llvm,mimalloc,1
newdxx_g,BaTiO3_nat005,64000,27609,1,3,39.031249,set0,dace-llvm,mimalloc,1
newdxx_g,BaTiO3_nat005,64000,27609,1,4,38.674364,set0,dace-llvm,mimalloc,1
newdxx_g,BaTiO3_nat005,64000,27609,1,5,38.685052,set0,dace-llvm,mimalloc,1
newdxx_g,BaTiO3_nat005,64000,27609,1,6,38.563328,set0,dace-llvm,mimalloc,1
newdxx_g,BaTiO3_nat005,64000,27609,1,7,39.578016,set0,dace-llvm,mimalloc,1
newdxx_g,BaTiO3_nat005,64000,27609,1,8,38.736698,set0,dace-llvm,mimalloc,1
newdxx_g,BaTiO3_nat005,64000,27609,1,9,38.785945,set0,dace-llvm,mimalloc,1
newdxx_g,BaTiO3_nat005,64000,27609,1,10,38.108718,set0,dace-llvm,mimalloc,1
newdxx_g,BaTiO3_nat005,64000,27609,1,11,38.725787,set0,dace-llvm,mimalloc,1
newdxx_g,BaTiO3_nat005,64000,27609,1,12,38.770265,set0,dace-llvm,mimalloc,1
newdxx_g,BaTiO3_nat005,64000,27609,1,13,38.255817,set0,dace-llvm,mimalloc,1
newdxx_g,BaTiO3_nat005,64000,27609,1,14,38.597663,set0,dace-llvm,mimalloc,1
newdxx_g,BaTiO3_nat005,64000,27609,1,15,38.339430,set0,dace-llvm,mimalloc,1
newdxx_g,BaTiO3_nat005,64000,27609,1,16,38.406757,set0,dace-llvm,mimalloc,1
newdxx_g,BaTiO3_nat005,64000,27609,1,17,38.491042,set0,dace-llvm,mimalloc,1
newdxx_g,BaTiO3_nat005,64000,27609,1,18,38.643677,set0,dace-llvm,mimalloc,1
newdxx_g,BaTiO3_nat005,64000,27609,1,19,38.040976,set0,dace-llvm,mimalloc,1
newdxx_g,BaTiO3_nat005,64000,27609,2,0,20.704869,set0,dace-llvm,mimalloc,1
newdxx_g,BaTiO3_nat005,64000,27609,2,1,20.472011,set0,dace-llvm,mimalloc,1
newdxx_g,BaTiO3_nat005,64000,27609,2,2,20.576744,set0,dace-llvm,mimalloc,1
newdxx_g,BaTiO3_nat005,64000,27609,2,3,20.558889,set0,dace-llvm,mimalloc,1
newdxx_g,BaTiO3_nat005,64000,27609,2,4,20.325104,set0,dace-llvm,mimalloc,1
newdxx_g,BaTiO3_nat005,64000,27609,2,5,20.464620,set0,dace-llvm,mimalloc,1
newdxx_g,BaTiO3_nat005,64000,27609,2,6,20.520170,set0,dace-llvm,mimalloc,1
newdxx_g,BaTiO3_nat005,64000,27609,2,7,20.428813,set0,dace-llvm,mimalloc,1
newdxx_g,BaTiO3_nat005,64000,27609,2,8,20.646438,set0,dace-llvm,mimalloc,1
newdxx_g,BaTiO3_nat005,64000,27609,2,9,20.547657,set0,dace-llvm,mimalloc,1
newdxx_g,BaTiO3_nat005,64000,27609,2,10,20.552169,set0,dace-llvm,mimalloc,1
newdxx_g,BaTiO3_nat005,64000,27609,2,11,20.403597,set0,dace-llvm,mimalloc,1
newdxx_g,BaTiO3_nat005,64000,27609,2,12,20.699108,set0,dace-llvm,mimalloc,1
newdxx_g,BaTiO3_nat005,64000,27609,2,13,20.689893,set0,dace-llvm,mimalloc,1
newdxx_g,BaTiO3_nat005,64000,27609,2,14,20.297841,set0,dace-llvm,mimalloc,1
newdxx_g,BaTiO3_nat005,64000,27609,2,15,20.513674,set0,dace-llvm,mimalloc,1
newdxx_g,BaTiO3_nat005,64000,27609,2,16,20.837248,set0,dace-llvm,mimalloc,1
newdxx_g,BaTiO3_nat005,64000,27609,2,17,20.718819,set0,dace-llvm,mimalloc,1
newdxx_g,BaTiO3_nat005,64000,27609,2,18,20.369326,set0,dace-llvm,mimalloc,1
newdxx_g,BaTiO3_nat005,64000,27609,2,19,20.830593,set0,dace-llvm,mimalloc,1
newdxx_g,BaTiO3_nat005,64000,27609,4,0,11.634459,set0,dace-llvm,mimalloc,1
newdxx_g,BaTiO3_nat005,64000,27609,4,1,11.486207,set0,dace-llvm,mimalloc,1
newdxx_g,BaTiO3_nat005,64000,27609,4,2,11.457665,set0,dace-llvm,mimalloc,1
newdxx_g,BaTiO3_nat005,64000,27609,4,3,11.425473,set0,dace-llvm,mimalloc,1
newdxx_g,BaTiO3_nat005,64000,27609,4,4,11.675449,set0,dace-llvm,mimalloc,1
newdxx_g,BaTiO3_nat005,64000,27609,4,5,11.623483,set0,dace-llvm,mimalloc,1
newdxx_g,BaTiO3_nat005,64000,27609,4,6,11.474591,set0,dace-llvm,mimalloc,1
newdxx_g,BaTiO3_nat005,64000,27609,4,7,11.422689,set0,dace-llvm,mimalloc,1
newdxx_g,BaTiO3_nat005,64000,27609,4,8,11.603068,set0,dace-llvm,mimalloc,1
newdxx_g,BaTiO3_nat005,64000,27609,4,9,11.554525,set0,dace-llvm,mimalloc,1
newdxx_g,BaTiO3_nat005,64000,27609,4,10,11.510302,set0,dace-llvm,mimalloc,1
newdxx_g,BaTiO3_nat005,64000,27609,4,11,11.668826,set0,dace-llvm,mimalloc,1
newdxx_g,BaTiO3_nat005,64000,27609,4,12,11.652122,set0,dace-llvm,mimalloc,1
newdxx_g,BaTiO3_nat005,64000,27609,4,13,11.629306,set0,dace-llvm,mimalloc,1
newdxx_g,BaTiO3_nat005,64000,27609,4,14,11.629275,set0,dace-llvm,mimalloc,1
newdxx_g,BaTiO3_nat005,64000,27609,4,15,11.470240,set0,dace-llvm,mimalloc,1
newdxx_g,BaTiO3_nat005,64000,27609,4,16,11.468896,set0,dace-llvm,mimalloc,1
newdxx_g,BaTiO3_nat005,64000,27609,4,17,11.579196,set0,dace-llvm,mimalloc,1
newdxx_g,BaTiO3_nat005,64000,27609,4,18,11.635643,set0,dace-llvm,mimalloc,1
newdxx_g,BaTiO3_nat005,64000,27609,4,19,11.564765,set0,dace-llvm,mimalloc,1
newdxx_g,BaTiO3_nat005,64000,27609,8,0,7.544472,set0,dace-llvm,mimalloc,1
newdxx_g,BaTiO3_nat005,64000,27609,8,1,7.514137,set0,dace-llvm,mimalloc,1
newdxx_g,BaTiO3_nat005,64000,27609,8,2,7.637909,set0,dace-llvm,mimalloc,1
newdxx_g,BaTiO3_nat005,64000,27609,8,3,7.789777,set0,dace-llvm,mimalloc,1
newdxx_g,BaTiO3_nat005,64000,27609,8,4,7.572599,set0,dace-llvm,mimalloc,1
newdxx_g,BaTiO3_nat005,64000,27609,8,5,7.700755,set0,dace-llvm,mimalloc,1
newdxx_g,BaTiO3_nat005,64000,27609,8,6,7.665973,set0,dace-llvm,mimalloc,1
newdxx_g,BaTiO3_nat005,64000,27609,8,7,7.537976,set0,dace-llvm,mimalloc,1
newdxx_g,BaTiO3_nat005,64000,27609,8,8,7.645685,set0,dace-llvm,mimalloc,1
newdxx_g,BaTiO3_nat005,64000,27609,8,9,7.705395,set0,dace-llvm,mimalloc,1
newdxx_g,BaTiO3_nat005,64000,27609,8,10,7.610487,set0,dace-llvm,mimalloc,1
newdxx_g,BaTiO3_nat005,64000,27609,8,11,7.614390,set0,dace-llvm,mimalloc,1
newdxx_g,BaTiO3_nat005,64000,27609,8,12,21.841857,set0,dace-llvm,mimalloc,1
newdxx_g,BaTiO3_nat005,64000,27609,8,13,7.608535,set0,dace-llvm,mimalloc,1
newdxx_g,BaTiO3_nat005,64000,27609,8,14,7.638293,set0,dace-llvm,mimalloc,1
newdxx_g,BaTiO3_nat005,64000,27609,8,15,7.564184,set0,dace-llvm,mimalloc,1
newdxx_g,BaTiO3_nat005,64000,27609,8,16,7.719347,set0,dace-llvm,mimalloc,1
newdxx_g,BaTiO3_nat005,64000,27609,8,17,7.689652,set0,dace-llvm,mimalloc,1
newdxx_g,BaTiO3_nat005,64000,27609,8,18,7.597527,set0,dace-llvm,mimalloc,1
newdxx_g,BaTiO3_nat005,64000,27609,8,19,7.688948,set0,dace-llvm,mimalloc,1
newdxx_g,BaTiO3_nat005,64000,27609,16,0,6.316254,set0,dace-llvm,mimalloc,1
newdxx_g,BaTiO3_nat005,64000,27609,16,1,6.504824,set0,dace-llvm,mimalloc,1
newdxx_g,BaTiO3_nat005,64000,27609,16,2,6.383676,set0,dace-llvm,mimalloc,1
newdxx_g,BaTiO3_nat005,64000,27609,16,3,6.325982,set0,dace-llvm,mimalloc,1
newdxx_g,BaTiO3_nat005,64000,27609,16,4,6.499832,set0,dace-llvm,mimalloc,1
newdxx_g,BaTiO3_nat005,64000,27609,16,5,6.478521,set0,dace-llvm,mimalloc,1
newdxx_g,BaTiO3_nat005,64000,27609,16,6,6.485785,set0,dace-llvm,mimalloc,1
newdxx_g,BaTiO3_nat005,64000,27609,16,7,6.402619,set0,dace-llvm,mimalloc,1
newdxx_g,BaTiO3_nat005,64000,27609,16,8,6.345853,set0,dace-llvm,mimalloc,1
newdxx_g,BaTiO3_nat005,64000,27609,16,9,6.507544,set0,dace-llvm,mimalloc,1
newdxx_g,BaTiO3_nat005,64000,27609,16,10,6.493593,set0,dace-llvm,mimalloc,1
newdxx_g,BaTiO3_nat005,64000,27609,16,11,6.432122,set0,dace-llvm,mimalloc,1
newdxx_g,BaTiO3_nat005,64000,27609,16,12,6.414907,set0,dace-llvm,mimalloc,1
newdxx_g,BaTiO3_nat005,64000,27609,16,13,6.517976,set0,dace-llvm,mimalloc,1
newdxx_g,BaTiO3_nat005,64000,27609,16,14,6.427643,set0,dace-llvm,mimalloc,1
newdxx_g,BaTiO3_nat005,64000,27609,16,15,6.399036,set0,dace-llvm,mimalloc,1
newdxx_g,BaTiO3_nat005,64000,27609,16,16,6.498264,set0,dace-llvm,mimalloc,1
newdxx_g,BaTiO3_nat005,64000,27609,16,17,6.440186,set0,dace-llvm,mimalloc,1
newdxx_g,BaTiO3_nat005,64000,27609,16,18,6.590614,set0,dace-llvm,mimalloc,1
newdxx_g,BaTiO3_nat005,64000,27609,16,19,6.539575,set0,dace-llvm,mimalloc,1
newdxx_g,BaTiO3_nat005,64000,27609,32,0,5.288446,set0,dace-llvm,mimalloc,1
newdxx_g,BaTiO3_nat005,64000,27609,32,1,5.393530,set0,dace-llvm,mimalloc,1
newdxx_g,BaTiO3_nat005,64000,27609,32,2,5.325596,set0,dace-llvm,mimalloc,1
newdxx_g,BaTiO3_nat005,64000,27609,32,3,5.347131,set0,dace-llvm,mimalloc,1
newdxx_g,BaTiO3_nat005,64000,27609,32,4,5.377915,set0,dace-llvm,mimalloc,1
newdxx_g,BaTiO3_nat005,64000,27609,32,5,5.400378,set0,dace-llvm,mimalloc,1
newdxx_g,BaTiO3_nat005,64000,27609,32,6,5.322716,set0,dace-llvm,mimalloc,1
newdxx_g,BaTiO3_nat005,64000,27609,32,7,5.329340,set0,dace-llvm,mimalloc,1
newdxx_g,BaTiO3_nat005,64000,27609,32,8,5.314685,set0,dace-llvm,mimalloc,1
newdxx_g,BaTiO3_nat005,64000,27609,32,9,5.409594,set0,dace-llvm,mimalloc,1
newdxx_g,BaTiO3_nat005,64000,27609,32,10,5.414937,set0,dace-llvm,mimalloc,1
newdxx_g,BaTiO3_nat005,64000,27609,32,11,5.357787,set0,dace-llvm,mimalloc,1
newdxx_g,BaTiO3_nat005,64000,27609,32,12,5.475544,set0,dace-llvm,mimalloc,1
newdxx_g,BaTiO3_nat005,64000,27609,32,13,5.325021,set0,dace-llvm,mimalloc,1
newdxx_g,BaTiO3_nat005,64000,27609,32,14,5.304861,set0,dace-llvm,mimalloc,1
newdxx_g,BaTiO3_nat005,64000,27609,32,15,5.308957,set0,dace-llvm,mimalloc,1
newdxx_g,BaTiO3_nat005,64000,27609,32,16,5.394779,set0,dace-llvm,mimalloc,1
newdxx_g,BaTiO3_nat005,64000,27609,32,17,5.312637,set0,dace-llvm,mimalloc,1
newdxx_g,BaTiO3_nat005,64000,27609,32,18,5.343932,set0,dace-llvm,mimalloc,1
newdxx_g,BaTiO3_nat005,64000,27609,32,19,5.304670,set0,dace-llvm,mimalloc,1
newdxx_g,BaTiO3_nat005,64000,27609,64,0,5.989959,set0,dace-llvm,mimalloc,1
newdxx_g,BaTiO3_nat005,64000,27609,64,1,6.179490,set0,dace-llvm,mimalloc,1
newdxx_g,BaTiO3_nat005,64000,27609,64,2,5.992841,set0,dace-llvm,mimalloc,1
newdxx_g,BaTiO3_nat005,64000,27609,64,3,5.892395,set0,dace-llvm,mimalloc,1
newdxx_g,BaTiO3_nat005,64000,27609,64,4,6.018503,set0,dace-llvm,mimalloc,1
newdxx_g,BaTiO3_nat005,64000,27609,64,5,5.983944,set0,dace-llvm,mimalloc,1
newdxx_g,BaTiO3_nat005,64000,27609,64,6,5.928266,set0,dace-llvm,mimalloc,1
newdxx_g,BaTiO3_nat005,64000,27609,64,7,5.886060,set0,dace-llvm,mimalloc,1
newdxx_g,BaTiO3_nat005,64000,27609,64,8,5.926666,set0,dace-llvm,mimalloc,1
newdxx_g,BaTiO3_nat005,64000,27609,64,9,5.907018,set0,dace-llvm,mimalloc,1
newdxx_g,BaTiO3_nat005,64000,27609,64,10,5.894284,set0,dace-llvm,mimalloc,1
newdxx_g,BaTiO3_nat005,64000,27609,64,11,6.021671,set0,dace-llvm,mimalloc,1
newdxx_g,BaTiO3_nat005,64000,27609,64,12,6.075750,set0,dace-llvm,mimalloc,1
newdxx_g,BaTiO3_nat005,64000,27609,64,13,5.901642,set0,dace-llvm,mimalloc,1
newdxx_g,BaTiO3_nat005,64000,27609,64,14,5.910570,set0,dace-llvm,mimalloc,1
newdxx_g,BaTiO3_nat005,64000,27609,64,15,5.907018,set0,dace-llvm,mimalloc,1
newdxx_g,BaTiO3_nat005,64000,27609,64,16,5.932746,set0,dace-llvm,mimalloc,1
newdxx_g,BaTiO3_nat005,64000,27609,64,17,5.980648,set0,dace-llvm,mimalloc,1
newdxx_g,BaTiO3_nat005,64000,27609,64,18,5.974889,set0,dace-llvm,mimalloc,1
newdxx_g,BaTiO3_nat005,64000,27609,64,19,5.967721,set0,dace-llvm,mimalloc,1
newdxx_g,BaTiO3_nat005,64000,27609,72,0,6.206427,set0,dace-llvm,mimalloc,1
newdxx_g,BaTiO3_nat005,64000,27609,72,1,6.266425,set0,dace-llvm,mimalloc,1
newdxx_g,BaTiO3_nat005,64000,27609,72,2,6.058816,set0,dace-llvm,mimalloc,1
newdxx_g,BaTiO3_nat005,64000,27609,72,3,6.092318,set0,dace-llvm,mimalloc,1
newdxx_g,BaTiO3_nat005,64000,27609,72,4,6.194524,set0,dace-llvm,mimalloc,1
newdxx_g,BaTiO3_nat005,64000,27609,72,5,6.164061,set0,dace-llvm,mimalloc,1
newdxx_g,BaTiO3_nat005,64000,27609,72,6,6.346775,set0,dace-llvm,mimalloc,1
newdxx_g,BaTiO3_nat005,64000,27609,72,7,6.197691,set0,dace-llvm,mimalloc,1
newdxx_g,BaTiO3_nat005,64000,27609,72,8,6.142205,set0,dace-llvm,mimalloc,1
newdxx_g,BaTiO3_nat005,64000,27609,72,9,6.089374,set0,dace-llvm,mimalloc,1
newdxx_g,BaTiO3_nat005,64000,27609,72,10,6.102783,set0,dace-llvm,mimalloc,1
newdxx_g,BaTiO3_nat005,64000,27609,72,11,6.131998,set0,dace-llvm,mimalloc,1
newdxx_g,BaTiO3_nat005,64000,27609,72,12,6.377397,set0,dace-llvm,mimalloc,1
newdxx_g,BaTiO3_nat005,64000,27609,72,13,6.215387,set0,dace-llvm,mimalloc,1
newdxx_g,BaTiO3_nat005,64000,27609,72,14,6.287225,set0,dace-llvm,mimalloc,1
newdxx_g,BaTiO3_nat005,64000,27609,72,15,6.148925,set0,dace-llvm,mimalloc,1
newdxx_g,BaTiO3_nat005,64000,27609,72,16,6.183516,set0,dace-llvm,mimalloc,1
newdxx_g,BaTiO3_nat005,64000,27609,72,17,6.204571,set0,dace-llvm,mimalloc,1
newdxx_g,BaTiO3_nat005,64000,27609,72,18,6.112734,set0,dace-llvm,mimalloc,1
newdxx_g,BaTiO3_nat005,64000,27609,72,19,6.157629,set0,dace-llvm,mimalloc,1
newdxx_g,BaTiO3_nat005,64000,27609,1,0,1955.645176,set0_rep64,dace-llvm,mimalloc,64
newdxx_g,BaTiO3_nat005,64000,27609,1,1,1955.490493,set0_rep64,dace-llvm,mimalloc,64
newdxx_g,BaTiO3_nat005,64000,27609,1,2,1956.124169,set0_rep64,dace-llvm,mimalloc,64
newdxx_g,BaTiO3_nat005,64000,27609,1,3,1956.050251,set0_rep64,dace-llvm,mimalloc,64
newdxx_g,BaTiO3_nat005,64000,27609,1,4,1955.659928,set0_rep64,dace-llvm,mimalloc,64
newdxx_g,BaTiO3_nat005,64000,27609,1,5,1956.285348,set0_rep64,dace-llvm,mimalloc,64
newdxx_g,BaTiO3_nat005,64000,27609,1,6,1954.686262,set0_rep64,dace-llvm,mimalloc,64
newdxx_g,BaTiO3_nat005,64000,27609,1,7,1955.436351,set0_rep64,dace-llvm,mimalloc,64
newdxx_g,BaTiO3_nat005,64000,27609,1,8,1955.977006,set0_rep64,dace-llvm,mimalloc,64
newdxx_g,BaTiO3_nat005,64000,27609,1,9,1956.156968,set0_rep64,dace-llvm,mimalloc,64
newdxx_g,BaTiO3_nat005,64000,27609,1,10,1969.243497,set0_rep64,dace-llvm,mimalloc,64
newdxx_g,BaTiO3_nat005,64000,27609,1,11,1958.312259,set0_rep64,dace-llvm,mimalloc,64
newdxx_g,BaTiO3_nat005,64000,27609,1,12,1955.888721,set0_rep64,dace-llvm,mimalloc,64
newdxx_g,BaTiO3_nat005,64000,27609,1,13,1974.217835,set0_rep64,dace-llvm,mimalloc,64
newdxx_g,BaTiO3_nat005,64000,27609,1,14,1955.174983,set0_rep64,dace-llvm,mimalloc,64
newdxx_g,BaTiO3_nat005,64000,27609,1,15,1954.861040,set0_rep64,dace-llvm,mimalloc,64
newdxx_g,BaTiO3_nat005,64000,27609,1,16,1955.614073,set0_rep64,dace-llvm,mimalloc,64
newdxx_g,BaTiO3_nat005,64000,27609,1,17,1956.224581,set0_rep64,dace-llvm,mimalloc,64
newdxx_g,BaTiO3_nat005,64000,27609,1,18,1956.835475,set0_rep64,dace-llvm,mimalloc,64
newdxx_g,BaTiO3_nat005,64000,27609,1,19,1956.759445,set0_rep64,dace-llvm,mimalloc,64
newdxx_g,BaTiO3_nat005,64000,27609,2,0,1072.666005,set0_rep64,dace-llvm,mimalloc,64
newdxx_g,BaTiO3_nat005,64000,27609,2,1,1072.696308,set0_rep64,dace-llvm,mimalloc,64
newdxx_g,BaTiO3_nat005,64000,27609,2,2,1072.720343,set0_rep64,dace-llvm,mimalloc,64
newdxx_g,BaTiO3_nat005,64000,27609,2,3,1098.815811,set0_rep64,dace-llvm,mimalloc,64
newdxx_g,BaTiO3_nat005,64000,27609,2,4,1073.024566,set0_rep64,dace-llvm,mimalloc,64
newdxx_g,BaTiO3_nat005,64000,27609,2,5,1072.161746,set0_rep64,dace-llvm,mimalloc,64
newdxx_g,BaTiO3_nat005,64000,27609,2,6,1072.398474,set0_rep64,dace-llvm,mimalloc,64
newdxx_g,BaTiO3_nat005,64000,27609,2,7,1072.545829,set0_rep64,dace-llvm,mimalloc,64
newdxx_g,BaTiO3_nat005,64000,27609,2,8,1090.150262,set0_rep64,dace-llvm,mimalloc,64
newdxx_g,BaTiO3_nat005,64000,27609,2,9,1074.083028,set0_rep64,dace-llvm,mimalloc,64
newdxx_g,BaTiO3_nat005,64000,27609,2,10,1072.268974,set0_rep64,dace-llvm,mimalloc,64
newdxx_g,BaTiO3_nat005,64000,27609,2,11,1073.197841,set0_rep64,dace-llvm,mimalloc,64
newdxx_g,BaTiO3_nat005,64000,27609,2,12,1072.452968,set0_rep64,dace-llvm,mimalloc,64
newdxx_g,BaTiO3_nat005,64000,27609,2,13,1072.564612,set0_rep64,dace-llvm,mimalloc,64
newdxx_g,BaTiO3_nat005,64000,27609,2,14,1072.130482,set0_rep64,dace-llvm,mimalloc,64
newdxx_g,BaTiO3_nat005,64000,27609,2,15,1072.023926,set0_rep64,dace-llvm,mimalloc,64
newdxx_g,BaTiO3_nat005,64000,27609,2,16,1072.478791,set0_rep64,dace-llvm,mimalloc,64
newdxx_g,BaTiO3_nat005,64000,27609,2,17,1074.023734,set0_rep64,dace-llvm,mimalloc,64
newdxx_g,BaTiO3_nat005,64000,27609,2,18,1074.726400,set0_rep64,dace-llvm,mimalloc,64
newdxx_g,BaTiO3_nat005,64000,27609,2,19,1073.277134,set0_rep64,dace-llvm,mimalloc,64
newdxx_g,BaTiO3_nat005,64000,27609,4,0,618.324068,set0_rep64,dace-llvm,mimalloc,64
newdxx_g,BaTiO3_nat005,64000,27609,4,1,618.237318,set0_rep64,dace-llvm,mimalloc,64
newdxx_g,BaTiO3_nat005,64000,27609,4,2,617.754102,set0_rep64,dace-llvm,mimalloc,64
newdxx_g,BaTiO3_nat005,64000,27609,4,3,618.459487,set0_rep64,dace-llvm,mimalloc,64
newdxx_g,BaTiO3_nat005,64000,27609,4,4,618.771125,set0_rep64,dace-llvm,mimalloc,64
newdxx_g,BaTiO3_nat005,64000,27609,4,5,618.342755,set0_rep64,dace-llvm,mimalloc,64
newdxx_g,BaTiO3_nat005,64000,27609,4,6,618.996143,set0_rep64,dace-llvm,mimalloc,64
newdxx_g,BaTiO3_nat005,64000,27609,4,7,619.177897,set0_rep64,dace-llvm,mimalloc,64
newdxx_g,BaTiO3_nat005,64000,27609,4,8,619.066924,set0_rep64,dace-llvm,mimalloc,64
newdxx_g,BaTiO3_nat005,64000,27609,4,9,631.914324,set0_rep64,dace-llvm,mimalloc,64
newdxx_g,BaTiO3_nat005,64000,27609,4,10,617.667449,set0_rep64,dace-llvm,mimalloc,64
newdxx_g,BaTiO3_nat005,64000,27609,4,11,617.307716,set0_rep64,dace-llvm,mimalloc,64
newdxx_g,BaTiO3_nat005,64000,27609,4,12,618.400162,set0_rep64,dace-llvm,mimalloc,64
newdxx_g,BaTiO3_nat005,64000,27609,4,13,618.112971,set0_rep64,dace-llvm,mimalloc,64
newdxx_g,BaTiO3_nat005,64000,27609,4,14,632.683356,set0_rep64,dace-llvm,mimalloc,64
newdxx_g,BaTiO3_nat005,64000,27609,4,15,619.152874,set0_rep64,dace-llvm,mimalloc,64
newdxx_g,BaTiO3_nat005,64000,27609,4,16,618.716215,set0_rep64,dace-llvm,mimalloc,64
newdxx_g,BaTiO3_nat005,64000,27609,4,17,619.440961,set0_rep64,dace-llvm,mimalloc,64
newdxx_g,BaTiO3_nat005,64000,27609,4,18,630.202123,set0_rep64,dace-llvm,mimalloc,64
newdxx_g,BaTiO3_nat005,64000,27609,4,19,626.890420,set0_rep64,dace-llvm,mimalloc,64
newdxx_g,BaTiO3_nat005,64000,27609,8,0,447.108324,set0_rep64,dace-llvm,mimalloc,64
newdxx_g,BaTiO3_nat005,64000,27609,8,1,447.131939,set0_rep64,dace-llvm,mimalloc,64
newdxx_g,BaTiO3_nat005,64000,27609,8,2,446.550549,set0_rep64,dace-llvm,mimalloc,64
newdxx_g,BaTiO3_nat005,64000,27609,8,3,446.510423,set0_rep64,dace-llvm,mimalloc,64
newdxx_g,BaTiO3_nat005,64000,27609,8,4,447.571252,set0_rep64,dace-llvm,mimalloc,64
newdxx_g,BaTiO3_nat005,64000,27609,8,5,446.623283,set0_rep64,dace-llvm,mimalloc,64
newdxx_g,BaTiO3_nat005,64000,27609,8,6,447.188289,set0_rep64,dace-llvm,mimalloc,64
newdxx_g,BaTiO3_nat005,64000,27609,8,7,448.993959,set0_rep64,dace-llvm,mimalloc,64
newdxx_g,BaTiO3_nat005,64000,27609,8,8,447.644851,set0_rep64,dace-llvm,mimalloc,64
newdxx_g,BaTiO3_nat005,64000,27609,8,9,449.004135,set0_rep64,dace-llvm,mimalloc,64
newdxx_g,BaTiO3_nat005,64000,27609,8,10,446.768622,set0_rep64,dace-llvm,mimalloc,64
newdxx_g,BaTiO3_nat005,64000,27609,8,11,447.375739,set0_rep64,dace-llvm,mimalloc,64
newdxx_g,BaTiO3_nat005,64000,27609,8,12,446.825997,set0_rep64,dace-llvm,mimalloc,64
newdxx_g,BaTiO3_nat005,64000,27609,8,13,460.859471,set0_rep64,dace-llvm,mimalloc,64
newdxx_g,BaTiO3_nat005,64000,27609,8,14,446.377274,set0_rep64,dace-llvm,mimalloc,64
newdxx_g,BaTiO3_nat005,64000,27609,8,15,447.416730,set0_rep64,dace-llvm,mimalloc,64
newdxx_g,BaTiO3_nat005,64000,27609,8,16,446.834636,set0_rep64,dace-llvm,mimalloc,64
newdxx_g,BaTiO3_nat005,64000,27609,8,17,447.452121,set0_rep64,dace-llvm,mimalloc,64
newdxx_g,BaTiO3_nat005,64000,27609,8,18,446.973896,set0_rep64,dace-llvm,mimalloc,64
newdxx_g,BaTiO3_nat005,64000,27609,8,19,447.213504,set0_rep64,dace-llvm,mimalloc,64
newdxx_g,BaTiO3_nat005,64000,27609,16,0,385.242737,set0_rep64,dace-llvm,mimalloc,64
newdxx_g,BaTiO3_nat005,64000,27609,16,1,384.742337,set0_rep64,dace-llvm,mimalloc,64
newdxx_g,BaTiO3_nat005,64000,27609,16,2,384.854301,set0_rep64,dace-llvm,mimalloc,64
newdxx_g,BaTiO3_nat005,64000,27609,16,3,385.760737,set0_rep64,dace-llvm,mimalloc,64
newdxx_g,BaTiO3_nat005,64000,27609,16,4,385.006680,set0_rep64,dace-llvm,mimalloc,64
newdxx_g,BaTiO3_nat005,64000,27609,16,5,385.159667,set0_rep64,dace-llvm,mimalloc,64
newdxx_g,BaTiO3_nat005,64000,27609,16,6,385.022008,set0_rep64,dace-llvm,mimalloc,64
newdxx_g,BaTiO3_nat005,64000,27609,16,7,385.693667,set0_rep64,dace-llvm,mimalloc,64
newdxx_g,BaTiO3_nat005,64000,27609,16,8,385.546247,set0_rep64,dace-llvm,mimalloc,64
newdxx_g,BaTiO3_nat005,64000,27609,16,9,384.877949,set0_rep64,dace-llvm,mimalloc,64
newdxx_g,BaTiO3_nat005,64000,27609,16,10,397.828385,set0_rep64,dace-llvm,mimalloc,64
newdxx_g,BaTiO3_nat005,64000,27609,16,11,385.138740,set0_rep64,dace-llvm,mimalloc,64
newdxx_g,BaTiO3_nat005,64000,27609,16,12,386.018968,set0_rep64,dace-llvm,mimalloc,64
newdxx_g,BaTiO3_nat005,64000,27609,16,13,384.803551,set0_rep64,dace-llvm,mimalloc,64
newdxx_g,BaTiO3_nat005,64000,27609,16,14,384.905179,set0_rep64,dace-llvm,mimalloc,64
newdxx_g,BaTiO3_nat005,64000,27609,16,15,385.473930,set0_rep64,dace-llvm,mimalloc,64
newdxx_g,BaTiO3_nat005,64000,27609,16,16,385.198194,set0_rep64,dace-llvm,mimalloc,64
newdxx_g,BaTiO3_nat005,64000,27609,16,17,386.323087,set0_rep64,dace-llvm,mimalloc,64
newdxx_g,BaTiO3_nat005,64000,27609,16,18,399.708404,set0_rep64,dace-llvm,mimalloc,64
newdxx_g,BaTiO3_nat005,64000,27609,16,19,385.598834,set0_rep64,dace-llvm,mimalloc,64
newdxx_g,BaTiO3_nat005,64000,27609,32,0,325.925726,set0_rep64,dace-llvm,mimalloc,64
newdxx_g,BaTiO3_nat005,64000,27609,32,1,325.444333,set0_rep64,dace-llvm,mimalloc,64
newdxx_g,BaTiO3_nat005,64000,27609,32,2,327.264850,set0_rep64,dace-llvm,mimalloc,64
newdxx_g,BaTiO3_nat005,64000,27609,32,3,324.969500,set0_rep64,dace-llvm,mimalloc,64
newdxx_g,BaTiO3_nat005,64000,27609,32,4,325.432173,set0_rep64,dace-llvm,mimalloc,64
newdxx_g,BaTiO3_nat005,64000,27609,32,5,326.101623,set0_rep64,dace-llvm,mimalloc,64
newdxx_g,BaTiO3_nat005,64000,27609,32,6,325.513354,set0_rep64,dace-llvm,mimalloc,64
newdxx_g,BaTiO3_nat005,64000,27609,32,7,325.771522,set0_rep64,dace-llvm,mimalloc,64
newdxx_g,BaTiO3_nat005,64000,27609,32,8,326.244595,set0_rep64,dace-llvm,mimalloc,64
newdxx_g,BaTiO3_nat005,64000,27609,32,9,326.305905,set0_rep64,dace-llvm,mimalloc,64
newdxx_g,BaTiO3_nat005,64000,27609,32,10,326.306450,set0_rep64,dace-llvm,mimalloc,64
newdxx_g,BaTiO3_nat005,64000,27609,32,11,326.502475,set0_rep64,dace-llvm,mimalloc,64
newdxx_g,BaTiO3_nat005,64000,27609,32,12,326.008986,set0_rep64,dace-llvm,mimalloc,64
newdxx_g,BaTiO3_nat005,64000,27609,32,13,326.345967,set0_rep64,dace-llvm,mimalloc,64
newdxx_g,BaTiO3_nat005,64000,27609,32,14,325.997498,set0_rep64,dace-llvm,mimalloc,64
newdxx_g,BaTiO3_nat005,64000,27609,32,15,326.147574,set0_rep64,dace-llvm,mimalloc,64
newdxx_g,BaTiO3_nat005,64000,27609,32,16,326.675590,set0_rep64,dace-llvm,mimalloc,64
newdxx_g,BaTiO3_nat005,64000,27609,32,17,325.307249,set0_rep64,dace-llvm,mimalloc,64
newdxx_g,BaTiO3_nat005,64000,27609,32,18,325.651078,set0_rep64,dace-llvm,mimalloc,64
newdxx_g,BaTiO3_nat005,64000,27609,32,19,326.850816,set0_rep64,dace-llvm,mimalloc,64
newdxx_g,BaTiO3_nat005,64000,27609,64,0,359.315127,set0_rep64,dace-llvm,mimalloc,64
newdxx_g,BaTiO3_nat005,64000,27609,64,1,359.574830,set0_rep64,dace-llvm,mimalloc,64
newdxx_g,BaTiO3_nat005,64000,27609,64,2,359.231322,set0_rep64,dace-llvm,mimalloc,64
newdxx_g,BaTiO3_nat005,64000,27609,64,3,359.175387,set0_rep64,dace-llvm,mimalloc,64
newdxx_g,BaTiO3_nat005,64000,27609,64,4,359.222618,set0_rep64,dace-llvm,mimalloc,64
newdxx_g,BaTiO3_nat005,64000,27609,64,5,358.378101,set0_rep64,dace-llvm,mimalloc,64
newdxx_g,BaTiO3_nat005,64000,27609,64,6,358.828678,set0_rep64,dace-llvm,mimalloc,64
newdxx_g,BaTiO3_nat005,64000,27609,64,7,358.737737,set0_rep64,dace-llvm,mimalloc,64
newdxx_g,BaTiO3_nat005,64000,27609,64,8,359.019840,set0_rep64,dace-llvm,mimalloc,64
newdxx_g,BaTiO3_nat005,64000,27609,64,9,358.089502,set0_rep64,dace-llvm,mimalloc,64
newdxx_g,BaTiO3_nat005,64000,27609,64,10,359.511729,set0_rep64,dace-llvm,mimalloc,64
newdxx_g,BaTiO3_nat005,64000,27609,64,11,359.081566,set0_rep64,dace-llvm,mimalloc,64
newdxx_g,BaTiO3_nat005,64000,27609,64,12,358.429747,set0_rep64,dace-llvm,mimalloc,64
newdxx_g,BaTiO3_nat005,64000,27609,64,13,358.406836,set0_rep64,dace-llvm,mimalloc,64
newdxx_g,BaTiO3_nat005,64000,27609,64,14,358.971874,set0_rep64,dace-llvm,mimalloc,64
newdxx_g,BaTiO3_nat005,64000,27609,64,15,358.287319,set0_rep64,dace-llvm,mimalloc,64
newdxx_g,BaTiO3_nat005,64000,27609,64,16,358.370805,set0_rep64,dace-llvm,mimalloc,64
newdxx_g,BaTiO3_nat005,64000,27609,64,17,359.757897,set0_rep64,dace-llvm,mimalloc,64
newdxx_g,BaTiO3_nat005,64000,27609,64,18,360.157724,set0_rep64,dace-llvm,mimalloc,64
newdxx_g,BaTiO3_nat005,64000,27609,64,19,358.059102,set0_rep64,dace-llvm,mimalloc,64
newdxx_g,BaTiO3_nat005,64000,27609,72,0,370.926725,set0_rep64,dace-llvm,mimalloc,64
newdxx_g,BaTiO3_nat005,64000,27609,72,1,370.504243,set0_rep64,dace-llvm,mimalloc,64
newdxx_g,BaTiO3_nat005,64000,27609,72,2,370.682317,set0_rep64,dace-llvm,mimalloc,64
newdxx_g,BaTiO3_nat005,64000,27609,72,3,388.017061,set0_rep64,dace-llvm,mimalloc,64
newdxx_g,BaTiO3_nat005,64000,27609,72,4,370.082465,set0_rep64,dace-llvm,mimalloc,64
newdxx_g,BaTiO3_nat005,64000,27609,72,5,370.116191,set0_rep64,dace-llvm,mimalloc,64
newdxx_g,BaTiO3_nat005,64000,27609,72,6,371.173917,set0_rep64,dace-llvm,mimalloc,64
newdxx_g,BaTiO3_nat005,64000,27609,72,7,370.601872,set0_rep64,dace-llvm,mimalloc,64
newdxx_g,BaTiO3_nat005,64000,27609,72,8,398.666194,set0_rep64,dace-llvm,mimalloc,64
newdxx_g,BaTiO3_nat005,64000,27609,72,9,370.511027,set0_rep64,dace-llvm,mimalloc,64
newdxx_g,BaTiO3_nat005,64000,27609,72,10,370.395447,set0_rep64,dace-llvm,mimalloc,64
newdxx_g,BaTiO3_nat005,64000,27609,72,11,369.916933,set0_rep64,dace-llvm,mimalloc,64
newdxx_g,BaTiO3_nat005,64000,27609,72,12,370.951492,set0_rep64,dace-llvm,mimalloc,64
newdxx_g,BaTiO3_nat005,64000,27609,72,13,370.025122,set0_rep64,dace-llvm,mimalloc,64
newdxx_g,BaTiO3_nat005,64000,27609,72,14,373.027522,set0_rep64,dace-llvm,mimalloc,64
newdxx_g,BaTiO3_nat005,64000,27609,72,15,369.773226,set0_rep64,dace-llvm,mimalloc,64
newdxx_g,BaTiO3_nat005,64000,27609,72,16,369.679821,set0_rep64,dace-llvm,mimalloc,64
newdxx_g,BaTiO3_nat005,64000,27609,72,17,370.218779,set0_rep64,dace-llvm,mimalloc,64
newdxx_g,BaTiO3_nat005,64000,27609,72,18,369.650766,set0_rep64,dace-llvm,mimalloc,64
newdxx_g,BaTiO3_nat005,64000,27609,72,19,373.143647,set0_rep64,dace-llvm,mimalloc,64
newdxx_g,BaTiO3_nat005,64000,27609,1,0,38.391770,set1,dace-llvm,mimalloc,1
newdxx_g,BaTiO3_nat005,64000,27609,1,1,38.057285,set1,dace-llvm,mimalloc,1
newdxx_g,BaTiO3_nat005,64000,27609,1,2,38.606196,set1,dace-llvm,mimalloc,1
newdxx_g,BaTiO3_nat005,64000,27609,1,3,38.199488,set1,dace-llvm,mimalloc,1
newdxx_g,BaTiO3_nat005,64000,27609,1,4,38.456569,set1,dace-llvm,mimalloc,1
newdxx_g,BaTiO3_nat005,64000,27609,1,5,38.102691,set1,dace-llvm,mimalloc,1
newdxx_g,BaTiO3_nat005,64000,27609,1,6,38.476919,set1,dace-llvm,mimalloc,1
newdxx_g,BaTiO3_nat005,64000,27609,1,7,38.058725,set1,dace-llvm,mimalloc,1
newdxx_g,BaTiO3_nat005,64000,27609,1,8,38.672369,set1,dace-llvm,mimalloc,1
newdxx_g,BaTiO3_nat005,64000,27609,1,9,38.321244,set1,dace-llvm,mimalloc,1
newdxx_g,BaTiO3_nat005,64000,27609,1,10,37.642482,set1,dace-llvm,mimalloc,1
newdxx_g,BaTiO3_nat005,64000,27609,1,11,37.594900,set1,dace-llvm,mimalloc,1
newdxx_g,BaTiO3_nat005,64000,27609,1,12,38.235615,set1,dace-llvm,mimalloc,1
newdxx_g,BaTiO3_nat005,64000,27609,1,13,38.108003,set1,dace-llvm,mimalloc,1
newdxx_g,BaTiO3_nat005,64000,27609,1,14,37.699057,set1,dace-llvm,mimalloc,1
newdxx_g,BaTiO3_nat005,64000,27609,1,15,38.229920,set1,dace-llvm,mimalloc,1
newdxx_g,BaTiO3_nat005,64000,27609,1,16,38.090788,set1,dace-llvm,mimalloc,1
newdxx_g,BaTiO3_nat005,64000,27609,1,17,37.568692,set1,dace-llvm,mimalloc,1
newdxx_g,BaTiO3_nat005,64000,27609,1,18,38.220799,set1,dace-llvm,mimalloc,1
newdxx_g,BaTiO3_nat005,64000,27609,1,19,37.906858,set1,dace-llvm,mimalloc,1
newdxx_g,BaTiO3_nat005,64000,27609,2,0,20.569585,set1,dace-llvm,mimalloc,1
newdxx_g,BaTiO3_nat005,64000,27609,2,1,20.559345,set1,dace-llvm,mimalloc,1
newdxx_g,BaTiO3_nat005,64000,27609,2,2,20.313242,set1,dace-llvm,mimalloc,1
newdxx_g,BaTiO3_nat005,64000,27609,2,3,20.424631,set1,dace-llvm,mimalloc,1
newdxx_g,BaTiO3_nat005,64000,27609,2,4,20.350040,set1,dace-llvm,mimalloc,1
newdxx_g,BaTiO3_nat005,64000,27609,2,5,20.320569,set1,dace-llvm,mimalloc,1
newdxx_g,BaTiO3_nat005,64000,27609,2,6,20.386616,set1,dace-llvm,mimalloc,1
newdxx_g,BaTiO3_nat005,64000,27609,2,7,20.554482,set1,dace-llvm,mimalloc,1
newdxx_g,BaTiO3_nat005,64000,27609,2,8,20.328889,set1,dace-llvm,mimalloc,1
newdxx_g,BaTiO3_nat005,64000,27609,2,9,20.509268,set1,dace-llvm,mimalloc,1
newdxx_g,BaTiO3_nat005,64000,27609,2,10,20.523667,set1,dace-llvm,mimalloc,1
newdxx_g,BaTiO3_nat005,64000,27609,2,11,20.280090,set1,dace-llvm,mimalloc,1
newdxx_g,BaTiO3_nat005,64000,27609,2,12,20.357688,set1,dace-llvm,mimalloc,1
newdxx_g,BaTiO3_nat005,64000,27609,2,13,20.205565,set1,dace-llvm,mimalloc,1
newdxx_g,BaTiO3_nat005,64000,27609,2,14,20.397239,set1,dace-llvm,mimalloc,1
newdxx_g,BaTiO3_nat005,64000,27609,2,15,20.294011,set1,dace-llvm,mimalloc,1
newdxx_g,BaTiO3_nat005,64000,27609,2,16,20.490228,set1,dace-llvm,mimalloc,1
newdxx_g,BaTiO3_nat005,64000,27609,2,17,20.451445,set1,dace-llvm,mimalloc,1
newdxx_g,BaTiO3_nat005,64000,27609,2,18,20.152543,set1,dace-llvm,mimalloc,1
newdxx_g,BaTiO3_nat005,64000,27609,2,19,20.209373,set1,dace-llvm,mimalloc,1
newdxx_g,BaTiO3_nat005,64000,27609,4,0,11.250842,set1,dace-llvm,mimalloc,1
newdxx_g,BaTiO3_nat005,64000,27609,4,1,11.349528,set1,dace-llvm,mimalloc,1
newdxx_g,BaTiO3_nat005,64000,27609,4,2,11.348726,set1,dace-llvm,mimalloc,1
newdxx_g,BaTiO3_nat005,64000,27609,4,3,11.301400,set1,dace-llvm,mimalloc,1
newdxx_g,BaTiO3_nat005,64000,27609,4,4,11.514417,set1,dace-llvm,mimalloc,1
newdxx_g,BaTiO3_nat005,64000,27609,4,5,11.300985,set1,dace-llvm,mimalloc,1
newdxx_g,BaTiO3_nat005,64000,27609,4,6,11.214299,set1,dace-llvm,mimalloc,1
newdxx_g,BaTiO3_nat005,64000,27609,4,7,11.321495,set1,dace-llvm,mimalloc,1
newdxx_g,BaTiO3_nat005,64000,27609,4,8,11.354134,set1,dace-llvm,mimalloc,1
newdxx_g,BaTiO3_nat005,64000,27609,4,9,11.380887,set1,dace-llvm,mimalloc,1
newdxx_g,BaTiO3_nat005,64000,27609,4,10,11.602446,set1,dace-llvm,mimalloc,1
newdxx_g,BaTiO3_nat005,64000,27609,4,11,11.445492,set1,dace-llvm,mimalloc,1
newdxx_g,BaTiO3_nat005,64000,27609,4,12,11.457555,set1,dace-llvm,mimalloc,1
newdxx_g,BaTiO3_nat005,64000,27609,4,13,11.435125,set1,dace-llvm,mimalloc,1
newdxx_g,BaTiO3_nat005,64000,27609,4,14,11.534737,set1,dace-llvm,mimalloc,1
newdxx_g,BaTiO3_nat005,64000,27609,4,15,11.323640,set1,dace-llvm,mimalloc,1
newdxx_g,BaTiO3_nat005,64000,27609,4,16,11.412149,set1,dace-llvm,mimalloc,1
newdxx_g,BaTiO3_nat005,64000,27609,4,17,11.445652,set1,dace-llvm,mimalloc,1
newdxx_g,BaTiO3_nat005,64000,27609,4,18,11.381749,set1,dace-llvm,mimalloc,1
newdxx_g,BaTiO3_nat005,64000,27609,4,19,11.332727,set1,dace-llvm,mimalloc,1
newdxx_g,BaTiO3_nat005,64000,27609,8,0,7.625230,set1,dace-llvm,mimalloc,1
newdxx_g,BaTiO3_nat005,64000,27609,8,1,7.724650,set1,dace-llvm,mimalloc,1
newdxx_g,BaTiO3_nat005,64000,27609,8,2,7.560176,set1,dace-llvm,mimalloc,1
newdxx_g,BaTiO3_nat005,64000,27609,8,3,7.589231,set1,dace-llvm,mimalloc,1
newdxx_g,BaTiO3_nat005,64000,27609,8,4,7.558384,set1,dace-llvm,mimalloc,1
newdxx_g,BaTiO3_nat005,64000,27609,8,5,7.564303,set1,dace-llvm,mimalloc,1
newdxx_g,BaTiO3_nat005,64000,27609,8,6,7.696875,set1,dace-llvm,mimalloc,1
newdxx_g,BaTiO3_nat005,64000,27609,8,7,7.652013,set1,dace-llvm,mimalloc,1
newdxx_g,BaTiO3_nat005,64000,27609,8,8,7.677708,set1,dace-llvm,mimalloc,1
newdxx_g,BaTiO3_nat005,64000,27609,8,9,7.754473,set1,dace-llvm,mimalloc,1
newdxx_g,BaTiO3_nat005,64000,27609,8,10,7.653548,set1,dace-llvm,mimalloc,1
newdxx_g,BaTiO3_nat005,64000,27609,8,11,7.696075,set1,dace-llvm,mimalloc,1
newdxx_g,BaTiO3_nat005,64000,27609,8,12,7.666476,set1,dace-llvm,mimalloc,1
newdxx_g,BaTiO3_nat005,64000,27609,8,13,7.559760,set1,dace-llvm,mimalloc,1
newdxx_g,BaTiO3_nat005,64000,27609,8,14,7.552143,set1,dace-llvm,mimalloc,1
newdxx_g,BaTiO3_nat005,64000,27609,8,15,7.710059,set1,dace-llvm,mimalloc,1
newdxx_g,BaTiO3_nat005,64000,27609,8,16,7.635885,set1,dace-llvm,mimalloc,1
newdxx_g,BaTiO3_nat005,64000,27609,8,17,7.642829,set1,dace-llvm,mimalloc,1
newdxx_g,BaTiO3_nat005,64000,27609,8,18,7.664876,set1,dace-llvm,mimalloc,1
newdxx_g,BaTiO3_nat005,64000,27609,8,19,7.583342,set1,dace-llvm,mimalloc,1
newdxx_g,BaTiO3_nat005,64000,27609,16,0,6.360598,set1,dace-llvm,mimalloc,1
newdxx_g,BaTiO3_nat005,64000,27609,16,1,6.430451,set1,dace-llvm,mimalloc,1
newdxx_g,BaTiO3_nat005,64000,27609,16,2,6.458514,set1,dace-llvm,mimalloc,1
newdxx_g,BaTiO3_nat005,64000,27609,16,3,6.343254,set1,dace-llvm,mimalloc,1
newdxx_g,BaTiO3_nat005,64000,27609,16,4,6.448627,set1,dace-llvm,mimalloc,1
newdxx_g,BaTiO3_nat005,64000,27609,16,5,6.437075,set1,dace-llvm,mimalloc,1
newdxx_g,BaTiO3_nat005,64000,27609,16,6,6.365077,set1,dace-llvm,mimalloc,1
newdxx_g,BaTiO3_nat005,64000,27609,16,7,6.308247,set1,dace-llvm,mimalloc,1
newdxx_g,BaTiO3_nat005,64000,27609,16,8,6.380949,set1,dace-llvm,mimalloc,1
newdxx_g,BaTiO3_nat005,64000,27609,16,9,6.364053,set1,dace-llvm,mimalloc,1
newdxx_g,BaTiO3_nat005,64000,27609,16,10,6.387861,set1,dace-llvm,mimalloc,1
newdxx_g,BaTiO3_nat005,64000,27609,16,11,6.375125,set1,dace-llvm,mimalloc,1
newdxx_g,BaTiO3_nat005,64000,27609,16,12,6.374261,set1,dace-llvm,mimalloc,1
newdxx_g,BaTiO3_nat005,64000,27609,16,13,6.521041,set1,dace-llvm,mimalloc,1
newdxx_g,BaTiO3_nat005,64000,27609,16,14,6.414836,set1,dace-llvm,mimalloc,1
newdxx_g,BaTiO3_nat005,64000,27609,16,15,6.571215,set1,dace-llvm,mimalloc,1
newdxx_g,BaTiO3_nat005,64000,27609,16,16,6.359478,set1,dace-llvm,mimalloc,1
newdxx_g,BaTiO3_nat005,64000,27609,16,17,6.563663,set1,dace-llvm,mimalloc,1
newdxx_g,BaTiO3_nat005,64000,27609,16,18,6.446195,set1,dace-llvm,mimalloc,1
newdxx_g,BaTiO3_nat005,64000,27609,16,19,6.472114,set1,dace-llvm,mimalloc,1
newdxx_g,BaTiO3_nat005,64000,27609,32,0,5.476370,set1,dace-llvm,mimalloc,1
newdxx_g,BaTiO3_nat005,64000,27609,32,1,5.332663,set1,dace-llvm,mimalloc,1
newdxx_g,BaTiO3_nat005,64000,27609,32,2,5.382389,set1,dace-llvm,mimalloc,1
newdxx_g,BaTiO3_nat005,64000,27609,32,3,5.390261,set1,dace-llvm,mimalloc,1
newdxx_g,BaTiO3_nat005,64000,27609,32,4,5.377397,set1,dace-llvm,mimalloc,1
newdxx_g,BaTiO3_nat005,64000,27609,32,5,5.387701,set1,dace-llvm,mimalloc,1
newdxx_g,BaTiO3_nat005,64000,27609,32,6,5.392692,set1,dace-llvm,mimalloc,1
newdxx_g,BaTiO3_nat005,64000,27609,32,7,5.380789,set1,dace-llvm,mimalloc,1
newdxx_g,BaTiO3_nat005,64000,27609,32,8,5.442899,set1,dace-llvm,mimalloc,1
newdxx_g,BaTiO3_nat005,64000,27609,32,9,5.408115,set1,dace-llvm,mimalloc,1
newdxx_g,BaTiO3_nat005,64000,27609,32,10,5.376469,set1,dace-llvm,mimalloc,1
newdxx_g,BaTiO3_nat005,64000,27609,32,11,5.558511,set1,dace-llvm,mimalloc,1
newdxx_g,BaTiO3_nat005,64000,27609,32,12,5.419860,set1,dace-llvm,mimalloc,1
newdxx_g,BaTiO3_nat005,64000,27609,32,13,5.435156,set1,dace-llvm,mimalloc,1
newdxx_g,BaTiO3_nat005,64000,27609,32,14,5.411924,set1,dace-llvm,mimalloc,1
newdxx_g,BaTiO3_nat005,64000,27609,32,15,5.386164,set1,dace-llvm,mimalloc,1
newdxx_g,BaTiO3_nat005,64000,27609,32,16,5.392756,set1,dace-llvm,mimalloc,1
newdxx_g,BaTiO3_nat005,64000,27609,32,17,5.432851,set1,dace-llvm,mimalloc,1
newdxx_g,BaTiO3_nat005,64000,27609,32,18,5.410931,set1,dace-llvm,mimalloc,1
newdxx_g,BaTiO3_nat005,64000,27609,32,19,5.446322,set1,dace-llvm,mimalloc,1
newdxx_g,BaTiO3_nat005,64000,27609,64,0,5.846118,set1,dace-llvm,mimalloc,1
newdxx_g,BaTiO3_nat005,64000,27609,64,1,5.792072,set1,dace-llvm,mimalloc,1
newdxx_g,BaTiO3_nat005,64000,27609,64,2,5.743753,set1,dace-llvm,mimalloc,1
newdxx_g,BaTiO3_nat005,64000,27609,64,3,5.912164,set1,dace-llvm,mimalloc,1
newdxx_g,BaTiO3_nat005,64000,27609,64,4,5.732681,set1,dace-llvm,mimalloc,1
newdxx_g,BaTiO3_nat005,64000,27609,64,5,5.776873,set1,dace-llvm,mimalloc,1
newdxx_g,BaTiO3_nat005,64000,27609,64,6,5.866117,set1,dace-llvm,mimalloc,1
newdxx_g,BaTiO3_nat005,64000,27609,64,7,5.791048,set1,dace-llvm,mimalloc,1
newdxx_g,BaTiO3_nat005,64000,27609,64,8,5.849606,set1,dace-llvm,mimalloc,1
newdxx_g,BaTiO3_nat005,64000,27609,64,9,5.872805,set1,dace-llvm,mimalloc,1
newdxx_g,BaTiO3_nat005,64000,27609,64,10,5.848006,set1,dace-llvm,mimalloc,1
newdxx_g,BaTiO3_nat005,64000,27609,64,11,5.832742,set1,dace-llvm,mimalloc,1
newdxx_g,BaTiO3_nat005,64000,27609,64,12,5.839814,set1,dace-llvm,mimalloc,1
newdxx_g,BaTiO3_nat005,64000,27609,64,13,5.765129,set1,dace-llvm,mimalloc,1
newdxx_g,BaTiO3_nat005,64000,27609,64,14,5.868645,set1,dace-llvm,mimalloc,1
newdxx_g,BaTiO3_nat005,64000,27609,64,15,5.778696,set1,dace-llvm,mimalloc,1
newdxx_g,BaTiO3_nat005,64000,27609,64,16,5.987074,set1,dace-llvm,mimalloc,1
newdxx_g,BaTiO3_nat005,64000,27609,64,17,5.894821,set1,dace-llvm,mimalloc,1
newdxx_g,BaTiO3_nat005,64000,27609,64,18,5.928707,set1,dace-llvm,mimalloc,1
newdxx_g,BaTiO3_nat005,64000,27609,64,19,5.910468,set1,dace-llvm,mimalloc,1
newdxx_g,BaTiO3_nat005,64000,27609,72,0,5.970886,set1,dace-llvm,mimalloc,1
newdxx_g,BaTiO3_nat005,64000,27609,72,1,5.975047,set1,dace-llvm,mimalloc,1
newdxx_g,BaTiO3_nat005,64000,27609,72,2,6.054052,set1,dace-llvm,mimalloc,1
newdxx_g,BaTiO3_nat005,64000,27609,72,3,6.054948,set1,dace-llvm,mimalloc,1
newdxx_g,BaTiO3_nat005,64000,27609,72,4,6.042916,set1,dace-llvm,mimalloc,1
newdxx_g,BaTiO3_nat005,64000,27609,72,5,5.954887,set1,dace-llvm,mimalloc,1
newdxx_g,BaTiO3_nat005,64000,27609,72,6,6.008646,set1,dace-llvm,mimalloc,1
newdxx_g,BaTiO3_nat005,64000,27609,72,7,6.080611,set1,dace-llvm,mimalloc,1
newdxx_g,BaTiO3_nat005,64000,27609,72,8,5.925096,set1,dace-llvm,mimalloc,1
newdxx_g,BaTiO3_nat005,64000,27609,72,9,6.094370,set1,dace-llvm,mimalloc,1
newdxx_g,BaTiO3_nat005,64000,27609,72,10,6.019910,set1,dace-llvm,mimalloc,1
newdxx_g,BaTiO3_nat005,64000,27609,72,11,6.037797,set1,dace-llvm,mimalloc,1
newdxx_g,BaTiO3_nat005,64000,27609,72,12,6.234686,set1,dace-llvm,mimalloc,1
newdxx_g,BaTiO3_nat005,64000,27609,72,13,5.995398,set1,dace-llvm,mimalloc,1
newdxx_g,BaTiO3_nat005,64000,27609,72,14,5.996614,set1,dace-llvm,mimalloc,1
newdxx_g,BaTiO3_nat005,64000,27609,72,15,6.009605,set1,dace-llvm,mimalloc,1
newdxx_g,BaTiO3_nat005,64000,27609,72,16,5.981638,set1,dace-llvm,mimalloc,1
newdxx_g,BaTiO3_nat005,64000,27609,72,17,6.023589,set1,dace-llvm,mimalloc,1
newdxx_g,BaTiO3_nat005,64000,27609,72,18,6.067972,set1,dace-llvm,mimalloc,1
newdxx_g,BaTiO3_nat005,64000,27609,72,19,6.050148,set1,dace-llvm,mimalloc,1
newdxx_g,BaTiO3_nat005,64000,27609,1,0,1961.302995,set1_rep64,dace-llvm,mimalloc,64
newdxx_g,BaTiO3_nat005,64000,27609,1,1,1962.174168,set1_rep64,dace-llvm,mimalloc,64
newdxx_g,BaTiO3_nat005,64000,27609,1,2,1963.986336,set1_rep64,dace-llvm,mimalloc,64
newdxx_g,BaTiO3_nat005,64000,27609,1,3,1961.764133,set1_rep64,dace-llvm,mimalloc,64
newdxx_g,BaTiO3_nat005,64000,27609,1,4,1989.474281,set1_rep64,dace-llvm,mimalloc,64
newdxx_g,BaTiO3_nat005,64000,27609,1,5,1961.531597,set1_rep64,dace-llvm,mimalloc,64
newdxx_g,BaTiO3_nat005,64000,27609,1,6,1963.256503,set1_rep64,dace-llvm,mimalloc,64
newdxx_g,BaTiO3_nat005,64000,27609,1,7,1988.930138,set1_rep64,dace-llvm,mimalloc,64
newdxx_g,BaTiO3_nat005,64000,27609,1,8,1961.798596,set1_rep64,dace-llvm,mimalloc,64
newdxx_g,BaTiO3_nat005,64000,27609,1,9,1962.690728,set1_rep64,dace-llvm,mimalloc,64
newdxx_g,BaTiO3_nat005,64000,27609,1,10,1962.918818,set1_rep64,dace-llvm,mimalloc,64
newdxx_g,BaTiO3_nat005,64000,27609,1,11,1962.065788,set1_rep64,dace-llvm,mimalloc,64
newdxx_g,BaTiO3_nat005,64000,27609,1,12,1963.299157,set1_rep64,dace-llvm,mimalloc,64
newdxx_g,BaTiO3_nat005,64000,27609,1,13,1962.132698,set1_rep64,dace-llvm,mimalloc,64
newdxx_g,BaTiO3_nat005,64000,27609,1,14,1963.074301,set1_rep64,dace-llvm,mimalloc,64
newdxx_g,BaTiO3_nat005,64000,27609,1,15,1962.758087,set1_rep64,dace-llvm,mimalloc,64
newdxx_g,BaTiO3_nat005,64000,27609,1,16,1962.308213,set1_rep64,dace-llvm,mimalloc,64
newdxx_g,BaTiO3_nat005,64000,27609,1,17,1962.543981,set1_rep64,dace-llvm,mimalloc,64
newdxx_g,BaTiO3_nat005,64000,27609,1,18,1962.316884,set1_rep64,dace-llvm,mimalloc,64
newdxx_g,BaTiO3_nat005,64000,27609,1,19,1975.364031,set1_rep64,dace-llvm,mimalloc,64
newdxx_g,BaTiO3_nat005,64000,27609,2,0,1075.479785,set1_rep64,dace-llvm,mimalloc,64
newdxx_g,BaTiO3_nat005,64000,27609,2,1,1075.811647,set1_rep64,dace-llvm,mimalloc,64
newdxx_g,BaTiO3_nat005,64000,27609,2,2,1076.734850,set1_rep64,dace-llvm,mimalloc,64
newdxx_g,BaTiO3_nat005,64000,27609,2,3,1076.002159,set1_rep64,dace-llvm,mimalloc,64
newdxx_g,BaTiO3_nat005,64000,27609,2,4,1077.397043,set1_rep64,dace-llvm,mimalloc,64
newdxx_g,BaTiO3_nat005,64000,27609,2,5,1076.865571,set1_rep64,dace-llvm,mimalloc,64
newdxx_g,BaTiO3_nat005,64000,27609,2,6,1077.367540,set1_rep64,dace-llvm,mimalloc,64
newdxx_g,BaTiO3_nat005,64000,27609,2,7,1078.248153,set1_rep64,dace-llvm,mimalloc,64
newdxx_g,BaTiO3_nat005,64000,27609,2,8,1076.999039,set1_rep64,dace-llvm,mimalloc,64
newdxx_g,BaTiO3_nat005,64000,27609,2,9,1077.483120,set1_rep64,dace-llvm,mimalloc,64
newdxx_g,BaTiO3_nat005,64000,27609,2,10,1076.908226,set1_rep64,dace-llvm,mimalloc,64
newdxx_g,BaTiO3_nat005,64000,27609,2,11,1077.031742,set1_rep64,dace-llvm,mimalloc,64
newdxx_g,BaTiO3_nat005,64000,27609,2,12,1076.760615,set1_rep64,dace-llvm,mimalloc,64
newdxx_g,BaTiO3_nat005,64000,27609,2,13,1076.824836,set1_rep64,dace-llvm,mimalloc,64
newdxx_g,BaTiO3_nat005,64000,27609,2,14,1077.197081,set1_rep64,dace-llvm,mimalloc,64
newdxx_g,BaTiO3_nat005,64000,27609,2,15,1077.199000,set1_rep64,dace-llvm,mimalloc,64
newdxx_g,BaTiO3_nat005,64000,27609,2,16,1079.164861,set1_rep64,dace-llvm,mimalloc,64
newdxx_g,BaTiO3_nat005,64000,27609,2,17,1077.752872,set1_rep64,dace-llvm,mimalloc,64
newdxx_g,BaTiO3_nat005,64000,27609,2,18,1077.251800,set1_rep64,dace-llvm,mimalloc,64
newdxx_g,BaTiO3_nat005,64000,27609,2,19,1089.644066,set1_rep64,dace-llvm,mimalloc,64
newdxx_g,BaTiO3_nat005,64000,27609,4,0,621.062933,set1_rep64,dace-llvm,mimalloc,64
newdxx_g,BaTiO3_nat005,64000,27609,4,1,622.303312,set1_rep64,dace-llvm,mimalloc,64
newdxx_g,BaTiO3_nat005,64000,27609,4,2,620.188208,set1_rep64,dace-llvm,mimalloc,64
newdxx_g,BaTiO3_nat005,64000,27609,4,3,620.479559,set1_rep64,dace-llvm,mimalloc,64
newdxx_g,BaTiO3_nat005,64000,27609,4,4,625.035677,set1_rep64,dace-llvm,mimalloc,64
newdxx_g,BaTiO3_nat005,64000,27609,4,5,639.024664,set1_rep64,dace-llvm,mimalloc,64
newdxx_g,BaTiO3_nat005,64000,27609,4,6,623.644199,set1_rep64,dace-llvm,mimalloc,64
newdxx_g,BaTiO3_nat005,64000,27609,4,7,623.794819,set1_rep64,dace-llvm,mimalloc,64
newdxx_g,BaTiO3_nat005,64000,27609,4,8,623.814147,set1_rep64,dace-llvm,mimalloc,64
newdxx_g,BaTiO3_nat005,64000,27609,4,9,625.553006,set1_rep64,dace-llvm,mimalloc,64
newdxx_g,BaTiO3_nat005,64000,27609,4,10,624.601419,set1_rep64,dace-llvm,mimalloc,64
newdxx_g,BaTiO3_nat005,64000,27609,4,11,625.203289,set1_rep64,dace-llvm,mimalloc,64
newdxx_g,BaTiO3_nat005,64000,27609,4,12,623.759972,set1_rep64,dace-llvm,mimalloc,64
newdxx_g,BaTiO3_nat005,64000,27609,4,13,624.736070,set1_rep64,dace-llvm,mimalloc,64
newdxx_g,BaTiO3_nat005,64000,27609,4,14,624.901922,set1_rep64,dace-llvm,mimalloc,64
newdxx_g,BaTiO3_nat005,64000,27609,4,15,623.201301,set1_rep64,dace-llvm,mimalloc,64
newdxx_g,BaTiO3_nat005,64000,27609,4,16,621.558343,set1_rep64,dace-llvm,mimalloc,64
newdxx_g,BaTiO3_nat005,64000,27609,4,17,623.214740,set1_rep64,dace-llvm,mimalloc,64
newdxx_g,BaTiO3_nat005,64000,27609,4,18,621.216945,set1_rep64,dace-llvm,mimalloc,64
newdxx_g,BaTiO3_nat005,64000,27609,4,19,621.779616,set1_rep64,dace-llvm,mimalloc,64
newdxx_g,BaTiO3_nat005,64000,27609,8,0,453.529202,set1_rep64,dace-llvm,mimalloc,64
newdxx_g,BaTiO3_nat005,64000,27609,8,1,439.789713,set1_rep64,dace-llvm,mimalloc,64
newdxx_g,BaTiO3_nat005,64000,27609,8,2,438.880588,set1_rep64,dace-llvm,mimalloc,64
newdxx_g,BaTiO3_nat005,64000,27609,8,3,440.014506,set1_rep64,dace-llvm,mimalloc,64
newdxx_g,BaTiO3_nat005,64000,27609,8,4,439.123333,set1_rep64,dace-llvm,mimalloc,64
newdxx_g,BaTiO3_nat005,64000,27609,8,5,438.212576,set1_rep64,dace-llvm,mimalloc,64
newdxx_g,BaTiO3_nat005,64000,27609,8,6,438.036677,set1_rep64,dace-llvm,mimalloc,64
newdxx_g,BaTiO3_nat005,64000,27609,8,7,437.857387,set1_rep64,dace-llvm,mimalloc,64
newdxx_g,BaTiO3_nat005,64000,27609,8,8,438.465368,set1_rep64,dace-llvm,mimalloc,64
newdxx_g,BaTiO3_nat005,64000,27609,8,9,438.850509,set1_rep64,dace-llvm,mimalloc,64
newdxx_g,BaTiO3_nat005,64000,27609,8,10,438.403227,set1_rep64,dace-llvm,mimalloc,64
newdxx_g,BaTiO3_nat005,64000,27609,8,11,438.122595,set1_rep64,dace-llvm,mimalloc,64
newdxx_g,BaTiO3_nat005,64000,27609,8,12,464.179185,set1_rep64,dace-llvm,mimalloc,64
newdxx_g,BaTiO3_nat005,64000,27609,8,13,451.641547,set1_rep64,dace-llvm,mimalloc,64
newdxx_g,BaTiO3_nat005,64000,27609,8,14,438.297918,set1_rep64,dace-llvm,mimalloc,64
newdxx_g,BaTiO3_nat005,64000,27609,8,15,438.718513,set1_rep64,dace-llvm,mimalloc,64
newdxx_g,BaTiO3_nat005,64000,27609,8,16,437.789805,set1_rep64,dace-llvm,mimalloc,64
newdxx_g,BaTiO3_nat005,64000,27609,8,17,437.770157,set1_rep64,dace-llvm,mimalloc,64
newdxx_g,BaTiO3_nat005,64000,27609,8,18,437.784749,set1_rep64,dace-llvm,mimalloc,64
newdxx_g,BaTiO3_nat005,64000,27609,8,19,438.347388,set1_rep64,dace-llvm,mimalloc,64
newdxx_g,BaTiO3_nat005,64000,27609,16,0,383.748266,set1_rep64,dace-llvm,mimalloc,64
newdxx_g,BaTiO3_nat005,64000,27609,16,1,384.034050,set1_rep64,dace-llvm,mimalloc,64
newdxx_g,BaTiO3_nat005,64000,27609,16,2,384.404983,set1_rep64,dace-llvm,mimalloc,64
newdxx_g,BaTiO3_nat005,64000,27609,16,3,399.125499,set1_rep64,dace-llvm,mimalloc,64
newdxx_g,BaTiO3_nat005,64000,27609,16,4,385.073571,set1_rep64,dace-llvm,mimalloc,64
newdxx_g,BaTiO3_nat005,64000,27609,16,5,384.303001,set1_rep64,dace-llvm,mimalloc,64
newdxx_g,BaTiO3_nat005,64000,27609,16,6,384.483861,set1_rep64,dace-llvm,mimalloc,64
newdxx_g,BaTiO3_nat005,64000,27609,16,7,384.757004,set1_rep64,dace-llvm,mimalloc,64
newdxx_g,BaTiO3_nat005,64000,27609,16,8,383.775401,set1_rep64,dace-llvm,mimalloc,64
newdxx_g,BaTiO3_nat005,64000,27609,16,9,384.395160,set1_rep64,dace-llvm,mimalloc,64
newdxx_g,BaTiO3_nat005,64000,27609,16,10,384.351128,set1_rep64,dace-llvm,mimalloc,64
newdxx_g,BaTiO3_nat005,64000,27609,16,11,384.683919,set1_rep64,dace-llvm,mimalloc,64
newdxx_g,BaTiO3_nat005,64000,27609,16,12,384.261947,set1_rep64,dace-llvm,mimalloc,64
newdxx_g,BaTiO3_nat005,64000,27609,16,13,383.970563,set1_rep64,dace-llvm,mimalloc,64
newdxx_g,BaTiO3_nat005,64000,27609,16,14,384.084609,set1_rep64,dace-llvm,mimalloc,64
newdxx_g,BaTiO3_nat005,64000,27609,16,15,384.485524,set1_rep64,dace-llvm,mimalloc,64
newdxx_g,BaTiO3_nat005,64000,27609,16,16,384.509716,set1_rep64,dace-llvm,mimalloc,64
newdxx_g,BaTiO3_nat005,64000,27609,16,17,384.220477,set1_rep64,dace-llvm,mimalloc,64
newdxx_g,BaTiO3_nat005,64000,27609,16,18,383.917381,set1_rep64,dace-llvm,mimalloc,64
newdxx_g,BaTiO3_nat005,64000,27609,16,19,386.961450,set1_rep64,dace-llvm,mimalloc,64
newdxx_g,BaTiO3_nat005,64000,27609,32,0,322.759807,set1_rep64,dace-llvm,mimalloc,64
newdxx_g,BaTiO3_nat005,64000,27609,32,1,322.852989,set1_rep64,dace-llvm,mimalloc,64
newdxx_g,BaTiO3_nat005,64000,27609,32,2,323.219568,set1_rep64,dace-llvm,mimalloc,64
newdxx_g,BaTiO3_nat005,64000,27609,32,3,322.743104,set1_rep64,dace-llvm,mimalloc,64
newdxx_g,BaTiO3_nat005,64000,27609,32,4,323.305327,set1_rep64,dace-llvm,mimalloc,64
newdxx_g,BaTiO3_nat005,64000,27609,32,5,323.139763,set1_rep64,dace-llvm,mimalloc,64
newdxx_g,BaTiO3_nat005,64000,27609,32,6,323.281264,set1_rep64,dace-llvm,mimalloc,64
newdxx_g,BaTiO3_nat005,64000,27609,32,7,322.775870,set1_rep64,dace-llvm,mimalloc,64
newdxx_g,BaTiO3_nat005,64000,27609,32,8,323.055542,set1_rep64,dace-llvm,mimalloc,64
newdxx_g,BaTiO3_nat005,64000,27609,32,9,322.836637,set1_rep64,dace-llvm,mimalloc,64
newdxx_g,BaTiO3_nat005,64000,27609,32,10,322.708769,set1_rep64,dace-llvm,mimalloc,64
newdxx_g,BaTiO3_nat005,64000,27609,32,11,336.932685,set1_rep64,dace-llvm,mimalloc,64
newdxx_g,BaTiO3_nat005,64000,27609,32,12,323.545927,set1_rep64,dace-llvm,mimalloc,64
newdxx_g,BaTiO3_nat005,64000,27609,32,13,322.839453,set1_rep64,dace-llvm,mimalloc,64
newdxx_g,BaTiO3_nat005,64000,27609,32,14,323.654404,set1_rep64,dace-llvm,mimalloc,64
newdxx_g,BaTiO3_nat005,64000,27609,32,15,323.183730,set1_rep64,dace-llvm,mimalloc,64
newdxx_g,BaTiO3_nat005,64000,27609,32,16,322.365292,set1_rep64,dace-llvm,mimalloc,64
newdxx_g,BaTiO3_nat005,64000,27609,32,17,322.892315,set1_rep64,dace-llvm,mimalloc,64
newdxx_g,BaTiO3_nat005,64000,27609,32,18,323.550503,set1_rep64,dace-llvm,mimalloc,64
newdxx_g,BaTiO3_nat005,64000,27609,32,19,323.932603,set1_rep64,dace-llvm,mimalloc,64
newdxx_g,BaTiO3_nat005,64000,27609,64,0,355.545651,set1_rep64,dace-llvm,mimalloc,64
newdxx_g,BaTiO3_nat005,64000,27609,64,1,355.505652,set1_rep64,dace-llvm,mimalloc,64
newdxx_g,BaTiO3_nat005,64000,27609,64,2,354.490451,set1_rep64,dace-llvm,mimalloc,64
newdxx_g,BaTiO3_nat005,64000,27609,64,3,354.142622,set1_rep64,dace-llvm,mimalloc,64
newdxx_g,BaTiO3_nat005,64000,27609,64,4,354.278938,set1_rep64,dace-llvm,mimalloc,64
newdxx_g,BaTiO3_nat005,64000,27609,64,5,353.563055,set1_rep64,dace-llvm,mimalloc,64
newdxx_g,BaTiO3_nat005,64000,27609,64,6,355.766572,set1_rep64,dace-llvm,mimalloc,64
newdxx_g,BaTiO3_nat005,64000,27609,64,7,355.143679,set1_rep64,dace-llvm,mimalloc,64
newdxx_g,BaTiO3_nat005,64000,27609,64,8,379.998950,set1_rep64,dace-llvm,mimalloc,64
newdxx_g,BaTiO3_nat005,64000,27609,64,9,355.738604,set1_rep64,dace-llvm,mimalloc,64
newdxx_g,BaTiO3_nat005,64000,27609,64,10,359.070311,set1_rep64,dace-llvm,mimalloc,64
newdxx_g,BaTiO3_nat005,64000,27609,64,11,354.032385,set1_rep64,dace-llvm,mimalloc,64
newdxx_g,BaTiO3_nat005,64000,27609,64,12,354.454260,set1_rep64,dace-llvm,mimalloc,64
newdxx_g,BaTiO3_nat005,64000,27609,64,13,354.984868,set1_rep64,dace-llvm,mimalloc,64
newdxx_g,BaTiO3_nat005,64000,27609,64,14,354.774026,set1_rep64,dace-llvm,mimalloc,64
newdxx_g,BaTiO3_nat005,64000,27609,64,15,354.922662,set1_rep64,dace-llvm,mimalloc,64
newdxx_g,BaTiO3_nat005,64000,27609,64,16,354.451764,set1_rep64,dace-llvm,mimalloc,64
newdxx_g,BaTiO3_nat005,64000,27609,64,17,354.815754,set1_rep64,dace-llvm,mimalloc,64
newdxx_g,BaTiO3_nat005,64000,27609,64,18,356.223550,set1_rep64,dace-llvm,mimalloc,64
newdxx_g,BaTiO3_nat005,64000,27609,64,19,354.814569,set1_rep64,dace-llvm,mimalloc,64
newdxx_g,BaTiO3_nat005,64000,27609,72,0,367.182510,set1_rep64,dace-llvm,mimalloc,64
newdxx_g,BaTiO3_nat005,64000,27609,72,1,368.500006,set1_rep64,dace-llvm,mimalloc,64
newdxx_g,BaTiO3_nat005,64000,27609,72,2,365.803001,set1_rep64,dace-llvm,mimalloc,64
newdxx_g,BaTiO3_nat005,64000,27609,72,3,366.911670,set1_rep64,dace-llvm,mimalloc,64
newdxx_g,BaTiO3_nat005,64000,27609,72,4,368.308396,set1_rep64,dace-llvm,mimalloc,64
newdxx_g,BaTiO3_nat005,64000,27609,72,5,368.024756,set1_rep64,dace-llvm,mimalloc,64
newdxx_g,BaTiO3_nat005,64000,27609,72,6,364.958450,set1_rep64,dace-llvm,mimalloc,64
newdxx_g,BaTiO3_nat005,64000,27609,72,7,367.869017,set1_rep64,dace-llvm,mimalloc,64
newdxx_g,BaTiO3_nat005,64000,27609,72,8,365.054896,set1_rep64,dace-llvm,mimalloc,64
newdxx_g,BaTiO3_nat005,64000,27609,72,9,364.788472,set1_rep64,dace-llvm,mimalloc,64
newdxx_g,BaTiO3_nat005,64000,27609,72,10,365.980755,set1_rep64,dace-llvm,mimalloc,64
newdxx_g,BaTiO3_nat005,64000,27609,72,11,365.241193,set1_rep64,dace-llvm,mimalloc,64
newdxx_g,BaTiO3_nat005,64000,27609,72,12,367.460774,set1_rep64,dace-llvm,mimalloc,64
newdxx_g,BaTiO3_nat005,64000,27609,72,13,366.168814,set1_rep64,dace-llvm,mimalloc,64
newdxx_g,BaTiO3_nat005,64000,27609,72,14,365.536129,set1_rep64,dace-llvm,mimalloc,64
newdxx_g,BaTiO3_nat005,64000,27609,72,15,364.600830,set1_rep64,dace-llvm,mimalloc,64
newdxx_g,BaTiO3_nat005,64000,27609,72,16,364.522847,set1_rep64,dace-llvm,mimalloc,64
newdxx_g,BaTiO3_nat005,64000,27609,72,17,365.950676,set1_rep64,dace-llvm,mimalloc,64
newdxx_g,BaTiO3_nat005,64000,27609,72,18,367.908472,set1_rep64,dace-llvm,mimalloc,64
newdxx_g,BaTiO3_nat005,64000,27609,72,19,366.160750,set1_rep64,dace-llvm,mimalloc,64
