kernel,mode,nnr,ngmt,threads,rep,ms,inputs,lane,alloc,deck_rep
newdxx_g,BaO_nat002,64000,18643,1,0,7.150000,set0,original-openmp,mimalloc,1
newdxx_g,BaO_nat002,64000,18643,1,1,9.241000,set0,original-openmp,mimalloc,1
newdxx_g,BaO_nat002,64000,18643,1,2,7.341000,set0,original-openmp,mimalloc,1
newdxx_g,BaO_nat002,64000,18643,1,3,7.079000,set0,original-openmp,mimalloc,1
newdxx_g,BaO_nat002,64000,18643,1,4,7.076000,set0,original-openmp,mimalloc,1
newdxx_g,BaO_nat002,64000,18643,1,5,7.059000,set0,original-openmp,mimalloc,1
newdxx_g,BaO_nat002,64000,18643,1,6,7.012000,set0,original-openmp,mimalloc,1
newdxx_g,BaO_nat002,64000,18643,1,7,6.991000,set0,original-openmp,mimalloc,1
newdxx_g,BaO_nat002,64000,18643,1,8,7.004000,set0,original-openmp,mimalloc,1
newdxx_g,BaO_nat002,64000,18643,1,9,7.055000,set0,original-openmp,mimalloc,1
newdxx_g,BaO_nat002,64000,18643,1,10,7.011000,set0,original-openmp,mimalloc,1
newdxx_g,BaO_nat002,64000,18643,1,11,7.022000,set0,original-openmp,mimalloc,1
newdxx_g,BaO_nat002,64000,18643,1,12,6.942000,set0,original-openmp,mimalloc,1
newdxx_g,BaO_nat002,64000,18643,1,13,7.125000,set0,original-openmp,mimalloc,1
newdxx_g,BaO_nat002,64000,18643,1,14,7.008000,set0,original-openmp,mimalloc,1
newdxx_g,BaO_nat002,64000,18643,1,15,6.970000,set0,original-openmp,mimalloc,1
newdxx_g,BaO_nat002,64000,18643,1,16,8.984000,set0,original-openmp,mimalloc,1
newdxx_g,BaO_nat002,64000,18643,1,17,7.320000,set0,original-openmp,mimalloc,1
newdxx_g,BaO_nat002,64000,18643,1,18,6.974000,set0,original-openmp,mimalloc,1
newdxx_g,BaO_nat002,64000,18643,1,19,6.991000,set0,original-openmp,mimalloc,1
newdxx_g,BaO_nat002,64000,18643,2,0,5.737000,set0,original-openmp,mimalloc,1
newdxx_g,BaO_nat002,64000,18643,2,1,5.772000,set0,original-openmp,mimalloc,1
newdxx_g,BaO_nat002,64000,18643,2,2,5.807000,set0,original-openmp,mimalloc,1
newdxx_g,BaO_nat002,64000,18643,2,3,5.806000,set0,original-openmp,mimalloc,1
newdxx_g,BaO_nat002,64000,18643,2,4,5.688000,set0,original-openmp,mimalloc,1
newdxx_g,BaO_nat002,64000,18643,2,5,5.751000,set0,original-openmp,mimalloc,1
newdxx_g,BaO_nat002,64000,18643,2,6,5.757000,set0,original-openmp,mimalloc,1
newdxx_g,BaO_nat002,64000,18643,2,7,5.715000,set0,original-openmp,mimalloc,1
newdxx_g,BaO_nat002,64000,18643,2,8,5.731000,set0,original-openmp,mimalloc,1
newdxx_g,BaO_nat002,64000,18643,2,9,5.730000,set0,original-openmp,mimalloc,1
newdxx_g,BaO_nat002,64000,18643,2,10,5.723000,set0,original-openmp,mimalloc,1
newdxx_g,BaO_nat002,64000,18643,2,11,5.765000,set0,original-openmp,mimalloc,1
newdxx_g,BaO_nat002,64000,18643,2,12,5.792000,set0,original-openmp,mimalloc,1
newdxx_g,BaO_nat002,64000,18643,2,13,5.701000,set0,original-openmp,mimalloc,1
newdxx_g,BaO_nat002,64000,18643,2,14,7.994000,set0,original-openmp,mimalloc,1
newdxx_g,BaO_nat002,64000,18643,2,15,6.173000,set0,original-openmp,mimalloc,1
newdxx_g,BaO_nat002,64000,18643,2,16,5.898000,set0,original-openmp,mimalloc,1
newdxx_g,BaO_nat002,64000,18643,2,17,5.797000,set0,original-openmp,mimalloc,1
newdxx_g,BaO_nat002,64000,18643,2,18,5.947000,set0,original-openmp,mimalloc,1
newdxx_g,BaO_nat002,64000,18643,2,19,5.722000,set0,original-openmp,mimalloc,1
newdxx_g,BaO_nat002,64000,18643,4,0,5.879000,set0,original-openmp,mimalloc,1
newdxx_g,BaO_nat002,64000,18643,4,1,5.792000,set0,original-openmp,mimalloc,1
newdxx_g,BaO_nat002,64000,18643,4,2,6.171000,set0,original-openmp,mimalloc,1
newdxx_g,BaO_nat002,64000,18643,4,3,5.762000,set0,original-openmp,mimalloc,1
newdxx_g,BaO_nat002,64000,18643,4,4,5.748000,set0,original-openmp,mimalloc,1
newdxx_g,BaO_nat002,64000,18643,4,5,5.762000,set0,original-openmp,mimalloc,1
newdxx_g,BaO_nat002,64000,18643,4,6,5.805000,set0,original-openmp,mimalloc,1
newdxx_g,BaO_nat002,64000,18643,4,7,5.731000,set0,original-openmp,mimalloc,1
newdxx_g,BaO_nat002,64000,18643,4,8,5.737000,set0,original-openmp,mimalloc,1
newdxx_g,BaO_nat002,64000,18643,4,9,5.739000,set0,original-openmp,mimalloc,1
newdxx_g,BaO_nat002,64000,18643,4,10,5.599000,set0,original-openmp,mimalloc,1
newdxx_g,BaO_nat002,64000,18643,4,11,5.693000,set0,original-openmp,mimalloc,1
newdxx_g,BaO_nat002,64000,18643,4,12,7.757000,set0,original-openmp,mimalloc,1
newdxx_g,BaO_nat002,64000,18643,4,13,6.017000,set0,original-openmp,mimalloc,1
newdxx_g,BaO_nat002,64000,18643,4,14,5.732000,set0,original-openmp,mimalloc,1
newdxx_g,BaO_nat002,64000,18643,4,15,5.776000,set0,original-openmp,mimalloc,1
newdxx_g,BaO_nat002,64000,18643,4,16,5.713000,set0,original-openmp,mimalloc,1
newdxx_g,BaO_nat002,64000,18643,4,17,5.742000,set0,original-openmp,mimalloc,1
newdxx_g,BaO_nat002,64000,18643,4,18,5.725000,set0,original-openmp,mimalloc,1
newdxx_g,BaO_nat002,64000,18643,4,19,5.756000,set0,original-openmp,mimalloc,1
newdxx_g,BaO_nat002,64000,18643,8,0,5.741000,set0,original-openmp,mimalloc,1
newdxx_g,BaO_nat002,64000,18643,8,1,5.801000,set0,original-openmp,mimalloc,1
newdxx_g,BaO_nat002,64000,18643,8,2,5.756000,set0,original-openmp,mimalloc,1
newdxx_g,BaO_nat002,64000,18643,8,3,5.717000,set0,original-openmp,mimalloc,1
newdxx_g,BaO_nat002,64000,18643,8,4,5.767000,set0,original-openmp,mimalloc,1
newdxx_g,BaO_nat002,64000,18643,8,5,5.817000,set0,original-openmp,mimalloc,1
newdxx_g,BaO_nat002,64000,18643,8,6,5.769000,set0,original-openmp,mimalloc,1
newdxx_g,BaO_nat002,64000,18643,8,7,5.473000,set0,original-openmp,mimalloc,1
newdxx_g,BaO_nat002,64000,18643,8,8,5.730000,set0,original-openmp,mimalloc,1
newdxx_g,BaO_nat002,64000,18643,8,9,5.753000,set0,original-openmp,mimalloc,1
newdxx_g,BaO_nat002,64000,18643,8,10,5.719000,set0,original-openmp,mimalloc,1
newdxx_g,BaO_nat002,64000,18643,8,11,5.743000,set0,original-openmp,mimalloc,1
newdxx_g,BaO_nat002,64000,18643,8,12,5.720000,set0,original-openmp,mimalloc,1
newdxx_g,BaO_nat002,64000,18643,8,13,7.987000,set0,original-openmp,mimalloc,1
newdxx_g,BaO_nat002,64000,18643,8,14,5.710000,set0,original-openmp,mimalloc,1
newdxx_g,BaO_nat002,64000,18643,8,15,5.779000,set0,original-openmp,mimalloc,1
newdxx_g,BaO_nat002,64000,18643,8,16,5.678000,set0,original-openmp,mimalloc,1
newdxx_g,BaO_nat002,64000,18643,8,17,5.709000,set0,original-openmp,mimalloc,1
newdxx_g,BaO_nat002,64000,18643,8,18,5.703000,set0,original-openmp,mimalloc,1
newdxx_g,BaO_nat002,64000,18643,8,19,5.706000,set0,original-openmp,mimalloc,1
newdxx_g,BaO_nat002,64000,18643,16,0,5.852000,set0,original-openmp,mimalloc,1
newdxx_g,BaO_nat002,64000,18643,16,1,5.790000,set0,original-openmp,mimalloc,1
newdxx_g,BaO_nat002,64000,18643,16,2,5.778000,set0,original-openmp,mimalloc,1
newdxx_g,BaO_nat002,64000,18643,16,3,5.796000,set0,original-openmp,mimalloc,1
newdxx_g,BaO_nat002,64000,18643,16,4,5.784000,set0,original-openmp,mimalloc,1
newdxx_g,BaO_nat002,64000,18643,16,5,5.801000,set0,original-openmp,mimalloc,1
newdxx_g,BaO_nat002,64000,18643,16,6,5.782000,set0,original-openmp,mimalloc,1
newdxx_g,BaO_nat002,64000,18643,16,7,5.766000,set0,original-openmp,mimalloc,1
newdxx_g,BaO_nat002,64000,18643,16,8,5.757000,set0,original-openmp,mimalloc,1
newdxx_g,BaO_nat002,64000,18643,16,9,5.803000,set0,original-openmp,mimalloc,1
newdxx_g,BaO_nat002,64000,18643,16,10,5.758000,set0,original-openmp,mimalloc,1
newdxx_g,BaO_nat002,64000,18643,16,11,5.707000,set0,original-openmp,mimalloc,1
newdxx_g,BaO_nat002,64000,18643,16,12,5.682000,set0,original-openmp,mimalloc,1
newdxx_g,BaO_nat002,64000,18643,16,13,7.896000,set0,original-openmp,mimalloc,1
newdxx_g,BaO_nat002,64000,18643,16,14,5.986000,set0,original-openmp,mimalloc,1
newdxx_g,BaO_nat002,64000,18643,16,15,5.760000,set0,original-openmp,mimalloc,1
newdxx_g,BaO_nat002,64000,18643,16,16,5.750000,set0,original-openmp,mimalloc,1
newdxx_g,BaO_nat002,64000,18643,16,17,5.735000,set0,original-openmp,mimalloc,1
newdxx_g,BaO_nat002,64000,18643,16,18,5.727000,set0,original-openmp,mimalloc,1
newdxx_g,BaO_nat002,64000,18643,16,19,5.751000,set0,original-openmp,mimalloc,1
newdxx_g,BaO_nat002,64000,18643,32,0,5.853000,set0,original-openmp,mimalloc,1
newdxx_g,BaO_nat002,64000,18643,32,1,5.822000,set0,original-openmp,mimalloc,1
newdxx_g,BaO_nat002,64000,18643,32,2,5.843000,set0,original-openmp,mimalloc,1
newdxx_g,BaO_nat002,64000,18643,32,3,5.979000,set0,original-openmp,mimalloc,1
newdxx_g,BaO_nat002,64000,18643,32,4,5.840000,set0,original-openmp,mimalloc,1
newdxx_g,BaO_nat002,64000,18643,32,5,5.798000,set0,original-openmp,mimalloc,1
newdxx_g,BaO_nat002,64000,18643,32,6,5.778000,set0,original-openmp,mimalloc,1
newdxx_g,BaO_nat002,64000,18643,32,7,5.851000,set0,original-openmp,mimalloc,1
newdxx_g,BaO_nat002,64000,18643,32,8,5.858000,set0,original-openmp,mimalloc,1
newdxx_g,BaO_nat002,64000,18643,32,9,5.846000,set0,original-openmp,mimalloc,1
newdxx_g,BaO_nat002,64000,18643,32,10,5.761000,set0,original-openmp,mimalloc,1
newdxx_g,BaO_nat002,64000,18643,32,11,5.787000,set0,original-openmp,mimalloc,1
newdxx_g,BaO_nat002,64000,18643,32,12,5.751000,set0,original-openmp,mimalloc,1
newdxx_g,BaO_nat002,64000,18643,32,13,8.251000,set0,original-openmp,mimalloc,1
newdxx_g,BaO_nat002,64000,18643,32,14,5.693000,set0,original-openmp,mimalloc,1
newdxx_g,BaO_nat002,64000,18643,32,15,5.998000,set0,original-openmp,mimalloc,1
newdxx_g,BaO_nat002,64000,18643,32,16,5.772000,set0,original-openmp,mimalloc,1
newdxx_g,BaO_nat002,64000,18643,32,17,5.809000,set0,original-openmp,mimalloc,1
newdxx_g,BaO_nat002,64000,18643,32,18,5.806000,set0,original-openmp,mimalloc,1
newdxx_g,BaO_nat002,64000,18643,32,19,5.789000,set0,original-openmp,mimalloc,1
newdxx_g,BaO_nat002,64000,18643,64,0,5.879000,set0,original-openmp,mimalloc,1
newdxx_g,BaO_nat002,64000,18643,64,1,5.898000,set0,original-openmp,mimalloc,1
newdxx_g,BaO_nat002,64000,18643,64,2,5.874000,set0,original-openmp,mimalloc,1
newdxx_g,BaO_nat002,64000,18643,64,3,5.834000,set0,original-openmp,mimalloc,1
newdxx_g,BaO_nat002,64000,18643,64,4,5.898000,set0,original-openmp,mimalloc,1
newdxx_g,BaO_nat002,64000,18643,64,5,5.935000,set0,original-openmp,mimalloc,1
newdxx_g,BaO_nat002,64000,18643,64,6,5.964000,set0,original-openmp,mimalloc,1
newdxx_g,BaO_nat002,64000,18643,64,7,5.818000,set0,original-openmp,mimalloc,1
newdxx_g,BaO_nat002,64000,18643,64,8,5.884000,set0,original-openmp,mimalloc,1
newdxx_g,BaO_nat002,64000,18643,64,9,5.801000,set0,original-openmp,mimalloc,1
newdxx_g,BaO_nat002,64000,18643,64,10,5.841000,set0,original-openmp,mimalloc,1
newdxx_g,BaO_nat002,64000,18643,64,11,5.786000,set0,original-openmp,mimalloc,1
newdxx_g,BaO_nat002,64000,18643,64,12,6.405000,set0,original-openmp,mimalloc,1
newdxx_g,BaO_nat002,64000,18643,64,13,7.868000,set0,original-openmp,mimalloc,1
newdxx_g,BaO_nat002,64000,18643,64,14,5.942000,set0,original-openmp,mimalloc,1
newdxx_g,BaO_nat002,64000,18643,64,15,5.825000,set0,original-openmp,mimalloc,1
newdxx_g,BaO_nat002,64000,18643,64,16,5.801000,set0,original-openmp,mimalloc,1
newdxx_g,BaO_nat002,64000,18643,64,17,6.015000,set0,original-openmp,mimalloc,1
newdxx_g,BaO_nat002,64000,18643,64,18,5.821000,set0,original-openmp,mimalloc,1
newdxx_g,BaO_nat002,64000,18643,64,19,5.845000,set0,original-openmp,mimalloc,1
newdxx_g,BaO_nat002,64000,18643,72,0,5.951000,set0,original-openmp,mimalloc,1
newdxx_g,BaO_nat002,64000,18643,72,1,5.921000,set0,original-openmp,mimalloc,1
newdxx_g,BaO_nat002,64000,18643,72,2,5.868000,set0,original-openmp,mimalloc,1
newdxx_g,BaO_nat002,64000,18643,72,3,5.898000,set0,original-openmp,mimalloc,1
newdxx_g,BaO_nat002,64000,18643,72,4,5.961000,set0,original-openmp,mimalloc,1
newdxx_g,BaO_nat002,64000,18643,72,5,5.870000,set0,original-openmp,mimalloc,1
newdxx_g,BaO_nat002,64000,18643,72,6,5.962000,set0,original-openmp,mimalloc,1
newdxx_g,BaO_nat002,64000,18643,72,7,5.850000,set0,original-openmp,mimalloc,1
newdxx_g,BaO_nat002,64000,18643,72,8,5.909000,set0,original-openmp,mimalloc,1
newdxx_g,BaO_nat002,64000,18643,72,9,5.815000,set0,original-openmp,mimalloc,1
newdxx_g,BaO_nat002,64000,18643,72,10,5.833000,set0,original-openmp,mimalloc,1
newdxx_g,BaO_nat002,64000,18643,72,11,7.551000,set0,original-openmp,mimalloc,1
newdxx_g,BaO_nat002,64000,18643,72,12,6.784000,set0,original-openmp,mimalloc,1
newdxx_g,BaO_nat002,64000,18643,72,13,5.845000,set0,original-openmp,mimalloc,1
newdxx_g,BaO_nat002,64000,18643,72,14,6.132000,set0,original-openmp,mimalloc,1
newdxx_g,BaO_nat002,64000,18643,72,15,5.830000,set0,original-openmp,mimalloc,1
newdxx_g,BaO_nat002,64000,18643,72,16,5.939000,set0,original-openmp,mimalloc,1
newdxx_g,BaO_nat002,64000,18643,72,17,5.982000,set0,original-openmp,mimalloc,1
newdxx_g,BaO_nat002,64000,18643,72,18,5.821000,set0,original-openmp,mimalloc,1
newdxx_g,BaO_nat002,64000,18643,72,19,5.796000,set0,original-openmp,mimalloc,1
newdxx_g,BaO_nat002,64000,18643,1,0,384.131000,set0_rep64,original-openmp,mimalloc,64
newdxx_g,BaO_nat002,64000,18643,1,1,378.641000,set0_rep64,original-openmp,mimalloc,64
newdxx_g,BaO_nat002,64000,18643,1,2,380.782000,set0_rep64,original-openmp,mimalloc,64
newdxx_g,BaO_nat002,64000,18643,1,3,378.286000,set0_rep64,original-openmp,mimalloc,64
newdxx_g,BaO_nat002,64000,18643,1,4,381.727000,set0_rep64,original-openmp,mimalloc,64
newdxx_g,BaO_nat002,64000,18643,1,5,377.264000,set0_rep64,original-openmp,mimalloc,64
newdxx_g,BaO_nat002,64000,18643,1,6,379.683000,set0_rep64,original-openmp,mimalloc,64
newdxx_g,BaO_nat002,64000,18643,1,7,376.745000,set0_rep64,original-openmp,mimalloc,64
newdxx_g,BaO_nat002,64000,18643,1,8,379.612000,set0_rep64,original-openmp,mimalloc,64
newdxx_g,BaO_nat002,64000,18643,1,9,376.626000,set0_rep64,original-openmp,mimalloc,64
newdxx_g,BaO_nat002,64000,18643,1,10,380.957000,set0_rep64,original-openmp,mimalloc,64
newdxx_g,BaO_nat002,64000,18643,1,11,382.168000,set0_rep64,original-openmp,mimalloc,64
newdxx_g,BaO_nat002,64000,18643,1,12,376.673000,set0_rep64,original-openmp,mimalloc,64
newdxx_g,BaO_nat002,64000,18643,1,13,381.990000,set0_rep64,original-openmp,mimalloc,64
newdxx_g,BaO_nat002,64000,18643,1,14,379.674000,set0_rep64,original-openmp,mimalloc,64
newdxx_g,BaO_nat002,64000,18643,1,15,380.623000,set0_rep64,original-openmp,mimalloc,64
newdxx_g,BaO_nat002,64000,18643,1,16,378.389000,set0_rep64,original-openmp,mimalloc,64
newdxx_g,BaO_nat002,64000,18643,1,17,378.385000,set0_rep64,original-openmp,mimalloc,64
newdxx_g,BaO_nat002,64000,18643,1,18,379.152000,set0_rep64,original-openmp,mimalloc,64
newdxx_g,BaO_nat002,64000,18643,1,19,376.867000,set0_rep64,original-openmp,mimalloc,64
newdxx_g,BaO_nat002,64000,18643,2,0,206.870000,set0_rep64,original-openmp,mimalloc,64
newdxx_g,BaO_nat002,64000,18643,2,1,204.719000,set0_rep64,original-openmp,mimalloc,64
newdxx_g,BaO_nat002,64000,18643,2,2,205.566000,set0_rep64,original-openmp,mimalloc,64
newdxx_g,BaO_nat002,64000,18643,2,3,203.772000,set0_rep64,original-openmp,mimalloc,64
newdxx_g,BaO_nat002,64000,18643,2,4,204.373000,set0_rep64,original-openmp,mimalloc,64
newdxx_g,BaO_nat002,64000,18643,2,5,205.526000,set0_rep64,original-openmp,mimalloc,64
newdxx_g,BaO_nat002,64000,18643,2,6,205.465000,set0_rep64,original-openmp,mimalloc,64
newdxx_g,BaO_nat002,64000,18643,2,7,205.223000,set0_rep64,original-openmp,mimalloc,64
newdxx_g,BaO_nat002,64000,18643,2,8,204.912000,set0_rep64,original-openmp,mimalloc,64
newdxx_g,BaO_nat002,64000,18643,2,9,206.039000,set0_rep64,original-openmp,mimalloc,64
newdxx_g,BaO_nat002,64000,18643,2,10,205.307000,set0_rep64,original-openmp,mimalloc,64
newdxx_g,BaO_nat002,64000,18643,2,11,204.396000,set0_rep64,original-openmp,mimalloc,64
newdxx_g,BaO_nat002,64000,18643,2,12,204.123000,set0_rep64,original-openmp,mimalloc,64
newdxx_g,BaO_nat002,64000,18643,2,13,205.795000,set0_rep64,original-openmp,mimalloc,64
newdxx_g,BaO_nat002,64000,18643,2,14,206.027000,set0_rep64,original-openmp,mimalloc,64
newdxx_g,BaO_nat002,64000,18643,2,15,204.837000,set0_rep64,original-openmp,mimalloc,64
newdxx_g,BaO_nat002,64000,18643,2,16,205.075000,set0_rep64,original-openmp,mimalloc,64
newdxx_g,BaO_nat002,64000,18643,2,17,206.079000,set0_rep64,original-openmp,mimalloc,64
newdxx_g,BaO_nat002,64000,18643,2,18,205.918000,set0_rep64,original-openmp,mimalloc,64
newdxx_g,BaO_nat002,64000,18643,2,19,205.611000,set0_rep64,original-openmp,mimalloc,64
newdxx_g,BaO_nat002,64000,18643,4,0,103.872000,set0_rep64,original-openmp,mimalloc,64
newdxx_g,BaO_nat002,64000,18643,4,1,104.157000,set0_rep64,original-openmp,mimalloc,64
newdxx_g,BaO_nat002,64000,18643,4,2,104.952000,set0_rep64,original-openmp,mimalloc,64
newdxx_g,BaO_nat002,64000,18643,4,3,104.630000,set0_rep64,original-openmp,mimalloc,64
newdxx_g,BaO_nat002,64000,18643,4,4,104.526000,set0_rep64,original-openmp,mimalloc,64
newdxx_g,BaO_nat002,64000,18643,4,5,104.544000,set0_rep64,original-openmp,mimalloc,64
newdxx_g,BaO_nat002,64000,18643,4,6,103.275000,set0_rep64,original-openmp,mimalloc,64
newdxx_g,BaO_nat002,64000,18643,4,7,104.001000,set0_rep64,original-openmp,mimalloc,64
newdxx_g,BaO_nat002,64000,18643,4,8,103.359000,set0_rep64,original-openmp,mimalloc,64
newdxx_g,BaO_nat002,64000,18643,4,9,103.380000,set0_rep64,original-openmp,mimalloc,64
newdxx_g,BaO_nat002,64000,18643,4,10,103.624000,set0_rep64,original-openmp,mimalloc,64
newdxx_g,BaO_nat002,64000,18643,4,11,103.742000,set0_rep64,original-openmp,mimalloc,64
newdxx_g,BaO_nat002,64000,18643,4,12,103.324000,set0_rep64,original-openmp,mimalloc,64
newdxx_g,BaO_nat002,64000,18643,4,13,103.935000,set0_rep64,original-openmp,mimalloc,64
newdxx_g,BaO_nat002,64000,18643,4,14,104.336000,set0_rep64,original-openmp,mimalloc,64
newdxx_g,BaO_nat002,64000,18643,4,15,103.630000,set0_rep64,original-openmp,mimalloc,64
newdxx_g,BaO_nat002,64000,18643,4,16,103.838000,set0_rep64,original-openmp,mimalloc,64
newdxx_g,BaO_nat002,64000,18643,4,17,103.795000,set0_rep64,original-openmp,mimalloc,64
newdxx_g,BaO_nat002,64000,18643,4,18,104.557000,set0_rep64,original-openmp,mimalloc,64
newdxx_g,BaO_nat002,64000,18643,4,19,104.643000,set0_rep64,original-openmp,mimalloc,64
newdxx_g,BaO_nat002,64000,18643,8,0,53.610000,set0_rep64,original-openmp,mimalloc,64
newdxx_g,BaO_nat002,64000,18643,8,1,52.172000,set0_rep64,original-openmp,mimalloc,64
newdxx_g,BaO_nat002,64000,18643,8,2,53.456000,set0_rep64,original-openmp,mimalloc,64
newdxx_g,BaO_nat002,64000,18643,8,3,52.104000,set0_rep64,original-openmp,mimalloc,64
newdxx_g,BaO_nat002,64000,18643,8,4,53.660000,set0_rep64,original-openmp,mimalloc,64
newdxx_g,BaO_nat002,64000,18643,8,5,52.519000,set0_rep64,original-openmp,mimalloc,64
newdxx_g,BaO_nat002,64000,18643,8,6,53.571000,set0_rep64,original-openmp,mimalloc,64
newdxx_g,BaO_nat002,64000,18643,8,7,52.330000,set0_rep64,original-openmp,mimalloc,64
newdxx_g,BaO_nat002,64000,18643,8,8,52.722000,set0_rep64,original-openmp,mimalloc,64
newdxx_g,BaO_nat002,64000,18643,8,9,52.231000,set0_rep64,original-openmp,mimalloc,64
newdxx_g,BaO_nat002,64000,18643,8,10,52.914000,set0_rep64,original-openmp,mimalloc,64
newdxx_g,BaO_nat002,64000,18643,8,11,52.432000,set0_rep64,original-openmp,mimalloc,64
newdxx_g,BaO_nat002,64000,18643,8,12,52.856000,set0_rep64,original-openmp,mimalloc,64
newdxx_g,BaO_nat002,64000,18643,8,13,52.158000,set0_rep64,original-openmp,mimalloc,64
newdxx_g,BaO_nat002,64000,18643,8,14,52.714000,set0_rep64,original-openmp,mimalloc,64
newdxx_g,BaO_nat002,64000,18643,8,15,52.325000,set0_rep64,original-openmp,mimalloc,64
newdxx_g,BaO_nat002,64000,18643,8,16,52.969000,set0_rep64,original-openmp,mimalloc,64
newdxx_g,BaO_nat002,64000,18643,8,17,52.682000,set0_rep64,original-openmp,mimalloc,64
newdxx_g,BaO_nat002,64000,18643,8,18,52.873000,set0_rep64,original-openmp,mimalloc,64
newdxx_g,BaO_nat002,64000,18643,8,19,52.717000,set0_rep64,original-openmp,mimalloc,64
newdxx_g,BaO_nat002,64000,18643,16,0,27.181000,set0_rep64,original-openmp,mimalloc,64
newdxx_g,BaO_nat002,64000,18643,16,1,26.952000,set0_rep64,original-openmp,mimalloc,64
newdxx_g,BaO_nat002,64000,18643,16,2,27.333000,set0_rep64,original-openmp,mimalloc,64
newdxx_g,BaO_nat002,64000,18643,16,3,28.151000,set0_rep64,original-openmp,mimalloc,64
newdxx_g,BaO_nat002,64000,18643,16,4,27.106000,set0_rep64,original-openmp,mimalloc,64
newdxx_g,BaO_nat002,64000,18643,16,5,27.102000,set0_rep64,original-openmp,mimalloc,64
newdxx_g,BaO_nat002,64000,18643,16,6,27.437000,set0_rep64,original-openmp,mimalloc,64
newdxx_g,BaO_nat002,64000,18643,16,7,28.085000,set0_rep64,original-openmp,mimalloc,64
newdxx_g,BaO_nat002,64000,18643,16,8,27.340000,set0_rep64,original-openmp,mimalloc,64
newdxx_g,BaO_nat002,64000,18643,16,9,26.997000,set0_rep64,original-openmp,mimalloc,64
newdxx_g,BaO_nat002,64000,18643,16,10,27.039000,set0_rep64,original-openmp,mimalloc,64
newdxx_g,BaO_nat002,64000,18643,16,11,29.298000,set0_rep64,original-openmp,mimalloc,64
newdxx_g,BaO_nat002,64000,18643,16,12,26.921000,set0_rep64,original-openmp,mimalloc,64
newdxx_g,BaO_nat002,64000,18643,16,13,27.105000,set0_rep64,original-openmp,mimalloc,64
newdxx_g,BaO_nat002,64000,18643,16,14,27.503000,set0_rep64,original-openmp,mimalloc,64
newdxx_g,BaO_nat002,64000,18643,16,15,28.907000,set0_rep64,original-openmp,mimalloc,64
newdxx_g,BaO_nat002,64000,18643,16,16,26.991000,set0_rep64,original-openmp,mimalloc,64
newdxx_g,BaO_nat002,64000,18643,16,17,27.189000,set0_rep64,original-openmp,mimalloc,64
newdxx_g,BaO_nat002,64000,18643,16,18,27.700000,set0_rep64,original-openmp,mimalloc,64
newdxx_g,BaO_nat002,64000,18643,16,19,27.634000,set0_rep64,original-openmp,mimalloc,64
newdxx_g,BaO_nat002,64000,18643,32,0,14.409000,set0_rep64,original-openmp,mimalloc,64
newdxx_g,BaO_nat002,64000,18643,32,1,14.461000,set0_rep64,original-openmp,mimalloc,64
newdxx_g,BaO_nat002,64000,18643,32,2,14.487000,set0_rep64,original-openmp,mimalloc,64
newdxx_g,BaO_nat002,64000,18643,32,3,15.836000,set0_rep64,original-openmp,mimalloc,64
newdxx_g,BaO_nat002,64000,18643,32,4,14.549000,set0_rep64,original-openmp,mimalloc,64
newdxx_g,BaO_nat002,64000,18643,32,5,14.425000,set0_rep64,original-openmp,mimalloc,64
newdxx_g,BaO_nat002,64000,18643,32,6,14.561000,set0_rep64,original-openmp,mimalloc,64
newdxx_g,BaO_nat002,64000,18643,32,7,14.312000,set0_rep64,original-openmp,mimalloc,64
newdxx_g,BaO_nat002,64000,18643,32,8,14.331000,set0_rep64,original-openmp,mimalloc,64
newdxx_g,BaO_nat002,64000,18643,32,9,14.394000,set0_rep64,original-openmp,mimalloc,64
newdxx_g,BaO_nat002,64000,18643,32,10,15.505000,set0_rep64,original-openmp,mimalloc,64
newdxx_g,BaO_nat002,64000,18643,32,11,14.733000,set0_rep64,original-openmp,mimalloc,64
newdxx_g,BaO_nat002,64000,18643,32,12,14.539000,set0_rep64,original-openmp,mimalloc,64
newdxx_g,BaO_nat002,64000,18643,32,13,14.327000,set0_rep64,original-openmp,mimalloc,64
newdxx_g,BaO_nat002,64000,18643,32,14,14.560000,set0_rep64,original-openmp,mimalloc,64
newdxx_g,BaO_nat002,64000,18643,32,15,14.381000,set0_rep64,original-openmp,mimalloc,64
newdxx_g,BaO_nat002,64000,18643,32,16,14.416000,set0_rep64,original-openmp,mimalloc,64
newdxx_g,BaO_nat002,64000,18643,32,17,15.203000,set0_rep64,original-openmp,mimalloc,64
newdxx_g,BaO_nat002,64000,18643,32,18,14.706000,set0_rep64,original-openmp,mimalloc,64
newdxx_g,BaO_nat002,64000,18643,32,19,14.428000,set0_rep64,original-openmp,mimalloc,64
newdxx_g,BaO_nat002,64000,18643,64,0,7.825000,set0_rep64,original-openmp,mimalloc,64
newdxx_g,BaO_nat002,64000,18643,64,1,7.234000,set0_rep64,original-openmp,mimalloc,64
newdxx_g,BaO_nat002,64000,18643,64,2,7.517000,set0_rep64,original-openmp,mimalloc,64
newdxx_g,BaO_nat002,64000,18643,64,3,7.392000,set0_rep64,original-openmp,mimalloc,64
newdxx_g,BaO_nat002,64000,18643,64,4,7.391000,set0_rep64,original-openmp,mimalloc,64
newdxx_g,BaO_nat002,64000,18643,64,5,8.271000,set0_rep64,original-openmp,mimalloc,64
newdxx_g,BaO_nat002,64000,18643,64,6,7.370000,set0_rep64,original-openmp,mimalloc,64
newdxx_g,BaO_nat002,64000,18643,64,7,8.204000,set0_rep64,original-openmp,mimalloc,64
newdxx_g,BaO_nat002,64000,18643,64,8,7.824000,set0_rep64,original-openmp,mimalloc,64
newdxx_g,BaO_nat002,64000,18643,64,9,7.243000,set0_rep64,original-openmp,mimalloc,64
newdxx_g,BaO_nat002,64000,18643,64,10,7.498000,set0_rep64,original-openmp,mimalloc,64
newdxx_g,BaO_nat002,64000,18643,64,11,7.226000,set0_rep64,original-openmp,mimalloc,64
newdxx_g,BaO_nat002,64000,18643,64,12,7.315000,set0_rep64,original-openmp,mimalloc,64
newdxx_g,BaO_nat002,64000,18643,64,13,7.286000,set0_rep64,original-openmp,mimalloc,64
newdxx_g,BaO_nat002,64000,18643,64,14,7.849000,set0_rep64,original-openmp,mimalloc,64
newdxx_g,BaO_nat002,64000,18643,64,15,7.308000,set0_rep64,original-openmp,mimalloc,64
newdxx_g,BaO_nat002,64000,18643,64,16,7.577000,set0_rep64,original-openmp,mimalloc,64
newdxx_g,BaO_nat002,64000,18643,64,17,7.308000,set0_rep64,original-openmp,mimalloc,64
newdxx_g,BaO_nat002,64000,18643,64,18,7.286000,set0_rep64,original-openmp,mimalloc,64
newdxx_g,BaO_nat002,64000,18643,64,19,7.486000,set0_rep64,original-openmp,mimalloc,64
newdxx_g,BaO_nat002,64000,18643,72,0,7.805000,set0_rep64,original-openmp,mimalloc,64
newdxx_g,BaO_nat002,64000,18643,72,1,7.731000,set0_rep64,original-openmp,mimalloc,64
newdxx_g,BaO_nat002,64000,18643,72,2,6.986000,set0_rep64,original-openmp,mimalloc,64
newdxx_g,BaO_nat002,64000,18643,72,3,7.660000,set0_rep64,original-openmp,mimalloc,64
newdxx_g,BaO_nat002,64000,18643,72,4,7.585000,set0_rep64,original-openmp,mimalloc,64
newdxx_g,BaO_nat002,64000,18643,72,5,7.057000,set0_rep64,original-openmp,mimalloc,64
newdxx_g,BaO_nat002,64000,18643,72,6,7.158000,set0_rep64,original-openmp,mimalloc,64
newdxx_g,BaO_nat002,64000,18643,72,7,7.996000,set0_rep64,original-openmp,mimalloc,64
newdxx_g,BaO_nat002,64000,18643,72,8,7.287000,set0_rep64,original-openmp,mimalloc,64
newdxx_g,BaO_nat002,64000,18643,72,9,7.419000,set0_rep64,original-openmp,mimalloc,64
newdxx_g,BaO_nat002,64000,18643,72,10,7.237000,set0_rep64,original-openmp,mimalloc,64
newdxx_g,BaO_nat002,64000,18643,72,11,7.121000,set0_rep64,original-openmp,mimalloc,64
newdxx_g,BaO_nat002,64000,18643,72,12,7.481000,set0_rep64,original-openmp,mimalloc,64
newdxx_g,BaO_nat002,64000,18643,72,13,8.850000,set0_rep64,original-openmp,mimalloc,64
newdxx_g,BaO_nat002,64000,18643,72,14,7.888000,set0_rep64,original-openmp,mimalloc,64
newdxx_g,BaO_nat002,64000,18643,72,15,7.834000,set0_rep64,original-openmp,mimalloc,64
newdxx_g,BaO_nat002,64000,18643,72,16,7.153000,set0_rep64,original-openmp,mimalloc,64
newdxx_g,BaO_nat002,64000,18643,72,17,7.511000,set0_rep64,original-openmp,mimalloc,64
newdxx_g,BaO_nat002,64000,18643,72,18,7.202000,set0_rep64,original-openmp,mimalloc,64
newdxx_g,BaO_nat002,64000,18643,72,19,7.176000,set0_rep64,original-openmp,mimalloc,64
newdxx_g,BaO_nat002,64000,18643,1,0,7.260000,set1,original-openmp,mimalloc,1
newdxx_g,BaO_nat002,64000,18643,1,1,7.204000,set1,original-openmp,mimalloc,1
newdxx_g,BaO_nat002,64000,18643,1,2,7.192000,set1,original-openmp,mimalloc,1
newdxx_g,BaO_nat002,64000,18643,1,3,7.261000,set1,original-openmp,mimalloc,1
newdxx_g,BaO_nat002,64000,18643,1,4,7.151000,set1,original-openmp,mimalloc,1
newdxx_g,BaO_nat002,64000,18643,1,5,9.002000,set1,original-openmp,mimalloc,1
newdxx_g,BaO_nat002,64000,18643,1,6,6.997000,set1,original-openmp,mimalloc,1
newdxx_g,BaO_nat002,64000,18643,1,7,7.375000,set1,original-openmp,mimalloc,1
newdxx_g,BaO_nat002,64000,18643,1,8,7.085000,set1,original-openmp,mimalloc,1
newdxx_g,BaO_nat002,64000,18643,1,9,7.045000,set1,original-openmp,mimalloc,1
newdxx_g,BaO_nat002,64000,18643,1,10,6.960000,set1,original-openmp,mimalloc,1
newdxx_g,BaO_nat002,64000,18643,1,11,7.051000,set1,original-openmp,mimalloc,1
newdxx_g,BaO_nat002,64000,18643,1,12,6.985000,set1,original-openmp,mimalloc,1
newdxx_g,BaO_nat002,64000,18643,1,13,6.963000,set1,original-openmp,mimalloc,1
newdxx_g,BaO_nat002,64000,18643,1,14,6.962000,set1,original-openmp,mimalloc,1
newdxx_g,BaO_nat002,64000,18643,1,15,7.023000,set1,original-openmp,mimalloc,1
newdxx_g,BaO_nat002,64000,18643,1,16,7.266000,set1,original-openmp,mimalloc,1
newdxx_g,BaO_nat002,64000,18643,1,17,7.012000,set1,original-openmp,mimalloc,1
newdxx_g,BaO_nat002,64000,18643,1,18,6.981000,set1,original-openmp,mimalloc,1
newdxx_g,BaO_nat002,64000,18643,1,19,6.954000,set1,original-openmp,mimalloc,1
newdxx_g,BaO_nat002,64000,18643,2,0,5.941000,set1,original-openmp,mimalloc,1
newdxx_g,BaO_nat002,64000,18643,2,1,5.957000,set1,original-openmp,mimalloc,1
newdxx_g,BaO_nat002,64000,18643,2,2,7.847000,set1,original-openmp,mimalloc,1
newdxx_g,BaO_nat002,64000,18643,2,3,6.060000,set1,original-openmp,mimalloc,1
newdxx_g,BaO_nat002,64000,18643,2,4,6.169000,set1,original-openmp,mimalloc,1
newdxx_g,BaO_nat002,64000,18643,2,5,5.855000,set1,original-openmp,mimalloc,1
newdxx_g,BaO_nat002,64000,18643,2,6,5.920000,set1,original-openmp,mimalloc,1
newdxx_g,BaO_nat002,64000,18643,2,7,5.800000,set1,original-openmp,mimalloc,1
newdxx_g,BaO_nat002,64000,18643,2,8,5.908000,set1,original-openmp,mimalloc,1
newdxx_g,BaO_nat002,64000,18643,2,9,5.807000,set1,original-openmp,mimalloc,1
newdxx_g,BaO_nat002,64000,18643,2,10,5.797000,set1,original-openmp,mimalloc,1
newdxx_g,BaO_nat002,64000,18643,2,11,5.818000,set1,original-openmp,mimalloc,1
newdxx_g,BaO_nat002,64000,18643,2,12,5.803000,set1,original-openmp,mimalloc,1
newdxx_g,BaO_nat002,64000,18643,2,13,5.811000,set1,original-openmp,mimalloc,1
newdxx_g,BaO_nat002,64000,18643,2,14,5.790000,set1,original-openmp,mimalloc,1
newdxx_g,BaO_nat002,64000,18643,2,15,5.780000,set1,original-openmp,mimalloc,1
newdxx_g,BaO_nat002,64000,18643,2,16,5.753000,set1,original-openmp,mimalloc,1
newdxx_g,BaO_nat002,64000,18643,2,17,5.748000,set1,original-openmp,mimalloc,1
newdxx_g,BaO_nat002,64000,18643,2,18,5.757000,set1,original-openmp,mimalloc,1
newdxx_g,BaO_nat002,64000,18643,2,19,5.733000,set1,original-openmp,mimalloc,1
newdxx_g,BaO_nat002,64000,18643,4,0,6.138000,set1,original-openmp,mimalloc,1
newdxx_g,BaO_nat002,64000,18643,4,1,7.921000,set1,original-openmp,mimalloc,1
newdxx_g,BaO_nat002,64000,18643,4,2,5.924000,set1,original-openmp,mimalloc,1
newdxx_g,BaO_nat002,64000,18643,4,3,6.132000,set1,original-openmp,mimalloc,1
newdxx_g,BaO_nat002,64000,18643,4,4,5.987000,set1,original-openmp,mimalloc,1
newdxx_g,BaO_nat002,64000,18643,4,5,5.817000,set1,original-openmp,mimalloc,1
newdxx_g,BaO_nat002,64000,18643,4,6,5.860000,set1,original-openmp,mimalloc,1
newdxx_g,BaO_nat002,64000,18643,4,7,5.837000,set1,original-openmp,mimalloc,1
newdxx_g,BaO_nat002,64000,18643,4,8,5.751000,set1,original-openmp,mimalloc,1
newdxx_g,BaO_nat002,64000,18643,4,9,5.576000,set1,original-openmp,mimalloc,1
newdxx_g,BaO_nat002,64000,18643,4,10,5.457000,set1,original-openmp,mimalloc,1
newdxx_g,BaO_nat002,64000,18643,4,11,5.636000,set1,original-openmp,mimalloc,1
newdxx_g,BaO_nat002,64000,18643,4,12,5.687000,set1,original-openmp,mimalloc,1
newdxx_g,BaO_nat002,64000,18643,4,13,5.804000,set1,original-openmp,mimalloc,1
newdxx_g,BaO_nat002,64000,18643,4,14,5.746000,set1,original-openmp,mimalloc,1
newdxx_g,BaO_nat002,64000,18643,4,15,5.728000,set1,original-openmp,mimalloc,1
newdxx_g,BaO_nat002,64000,18643,4,16,5.765000,set1,original-openmp,mimalloc,1
newdxx_g,BaO_nat002,64000,18643,4,17,5.708000,set1,original-openmp,mimalloc,1
newdxx_g,BaO_nat002,64000,18643,4,18,5.763000,set1,original-openmp,mimalloc,1
newdxx_g,BaO_nat002,64000,18643,4,19,7.951000,set1,original-openmp,mimalloc,1
newdxx_g,BaO_nat002,64000,18643,8,0,8.219000,set1,original-openmp,mimalloc,1
newdxx_g,BaO_nat002,64000,18643,8,1,6.236000,set1,original-openmp,mimalloc,1
newdxx_g,BaO_nat002,64000,18643,8,2,6.012000,set1,original-openmp,mimalloc,1
newdxx_g,BaO_nat002,64000,18643,8,3,5.986000,set1,original-openmp,mimalloc,1
newdxx_g,BaO_nat002,64000,18643,8,4,5.918000,set1,original-openmp,mimalloc,1
newdxx_g,BaO_nat002,64000,18643,8,5,5.980000,set1,original-openmp,mimalloc,1
newdxx_g,BaO_nat002,64000,18643,8,6,5.839000,set1,original-openmp,mimalloc,1
newdxx_g,BaO_nat002,64000,18643,8,7,5.856000,set1,original-openmp,mimalloc,1
newdxx_g,BaO_nat002,64000,18643,8,8,5.825000,set1,original-openmp,mimalloc,1
newdxx_g,BaO_nat002,64000,18643,8,9,5.856000,set1,original-openmp,mimalloc,1
newdxx_g,BaO_nat002,64000,18643,8,10,5.830000,set1,original-openmp,mimalloc,1
newdxx_g,BaO_nat002,64000,18643,8,11,5.854000,set1,original-openmp,mimalloc,1
newdxx_g,BaO_nat002,64000,18643,8,12,5.764000,set1,original-openmp,mimalloc,1
newdxx_g,BaO_nat002,64000,18643,8,13,5.814000,set1,original-openmp,mimalloc,1
newdxx_g,BaO_nat002,64000,18643,8,14,5.736000,set1,original-openmp,mimalloc,1
newdxx_g,BaO_nat002,64000,18643,8,15,5.788000,set1,original-openmp,mimalloc,1
newdxx_g,BaO_nat002,64000,18643,8,16,5.876000,set1,original-openmp,mimalloc,1
newdxx_g,BaO_nat002,64000,18643,8,17,7.848000,set1,original-openmp,mimalloc,1
newdxx_g,BaO_nat002,64000,18643,8,18,5.535000,set1,original-openmp,mimalloc,1
newdxx_g,BaO_nat002,64000,18643,8,19,5.864000,set1,original-openmp,mimalloc,1
newdxx_g,BaO_nat002,64000,18643,16,0,6.036000,set1,original-openmp,mimalloc,1
newdxx_g,BaO_nat002,64000,18643,16,1,5.990000,set1,original-openmp,mimalloc,1
newdxx_g,BaO_nat002,64000,18643,16,2,5.921000,set1,original-openmp,mimalloc,1
newdxx_g,BaO_nat002,64000,18643,16,3,5.900000,set1,original-openmp,mimalloc,1
newdxx_g,BaO_nat002,64000,18643,16,4,5.924000,set1,original-openmp,mimalloc,1
newdxx_g,BaO_nat002,64000,18643,16,5,5.890000,set1,original-openmp,mimalloc,1
newdxx_g,BaO_nat002,64000,18643,16,6,5.859000,set1,original-openmp,mimalloc,1
newdxx_g,BaO_nat002,64000,18643,16,7,5.856000,set1,original-openmp,mimalloc,1
newdxx_g,BaO_nat002,64000,18643,16,8,5.831000,set1,original-openmp,mimalloc,1
newdxx_g,BaO_nat002,64000,18643,16,9,5.903000,set1,original-openmp,mimalloc,1
newdxx_g,BaO_nat002,64000,18643,16,10,5.832000,set1,original-openmp,mimalloc,1
newdxx_g,BaO_nat002,64000,18643,16,11,5.795000,set1,original-openmp,mimalloc,1
newdxx_g,BaO_nat002,64000,18643,16,12,5.792000,set1,original-openmp,mimalloc,1
newdxx_g,BaO_nat002,64000,18643,16,13,7.774000,set1,original-openmp,mimalloc,1
newdxx_g,BaO_nat002,64000,18643,16,14,5.825000,set1,original-openmp,mimalloc,1
newdxx_g,BaO_nat002,64000,18643,16,15,6.087000,set1,original-openmp,mimalloc,1
newdxx_g,BaO_nat002,64000,18643,16,16,5.799000,set1,original-openmp,mimalloc,1
newdxx_g,BaO_nat002,64000,18643,16,17,5.686000,set1,original-openmp,mimalloc,1
newdxx_g,BaO_nat002,64000,18643,16,18,5.623000,set1,original-openmp,mimalloc,1
newdxx_g,BaO_nat002,64000,18643,16,19,5.750000,set1,original-openmp,mimalloc,1
newdxx_g,BaO_nat002,64000,18643,32,0,6.038000,set1,original-openmp,mimalloc,1
newdxx_g,BaO_nat002,64000,18643,32,1,5.953000,set1,original-openmp,mimalloc,1
newdxx_g,BaO_nat002,64000,18643,32,2,5.948000,set1,original-openmp,mimalloc,1
newdxx_g,BaO_nat002,64000,18643,32,3,5.935000,set1,original-openmp,mimalloc,1
newdxx_g,BaO_nat002,64000,18643,32,4,5.850000,set1,original-openmp,mimalloc,1
newdxx_g,BaO_nat002,64000,18643,32,5,5.869000,set1,original-openmp,mimalloc,1
newdxx_g,BaO_nat002,64000,18643,32,6,5.827000,set1,original-openmp,mimalloc,1
newdxx_g,BaO_nat002,64000,18643,32,7,5.866000,set1,original-openmp,mimalloc,1
newdxx_g,BaO_nat002,64000,18643,32,8,5.920000,set1,original-openmp,mimalloc,1
newdxx_g,BaO_nat002,64000,18643,32,9,5.943000,set1,original-openmp,mimalloc,1
newdxx_g,BaO_nat002,64000,18643,32,10,5.866000,set1,original-openmp,mimalloc,1
newdxx_g,BaO_nat002,64000,18643,32,11,5.862000,set1,original-openmp,mimalloc,1
newdxx_g,BaO_nat002,64000,18643,32,12,8.151000,set1,original-openmp,mimalloc,1
newdxx_g,BaO_nat002,64000,18643,32,13,5.932000,set1,original-openmp,mimalloc,1
newdxx_g,BaO_nat002,64000,18643,32,14,6.028000,set1,original-openmp,mimalloc,1
newdxx_g,BaO_nat002,64000,18643,32,15,6.090000,set1,original-openmp,mimalloc,1
newdxx_g,BaO_nat002,64000,18643,32,16,5.892000,set1,original-openmp,mimalloc,1
newdxx_g,BaO_nat002,64000,18643,32,17,5.576000,set1,original-openmp,mimalloc,1
newdxx_g,BaO_nat002,64000,18643,32,18,5.458000,set1,original-openmp,mimalloc,1
newdxx_g,BaO_nat002,64000,18643,32,19,5.741000,set1,original-openmp,mimalloc,1
newdxx_g,BaO_nat002,64000,18643,64,0,6.161000,set1,original-openmp,mimalloc,1
newdxx_g,BaO_nat002,64000,18643,64,1,5.970000,set1,original-openmp,mimalloc,1
newdxx_g,BaO_nat002,64000,18643,64,2,5.965000,set1,original-openmp,mimalloc,1
newdxx_g,BaO_nat002,64000,18643,64,3,5.955000,set1,original-openmp,mimalloc,1
newdxx_g,BaO_nat002,64000,18643,64,4,6.045000,set1,original-openmp,mimalloc,1
newdxx_g,BaO_nat002,64000,18643,64,5,5.928000,set1,original-openmp,mimalloc,1
newdxx_g,BaO_nat002,64000,18643,64,6,8.127000,set1,original-openmp,mimalloc,1
newdxx_g,BaO_nat002,64000,18643,64,7,5.946000,set1,original-openmp,mimalloc,1
newdxx_g,BaO_nat002,64000,18643,64,8,5.862000,set1,original-openmp,mimalloc,1
newdxx_g,BaO_nat002,64000,18643,64,9,5.813000,set1,original-openmp,mimalloc,1
newdxx_g,BaO_nat002,64000,18643,64,10,5.910000,set1,original-openmp,mimalloc,1
newdxx_g,BaO_nat002,64000,18643,64,11,5.809000,set1,original-openmp,mimalloc,1
newdxx_g,BaO_nat002,64000,18643,64,12,5.814000,set1,original-openmp,mimalloc,1
newdxx_g,BaO_nat002,64000,18643,64,13,5.853000,set1,original-openmp,mimalloc,1
newdxx_g,BaO_nat002,64000,18643,64,14,5.833000,set1,original-openmp,mimalloc,1
newdxx_g,BaO_nat002,64000,18643,64,15,5.788000,set1,original-openmp,mimalloc,1
newdxx_g,BaO_nat002,64000,18643,64,16,5.801000,set1,original-openmp,mimalloc,1
newdxx_g,BaO_nat002,64000,18643,64,17,5.774000,set1,original-openmp,mimalloc,1
newdxx_g,BaO_nat002,64000,18643,64,18,5.826000,set1,original-openmp,mimalloc,1
newdxx_g,BaO_nat002,64000,18643,64,19,5.772000,set1,original-openmp,mimalloc,1
newdxx_g,BaO_nat002,64000,18643,72,0,6.089000,set1,original-openmp,mimalloc,1
newdxx_g,BaO_nat002,64000,18643,72,1,6.036000,set1,original-openmp,mimalloc,1
newdxx_g,BaO_nat002,64000,18643,72,2,8.149000,set1,original-openmp,mimalloc,1
newdxx_g,BaO_nat002,64000,18643,72,3,6.086000,set1,original-openmp,mimalloc,1
newdxx_g,BaO_nat002,64000,18643,72,4,5.904000,set1,original-openmp,mimalloc,1
newdxx_g,BaO_nat002,64000,18643,72,5,5.883000,set1,original-openmp,mimalloc,1
newdxx_g,BaO_nat002,64000,18643,72,6,5.952000,set1,original-openmp,mimalloc,1
newdxx_g,BaO_nat002,64000,18643,72,7,5.876000,set1,original-openmp,mimalloc,1
newdxx_g,BaO_nat002,64000,18643,72,8,5.858000,set1,original-openmp,mimalloc,1
newdxx_g,BaO_nat002,64000,18643,72,9,5.813000,set1,original-openmp,mimalloc,1
newdxx_g,BaO_nat002,64000,18643,72,10,5.825000,set1,original-openmp,mimalloc,1
newdxx_g,BaO_nat002,64000,18643,72,11,5.845000,set1,original-openmp,mimalloc,1
newdxx_g,BaO_nat002,64000,18643,72,12,5.886000,set1,original-openmp,mimalloc,1
newdxx_g,BaO_nat002,64000,18643,72,13,5.964000,set1,original-openmp,mimalloc,1
newdxx_g,BaO_nat002,64000,18643,72,14,5.845000,set1,original-openmp,mimalloc,1
newdxx_g,BaO_nat002,64000,18643,72,15,5.792000,set1,original-openmp,mimalloc,1
newdxx_g,BaO_nat002,64000,18643,72,16,5.776000,set1,original-openmp,mimalloc,1
newdxx_g,BaO_nat002,64000,18643,72,17,5.810000,set1,original-openmp,mimalloc,1
newdxx_g,BaO_nat002,64000,18643,72,18,5.828000,set1,original-openmp,mimalloc,1
newdxx_g,BaO_nat002,64000,18643,72,19,5.803000,set1,original-openmp,mimalloc,1
newdxx_g,BaO_nat002,64000,18643,1,0,392.982000,set1_rep64,original-openmp,mimalloc,64
newdxx_g,BaO_nat002,64000,18643,1,1,391.035000,set1_rep64,original-openmp,mimalloc,64
newdxx_g,BaO_nat002,64000,18643,1,2,386.177000,set1_rep64,original-openmp,mimalloc,64
newdxx_g,BaO_nat002,64000,18643,1,3,381.022000,set1_rep64,original-openmp,mimalloc,64
newdxx_g,BaO_nat002,64000,18643,1,4,381.927000,set1_rep64,original-openmp,mimalloc,64
newdxx_g,BaO_nat002,64000,18643,1,5,382.493000,set1_rep64,original-openmp,mimalloc,64
newdxx_g,BaO_nat002,64000,18643,1,6,385.243000,set1_rep64,original-openmp,mimalloc,64
newdxx_g,BaO_nat002,64000,18643,1,7,383.344000,set1_rep64,original-openmp,mimalloc,64
newdxx_g,BaO_nat002,64000,18643,1,8,386.149000,set1_rep64,original-openmp,mimalloc,64
newdxx_g,BaO_nat002,64000,18643,1,9,386.039000,set1_rep64,original-openmp,mimalloc,64
newdxx_g,BaO_nat002,64000,18643,1,10,381.393000,set1_rep64,original-openmp,mimalloc,64
newdxx_g,BaO_nat002,64000,18643,1,11,380.740000,set1_rep64,original-openmp,mimalloc,64
newdxx_g,BaO_nat002,64000,18643,1,12,382.672000,set1_rep64,original-openmp,mimalloc,64
newdxx_g,BaO_nat002,64000,18643,1,13,377.835000,set1_rep64,original-openmp,mimalloc,64
newdxx_g,BaO_nat002,64000,18643,1,14,379.168000,set1_rep64,original-openmp,mimalloc,64
newdxx_g,BaO_nat002,64000,18643,1,15,379.453000,set1_rep64,original-openmp,mimalloc,64
newdxx_g,BaO_nat002,64000,18643,1,16,377.946000,set1_rep64,original-openmp,mimalloc,64
newdxx_g,BaO_nat002,64000,18643,1,17,379.752000,set1_rep64,original-openmp,mimalloc,64
newdxx_g,BaO_nat002,64000,18643,1,18,381.261000,set1_rep64,original-openmp,mimalloc,64
newdxx_g,BaO_nat002,64000,18643,1,19,377.984000,set1_rep64,original-openmp,mimalloc,64
newdxx_g,BaO_nat002,64000,18643,2,0,208.361000,set1_rep64,original-openmp,mimalloc,64
newdxx_g,BaO_nat002,64000,18643,2,1,207.186000,set1_rep64,original-openmp,mimalloc,64
newdxx_g,BaO_nat002,64000,18643,2,2,208.157000,set1_rep64,original-openmp,mimalloc,64
newdxx_g,BaO_nat002,64000,18643,2,3,206.802000,set1_rep64,original-openmp,mimalloc,64
newdxx_g,BaO_nat002,64000,18643,2,4,208.242000,set1_rep64,original-openmp,mimalloc,64
newdxx_g,BaO_nat002,64000,18643,2,5,207.516000,set1_rep64,original-openmp,mimalloc,64
newdxx_g,BaO_nat002,64000,18643,2,6,209.277000,set1_rep64,original-openmp,mimalloc,64
newdxx_g,BaO_nat002,64000,18643,2,7,209.395000,set1_rep64,original-openmp,mimalloc,64
newdxx_g,BaO_nat002,64000,18643,2,8,209.961000,set1_rep64,original-openmp,mimalloc,64
newdxx_g,BaO_nat002,64000,18643,2,9,210.165000,set1_rep64,original-openmp,mimalloc,64
newdxx_g,BaO_nat002,64000,18643,2,10,208.494000,set1_rep64,original-openmp,mimalloc,64
newdxx_g,BaO_nat002,64000,18643,2,11,207.386000,set1_rep64,original-openmp,mimalloc,64
newdxx_g,BaO_nat002,64000,18643,2,12,207.408000,set1_rep64,original-openmp,mimalloc,64
newdxx_g,BaO_nat002,64000,18643,2,13,208.544000,set1_rep64,original-openmp,mimalloc,64
newdxx_g,BaO_nat002,64000,18643,2,14,208.565000,set1_rep64,original-openmp,mimalloc,64
newdxx_g,BaO_nat002,64000,18643,2,15,207.629000,set1_rep64,original-openmp,mimalloc,64
newdxx_g,BaO_nat002,64000,18643,2,16,209.687000,set1_rep64,original-openmp,mimalloc,64
newdxx_g,BaO_nat002,64000,18643,2,17,208.209000,set1_rep64,original-openmp,mimalloc,64
newdxx_g,BaO_nat002,64000,18643,2,18,208.383000,set1_rep64,original-openmp,mimalloc,64
newdxx_g,BaO_nat002,64000,18643,2,19,208.657000,set1_rep64,original-openmp,mimalloc,64
newdxx_g,BaO_nat002,64000,18643,4,0,104.203000,set1_rep64,original-openmp,mimalloc,64
newdxx_g,BaO_nat002,64000,18643,4,1,104.029000,set1_rep64,original-openmp,mimalloc,64
newdxx_g,BaO_nat002,64000,18643,4,2,103.650000,set1_rep64,original-openmp,mimalloc,64
newdxx_g,BaO_nat002,64000,18643,4,3,104.326000,set1_rep64,original-openmp,mimalloc,64
newdxx_g,BaO_nat002,64000,18643,4,4,105.106000,set1_rep64,original-openmp,mimalloc,64
newdxx_g,BaO_nat002,64000,18643,4,5,105.128000,set1_rep64,original-openmp,mimalloc,64
newdxx_g,BaO_nat002,64000,18643,4,6,104.208000,set1_rep64,original-openmp,mimalloc,64
newdxx_g,BaO_nat002,64000,18643,4,7,104.048000,set1_rep64,original-openmp,mimalloc,64
newdxx_g,BaO_nat002,64000,18643,4,8,104.639000,set1_rep64,original-openmp,mimalloc,64
newdxx_g,BaO_nat002,64000,18643,4,9,103.824000,set1_rep64,original-openmp,mimalloc,64
newdxx_g,BaO_nat002,64000,18643,4,10,104.299000,set1_rep64,original-openmp,mimalloc,64
newdxx_g,BaO_nat002,64000,18643,4,11,103.394000,set1_rep64,original-openmp,mimalloc,64
newdxx_g,BaO_nat002,64000,18643,4,12,104.058000,set1_rep64,original-openmp,mimalloc,64
newdxx_g,BaO_nat002,64000,18643,4,13,103.323000,set1_rep64,original-openmp,mimalloc,64
newdxx_g,BaO_nat002,64000,18643,4,14,103.333000,set1_rep64,original-openmp,mimalloc,64
newdxx_g,BaO_nat002,64000,18643,4,15,103.255000,set1_rep64,original-openmp,mimalloc,64
newdxx_g,BaO_nat002,64000,18643,4,16,104.403000,set1_rep64,original-openmp,mimalloc,64
newdxx_g,BaO_nat002,64000,18643,4,17,103.707000,set1_rep64,original-openmp,mimalloc,64
newdxx_g,BaO_nat002,64000,18643,4,18,103.931000,set1_rep64,original-openmp,mimalloc,64
newdxx_g,BaO_nat002,64000,18643,4,19,103.607000,set1_rep64,original-openmp,mimalloc,64
newdxx_g,BaO_nat002,64000,18643,8,0,52.346000,set1_rep64,original-openmp,mimalloc,64
newdxx_g,BaO_nat002,64000,18643,8,1,51.499000,set1_rep64,original-openmp,mimalloc,64
newdxx_g,BaO_nat002,64000,18643,8,2,52.223000,set1_rep64,original-openmp,mimalloc,64
newdxx_g,BaO_nat002,64000,18643,8,3,52.001000,set1_rep64,original-openmp,mimalloc,64
newdxx_g,BaO_nat002,64000,18643,8,4,52.118000,set1_rep64,original-openmp,mimalloc,64
newdxx_g,BaO_nat002,64000,18643,8,5,51.907000,set1_rep64,original-openmp,mimalloc,64
newdxx_g,BaO_nat002,64000,18643,8,6,51.199000,set1_rep64,original-openmp,mimalloc,64
newdxx_g,BaO_nat002,64000,18643,8,7,52.391000,set1_rep64,original-openmp,mimalloc,64
newdxx_g,BaO_nat002,64000,18643,8,8,51.808000,set1_rep64,original-openmp,mimalloc,64
newdxx_g,BaO_nat002,64000,18643,8,9,52.250000,set1_rep64,original-openmp,mimalloc,64
newdxx_g,BaO_nat002,64000,18643,8,10,51.697000,set1_rep64,original-openmp,mimalloc,64
newdxx_g,BaO_nat002,64000,18643,8,11,52.461000,set1_rep64,original-openmp,mimalloc,64
newdxx_g,BaO_nat002,64000,18643,8,12,51.786000,set1_rep64,original-openmp,mimalloc,64
newdxx_g,BaO_nat002,64000,18643,8,13,52.727000,set1_rep64,original-openmp,mimalloc,64
newdxx_g,BaO_nat002,64000,18643,8,14,52.058000,set1_rep64,original-openmp,mimalloc,64
newdxx_g,BaO_nat002,64000,18643,8,15,52.535000,set1_rep64,original-openmp,mimalloc,64
newdxx_g,BaO_nat002,64000,18643,8,16,52.248000,set1_rep64,original-openmp,mimalloc,64
newdxx_g,BaO_nat002,64000,18643,8,17,52.558000,set1_rep64,original-openmp,mimalloc,64
newdxx_g,BaO_nat002,64000,18643,8,18,51.794000,set1_rep64,original-openmp,mimalloc,64
newdxx_g,BaO_nat002,64000,18643,8,19,52.471000,set1_rep64,original-openmp,mimalloc,64
newdxx_g,BaO_nat002,64000,18643,16,0,27.482000,set1_rep64,original-openmp,mimalloc,64
newdxx_g,BaO_nat002,64000,18643,16,1,27.501000,set1_rep64,original-openmp,mimalloc,64
newdxx_g,BaO_nat002,64000,18643,16,2,26.697000,set1_rep64,original-openmp,mimalloc,64
newdxx_g,BaO_nat002,64000,18643,16,3,26.536000,set1_rep64,original-openmp,mimalloc,64
newdxx_g,BaO_nat002,64000,18643,16,4,27.571000,set1_rep64,original-openmp,mimalloc,64
newdxx_g,BaO_nat002,64000,18643,16,5,27.278000,set1_rep64,original-openmp,mimalloc,64
newdxx_g,BaO_nat002,64000,18643,16,6,26.942000,set1_rep64,original-openmp,mimalloc,64
newdxx_g,BaO_nat002,64000,18643,16,7,26.595000,set1_rep64,original-openmp,mimalloc,64
newdxx_g,BaO_nat002,64000,18643,16,8,28.220000,set1_rep64,original-openmp,mimalloc,64
newdxx_g,BaO_nat002,64000,18643,16,9,27.529000,set1_rep64,original-openmp,mimalloc,64
newdxx_g,BaO_nat002,64000,18643,16,10,26.763000,set1_rep64,original-openmp,mimalloc,64
newdxx_g,BaO_nat002,64000,18643,16,11,27.003000,set1_rep64,original-openmp,mimalloc,64
newdxx_g,BaO_nat002,64000,18643,16,12,27.166000,set1_rep64,original-openmp,mimalloc,64
newdxx_g,BaO_nat002,64000,18643,16,13,27.279000,set1_rep64,original-openmp,mimalloc,64
newdxx_g,BaO_nat002,64000,18643,16,14,26.509000,set1_rep64,original-openmp,mimalloc,64
newdxx_g,BaO_nat002,64000,18643,16,15,27.032000,set1_rep64,original-openmp,mimalloc,64
newdxx_g,BaO_nat002,64000,18643,16,16,27.172000,set1_rep64,original-openmp,mimalloc,64
newdxx_g,BaO_nat002,64000,18643,16,17,27.275000,set1_rep64,original-openmp,mimalloc,64
newdxx_g,BaO_nat002,64000,18643,16,18,26.739000,set1_rep64,original-openmp,mimalloc,64
newdxx_g,BaO_nat002,64000,18643,16,19,26.917000,set1_rep64,original-openmp,mimalloc,64
newdxx_g,BaO_nat002,64000,18643,32,0,14.375000,set1_rep64,original-openmp,mimalloc,64
newdxx_g,BaO_nat002,64000,18643,32,1,15.575000,set1_rep64,original-openmp,mimalloc,64
newdxx_g,BaO_nat002,64000,18643,32,2,14.363000,set1_rep64,original-openmp,mimalloc,64
newdxx_g,BaO_nat002,64000,18643,32,3,14.258000,set1_rep64,original-openmp,mimalloc,64
newdxx_g,BaO_nat002,64000,18643,32,4,14.445000,set1_rep64,original-openmp,mimalloc,64
newdxx_g,BaO_nat002,64000,18643,32,5,15.025000,set1_rep64,original-openmp,mimalloc,64
newdxx_g,BaO_nat002,64000,18643,32,6,14.344000,set1_rep64,original-openmp,mimalloc,64
newdxx_g,BaO_nat002,64000,18643,32,7,14.630000,set1_rep64,original-openmp,mimalloc,64
newdxx_g,BaO_nat002,64000,18643,32,8,16.101000,set1_rep64,original-openmp,mimalloc,64
newdxx_g,BaO_nat002,64000,18643,32,9,14.387000,set1_rep64,original-openmp,mimalloc,64
newdxx_g,BaO_nat002,64000,18643,32,10,14.394000,set1_rep64,original-openmp,mimalloc,64
newdxx_g,BaO_nat002,64000,18643,32,11,14.408000,set1_rep64,original-openmp,mimalloc,64
newdxx_g,BaO_nat002,64000,18643,32,12,15.075000,set1_rep64,original-openmp,mimalloc,64
newdxx_g,BaO_nat002,64000,18643,32,13,14.368000,set1_rep64,original-openmp,mimalloc,64
newdxx_g,BaO_nat002,64000,18643,32,14,14.743000,set1_rep64,original-openmp,mimalloc,64
newdxx_g,BaO_nat002,64000,18643,32,15,14.397000,set1_rep64,original-openmp,mimalloc,64
newdxx_g,BaO_nat002,64000,18643,32,16,15.396000,set1_rep64,original-openmp,mimalloc,64
newdxx_g,BaO_nat002,64000,18643,32,17,14.432000,set1_rep64,original-openmp,mimalloc,64
newdxx_g,BaO_nat002,64000,18643,32,18,14.365000,set1_rep64,original-openmp,mimalloc,64
newdxx_g,BaO_nat002,64000,18643,32,19,14.332000,set1_rep64,original-openmp,mimalloc,64
newdxx_g,BaO_nat002,64000,18643,64,0,8.755000,set1_rep64,original-openmp,mimalloc,64
newdxx_g,BaO_nat002,64000,18643,64,1,7.348000,set1_rep64,original-openmp,mimalloc,64
newdxx_g,BaO_nat002,64000,18643,64,2,7.417000,set1_rep64,original-openmp,mimalloc,64
newdxx_g,BaO_nat002,64000,18643,64,3,7.837000,set1_rep64,original-openmp,mimalloc,64
newdxx_g,BaO_nat002,64000,18643,64,4,7.460000,set1_rep64,original-openmp,mimalloc,64
newdxx_g,BaO_nat002,64000,18643,64,5,7.358000,set1_rep64,original-openmp,mimalloc,64
newdxx_g,BaO_nat002,64000,18643,64,6,7.410000,set1_rep64,original-openmp,mimalloc,64
newdxx_g,BaO_nat002,64000,18643,64,7,9.104000,set1_rep64,original-openmp,mimalloc,64
newdxx_g,BaO_nat002,64000,18643,64,8,7.363000,set1_rep64,original-openmp,mimalloc,64
newdxx_g,BaO_nat002,64000,18643,64,9,7.325000,set1_rep64,original-openmp,mimalloc,64
newdxx_g,BaO_nat002,64000,18643,64,10,7.642000,set1_rep64,original-openmp,mimalloc,64
newdxx_g,BaO_nat002,64000,18643,64,11,7.362000,set1_rep64,original-openmp,mimalloc,64
newdxx_g,BaO_nat002,64000,18643,64,12,7.676000,set1_rep64,original-openmp,mimalloc,64
newdxx_g,BaO_nat002,64000,18643,64,13,7.546000,set1_rep64,original-openmp,mimalloc,64
newdxx_g,BaO_nat002,64000,18643,64,14,8.655000,set1_rep64,original-openmp,mimalloc,64
newdxx_g,BaO_nat002,64000,18643,64,15,7.414000,set1_rep64,original-openmp,mimalloc,64
newdxx_g,BaO_nat002,64000,18643,64,16,7.880000,set1_rep64,original-openmp,mimalloc,64
newdxx_g,BaO_nat002,64000,18643,64,17,8.020000,set1_rep64,original-openmp,mimalloc,64
newdxx_g,BaO_nat002,64000,18643,64,18,7.357000,set1_rep64,original-openmp,mimalloc,64
newdxx_g,BaO_nat002,64000,18643,64,19,7.508000,set1_rep64,original-openmp,mimalloc,64
newdxx_g,BaO_nat002,64000,18643,72,0,7.621000,set1_rep64,original-openmp,mimalloc,64
newdxx_g,BaO_nat002,64000,18643,72,1,8.827000,set1_rep64,original-openmp,mimalloc,64
newdxx_g,BaO_nat002,64000,18643,72,2,7.411000,set1_rep64,original-openmp,mimalloc,64
newdxx_g,BaO_nat002,64000,18643,72,3,7.580000,set1_rep64,original-openmp,mimalloc,64
newdxx_g,BaO_nat002,64000,18643,72,4,8.030000,set1_rep64,original-openmp,mimalloc,64
newdxx_g,BaO_nat002,64000,18643,72,5,7.648000,set1_rep64,original-openmp,mimalloc,64
newdxx_g,BaO_nat002,64000,18643,72,6,7.583000,set1_rep64,original-openmp,mimalloc,64
newdxx_g,BaO_nat002,64000,18643,72,7,7.514000,set1_rep64,original-openmp,mimalloc,64
newdxx_g,BaO_nat002,64000,18643,72,8,9.103000,set1_rep64,original-openmp,mimalloc,64
newdxx_g,BaO_nat002,64000,18643,72,9,7.379000,set1_rep64,original-openmp,mimalloc,64
newdxx_g,BaO_nat002,64000,18643,72,10,7.519000,set1_rep64,original-openmp,mimalloc,64
newdxx_g,BaO_nat002,64000,18643,72,11,7.779000,set1_rep64,original-openmp,mimalloc,64
newdxx_g,BaO_nat002,64000,18643,72,12,7.464000,set1_rep64,original-openmp,mimalloc,64
newdxx_g,BaO_nat002,64000,18643,72,13,7.642000,set1_rep64,original-openmp,mimalloc,64
newdxx_g,BaO_nat002,64000,18643,72,14,7.601000,set1_rep64,original-openmp,mimalloc,64
newdxx_g,BaO_nat002,64000,18643,72,15,8.627000,set1_rep64,original-openmp,mimalloc,64
newdxx_g,BaO_nat002,64000,18643,72,16,7.360000,set1_rep64,original-openmp,mimalloc,64
newdxx_g,BaO_nat002,64000,18643,72,17,7.893000,set1_rep64,original-openmp,mimalloc,64
newdxx_g,BaO_nat002,64000,18643,72,18,7.962000,set1_rep64,original-openmp,mimalloc,64
newdxx_g,BaO_nat002,64000,18643,72,19,30.684000,set1_rep64,original-openmp,mimalloc,64
newdxx_g,BaTiO3_nat005,64000,27609,1,0,27.536000,set0,original-openmp,mimalloc,1
newdxx_g,BaTiO3_nat005,64000,27609,1,1,27.305000,set0,original-openmp,mimalloc,1
newdxx_g,BaTiO3_nat005,64000,27609,1,2,27.042000,set0,original-openmp,mimalloc,1
newdxx_g,BaTiO3_nat005,64000,27609,1,3,29.317000,set0,original-openmp,mimalloc,1
newdxx_g,BaTiO3_nat005,64000,27609,1,4,27.204000,set0,original-openmp,mimalloc,1
newdxx_g,BaTiO3_nat005,64000,27609,1,5,27.043000,set0,original-openmp,mimalloc,1
newdxx_g,BaTiO3_nat005,64000,27609,1,6,27.023000,set0,original-openmp,mimalloc,1
newdxx_g,BaTiO3_nat005,64000,27609,1,7,29.239000,set0,original-openmp,mimalloc,1
newdxx_g,BaTiO3_nat005,64000,27609,1,8,27.017000,set0,original-openmp,mimalloc,1
newdxx_g,BaTiO3_nat005,64000,27609,1,9,27.071000,set0,original-openmp,mimalloc,1
newdxx_g,BaTiO3_nat005,64000,27609,1,10,26.963000,set0,original-openmp,mimalloc,1
newdxx_g,BaTiO3_nat005,64000,27609,1,11,29.148000,set0,original-openmp,mimalloc,1
newdxx_g,BaTiO3_nat005,64000,27609,1,12,26.859000,set0,original-openmp,mimalloc,1
newdxx_g,BaTiO3_nat005,64000,27609,1,13,27.081000,set0,original-openmp,mimalloc,1
newdxx_g,BaTiO3_nat005,64000,27609,1,14,29.458000,set0,original-openmp,mimalloc,1
newdxx_g,BaTiO3_nat005,64000,27609,1,15,27.141000,set0,original-openmp,mimalloc,1
newdxx_g,BaTiO3_nat005,64000,27609,1,16,27.058000,set0,original-openmp,mimalloc,1
newdxx_g,BaTiO3_nat005,64000,27609,1,17,26.965000,set0,original-openmp,mimalloc,1
newdxx_g,BaTiO3_nat005,64000,27609,1,18,29.256000,set0,original-openmp,mimalloc,1
newdxx_g,BaTiO3_nat005,64000,27609,1,19,27.002000,set0,original-openmp,mimalloc,1
newdxx_g,BaTiO3_nat005,64000,27609,2,0,26.661000,set0,original-openmp,mimalloc,1
newdxx_g,BaTiO3_nat005,64000,27609,2,1,24.518000,set0,original-openmp,mimalloc,1
newdxx_g,BaTiO3_nat005,64000,27609,2,2,24.302000,set0,original-openmp,mimalloc,1
newdxx_g,BaTiO3_nat005,64000,27609,2,3,24.247000,set0,original-openmp,mimalloc,1
newdxx_g,BaTiO3_nat005,64000,27609,2,4,26.399000,set0,original-openmp,mimalloc,1
newdxx_g,BaTiO3_nat005,64000,27609,2,5,24.236000,set0,original-openmp,mimalloc,1
newdxx_g,BaTiO3_nat005,64000,27609,2,6,24.149000,set0,original-openmp,mimalloc,1
newdxx_g,BaTiO3_nat005,64000,27609,2,7,24.209000,set0,original-openmp,mimalloc,1
newdxx_g,BaTiO3_nat005,64000,27609,2,8,26.300000,set0,original-openmp,mimalloc,1
newdxx_g,BaTiO3_nat005,64000,27609,2,9,24.241000,set0,original-openmp,mimalloc,1
newdxx_g,BaTiO3_nat005,64000,27609,2,10,24.122000,set0,original-openmp,mimalloc,1
newdxx_g,BaTiO3_nat005,64000,27609,2,11,24.160000,set0,original-openmp,mimalloc,1
newdxx_g,BaTiO3_nat005,64000,27609,2,12,26.531000,set0,original-openmp,mimalloc,1
newdxx_g,BaTiO3_nat005,64000,27609,2,13,24.939000,set0,original-openmp,mimalloc,1
newdxx_g,BaTiO3_nat005,64000,27609,2,14,24.264000,set0,original-openmp,mimalloc,1
newdxx_g,BaTiO3_nat005,64000,27609,2,15,24.428000,set0,original-openmp,mimalloc,1
newdxx_g,BaTiO3_nat005,64000,27609,2,16,24.221000,set0,original-openmp,mimalloc,1
newdxx_g,BaTiO3_nat005,64000,27609,2,17,26.718000,set0,original-openmp,mimalloc,1
newdxx_g,BaTiO3_nat005,64000,27609,2,18,24.186000,set0,original-openmp,mimalloc,1
newdxx_g,BaTiO3_nat005,64000,27609,2,19,24.983000,set0,original-openmp,mimalloc,1
newdxx_g,BaTiO3_nat005,64000,27609,4,0,22.420000,set0,original-openmp,mimalloc,1
newdxx_g,BaTiO3_nat005,64000,27609,4,1,22.466000,set0,original-openmp,mimalloc,1
newdxx_g,BaTiO3_nat005,64000,27609,4,2,22.268000,set0,original-openmp,mimalloc,1
newdxx_g,BaTiO3_nat005,64000,27609,4,3,22.313000,set0,original-openmp,mimalloc,1
newdxx_g,BaTiO3_nat005,64000,27609,4,4,25.233000,set0,original-openmp,mimalloc,1
newdxx_g,BaTiO3_nat005,64000,27609,4,5,22.338000,set0,original-openmp,mimalloc,1
newdxx_g,BaTiO3_nat005,64000,27609,4,6,22.246000,set0,original-openmp,mimalloc,1
newdxx_g,BaTiO3_nat005,64000,27609,4,7,22.154000,set0,original-openmp,mimalloc,1
newdxx_g,BaTiO3_nat005,64000,27609,4,8,24.503000,set0,original-openmp,mimalloc,1
newdxx_g,BaTiO3_nat005,64000,27609,4,9,22.223000,set0,original-openmp,mimalloc,1
newdxx_g,BaTiO3_nat005,64000,27609,4,10,22.235000,set0,original-openmp,mimalloc,1
newdxx_g,BaTiO3_nat005,64000,27609,4,11,22.386000,set0,original-openmp,mimalloc,1
newdxx_g,BaTiO3_nat005,64000,27609,4,12,22.306000,set0,original-openmp,mimalloc,1
newdxx_g,BaTiO3_nat005,64000,27609,4,13,24.435000,set0,original-openmp,mimalloc,1
newdxx_g,BaTiO3_nat005,64000,27609,4,14,22.448000,set0,original-openmp,mimalloc,1
newdxx_g,BaTiO3_nat005,64000,27609,4,15,22.202000,set0,original-openmp,mimalloc,1
newdxx_g,BaTiO3_nat005,64000,27609,4,16,22.258000,set0,original-openmp,mimalloc,1
newdxx_g,BaTiO3_nat005,64000,27609,4,17,22.387000,set0,original-openmp,mimalloc,1
newdxx_g,BaTiO3_nat005,64000,27609,4,18,24.293000,set0,original-openmp,mimalloc,1
newdxx_g,BaTiO3_nat005,64000,27609,4,19,22.224000,set0,original-openmp,mimalloc,1
newdxx_g,BaTiO3_nat005,64000,27609,8,0,11.910000,set0,original-openmp,mimalloc,1
newdxx_g,BaTiO3_nat005,64000,27609,8,1,12.026000,set0,original-openmp,mimalloc,1
newdxx_g,BaTiO3_nat005,64000,27609,8,2,14.076000,set0,original-openmp,mimalloc,1
newdxx_g,BaTiO3_nat005,64000,27609,8,3,11.750000,set0,original-openmp,mimalloc,1
newdxx_g,BaTiO3_nat005,64000,27609,8,4,12.114000,set0,original-openmp,mimalloc,1
newdxx_g,BaTiO3_nat005,64000,27609,8,5,11.861000,set0,original-openmp,mimalloc,1
newdxx_g,BaTiO3_nat005,64000,27609,8,6,11.822000,set0,original-openmp,mimalloc,1
newdxx_g,BaTiO3_nat005,64000,27609,8,7,11.844000,set0,original-openmp,mimalloc,1
newdxx_g,BaTiO3_nat005,64000,27609,8,8,12.021000,set0,original-openmp,mimalloc,1
newdxx_g,BaTiO3_nat005,64000,27609,8,9,11.973000,set0,original-openmp,mimalloc,1
newdxx_g,BaTiO3_nat005,64000,27609,8,10,14.175000,set0,original-openmp,mimalloc,1
newdxx_g,BaTiO3_nat005,64000,27609,8,11,11.906000,set0,original-openmp,mimalloc,1
newdxx_g,BaTiO3_nat005,64000,27609,8,12,12.048000,set0,original-openmp,mimalloc,1
newdxx_g,BaTiO3_nat005,64000,27609,8,13,11.997000,set0,original-openmp,mimalloc,1
newdxx_g,BaTiO3_nat005,64000,27609,8,14,12.100000,set0,original-openmp,mimalloc,1
newdxx_g,BaTiO3_nat005,64000,27609,8,15,11.914000,set0,original-openmp,mimalloc,1
newdxx_g,BaTiO3_nat005,64000,27609,8,16,12.024000,set0,original-openmp,mimalloc,1
newdxx_g,BaTiO3_nat005,64000,27609,8,17,11.972000,set0,original-openmp,mimalloc,1
newdxx_g,BaTiO3_nat005,64000,27609,8,18,11.957000,set0,original-openmp,mimalloc,1
newdxx_g,BaTiO3_nat005,64000,27609,8,19,14.192000,set0,original-openmp,mimalloc,1
newdxx_g,BaTiO3_nat005,64000,27609,16,0,14.005000,set0,original-openmp,mimalloc,1
newdxx_g,BaTiO3_nat005,64000,27609,16,1,11.823000,set0,original-openmp,mimalloc,1
newdxx_g,BaTiO3_nat005,64000,27609,16,2,11.851000,set0,original-openmp,mimalloc,1
newdxx_g,BaTiO3_nat005,64000,27609,16,3,12.190000,set0,original-openmp,mimalloc,1
newdxx_g,BaTiO3_nat005,64000,27609,16,4,11.798000,set0,original-openmp,mimalloc,1
newdxx_g,BaTiO3_nat005,64000,27609,16,5,11.942000,set0,original-openmp,mimalloc,1
newdxx_g,BaTiO3_nat005,64000,27609,16,6,11.878000,set0,original-openmp,mimalloc,1
newdxx_g,BaTiO3_nat005,64000,27609,16,7,11.932000,set0,original-openmp,mimalloc,1
newdxx_g,BaTiO3_nat005,64000,27609,16,8,13.981000,set0,original-openmp,mimalloc,1
newdxx_g,BaTiO3_nat005,64000,27609,16,9,11.824000,set0,original-openmp,mimalloc,1
newdxx_g,BaTiO3_nat005,64000,27609,16,10,11.719000,set0,original-openmp,mimalloc,1
newdxx_g,BaTiO3_nat005,64000,27609,16,11,12.087000,set0,original-openmp,mimalloc,1
newdxx_g,BaTiO3_nat005,64000,27609,16,12,11.833000,set0,original-openmp,mimalloc,1
newdxx_g,BaTiO3_nat005,64000,27609,16,13,12.001000,set0,original-openmp,mimalloc,1
newdxx_g,BaTiO3_nat005,64000,27609,16,14,11.779000,set0,original-openmp,mimalloc,1
newdxx_g,BaTiO3_nat005,64000,27609,16,15,11.831000,set0,original-openmp,mimalloc,1
newdxx_g,BaTiO3_nat005,64000,27609,16,16,11.902000,set0,original-openmp,mimalloc,1
newdxx_g,BaTiO3_nat005,64000,27609,16,17,13.923000,set0,original-openmp,mimalloc,1
newdxx_g,BaTiO3_nat005,64000,27609,16,18,11.744000,set0,original-openmp,mimalloc,1
newdxx_g,BaTiO3_nat005,64000,27609,16,19,11.924000,set0,original-openmp,mimalloc,1
newdxx_g,BaTiO3_nat005,64000,27609,32,0,11.702000,set0,original-openmp,mimalloc,1
newdxx_g,BaTiO3_nat005,64000,27609,32,1,11.853000,set0,original-openmp,mimalloc,1
newdxx_g,BaTiO3_nat005,64000,27609,32,2,13.900000,set0,original-openmp,mimalloc,1
newdxx_g,BaTiO3_nat005,64000,27609,32,3,11.940000,set0,original-openmp,mimalloc,1
newdxx_g,BaTiO3_nat005,64000,27609,32,4,11.939000,set0,original-openmp,mimalloc,1
newdxx_g,BaTiO3_nat005,64000,27609,32,5,11.942000,set0,original-openmp,mimalloc,1
newdxx_g,BaTiO3_nat005,64000,27609,32,6,12.123000,set0,original-openmp,mimalloc,1
newdxx_g,BaTiO3_nat005,64000,27609,32,7,11.999000,set0,original-openmp,mimalloc,1
newdxx_g,BaTiO3_nat005,64000,27609,32,8,11.885000,set0,original-openmp,mimalloc,1
newdxx_g,BaTiO3_nat005,64000,27609,32,9,11.991000,set0,original-openmp,mimalloc,1
newdxx_g,BaTiO3_nat005,64000,27609,32,10,11.881000,set0,original-openmp,mimalloc,1
newdxx_g,BaTiO3_nat005,64000,27609,32,11,13.925000,set0,original-openmp,mimalloc,1
newdxx_g,BaTiO3_nat005,64000,27609,32,12,11.604000,set0,original-openmp,mimalloc,1
newdxx_g,BaTiO3_nat005,64000,27609,32,13,11.694000,set0,original-openmp,mimalloc,1
newdxx_g,BaTiO3_nat005,64000,27609,32,14,11.674000,set0,original-openmp,mimalloc,1
newdxx_g,BaTiO3_nat005,64000,27609,32,15,11.824000,set0,original-openmp,mimalloc,1
newdxx_g,BaTiO3_nat005,64000,27609,32,16,11.769000,set0,original-openmp,mimalloc,1
newdxx_g,BaTiO3_nat005,64000,27609,32,17,12.070000,set0,original-openmp,mimalloc,1
newdxx_g,BaTiO3_nat005,64000,27609,32,18,11.812000,set0,original-openmp,mimalloc,1
newdxx_g,BaTiO3_nat005,64000,27609,32,19,13.846000,set0,original-openmp,mimalloc,1
newdxx_g,BaTiO3_nat005,64000,27609,64,0,12.286000,set0,original-openmp,mimalloc,1
newdxx_g,BaTiO3_nat005,64000,27609,64,1,12.186000,set0,original-openmp,mimalloc,1
newdxx_g,BaTiO3_nat005,64000,27609,64,2,11.996000,set0,original-openmp,mimalloc,1
newdxx_g,BaTiO3_nat005,64000,27609,64,3,11.913000,set0,original-openmp,mimalloc,1
newdxx_g,BaTiO3_nat005,64000,27609,64,4,11.908000,set0,original-openmp,mimalloc,1
newdxx_g,BaTiO3_nat005,64000,27609,64,5,14.256000,set0,original-openmp,mimalloc,1
newdxx_g,BaTiO3_nat005,64000,27609,64,6,11.855000,set0,original-openmp,mimalloc,1
newdxx_g,BaTiO3_nat005,64000,27609,64,7,11.970000,set0,original-openmp,mimalloc,1
newdxx_g,BaTiO3_nat005,64000,27609,64,8,12.062000,set0,original-openmp,mimalloc,1
newdxx_g,BaTiO3_nat005,64000,27609,64,9,11.916000,set0,original-openmp,mimalloc,1
newdxx_g,BaTiO3_nat005,64000,27609,64,10,11.962000,set0,original-openmp,mimalloc,1
newdxx_g,BaTiO3_nat005,64000,27609,64,11,12.052000,set0,original-openmp,mimalloc,1
newdxx_g,BaTiO3_nat005,64000,27609,64,12,12.001000,set0,original-openmp,mimalloc,1
newdxx_g,BaTiO3_nat005,64000,27609,64,13,12.006000,set0,original-openmp,mimalloc,1
newdxx_g,BaTiO3_nat005,64000,27609,64,14,14.403000,set0,original-openmp,mimalloc,1
newdxx_g,BaTiO3_nat005,64000,27609,64,15,12.001000,set0,original-openmp,mimalloc,1
newdxx_g,BaTiO3_nat005,64000,27609,64,16,12.007000,set0,original-openmp,mimalloc,1
newdxx_g,BaTiO3_nat005,64000,27609,64,17,12.015000,set0,original-openmp,mimalloc,1
newdxx_g,BaTiO3_nat005,64000,27609,64,18,12.135000,set0,original-openmp,mimalloc,1
newdxx_g,BaTiO3_nat005,64000,27609,64,19,11.974000,set0,original-openmp,mimalloc,1
newdxx_g,BaTiO3_nat005,64000,27609,72,0,11.928000,set0,original-openmp,mimalloc,1
newdxx_g,BaTiO3_nat005,64000,27609,72,1,12.184000,set0,original-openmp,mimalloc,1
newdxx_g,BaTiO3_nat005,64000,27609,72,2,11.987000,set0,original-openmp,mimalloc,1
newdxx_g,BaTiO3_nat005,64000,27609,72,3,11.920000,set0,original-openmp,mimalloc,1
newdxx_g,BaTiO3_nat005,64000,27609,72,4,11.979000,set0,original-openmp,mimalloc,1
newdxx_g,BaTiO3_nat005,64000,27609,72,5,12.029000,set0,original-openmp,mimalloc,1
newdxx_g,BaTiO3_nat005,64000,27609,72,6,12.006000,set0,original-openmp,mimalloc,1
newdxx_g,BaTiO3_nat005,64000,27609,72,7,12.004000,set0,original-openmp,mimalloc,1
newdxx_g,BaTiO3_nat005,64000,27609,72,8,14.215000,set0,original-openmp,mimalloc,1
newdxx_g,BaTiO3_nat005,64000,27609,72,9,11.778000,set0,original-openmp,mimalloc,1
newdxx_g,BaTiO3_nat005,64000,27609,72,10,12.129000,set0,original-openmp,mimalloc,1
newdxx_g,BaTiO3_nat005,64000,27609,72,11,12.186000,set0,original-openmp,mimalloc,1
newdxx_g,BaTiO3_nat005,64000,27609,72,12,11.990000,set0,original-openmp,mimalloc,1
newdxx_g,BaTiO3_nat005,64000,27609,72,13,12.046000,set0,original-openmp,mimalloc,1
newdxx_g,BaTiO3_nat005,64000,27609,72,14,11.769000,set0,original-openmp,mimalloc,1
newdxx_g,BaTiO3_nat005,64000,27609,72,15,11.945000,set0,original-openmp,mimalloc,1
newdxx_g,BaTiO3_nat005,64000,27609,72,16,14.221000,set0,original-openmp,mimalloc,1
newdxx_g,BaTiO3_nat005,64000,27609,72,17,12.096000,set0,original-openmp,mimalloc,1
newdxx_g,BaTiO3_nat005,64000,27609,72,18,11.988000,set0,original-openmp,mimalloc,1
newdxx_g,BaTiO3_nat005,64000,27609,72,19,17.323000,set0,original-openmp,mimalloc,1
newdxx_g,BaTiO3_nat005,64000,27609,1,0,1189.215000,set0_rep64,original-openmp,mimalloc,64
newdxx_g,BaTiO3_nat005,64000,27609,1,1,1189.079000,set0_rep64,original-openmp,mimalloc,64
newdxx_g,BaTiO3_nat005,64000,27609,1,2,1185.769000,set0_rep64,original-openmp,mimalloc,64
newdxx_g,BaTiO3_nat005,64000,27609,1,3,1186.421000,set0_rep64,original-openmp,mimalloc,64
newdxx_g,BaTiO3_nat005,64000,27609,1,4,1188.709000,set0_rep64,original-openmp,mimalloc,64
newdxx_g,BaTiO3_nat005,64000,27609,1,5,1184.548000,set0_rep64,original-openmp,mimalloc,64
newdxx_g,BaTiO3_nat005,64000,27609,1,6,1184.865000,set0_rep64,original-openmp,mimalloc,64
newdxx_g,BaTiO3_nat005,64000,27609,1,7,1183.835000,set0_rep64,original-openmp,mimalloc,64
newdxx_g,BaTiO3_nat005,64000,27609,1,8,1184.155000,set0_rep64,original-openmp,mimalloc,64
newdxx_g,BaTiO3_nat005,64000,27609,1,9,1185.970000,set0_rep64,original-openmp,mimalloc,64
newdxx_g,BaTiO3_nat005,64000,27609,1,10,1181.898000,set0_rep64,original-openmp,mimalloc,64
newdxx_g,BaTiO3_nat005,64000,27609,1,11,1183.884000,set0_rep64,original-openmp,mimalloc,64
newdxx_g,BaTiO3_nat005,64000,27609,1,12,1183.173000,set0_rep64,original-openmp,mimalloc,64
newdxx_g,BaTiO3_nat005,64000,27609,1,13,1183.403000,set0_rep64,original-openmp,mimalloc,64
newdxx_g,BaTiO3_nat005,64000,27609,1,14,1183.124000,set0_rep64,original-openmp,mimalloc,64
newdxx_g,BaTiO3_nat005,64000,27609,1,15,1184.358000,set0_rep64,original-openmp,mimalloc,64
newdxx_g,BaTiO3_nat005,64000,27609,1,16,1182.766000,set0_rep64,original-openmp,mimalloc,64
newdxx_g,BaTiO3_nat005,64000,27609,1,17,1182.495000,set0_rep64,original-openmp,mimalloc,64
newdxx_g,BaTiO3_nat005,64000,27609,1,18,1185.503000,set0_rep64,original-openmp,mimalloc,64
newdxx_g,BaTiO3_nat005,64000,27609,1,19,1185.924000,set0_rep64,original-openmp,mimalloc,64
newdxx_g,BaTiO3_nat005,64000,27609,2,0,609.935000,set0_rep64,original-openmp,mimalloc,64
newdxx_g,BaTiO3_nat005,64000,27609,2,1,610.717000,set0_rep64,original-openmp,mimalloc,64
newdxx_g,BaTiO3_nat005,64000,27609,2,2,608.826000,set0_rep64,original-openmp,mimalloc,64
newdxx_g,BaTiO3_nat005,64000,27609,2,3,608.945000,set0_rep64,original-openmp,mimalloc,64
newdxx_g,BaTiO3_nat005,64000,27609,2,4,609.631000,set0_rep64,original-openmp,mimalloc,64
newdxx_g,BaTiO3_nat005,64000,27609,2,5,610.927000,set0_rep64,original-openmp,mimalloc,64
newdxx_g,BaTiO3_nat005,64000,27609,2,6,610.604000,set0_rep64,original-openmp,mimalloc,64
newdxx_g,BaTiO3_nat005,64000,27609,2,7,609.985000,set0_rep64,original-openmp,mimalloc,64
newdxx_g,BaTiO3_nat005,64000,27609,2,8,610.609000,set0_rep64,original-openmp,mimalloc,64
newdxx_g,BaTiO3_nat005,64000,27609,2,9,610.630000,set0_rep64,original-openmp,mimalloc,64
newdxx_g,BaTiO3_nat005,64000,27609,2,10,609.519000,set0_rep64,original-openmp,mimalloc,64
newdxx_g,BaTiO3_nat005,64000,27609,2,11,610.062000,set0_rep64,original-openmp,mimalloc,64
newdxx_g,BaTiO3_nat005,64000,27609,2,12,610.617000,set0_rep64,original-openmp,mimalloc,64
newdxx_g,BaTiO3_nat005,64000,27609,2,13,611.693000,set0_rep64,original-openmp,mimalloc,64
newdxx_g,BaTiO3_nat005,64000,27609,2,14,609.283000,set0_rep64,original-openmp,mimalloc,64
newdxx_g,BaTiO3_nat005,64000,27609,2,15,611.945000,set0_rep64,original-openmp,mimalloc,64
newdxx_g,BaTiO3_nat005,64000,27609,2,16,612.121000,set0_rep64,original-openmp,mimalloc,64
newdxx_g,BaTiO3_nat005,64000,27609,2,17,612.092000,set0_rep64,original-openmp,mimalloc,64
newdxx_g,BaTiO3_nat005,64000,27609,2,18,612.052000,set0_rep64,original-openmp,mimalloc,64
newdxx_g,BaTiO3_nat005,64000,27609,2,19,610.159000,set0_rep64,original-openmp,mimalloc,64
newdxx_g,BaTiO3_nat005,64000,27609,4,0,314.084000,set0_rep64,original-openmp,mimalloc,64
newdxx_g,BaTiO3_nat005,64000,27609,4,1,313.892000,set0_rep64,original-openmp,mimalloc,64
newdxx_g,BaTiO3_nat005,64000,27609,4,2,313.368000,set0_rep64,original-openmp,mimalloc,64
newdxx_g,BaTiO3_nat005,64000,27609,4,3,313.997000,set0_rep64,original-openmp,mimalloc,64
newdxx_g,BaTiO3_nat005,64000,27609,4,4,313.620000,set0_rep64,original-openmp,mimalloc,64
newdxx_g,BaTiO3_nat005,64000,27609,4,5,313.947000,set0_rep64,original-openmp,mimalloc,64
newdxx_g,BaTiO3_nat005,64000,27609,4,6,313.501000,set0_rep64,original-openmp,mimalloc,64
newdxx_g,BaTiO3_nat005,64000,27609,4,7,313.575000,set0_rep64,original-openmp,mimalloc,64
newdxx_g,BaTiO3_nat005,64000,27609,4,8,313.781000,set0_rep64,original-openmp,mimalloc,64
newdxx_g,BaTiO3_nat005,64000,27609,4,9,314.992000,set0_rep64,original-openmp,mimalloc,64
newdxx_g,BaTiO3_nat005,64000,27609,4,10,311.506000,set0_rep64,original-openmp,mimalloc,64
newdxx_g,BaTiO3_nat005,64000,27609,4,11,311.634000,set0_rep64,original-openmp,mimalloc,64
newdxx_g,BaTiO3_nat005,64000,27609,4,12,311.317000,set0_rep64,original-openmp,mimalloc,64
newdxx_g,BaTiO3_nat005,64000,27609,4,13,310.593000,set0_rep64,original-openmp,mimalloc,64
newdxx_g,BaTiO3_nat005,64000,27609,4,14,311.769000,set0_rep64,original-openmp,mimalloc,64
newdxx_g,BaTiO3_nat005,64000,27609,4,15,311.591000,set0_rep64,original-openmp,mimalloc,64
newdxx_g,BaTiO3_nat005,64000,27609,4,16,311.971000,set0_rep64,original-openmp,mimalloc,64
newdxx_g,BaTiO3_nat005,64000,27609,4,17,311.552000,set0_rep64,original-openmp,mimalloc,64
newdxx_g,BaTiO3_nat005,64000,27609,4,18,311.784000,set0_rep64,original-openmp,mimalloc,64
newdxx_g,BaTiO3_nat005,64000,27609,4,19,311.157000,set0_rep64,original-openmp,mimalloc,64
newdxx_g,BaTiO3_nat005,64000,27609,8,0,157.165000,set0_rep64,original-openmp,mimalloc,64
newdxx_g,BaTiO3_nat005,64000,27609,8,1,155.934000,set0_rep64,original-openmp,mimalloc,64
newdxx_g,BaTiO3_nat005,64000,27609,8,2,157.087000,set0_rep64,original-openmp,mimalloc,64
newdxx_g,BaTiO3_nat005,64000,27609,8,3,155.848000,set0_rep64,original-openmp,mimalloc,64
newdxx_g,BaTiO3_nat005,64000,27609,8,4,156.711000,set0_rep64,original-openmp,mimalloc,64
newdxx_g,BaTiO3_nat005,64000,27609,8,5,156.268000,set0_rep64,original-openmp,mimalloc,64
newdxx_g,BaTiO3_nat005,64000,27609,8,6,155.515000,set0_rep64,original-openmp,mimalloc,64
newdxx_g,BaTiO3_nat005,64000,27609,8,7,157.084000,set0_rep64,original-openmp,mimalloc,64
newdxx_g,BaTiO3_nat005,64000,27609,8,8,155.558000,set0_rep64,original-openmp,mimalloc,64
newdxx_g,BaTiO3_nat005,64000,27609,8,9,156.830000,set0_rep64,original-openmp,mimalloc,64
newdxx_g,BaTiO3_nat005,64000,27609,8,10,155.756000,set0_rep64,original-openmp,mimalloc,64
newdxx_g,BaTiO3_nat005,64000,27609,8,11,156.171000,set0_rep64,original-openmp,mimalloc,64
newdxx_g,BaTiO3_nat005,64000,27609,8,12,155.042000,set0_rep64,original-openmp,mimalloc,64
newdxx_g,BaTiO3_nat005,64000,27609,8,13,155.604000,set0_rep64,original-openmp,mimalloc,64
newdxx_g,BaTiO3_nat005,64000,27609,8,14,155.401000,set0_rep64,original-openmp,mimalloc,64
newdxx_g,BaTiO3_nat005,64000,27609,8,15,155.992000,set0_rep64,original-openmp,mimalloc,64
newdxx_g,BaTiO3_nat005,64000,27609,8,16,155.476000,set0_rep64,original-openmp,mimalloc,64
newdxx_g,BaTiO3_nat005,64000,27609,8,17,155.435000,set0_rep64,original-openmp,mimalloc,64
newdxx_g,BaTiO3_nat005,64000,27609,8,18,156.504000,set0_rep64,original-openmp,mimalloc,64
newdxx_g,BaTiO3_nat005,64000,27609,8,19,155.782000,set0_rep64,original-openmp,mimalloc,64
newdxx_g,BaTiO3_nat005,64000,27609,16,0,80.686000,set0_rep64,original-openmp,mimalloc,64
newdxx_g,BaTiO3_nat005,64000,27609,16,1,81.132000,set0_rep64,original-openmp,mimalloc,64
newdxx_g,BaTiO3_nat005,64000,27609,16,2,81.571000,set0_rep64,original-openmp,mimalloc,64
newdxx_g,BaTiO3_nat005,64000,27609,16,3,81.132000,set0_rep64,original-openmp,mimalloc,64
newdxx_g,BaTiO3_nat005,64000,27609,16,4,80.856000,set0_rep64,original-openmp,mimalloc,64
newdxx_g,BaTiO3_nat005,64000,27609,16,5,81.370000,set0_rep64,original-openmp,mimalloc,64
newdxx_g,BaTiO3_nat005,64000,27609,16,6,81.093000,set0_rep64,original-openmp,mimalloc,64
newdxx_g,BaTiO3_nat005,64000,27609,16,7,81.412000,set0_rep64,original-openmp,mimalloc,64
newdxx_g,BaTiO3_nat005,64000,27609,16,8,81.953000,set0_rep64,original-openmp,mimalloc,64
newdxx_g,BaTiO3_nat005,64000,27609,16,9,80.940000,set0_rep64,original-openmp,mimalloc,64
newdxx_g,BaTiO3_nat005,64000,27609,16,10,81.223000,set0_rep64,original-openmp,mimalloc,64
newdxx_g,BaTiO3_nat005,64000,27609,16,11,81.018000,set0_rep64,original-openmp,mimalloc,64
newdxx_g,BaTiO3_nat005,64000,27609,16,12,81.669000,set0_rep64,original-openmp,mimalloc,64
newdxx_g,BaTiO3_nat005,64000,27609,16,13,80.903000,set0_rep64,original-openmp,mimalloc,64
newdxx_g,BaTiO3_nat005,64000,27609,16,14,82.028000,set0_rep64,original-openmp,mimalloc,64
newdxx_g,BaTiO3_nat005,64000,27609,16,15,80.605000,set0_rep64,original-openmp,mimalloc,64
newdxx_g,BaTiO3_nat005,64000,27609,16,16,81.572000,set0_rep64,original-openmp,mimalloc,64
newdxx_g,BaTiO3_nat005,64000,27609,16,17,80.834000,set0_rep64,original-openmp,mimalloc,64
newdxx_g,BaTiO3_nat005,64000,27609,16,18,80.794000,set0_rep64,original-openmp,mimalloc,64
newdxx_g,BaTiO3_nat005,64000,27609,16,19,81.991000,set0_rep64,original-openmp,mimalloc,64
newdxx_g,BaTiO3_nat005,64000,27609,32,0,43.769000,set0_rep64,original-openmp,mimalloc,64
newdxx_g,BaTiO3_nat005,64000,27609,32,1,43.730000,set0_rep64,original-openmp,mimalloc,64
newdxx_g,BaTiO3_nat005,64000,27609,32,2,43.726000,set0_rep64,original-openmp,mimalloc,64
newdxx_g,BaTiO3_nat005,64000,27609,32,3,43.955000,set0_rep64,original-openmp,mimalloc,64
newdxx_g,BaTiO3_nat005,64000,27609,32,4,43.927000,set0_rep64,original-openmp,mimalloc,64
newdxx_g,BaTiO3_nat005,64000,27609,32,5,43.859000,set0_rep64,original-openmp,mimalloc,64
newdxx_g,BaTiO3_nat005,64000,27609,32,6,43.922000,set0_rep64,original-openmp,mimalloc,64
newdxx_g,BaTiO3_nat005,64000,27609,32,7,43.620000,set0_rep64,original-openmp,mimalloc,64
newdxx_g,BaTiO3_nat005,64000,27609,32,8,43.617000,set0_rep64,original-openmp,mimalloc,64
newdxx_g,BaTiO3_nat005,64000,27609,32,9,43.787000,set0_rep64,original-openmp,mimalloc,64
newdxx_g,BaTiO3_nat005,64000,27609,32,10,44.309000,set0_rep64,original-openmp,mimalloc,64
newdxx_g,BaTiO3_nat005,64000,27609,32,11,44.183000,set0_rep64,original-openmp,mimalloc,64
newdxx_g,BaTiO3_nat005,64000,27609,32,12,53.903000,set0_rep64,original-openmp,mimalloc,64
newdxx_g,BaTiO3_nat005,64000,27609,32,13,44.173000,set0_rep64,original-openmp,mimalloc,64
newdxx_g,BaTiO3_nat005,64000,27609,32,14,43.703000,set0_rep64,original-openmp,mimalloc,64
newdxx_g,BaTiO3_nat005,64000,27609,32,15,43.492000,set0_rep64,original-openmp,mimalloc,64
newdxx_g,BaTiO3_nat005,64000,27609,32,16,44.357000,set0_rep64,original-openmp,mimalloc,64
newdxx_g,BaTiO3_nat005,64000,27609,32,17,44.245000,set0_rep64,original-openmp,mimalloc,64
newdxx_g,BaTiO3_nat005,64000,27609,32,18,43.860000,set0_rep64,original-openmp,mimalloc,64
newdxx_g,BaTiO3_nat005,64000,27609,32,19,43.529000,set0_rep64,original-openmp,mimalloc,64
newdxx_g,BaTiO3_nat005,64000,27609,64,0,23.608000,set0_rep64,original-openmp,mimalloc,64
newdxx_g,BaTiO3_nat005,64000,27609,64,1,23.870000,set0_rep64,original-openmp,mimalloc,64
newdxx_g,BaTiO3_nat005,64000,27609,64,2,23.996000,set0_rep64,original-openmp,mimalloc,64
newdxx_g,BaTiO3_nat005,64000,27609,64,3,25.249000,set0_rep64,original-openmp,mimalloc,64
newdxx_g,BaTiO3_nat005,64000,27609,64,4,23.399000,set0_rep64,original-openmp,mimalloc,64
newdxx_g,BaTiO3_nat005,64000,27609,64,5,23.697000,set0_rep64,original-openmp,mimalloc,64
newdxx_g,BaTiO3_nat005,64000,27609,64,6,24.208000,set0_rep64,original-openmp,mimalloc,64
newdxx_g,BaTiO3_nat005,64000,27609,64,7,23.629000,set0_rep64,original-openmp,mimalloc,64
newdxx_g,BaTiO3_nat005,64000,27609,64,8,26.585000,set0_rep64,original-openmp,mimalloc,64
newdxx_g,BaTiO3_nat005,64000,27609,64,9,24.380000,set0_rep64,original-openmp,mimalloc,64
newdxx_g,BaTiO3_nat005,64000,27609,64,10,23.921000,set0_rep64,original-openmp,mimalloc,64
newdxx_g,BaTiO3_nat005,64000,27609,64,11,23.229000,set0_rep64,original-openmp,mimalloc,64
newdxx_g,BaTiO3_nat005,64000,27609,64,12,24.348000,set0_rep64,original-openmp,mimalloc,64
newdxx_g,BaTiO3_nat005,64000,27609,64,13,23.561000,set0_rep64,original-openmp,mimalloc,64
newdxx_g,BaTiO3_nat005,64000,27609,64,14,24.202000,set0_rep64,original-openmp,mimalloc,64
newdxx_g,BaTiO3_nat005,64000,27609,64,15,23.546000,set0_rep64,original-openmp,mimalloc,64
newdxx_g,BaTiO3_nat005,64000,27609,64,16,24.545000,set0_rep64,original-openmp,mimalloc,64
newdxx_g,BaTiO3_nat005,64000,27609,64,17,23.464000,set0_rep64,original-openmp,mimalloc,64
newdxx_g,BaTiO3_nat005,64000,27609,64,18,23.688000,set0_rep64,original-openmp,mimalloc,64
newdxx_g,BaTiO3_nat005,64000,27609,64,19,23.775000,set0_rep64,original-openmp,mimalloc,64
newdxx_g,BaTiO3_nat005,64000,27609,72,0,27.005000,set0_rep64,original-openmp,mimalloc,64
newdxx_g,BaTiO3_nat005,64000,27609,72,1,23.812000,set0_rep64,original-openmp,mimalloc,64
newdxx_g,BaTiO3_nat005,64000,27609,72,2,24.334000,set0_rep64,original-openmp,mimalloc,64
newdxx_g,BaTiO3_nat005,64000,27609,72,3,23.726000,set0_rep64,original-openmp,mimalloc,64
newdxx_g,BaTiO3_nat005,64000,27609,72,4,24.158000,set0_rep64,original-openmp,mimalloc,64
newdxx_g,BaTiO3_nat005,64000,27609,72,5,23.848000,set0_rep64,original-openmp,mimalloc,64
newdxx_g,BaTiO3_nat005,64000,27609,72,6,25.466000,set0_rep64,original-openmp,mimalloc,64
newdxx_g,BaTiO3_nat005,64000,27609,72,7,23.446000,set0_rep64,original-openmp,mimalloc,64
newdxx_g,BaTiO3_nat005,64000,27609,72,8,24.509000,set0_rep64,original-openmp,mimalloc,64
newdxx_g,BaTiO3_nat005,64000,27609,72,9,24.194000,set0_rep64,original-openmp,mimalloc,64
newdxx_g,BaTiO3_nat005,64000,27609,72,10,24.002000,set0_rep64,original-openmp,mimalloc,64
newdxx_g,BaTiO3_nat005,64000,27609,72,11,25.903000,set0_rep64,original-openmp,mimalloc,64
newdxx_g,BaTiO3_nat005,64000,27609,72,12,24.596000,set0_rep64,original-openmp,mimalloc,64
newdxx_g,BaTiO3_nat005,64000,27609,72,13,23.937000,set0_rep64,original-openmp,mimalloc,64
newdxx_g,BaTiO3_nat005,64000,27609,72,14,24.202000,set0_rep64,original-openmp,mimalloc,64
newdxx_g,BaTiO3_nat005,64000,27609,72,15,24.915000,set0_rep64,original-openmp,mimalloc,64
newdxx_g,BaTiO3_nat005,64000,27609,72,16,23.558000,set0_rep64,original-openmp,mimalloc,64
newdxx_g,BaTiO3_nat005,64000,27609,72,17,24.780000,set0_rep64,original-openmp,mimalloc,64
newdxx_g,BaTiO3_nat005,64000,27609,72,18,24.114000,set0_rep64,original-openmp,mimalloc,64
newdxx_g,BaTiO3_nat005,64000,27609,72,19,25.330000,set0_rep64,original-openmp,mimalloc,64
newdxx_g,BaTiO3_nat005,64000,27609,1,0,29.228000,set1,original-openmp,mimalloc,1
newdxx_g,BaTiO3_nat005,64000,27609,1,1,26.859000,set1,original-openmp,mimalloc,1
newdxx_g,BaTiO3_nat005,64000,27609,1,2,27.152000,set1,original-openmp,mimalloc,1
newdxx_g,BaTiO3_nat005,64000,27609,1,3,26.771000,set1,original-openmp,mimalloc,1
newdxx_g,BaTiO3_nat005,64000,27609,1,4,29.331000,set1,original-openmp,mimalloc,1
newdxx_g,BaTiO3_nat005,64000,27609,1,5,27.004000,set1,original-openmp,mimalloc,1
newdxx_g,BaTiO3_nat005,64000,27609,1,6,26.901000,set1,original-openmp,mimalloc,1
newdxx_g,BaTiO3_nat005,64000,27609,1,7,26.833000,set1,original-openmp,mimalloc,1
newdxx_g,BaTiO3_nat005,64000,27609,1,8,29.949000,set1,original-openmp,mimalloc,1
newdxx_g,BaTiO3_nat005,64000,27609,1,9,27.164000,set1,original-openmp,mimalloc,1
newdxx_g,BaTiO3_nat005,64000,27609,1,10,26.949000,set1,original-openmp,mimalloc,1
newdxx_g,BaTiO3_nat005,64000,27609,1,11,27.582000,set1,original-openmp,mimalloc,1
newdxx_g,BaTiO3_nat005,64000,27609,1,12,28.407000,set1,original-openmp,mimalloc,1
newdxx_g,BaTiO3_nat005,64000,27609,1,13,26.789000,set1,original-openmp,mimalloc,1
newdxx_g,BaTiO3_nat005,64000,27609,1,14,27.083000,set1,original-openmp,mimalloc,1
newdxx_g,BaTiO3_nat005,64000,27609,1,15,29.360000,set1,original-openmp,mimalloc,1
newdxx_g,BaTiO3_nat005,64000,27609,1,16,26.799000,set1,original-openmp,mimalloc,1
newdxx_g,BaTiO3_nat005,64000,27609,1,17,27.001000,set1,original-openmp,mimalloc,1
newdxx_g,BaTiO3_nat005,64000,27609,1,18,26.866000,set1,original-openmp,mimalloc,1
newdxx_g,BaTiO3_nat005,64000,27609,1,19,29.024000,set1,original-openmp,mimalloc,1
newdxx_g,BaTiO3_nat005,64000,27609,2,0,24.131000,set1,original-openmp,mimalloc,1
newdxx_g,BaTiO3_nat005,64000,27609,2,1,26.245000,set1,original-openmp,mimalloc,1
newdxx_g,BaTiO3_nat005,64000,27609,2,2,23.897000,set1,original-openmp,mimalloc,1
newdxx_g,BaTiO3_nat005,64000,27609,2,3,23.890000,set1,original-openmp,mimalloc,1
newdxx_g,BaTiO3_nat005,64000,27609,2,4,23.887000,set1,original-openmp,mimalloc,1
newdxx_g,BaTiO3_nat005,64000,27609,2,5,25.984000,set1,original-openmp,mimalloc,1
newdxx_g,BaTiO3_nat005,64000,27609,2,6,23.985000,set1,original-openmp,mimalloc,1
newdxx_g,BaTiO3_nat005,64000,27609,2,7,23.878000,set1,original-openmp,mimalloc,1
newdxx_g,BaTiO3_nat005,64000,27609,2,8,23.981000,set1,original-openmp,mimalloc,1
newdxx_g,BaTiO3_nat005,64000,27609,2,9,23.998000,set1,original-openmp,mimalloc,1
newdxx_g,BaTiO3_nat005,64000,27609,2,10,26.036000,set1,original-openmp,mimalloc,1
newdxx_g,BaTiO3_nat005,64000,27609,2,11,24.027000,set1,original-openmp,mimalloc,1
newdxx_g,BaTiO3_nat005,64000,27609,2,12,23.916000,set1,original-openmp,mimalloc,1
newdxx_g,BaTiO3_nat005,64000,27609,2,13,23.977000,set1,original-openmp,mimalloc,1
newdxx_g,BaTiO3_nat005,64000,27609,2,14,26.087000,set1,original-openmp,mimalloc,1
newdxx_g,BaTiO3_nat005,64000,27609,2,15,23.969000,set1,original-openmp,mimalloc,1
newdxx_g,BaTiO3_nat005,64000,27609,2,16,23.851000,set1,original-openmp,mimalloc,1
newdxx_g,BaTiO3_nat005,64000,27609,2,17,23.947000,set1,original-openmp,mimalloc,1
newdxx_g,BaTiO3_nat005,64000,27609,2,18,26.311000,set1,original-openmp,mimalloc,1
newdxx_g,BaTiO3_nat005,64000,27609,2,19,24.004000,set1,original-openmp,mimalloc,1
newdxx_g,BaTiO3_nat005,64000,27609,4,0,24.588000,set1,original-openmp,mimalloc,1
newdxx_g,BaTiO3_nat005,64000,27609,4,1,22.460000,set1,original-openmp,mimalloc,1
newdxx_g,BaTiO3_nat005,64000,27609,4,2,22.206000,set1,original-openmp,mimalloc,1
newdxx_g,BaTiO3_nat005,64000,27609,4,3,22.355000,set1,original-openmp,mimalloc,1
newdxx_g,BaTiO3_nat005,64000,27609,4,4,22.106000,set1,original-openmp,mimalloc,1
newdxx_g,BaTiO3_nat005,64000,27609,4,5,24.714000,set1,original-openmp,mimalloc,1
newdxx_g,BaTiO3_nat005,64000,27609,4,6,22.165000,set1,original-openmp,mimalloc,1
newdxx_g,BaTiO3_nat005,64000,27609,4,7,22.149000,set1,original-openmp,mimalloc,1
newdxx_g,BaTiO3_nat005,64000,27609,4,8,22.259000,set1,original-openmp,mimalloc,1
newdxx_g,BaTiO3_nat005,64000,27609,4,9,24.422000,set1,original-openmp,mimalloc,1
newdxx_g,BaTiO3_nat005,64000,27609,4,10,22.218000,set1,original-openmp,mimalloc,1
newdxx_g,BaTiO3_nat005,64000,27609,4,11,22.382000,set1,original-openmp,mimalloc,1
newdxx_g,BaTiO3_nat005,64000,27609,4,12,22.018000,set1,original-openmp,mimalloc,1
newdxx_g,BaTiO3_nat005,64000,27609,4,13,22.215000,set1,original-openmp,mimalloc,1
newdxx_g,BaTiO3_nat005,64000,27609,4,14,24.449000,set1,original-openmp,mimalloc,1
newdxx_g,BaTiO3_nat005,64000,27609,4,15,21.969000,set1,original-openmp,mimalloc,1
newdxx_g,BaTiO3_nat005,64000,27609,4,16,22.156000,set1,original-openmp,mimalloc,1
newdxx_g,BaTiO3_nat005,64000,27609,4,17,22.150000,set1,original-openmp,mimalloc,1
newdxx_g,BaTiO3_nat005,64000,27609,4,18,22.431000,set1,original-openmp,mimalloc,1
newdxx_g,BaTiO3_nat005,64000,27609,4,19,24.394000,set1,original-openmp,mimalloc,1
newdxx_g,BaTiO3_nat005,64000,27609,8,0,11.981000,set1,original-openmp,mimalloc,1
newdxx_g,BaTiO3_nat005,64000,27609,8,1,11.851000,set1,original-openmp,mimalloc,1
newdxx_g,BaTiO3_nat005,64000,27609,8,2,11.842000,set1,original-openmp,mimalloc,1
newdxx_g,BaTiO3_nat005,64000,27609,8,3,13.121000,set1,original-openmp,mimalloc,1
newdxx_g,BaTiO3_nat005,64000,27609,8,4,14.405000,set1,original-openmp,mimalloc,1
newdxx_g,BaTiO3_nat005,64000,27609,8,5,11.791000,set1,original-openmp,mimalloc,1
newdxx_g,BaTiO3_nat005,64000,27609,8,6,11.754000,set1,original-openmp,mimalloc,1
newdxx_g,BaTiO3_nat005,64000,27609,8,7,11.707000,set1,original-openmp,mimalloc,1
newdxx_g,BaTiO3_nat005,64000,27609,8,8,11.603000,set1,original-openmp,mimalloc,1
newdxx_g,BaTiO3_nat005,64000,27609,8,9,11.771000,set1,original-openmp,mimalloc,1
newdxx_g,BaTiO3_nat005,64000,27609,8,10,11.738000,set1,original-openmp,mimalloc,1
newdxx_g,BaTiO3_nat005,64000,27609,8,11,11.800000,set1,original-openmp,mimalloc,1
newdxx_g,BaTiO3_nat005,64000,27609,8,12,11.783000,set1,original-openmp,mimalloc,1
newdxx_g,BaTiO3_nat005,64000,27609,8,13,13.993000,set1,original-openmp,mimalloc,1
newdxx_g,BaTiO3_nat005,64000,27609,8,14,11.612000,set1,original-openmp,mimalloc,1
newdxx_g,BaTiO3_nat005,64000,27609,8,15,11.956000,set1,original-openmp,mimalloc,1
newdxx_g,BaTiO3_nat005,64000,27609,8,16,11.722000,set1,original-openmp,mimalloc,1
newdxx_g,BaTiO3_nat005,64000,27609,8,17,11.822000,set1,original-openmp,mimalloc,1
newdxx_g,BaTiO3_nat005,64000,27609,8,18,11.802000,set1,original-openmp,mimalloc,1
newdxx_g,BaTiO3_nat005,64000,27609,8,19,11.748000,set1,original-openmp,mimalloc,1
newdxx_g,BaTiO3_nat005,64000,27609,16,0,14.241000,set1,original-openmp,mimalloc,1
newdxx_g,BaTiO3_nat005,64000,27609,16,1,11.681000,set1,original-openmp,mimalloc,1
newdxx_g,BaTiO3_nat005,64000,27609,16,2,11.947000,set1,original-openmp,mimalloc,1
newdxx_g,BaTiO3_nat005,64000,27609,16,3,11.784000,set1,original-openmp,mimalloc,1
newdxx_g,BaTiO3_nat005,64000,27609,16,4,11.790000,set1,original-openmp,mimalloc,1
newdxx_g,BaTiO3_nat005,64000,27609,16,5,11.824000,set1,original-openmp,mimalloc,1
newdxx_g,BaTiO3_nat005,64000,27609,16,6,11.726000,set1,original-openmp,mimalloc,1
newdxx_g,BaTiO3_nat005,64000,27609,16,7,11.772000,set1,original-openmp,mimalloc,1
newdxx_g,BaTiO3_nat005,64000,27609,16,8,14.049000,set1,original-openmp,mimalloc,1
newdxx_g,BaTiO3_nat005,64000,27609,16,9,11.839000,set1,original-openmp,mimalloc,1
newdxx_g,BaTiO3_nat005,64000,27609,16,10,11.739000,set1,original-openmp,mimalloc,1
newdxx_g,BaTiO3_nat005,64000,27609,16,11,11.938000,set1,original-openmp,mimalloc,1
newdxx_g,BaTiO3_nat005,64000,27609,16,12,11.858000,set1,original-openmp,mimalloc,1
newdxx_g,BaTiO3_nat005,64000,27609,16,13,11.839000,set1,original-openmp,mimalloc,1
newdxx_g,BaTiO3_nat005,64000,27609,16,14,11.976000,set1,original-openmp,mimalloc,1
newdxx_g,BaTiO3_nat005,64000,27609,16,15,11.745000,set1,original-openmp,mimalloc,1
newdxx_g,BaTiO3_nat005,64000,27609,16,16,11.836000,set1,original-openmp,mimalloc,1
newdxx_g,BaTiO3_nat005,64000,27609,16,17,13.956000,set1,original-openmp,mimalloc,1
newdxx_g,BaTiO3_nat005,64000,27609,16,18,11.692000,set1,original-openmp,mimalloc,1
newdxx_g,BaTiO3_nat005,64000,27609,16,19,11.888000,set1,original-openmp,mimalloc,1
newdxx_g,BaTiO3_nat005,64000,27609,32,0,12.023000,set1,original-openmp,mimalloc,1
newdxx_g,BaTiO3_nat005,64000,27609,32,1,11.919000,set1,original-openmp,mimalloc,1
newdxx_g,BaTiO3_nat005,64000,27609,32,2,11.758000,set1,original-openmp,mimalloc,1
newdxx_g,BaTiO3_nat005,64000,27609,32,3,11.804000,set1,original-openmp,mimalloc,1
newdxx_g,BaTiO3_nat005,64000,27609,32,4,14.127000,set1,original-openmp,mimalloc,1
newdxx_g,BaTiO3_nat005,64000,27609,32,5,11.577000,set1,original-openmp,mimalloc,1
newdxx_g,BaTiO3_nat005,64000,27609,32,6,11.878000,set1,original-openmp,mimalloc,1
newdxx_g,BaTiO3_nat005,64000,27609,32,7,11.787000,set1,original-openmp,mimalloc,1
newdxx_g,BaTiO3_nat005,64000,27609,32,8,11.855000,set1,original-openmp,mimalloc,1
newdxx_g,BaTiO3_nat005,64000,27609,32,9,11.742000,set1,original-openmp,mimalloc,1
newdxx_g,BaTiO3_nat005,64000,27609,32,10,12.069000,set1,original-openmp,mimalloc,1
newdxx_g,BaTiO3_nat005,64000,27609,32,11,11.854000,set1,original-openmp,mimalloc,1
newdxx_g,BaTiO3_nat005,64000,27609,32,12,13.909000,set1,original-openmp,mimalloc,1
newdxx_g,BaTiO3_nat005,64000,27609,32,13,11.880000,set1,original-openmp,mimalloc,1
newdxx_g,BaTiO3_nat005,64000,27609,32,14,11.714000,set1,original-openmp,mimalloc,1
newdxx_g,BaTiO3_nat005,64000,27609,32,15,11.681000,set1,original-openmp,mimalloc,1
newdxx_g,BaTiO3_nat005,64000,27609,32,16,11.834000,set1,original-openmp,mimalloc,1
newdxx_g,BaTiO3_nat005,64000,27609,32,17,11.772000,set1,original-openmp,mimalloc,1
newdxx_g,BaTiO3_nat005,64000,27609,32,18,11.695000,set1,original-openmp,mimalloc,1
newdxx_g,BaTiO3_nat005,64000,27609,32,19,12.049000,set1,original-openmp,mimalloc,1
newdxx_g,BaTiO3_nat005,64000,27609,64,0,11.980000,set1,original-openmp,mimalloc,1
newdxx_g,BaTiO3_nat005,64000,27609,64,1,12.096000,set1,original-openmp,mimalloc,1
newdxx_g,BaTiO3_nat005,64000,27609,64,2,11.948000,set1,original-openmp,mimalloc,1
newdxx_g,BaTiO3_nat005,64000,27609,64,3,12.097000,set1,original-openmp,mimalloc,1
newdxx_g,BaTiO3_nat005,64000,27609,64,4,11.870000,set1,original-openmp,mimalloc,1
newdxx_g,BaTiO3_nat005,64000,27609,64,5,11.928000,set1,original-openmp,mimalloc,1
newdxx_g,BaTiO3_nat005,64000,27609,64,6,11.856000,set1,original-openmp,mimalloc,1
newdxx_g,BaTiO3_nat005,64000,27609,64,7,12.010000,set1,original-openmp,mimalloc,1
newdxx_g,BaTiO3_nat005,64000,27609,64,8,13.927000,set1,original-openmp,mimalloc,1
newdxx_g,BaTiO3_nat005,64000,27609,64,9,11.834000,set1,original-openmp,mimalloc,1
newdxx_g,BaTiO3_nat005,64000,27609,64,10,11.832000,set1,original-openmp,mimalloc,1
newdxx_g,BaTiO3_nat005,64000,27609,64,11,12.417000,set1,original-openmp,mimalloc,1
newdxx_g,BaTiO3_nat005,64000,27609,64,12,12.113000,set1,original-openmp,mimalloc,1
newdxx_g,BaTiO3_nat005,64000,27609,64,13,11.778000,set1,original-openmp,mimalloc,1
newdxx_g,BaTiO3_nat005,64000,27609,64,14,11.881000,set1,original-openmp,mimalloc,1
newdxx_g,BaTiO3_nat005,64000,27609,64,15,12.119000,set1,original-openmp,mimalloc,1
newdxx_g,BaTiO3_nat005,64000,27609,64,16,14.324000,set1,original-openmp,mimalloc,1
newdxx_g,BaTiO3_nat005,64000,27609,64,17,12.161000,set1,original-openmp,mimalloc,1
newdxx_g,BaTiO3_nat005,64000,27609,64,18,11.874000,set1,original-openmp,mimalloc,1
newdxx_g,BaTiO3_nat005,64000,27609,64,19,11.922000,set1,original-openmp,mimalloc,1
newdxx_g,BaTiO3_nat005,64000,27609,72,0,12.465000,set1,original-openmp,mimalloc,1
newdxx_g,BaTiO3_nat005,64000,27609,72,1,12.066000,set1,original-openmp,mimalloc,1
newdxx_g,BaTiO3_nat005,64000,27609,72,2,14.182000,set1,original-openmp,mimalloc,1
newdxx_g,BaTiO3_nat005,64000,27609,72,3,11.900000,set1,original-openmp,mimalloc,1
newdxx_g,BaTiO3_nat005,64000,27609,72,4,12.208000,set1,original-openmp,mimalloc,1
newdxx_g,BaTiO3_nat005,64000,27609,72,5,11.915000,set1,original-openmp,mimalloc,1
newdxx_g,BaTiO3_nat005,64000,27609,72,6,12.032000,set1,original-openmp,mimalloc,1
newdxx_g,BaTiO3_nat005,64000,27609,72,7,11.921000,set1,original-openmp,mimalloc,1
newdxx_g,BaTiO3_nat005,64000,27609,72,8,11.900000,set1,original-openmp,mimalloc,1
newdxx_g,BaTiO3_nat005,64000,27609,72,9,12.047000,set1,original-openmp,mimalloc,1
newdxx_g,BaTiO3_nat005,64000,27609,72,10,11.883000,set1,original-openmp,mimalloc,1
newdxx_g,BaTiO3_nat005,64000,27609,72,11,14.084000,set1,original-openmp,mimalloc,1
newdxx_g,BaTiO3_nat005,64000,27609,72,12,11.722000,set1,original-openmp,mimalloc,1
newdxx_g,BaTiO3_nat005,64000,27609,72,13,11.927000,set1,original-openmp,mimalloc,1
newdxx_g,BaTiO3_nat005,64000,27609,72,14,11.823000,set1,original-openmp,mimalloc,1
newdxx_g,BaTiO3_nat005,64000,27609,72,15,11.924000,set1,original-openmp,mimalloc,1
newdxx_g,BaTiO3_nat005,64000,27609,72,16,11.799000,set1,original-openmp,mimalloc,1
newdxx_g,BaTiO3_nat005,64000,27609,72,17,12.052000,set1,original-openmp,mimalloc,1
newdxx_g,BaTiO3_nat005,64000,27609,72,18,11.863000,set1,original-openmp,mimalloc,1
newdxx_g,BaTiO3_nat005,64000,27609,72,19,14.408000,set1,original-openmp,mimalloc,1
newdxx_g,BaTiO3_nat005,64000,27609,1,0,1184.233000,set1_rep64,original-openmp,mimalloc,64
newdxx_g,BaTiO3_nat005,64000,27609,1,1,1184.800000,set1_rep64,original-openmp,mimalloc,64
newdxx_g,BaTiO3_nat005,64000,27609,1,2,1180.479000,set1_rep64,original-openmp,mimalloc,64
newdxx_g,BaTiO3_nat005,64000,27609,1,3,1181.618000,set1_rep64,original-openmp,mimalloc,64
newdxx_g,BaTiO3_nat005,64000,27609,1,4,1183.925000,set1_rep64,original-openmp,mimalloc,64
newdxx_g,BaTiO3_nat005,64000,27609,1,5,1181.824000,set1_rep64,original-openmp,mimalloc,64
newdxx_g,BaTiO3_nat005,64000,27609,1,6,1179.812000,set1_rep64,original-openmp,mimalloc,64
newdxx_g,BaTiO3_nat005,64000,27609,1,7,1181.085000,set1_rep64,original-openmp,mimalloc,64
newdxx_g,BaTiO3_nat005,64000,27609,1,8,1182.967000,set1_rep64,original-openmp,mimalloc,64
newdxx_g,BaTiO3_nat005,64000,27609,1,9,1180.641000,set1_rep64,original-openmp,mimalloc,64
newdxx_g,BaTiO3_nat005,64000,27609,1,10,1179.810000,set1_rep64,original-openmp,mimalloc,64
newdxx_g,BaTiO3_nat005,64000,27609,1,11,1180.160000,set1_rep64,original-openmp,mimalloc,64
newdxx_g,BaTiO3_nat005,64000,27609,1,12,1181.734000,set1_rep64,original-openmp,mimalloc,64
newdxx_g,BaTiO3_nat005,64000,27609,1,13,1179.641000,set1_rep64,original-openmp,mimalloc,64
newdxx_g,BaTiO3_nat005,64000,27609,1,14,1180.426000,set1_rep64,original-openmp,mimalloc,64
newdxx_g,BaTiO3_nat005,64000,27609,1,15,1183.897000,set1_rep64,original-openmp,mimalloc,64
newdxx_g,BaTiO3_nat005,64000,27609,1,16,1180.866000,set1_rep64,original-openmp,mimalloc,64
newdxx_g,BaTiO3_nat005,64000,27609,1,17,1180.047000,set1_rep64,original-openmp,mimalloc,64
newdxx_g,BaTiO3_nat005,64000,27609,1,18,1180.358000,set1_rep64,original-openmp,mimalloc,64
newdxx_g,BaTiO3_nat005,64000,27609,1,19,1178.868000,set1_rep64,original-openmp,mimalloc,64
newdxx_g,BaTiO3_nat005,64000,27609,2,0,621.042000,set1_rep64,original-openmp,mimalloc,64
newdxx_g,BaTiO3_nat005,64000,27609,2,1,622.302000,set1_rep64,original-openmp,mimalloc,64
newdxx_g,BaTiO3_nat005,64000,27609,2,2,621.740000,set1_rep64,original-openmp,mimalloc,64
newdxx_g,BaTiO3_nat005,64000,27609,2,3,621.744000,set1_rep64,original-openmp,mimalloc,64
newdxx_g,BaTiO3_nat005,64000,27609,2,4,621.843000,set1_rep64,original-openmp,mimalloc,64
newdxx_g,BaTiO3_nat005,64000,27609,2,5,622.299000,set1_rep64,original-openmp,mimalloc,64
newdxx_g,BaTiO3_nat005,64000,27609,2,6,621.754000,set1_rep64,original-openmp,mimalloc,64
newdxx_g,BaTiO3_nat005,64000,27609,2,7,622.396000,set1_rep64,original-openmp,mimalloc,64
newdxx_g,BaTiO3_nat005,64000,27609,2,8,623.218000,set1_rep64,original-openmp,mimalloc,64
newdxx_g,BaTiO3_nat005,64000,27609,2,9,620.827000,set1_rep64,original-openmp,mimalloc,64
newdxx_g,BaTiO3_nat005,64000,27609,2,10,620.951000,set1_rep64,original-openmp,mimalloc,64
newdxx_g,BaTiO3_nat005,64000,27609,2,11,621.142000,set1_rep64,original-openmp,mimalloc,64
newdxx_g,BaTiO3_nat005,64000,27609,2,12,621.695000,set1_rep64,original-openmp,mimalloc,64
newdxx_g,BaTiO3_nat005,64000,27609,2,13,623.308000,set1_rep64,original-openmp,mimalloc,64
newdxx_g,BaTiO3_nat005,64000,27609,2,14,622.385000,set1_rep64,original-openmp,mimalloc,64
newdxx_g,BaTiO3_nat005,64000,27609,2,15,621.380000,set1_rep64,original-openmp,mimalloc,64
newdxx_g,BaTiO3_nat005,64000,27609,2,16,622.012000,set1_rep64,original-openmp,mimalloc,64
newdxx_g,BaTiO3_nat005,64000,27609,2,17,618.859000,set1_rep64,original-openmp,mimalloc,64
newdxx_g,BaTiO3_nat005,64000,27609,2,18,619.855000,set1_rep64,original-openmp,mimalloc,64
newdxx_g,BaTiO3_nat005,64000,27609,2,19,619.516000,set1_rep64,original-openmp,mimalloc,64
newdxx_g,BaTiO3_nat005,64000,27609,4,0,309.155000,set1_rep64,original-openmp,mimalloc,64
newdxx_g,BaTiO3_nat005,64000,27609,4,1,308.791000,set1_rep64,original-openmp,mimalloc,64
newdxx_g,BaTiO3_nat005,64000,27609,4,2,308.075000,set1_rep64,original-openmp,mimalloc,64
newdxx_g,BaTiO3_nat005,64000,27609,4,3,307.976000,set1_rep64,original-openmp,mimalloc,64
newdxx_g,BaTiO3_nat005,64000,27609,4,4,307.819000,set1_rep64,original-openmp,mimalloc,64
newdxx_g,BaTiO3_nat005,64000,27609,4,5,306.374000,set1_rep64,original-openmp,mimalloc,64
newdxx_g,BaTiO3_nat005,64000,27609,4,6,305.570000,set1_rep64,original-openmp,mimalloc,64
newdxx_g,BaTiO3_nat005,64000,27609,4,7,305.704000,set1_rep64,original-openmp,mimalloc,64
newdxx_g,BaTiO3_nat005,64000,27609,4,8,303.539000,set1_rep64,original-openmp,mimalloc,64
newdxx_g,BaTiO3_nat005,64000,27609,4,9,303.959000,set1_rep64,original-openmp,mimalloc,64
newdxx_g,BaTiO3_nat005,64000,27609,4,10,304.866000,set1_rep64,original-openmp,mimalloc,64
newdxx_g,BaTiO3_nat005,64000,27609,4,11,305.433000,set1_rep64,original-openmp,mimalloc,64
newdxx_g,BaTiO3_nat005,64000,27609,4,12,305.488000,set1_rep64,original-openmp,mimalloc,64
newdxx_g,BaTiO3_nat005,64000,27609,4,13,305.804000,set1_rep64,original-openmp,mimalloc,64
newdxx_g,BaTiO3_nat005,64000,27609,4,14,305.652000,set1_rep64,original-openmp,mimalloc,64
newdxx_g,BaTiO3_nat005,64000,27609,4,15,306.328000,set1_rep64,original-openmp,mimalloc,64
newdxx_g,BaTiO3_nat005,64000,27609,4,16,305.493000,set1_rep64,original-openmp,mimalloc,64
newdxx_g,BaTiO3_nat005,64000,27609,4,17,304.828000,set1_rep64,original-openmp,mimalloc,64
newdxx_g,BaTiO3_nat005,64000,27609,4,18,304.574000,set1_rep64,original-openmp,mimalloc,64
newdxx_g,BaTiO3_nat005,64000,27609,4,19,304.602000,set1_rep64,original-openmp,mimalloc,64
newdxx_g,BaTiO3_nat005,64000,27609,8,0,156.077000,set1_rep64,original-openmp,mimalloc,64
newdxx_g,BaTiO3_nat005,64000,27609,8,1,156.083000,set1_rep64,original-openmp,mimalloc,64
newdxx_g,BaTiO3_nat005,64000,27609,8,2,156.664000,set1_rep64,original-openmp,mimalloc,64
newdxx_g,BaTiO3_nat005,64000,27609,8,3,155.797000,set1_rep64,original-openmp,mimalloc,64
newdxx_g,BaTiO3_nat005,64000,27609,8,4,156.058000,set1_rep64,original-openmp,mimalloc,64
newdxx_g,BaTiO3_nat005,64000,27609,8,5,155.980000,set1_rep64,original-openmp,mimalloc,64
newdxx_g,BaTiO3_nat005,64000,27609,8,6,156.429000,set1_rep64,original-openmp,mimalloc,64
newdxx_g,BaTiO3_nat005,64000,27609,8,7,155.997000,set1_rep64,original-openmp,mimalloc,64
newdxx_g,BaTiO3_nat005,64000,27609,8,8,156.360000,set1_rep64,original-openmp,mimalloc,64
newdxx_g,BaTiO3_nat005,64000,27609,8,9,156.188000,set1_rep64,original-openmp,mimalloc,64
newdxx_g,BaTiO3_nat005,64000,27609,8,10,156.600000,set1_rep64,original-openmp,mimalloc,64
newdxx_g,BaTiO3_nat005,64000,27609,8,11,155.760000,set1_rep64,original-openmp,mimalloc,64
newdxx_g,BaTiO3_nat005,64000,27609,8,12,157.444000,set1_rep64,original-openmp,mimalloc,64
newdxx_g,BaTiO3_nat005,64000,27609,8,13,156.038000,set1_rep64,original-openmp,mimalloc,64
newdxx_g,BaTiO3_nat005,64000,27609,8,14,156.154000,set1_rep64,original-openmp,mimalloc,64
newdxx_g,BaTiO3_nat005,64000,27609,8,15,156.580000,set1_rep64,original-openmp,mimalloc,64
newdxx_g,BaTiO3_nat005,64000,27609,8,16,156.177000,set1_rep64,original-openmp,mimalloc,64
newdxx_g,BaTiO3_nat005,64000,27609,8,17,156.403000,set1_rep64,original-openmp,mimalloc,64
newdxx_g,BaTiO3_nat005,64000,27609,8,18,155.796000,set1_rep64,original-openmp,mimalloc,64
newdxx_g,BaTiO3_nat005,64000,27609,8,19,157.074000,set1_rep64,original-openmp,mimalloc,64
newdxx_g,BaTiO3_nat005,64000,27609,16,0,83.151000,set1_rep64,original-openmp,mimalloc,64
newdxx_g,BaTiO3_nat005,64000,27609,16,1,81.610000,set1_rep64,original-openmp,mimalloc,64
newdxx_g,BaTiO3_nat005,64000,27609,16,2,81.822000,set1_rep64,original-openmp,mimalloc,64
newdxx_g,BaTiO3_nat005,64000,27609,16,3,81.701000,set1_rep64,original-openmp,mimalloc,64
newdxx_g,BaTiO3_nat005,64000,27609,16,4,82.189000,set1_rep64,original-openmp,mimalloc,64
newdxx_g,BaTiO3_nat005,64000,27609,16,5,81.479000,set1_rep64,original-openmp,mimalloc,64
newdxx_g,BaTiO3_nat005,64000,27609,16,6,81.605000,set1_rep64,original-openmp,mimalloc,64
newdxx_g,BaTiO3_nat005,64000,27609,16,7,81.584000,set1_rep64,original-openmp,mimalloc,64
newdxx_g,BaTiO3_nat005,64000,27609,16,8,82.550000,set1_rep64,original-openmp,mimalloc,64
newdxx_g,BaTiO3_nat005,64000,27609,16,9,81.771000,set1_rep64,original-openmp,mimalloc,64
newdxx_g,BaTiO3_nat005,64000,27609,16,10,81.162000,set1_rep64,original-openmp,mimalloc,64
newdxx_g,BaTiO3_nat005,64000,27609,16,11,81.436000,set1_rep64,original-openmp,mimalloc,64
newdxx_g,BaTiO3_nat005,64000,27609,16,12,82.295000,set1_rep64,original-openmp,mimalloc,64
newdxx_g,BaTiO3_nat005,64000,27609,16,13,82.098000,set1_rep64,original-openmp,mimalloc,64
newdxx_g,BaTiO3_nat005,64000,27609,16,14,81.294000,set1_rep64,original-openmp,mimalloc,64
newdxx_g,BaTiO3_nat005,64000,27609,16,15,81.384000,set1_rep64,original-openmp,mimalloc,64
newdxx_g,BaTiO3_nat005,64000,27609,16,16,81.546000,set1_rep64,original-openmp,mimalloc,64
newdxx_g,BaTiO3_nat005,64000,27609,16,17,82.141000,set1_rep64,original-openmp,mimalloc,64
newdxx_g,BaTiO3_nat005,64000,27609,16,18,81.347000,set1_rep64,original-openmp,mimalloc,64
newdxx_g,BaTiO3_nat005,64000,27609,16,19,80.664000,set1_rep64,original-openmp,mimalloc,64
newdxx_g,BaTiO3_nat005,64000,27609,32,0,45.814000,set1_rep64,original-openmp,mimalloc,64
newdxx_g,BaTiO3_nat005,64000,27609,32,1,43.824000,set1_rep64,original-openmp,mimalloc,64
newdxx_g,BaTiO3_nat005,64000,27609,32,2,43.749000,set1_rep64,original-openmp,mimalloc,64
newdxx_g,BaTiO3_nat005,64000,27609,32,3,43.504000,set1_rep64,original-openmp,mimalloc,64
newdxx_g,BaTiO3_nat005,64000,27609,32,4,43.955000,set1_rep64,original-openmp,mimalloc,64
newdxx_g,BaTiO3_nat005,64000,27609,32,5,43.717000,set1_rep64,original-openmp,mimalloc,64
newdxx_g,BaTiO3_nat005,64000,27609,32,6,43.584000,set1_rep64,original-openmp,mimalloc,64
newdxx_g,BaTiO3_nat005,64000,27609,32,7,44.058000,set1_rep64,original-openmp,mimalloc,64
newdxx_g,BaTiO3_nat005,64000,27609,32,8,43.786000,set1_rep64,original-openmp,mimalloc,64
newdxx_g,BaTiO3_nat005,64000,27609,32,9,43.801000,set1_rep64,original-openmp,mimalloc,64
newdxx_g,BaTiO3_nat005,64000,27609,32,10,43.594000,set1_rep64,original-openmp,mimalloc,64
newdxx_g,BaTiO3_nat005,64000,27609,32,11,43.738000,set1_rep64,original-openmp,mimalloc,64
newdxx_g,BaTiO3_nat005,64000,27609,32,12,43.917000,set1_rep64,original-openmp,mimalloc,64
newdxx_g,BaTiO3_nat005,64000,27609,32,13,43.389000,set1_rep64,original-openmp,mimalloc,64
newdxx_g,BaTiO3_nat005,64000,27609,32,14,44.358000,set1_rep64,original-openmp,mimalloc,64
newdxx_g,BaTiO3_nat005,64000,27609,32,15,43.478000,set1_rep64,original-openmp,mimalloc,64
newdxx_g,BaTiO3_nat005,64000,27609,32,16,43.715000,set1_rep64,original-openmp,mimalloc,64
newdxx_g,BaTiO3_nat005,64000,27609,32,17,43.875000,set1_rep64,original-openmp,mimalloc,64
newdxx_g,BaTiO3_nat005,64000,27609,32,18,43.721000,set1_rep64,original-openmp,mimalloc,64
newdxx_g,BaTiO3_nat005,64000,27609,32,19,43.670000,set1_rep64,original-openmp,mimalloc,64
newdxx_g,BaTiO3_nat005,64000,27609,64,0,25.461000,set1_rep64,original-openmp,mimalloc,64
newdxx_g,BaTiO3_nat005,64000,27609,64,1,24.055000,set1_rep64,original-openmp,mimalloc,64
newdxx_g,BaTiO3_nat005,64000,27609,64,2,23.489000,set1_rep64,original-openmp,mimalloc,64
newdxx_g,BaTiO3_nat005,64000,27609,64,3,24.794000,set1_rep64,original-openmp,mimalloc,64
newdxx_g,BaTiO3_nat005,64000,27609,64,4,23.914000,set1_rep64,original-openmp,mimalloc,64
newdxx_g,BaTiO3_nat005,64000,27609,64,5,24.038000,set1_rep64,original-openmp,mimalloc,64
newdxx_g,BaTiO3_nat005,64000,27609,64,6,23.711000,set1_rep64,original-openmp,mimalloc,64
newdxx_g,BaTiO3_nat005,64000,27609,64,7,23.915000,set1_rep64,original-openmp,mimalloc,64
newdxx_g,BaTiO3_nat005,64000,27609,64,8,24.274000,set1_rep64,original-openmp,mimalloc,64
newdxx_g,BaTiO3_nat005,64000,27609,64,9,24.031000,set1_rep64,original-openmp,mimalloc,64
newdxx_g,BaTiO3_nat005,64000,27609,64,10,23.788000,set1_rep64,original-openmp,mimalloc,64
newdxx_g,BaTiO3_nat005,64000,27609,64,11,23.608000,set1_rep64,original-openmp,mimalloc,64
newdxx_g,BaTiO3_nat005,64000,27609,64,12,23.954000,set1_rep64,original-openmp,mimalloc,64
newdxx_g,BaTiO3_nat005,64000,27609,64,13,24.219000,set1_rep64,original-openmp,mimalloc,64
newdxx_g,BaTiO3_nat005,64000,27609,64,14,23.904000,set1_rep64,original-openmp,mimalloc,64
newdxx_g,BaTiO3_nat005,64000,27609,64,15,23.945000,set1_rep64,original-openmp,mimalloc,64
newdxx_g,BaTiO3_nat005,64000,27609,64,16,24.213000,set1_rep64,original-openmp,mimalloc,64
newdxx_g,BaTiO3_nat005,64000,27609,64,17,23.706000,set1_rep64,original-openmp,mimalloc,64
newdxx_g,BaTiO3_nat005,64000,27609,64,18,24.014000,set1_rep64,original-openmp,mimalloc,64
newdxx_g,BaTiO3_nat005,64000,27609,64,19,23.773000,set1_rep64,original-openmp,mimalloc,64
newdxx_g,BaTiO3_nat005,64000,27609,72,0,23.306000,set1_rep64,original-openmp,mimalloc,64
newdxx_g,BaTiO3_nat005,64000,27609,72,1,23.559000,set1_rep64,original-openmp,mimalloc,64
newdxx_g,BaTiO3_nat005,64000,27609,72,2,24.756000,set1_rep64,original-openmp,mimalloc,64
newdxx_g,BaTiO3_nat005,64000,27609,72,3,23.632000,set1_rep64,original-openmp,mimalloc,64
newdxx_g,BaTiO3_nat005,64000,27609,72,4,25.091000,set1_rep64,original-openmp,mimalloc,64
newdxx_g,BaTiO3_nat005,64000,27609,72,5,23.453000,set1_rep64,original-openmp,mimalloc,64
newdxx_g,BaTiO3_nat005,64000,27609,72,6,24.781000,set1_rep64,original-openmp,mimalloc,64
newdxx_g,BaTiO3_nat005,64000,27609,72,7,23.369000,set1_rep64,original-openmp,mimalloc,64
newdxx_g,BaTiO3_nat005,64000,27609,72,8,24.266000,set1_rep64,original-openmp,mimalloc,64
newdxx_g,BaTiO3_nat005,64000,27609,72,9,23.554000,set1_rep64,original-openmp,mimalloc,64
newdxx_g,BaTiO3_nat005,64000,27609,72,10,23.553000,set1_rep64,original-openmp,mimalloc,64
newdxx_g,BaTiO3_nat005,64000,27609,72,11,24.209000,set1_rep64,original-openmp,mimalloc,64
newdxx_g,BaTiO3_nat005,64000,27609,72,12,24.573000,set1_rep64,original-openmp,mimalloc,64
newdxx_g,BaTiO3_nat005,64000,27609,72,13,23.327000,set1_rep64,original-openmp,mimalloc,64
newdxx_g,BaTiO3_nat005,64000,27609,72,14,23.588000,set1_rep64,original-openmp,mimalloc,64
newdxx_g,BaTiO3_nat005,64000,27609,72,15,23.972000,set1_rep64,original-openmp,mimalloc,64
newdxx_g,BaTiO3_nat005,64000,27609,72,16,23.228000,set1_rep64,original-openmp,mimalloc,64
newdxx_g,BaTiO3_nat005,64000,27609,72,17,23.990000,set1_rep64,original-openmp,mimalloc,64
newdxx_g,BaTiO3_nat005,64000,27609,72,18,23.318000,set1_rep64,original-openmp,mimalloc,64
newdxx_g,BaTiO3_nat005,64000,27609,72,19,23.318000,set1_rep64,original-openmp,mimalloc,64
newdxx_g,BaO_nat002,64000,18643,1,0,10.695000,set0,flang-openmp,mimalloc,1
newdxx_g,BaO_nat002,64000,18643,1,1,10.817000,set0,flang-openmp,mimalloc,1
newdxx_g,BaO_nat002,64000,18643,1,2,10.275000,set0,flang-openmp,mimalloc,1
newdxx_g,BaO_nat002,64000,18643,1,3,10.859000,set0,flang-openmp,mimalloc,1
newdxx_g,BaO_nat002,64000,18643,1,4,10.188000,set0,flang-openmp,mimalloc,1
newdxx_g,BaO_nat002,64000,18643,1,5,10.148000,set0,flang-openmp,mimalloc,1
newdxx_g,BaO_nat002,64000,18643,1,6,10.098000,set0,flang-openmp,mimalloc,1
newdxx_g,BaO_nat002,64000,18643,1,7,10.132000,set0,flang-openmp,mimalloc,1
newdxx_g,BaO_nat002,64000,18643,1,8,10.665000,set0,flang-openmp,mimalloc,1
newdxx_g,BaO_nat002,64000,18643,1,9,10.462000,set0,flang-openmp,mimalloc,1
newdxx_g,BaO_nat002,64000,18643,1,10,10.189000,set0,flang-openmp,mimalloc,1
newdxx_g,BaO_nat002,64000,18643,1,11,11.356000,set0,flang-openmp,mimalloc,1
newdxx_g,BaO_nat002,64000,18643,1,12,10.868000,set0,flang-openmp,mimalloc,1
newdxx_g,BaO_nat002,64000,18643,1,13,10.046000,set0,flang-openmp,mimalloc,1
newdxx_g,BaO_nat002,64000,18643,1,14,10.294000,set0,flang-openmp,mimalloc,1
newdxx_g,BaO_nat002,64000,18643,1,15,10.033000,set0,flang-openmp,mimalloc,1
newdxx_g,BaO_nat002,64000,18643,1,16,10.092000,set0,flang-openmp,mimalloc,1
newdxx_g,BaO_nat002,64000,18643,1,17,9.928000,set0,flang-openmp,mimalloc,1
newdxx_g,BaO_nat002,64000,18643,1,18,10.002000,set0,flang-openmp,mimalloc,1
newdxx_g,BaO_nat002,64000,18643,1,19,9.976000,set0,flang-openmp,mimalloc,1
newdxx_g,BaO_nat002,64000,18643,2,0,8.396000,set0,flang-openmp,mimalloc,1
newdxx_g,BaO_nat002,64000,18643,2,1,8.384000,set0,flang-openmp,mimalloc,1
newdxx_g,BaO_nat002,64000,18643,2,2,8.335000,set0,flang-openmp,mimalloc,1
newdxx_g,BaO_nat002,64000,18643,2,3,8.330000,set0,flang-openmp,mimalloc,1
newdxx_g,BaO_nat002,64000,18643,2,4,8.420000,set0,flang-openmp,mimalloc,1
newdxx_g,BaO_nat002,64000,18643,2,5,8.345000,set0,flang-openmp,mimalloc,1
newdxx_g,BaO_nat002,64000,18643,2,6,8.337000,set0,flang-openmp,mimalloc,1
newdxx_g,BaO_nat002,64000,18643,2,7,8.363000,set0,flang-openmp,mimalloc,1
newdxx_g,BaO_nat002,64000,18643,2,8,8.341000,set0,flang-openmp,mimalloc,1
newdxx_g,BaO_nat002,64000,18643,2,9,8.239000,set0,flang-openmp,mimalloc,1
newdxx_g,BaO_nat002,64000,18643,2,10,8.211000,set0,flang-openmp,mimalloc,1
newdxx_g,BaO_nat002,64000,18643,2,11,8.214000,set0,flang-openmp,mimalloc,1
newdxx_g,BaO_nat002,64000,18643,2,12,8.260000,set0,flang-openmp,mimalloc,1
newdxx_g,BaO_nat002,64000,18643,2,13,8.230000,set0,flang-openmp,mimalloc,1
newdxx_g,BaO_nat002,64000,18643,2,14,8.216000,set0,flang-openmp,mimalloc,1
newdxx_g,BaO_nat002,64000,18643,2,15,8.229000,set0,flang-openmp,mimalloc,1
newdxx_g,BaO_nat002,64000,18643,2,16,8.278000,set0,flang-openmp,mimalloc,1
newdxx_g,BaO_nat002,64000,18643,2,17,8.235000,set0,flang-openmp,mimalloc,1
newdxx_g,BaO_nat002,64000,18643,2,18,8.209000,set0,flang-openmp,mimalloc,1
newdxx_g,BaO_nat002,64000,18643,2,19,8.220000,set0,flang-openmp,mimalloc,1
newdxx_g,BaO_nat002,64000,18643,4,0,8.238000,set0,flang-openmp,mimalloc,1
newdxx_g,BaO_nat002,64000,18643,4,1,8.376000,set0,flang-openmp,mimalloc,1
newdxx_g,BaO_nat002,64000,18643,4,2,8.297000,set0,flang-openmp,mimalloc,1
newdxx_g,BaO_nat002,64000,18643,4,3,9.311000,set0,flang-openmp,mimalloc,1
newdxx_g,BaO_nat002,64000,18643,4,4,8.325000,set0,flang-openmp,mimalloc,1
newdxx_g,BaO_nat002,64000,18643,4,5,8.253000,set0,flang-openmp,mimalloc,1
newdxx_g,BaO_nat002,64000,18643,4,6,8.862000,set0,flang-openmp,mimalloc,1
newdxx_g,BaO_nat002,64000,18643,4,7,8.174000,set0,flang-openmp,mimalloc,1
newdxx_g,BaO_nat002,64000,18643,4,8,8.368000,set0,flang-openmp,mimalloc,1
newdxx_g,BaO_nat002,64000,18643,4,9,8.314000,set0,flang-openmp,mimalloc,1
newdxx_g,BaO_nat002,64000,18643,4,10,8.240000,set0,flang-openmp,mimalloc,1
newdxx_g,BaO_nat002,64000,18643,4,11,8.354000,set0,flang-openmp,mimalloc,1
newdxx_g,BaO_nat002,64000,18643,4,12,8.277000,set0,flang-openmp,mimalloc,1
newdxx_g,BaO_nat002,64000,18643,4,13,8.850000,set0,flang-openmp,mimalloc,1
newdxx_g,BaO_nat002,64000,18643,4,14,8.254000,set0,flang-openmp,mimalloc,1
newdxx_g,BaO_nat002,64000,18643,4,15,8.730000,set0,flang-openmp,mimalloc,1
newdxx_g,BaO_nat002,64000,18643,4,16,8.863000,set0,flang-openmp,mimalloc,1
newdxx_g,BaO_nat002,64000,18643,4,17,8.248000,set0,flang-openmp,mimalloc,1
newdxx_g,BaO_nat002,64000,18643,4,18,9.343000,set0,flang-openmp,mimalloc,1
newdxx_g,BaO_nat002,64000,18643,4,19,8.180000,set0,flang-openmp,mimalloc,1
newdxx_g,BaO_nat002,64000,18643,8,0,8.566000,set0,flang-openmp,mimalloc,1
newdxx_g,BaO_nat002,64000,18643,8,1,8.417000,set0,flang-openmp,mimalloc,1
newdxx_g,BaO_nat002,64000,18643,8,2,8.563000,set0,flang-openmp,mimalloc,1
newdxx_g,BaO_nat002,64000,18643,8,3,8.308000,set0,flang-openmp,mimalloc,1
newdxx_g,BaO_nat002,64000,18643,8,4,8.563000,set0,flang-openmp,mimalloc,1
newdxx_g,BaO_nat002,64000,18643,8,5,8.296000,set0,flang-openmp,mimalloc,1
newdxx_g,BaO_nat002,64000,18643,8,6,8.506000,set0,flang-openmp,mimalloc,1
newdxx_g,BaO_nat002,64000,18643,8,7,8.272000,set0,flang-openmp,mimalloc,1
newdxx_g,BaO_nat002,64000,18643,8,8,8.259000,set0,flang-openmp,mimalloc,1
newdxx_g,BaO_nat002,64000,18643,8,9,8.612000,set0,flang-openmp,mimalloc,1
newdxx_g,BaO_nat002,64000,18643,8,10,8.240000,set0,flang-openmp,mimalloc,1
newdxx_g,BaO_nat002,64000,18643,8,11,8.234000,set0,flang-openmp,mimalloc,1
newdxx_g,BaO_nat002,64000,18643,8,12,8.412000,set0,flang-openmp,mimalloc,1
newdxx_g,BaO_nat002,64000,18643,8,13,8.208000,set0,flang-openmp,mimalloc,1
newdxx_g,BaO_nat002,64000,18643,8,14,8.247000,set0,flang-openmp,mimalloc,1
newdxx_g,BaO_nat002,64000,18643,8,15,9.360000,set0,flang-openmp,mimalloc,1
newdxx_g,BaO_nat002,64000,18643,8,16,8.265000,set0,flang-openmp,mimalloc,1
newdxx_g,BaO_nat002,64000,18643,8,17,8.844000,set0,flang-openmp,mimalloc,1
newdxx_g,BaO_nat002,64000,18643,8,18,8.190000,set0,flang-openmp,mimalloc,1
newdxx_g,BaO_nat002,64000,18643,8,19,8.650000,set0,flang-openmp,mimalloc,1
newdxx_g,BaO_nat002,64000,18643,16,0,8.417000,set0,flang-openmp,mimalloc,1
newdxx_g,BaO_nat002,64000,18643,16,1,8.829000,set0,flang-openmp,mimalloc,1
newdxx_g,BaO_nat002,64000,18643,16,2,8.355000,set0,flang-openmp,mimalloc,1
newdxx_g,BaO_nat002,64000,18643,16,3,8.316000,set0,flang-openmp,mimalloc,1
newdxx_g,BaO_nat002,64000,18643,16,4,8.265000,set0,flang-openmp,mimalloc,1
newdxx_g,BaO_nat002,64000,18643,16,5,8.349000,set0,flang-openmp,mimalloc,1
newdxx_g,BaO_nat002,64000,18643,16,6,8.040000,set0,flang-openmp,mimalloc,1
newdxx_g,BaO_nat002,64000,18643,16,7,8.885000,set0,flang-openmp,mimalloc,1
newdxx_g,BaO_nat002,64000,18643,16,8,8.740000,set0,flang-openmp,mimalloc,1
newdxx_g,BaO_nat002,64000,18643,16,9,8.344000,set0,flang-openmp,mimalloc,1
newdxx_g,BaO_nat002,64000,18643,16,10,8.197000,set0,flang-openmp,mimalloc,1
newdxx_g,BaO_nat002,64000,18643,16,11,8.305000,set0,flang-openmp,mimalloc,1
newdxx_g,BaO_nat002,64000,18643,16,12,8.361000,set0,flang-openmp,mimalloc,1
newdxx_g,BaO_nat002,64000,18643,16,13,8.259000,set0,flang-openmp,mimalloc,1
newdxx_g,BaO_nat002,64000,18643,16,14,8.256000,set0,flang-openmp,mimalloc,1
newdxx_g,BaO_nat002,64000,18643,16,15,8.224000,set0,flang-openmp,mimalloc,1
newdxx_g,BaO_nat002,64000,18643,16,16,8.213000,set0,flang-openmp,mimalloc,1
newdxx_g,BaO_nat002,64000,18643,16,17,8.234000,set0,flang-openmp,mimalloc,1
newdxx_g,BaO_nat002,64000,18643,16,18,8.211000,set0,flang-openmp,mimalloc,1
newdxx_g,BaO_nat002,64000,18643,16,19,8.243000,set0,flang-openmp,mimalloc,1
newdxx_g,BaO_nat002,64000,18643,32,0,8.380000,set0,flang-openmp,mimalloc,1
newdxx_g,BaO_nat002,64000,18643,32,1,8.380000,set0,flang-openmp,mimalloc,1
newdxx_g,BaO_nat002,64000,18643,32,2,8.404000,set0,flang-openmp,mimalloc,1
newdxx_g,BaO_nat002,64000,18643,32,3,8.499000,set0,flang-openmp,mimalloc,1
newdxx_g,BaO_nat002,64000,18643,32,4,8.539000,set0,flang-openmp,mimalloc,1
newdxx_g,BaO_nat002,64000,18643,32,5,8.381000,set0,flang-openmp,mimalloc,1
newdxx_g,BaO_nat002,64000,18643,32,6,8.348000,set0,flang-openmp,mimalloc,1
newdxx_g,BaO_nat002,64000,18643,32,7,8.420000,set0,flang-openmp,mimalloc,1
newdxx_g,BaO_nat002,64000,18643,32,8,8.330000,set0,flang-openmp,mimalloc,1
newdxx_g,BaO_nat002,64000,18643,32,9,8.680000,set0,flang-openmp,mimalloc,1
newdxx_g,BaO_nat002,64000,18643,32,10,8.330000,set0,flang-openmp,mimalloc,1
newdxx_g,BaO_nat002,64000,18643,32,11,8.319000,set0,flang-openmp,mimalloc,1
newdxx_g,BaO_nat002,64000,18643,32,12,8.304000,set0,flang-openmp,mimalloc,1
newdxx_g,BaO_nat002,64000,18643,32,13,8.218000,set0,flang-openmp,mimalloc,1
newdxx_g,BaO_nat002,64000,18643,32,14,8.472000,set0,flang-openmp,mimalloc,1
newdxx_g,BaO_nat002,64000,18643,32,15,8.244000,set0,flang-openmp,mimalloc,1
newdxx_g,BaO_nat002,64000,18643,32,16,8.292000,set0,flang-openmp,mimalloc,1
newdxx_g,BaO_nat002,64000,18643,32,17,8.326000,set0,flang-openmp,mimalloc,1
newdxx_g,BaO_nat002,64000,18643,32,18,8.322000,set0,flang-openmp,mimalloc,1
newdxx_g,BaO_nat002,64000,18643,32,19,8.356000,set0,flang-openmp,mimalloc,1
newdxx_g,BaO_nat002,64000,18643,64,0,8.386000,set0,flang-openmp,mimalloc,1
newdxx_g,BaO_nat002,64000,18643,64,1,8.388000,set0,flang-openmp,mimalloc,1
newdxx_g,BaO_nat002,64000,18643,64,2,8.244000,set0,flang-openmp,mimalloc,1
newdxx_g,BaO_nat002,64000,18643,64,3,8.455000,set0,flang-openmp,mimalloc,1
newdxx_g,BaO_nat002,64000,18643,64,4,8.295000,set0,flang-openmp,mimalloc,1
newdxx_g,BaO_nat002,64000,18643,64,5,8.283000,set0,flang-openmp,mimalloc,1
newdxx_g,BaO_nat002,64000,18643,64,6,8.237000,set0,flang-openmp,mimalloc,1
newdxx_g,BaO_nat002,64000,18643,64,7,8.321000,set0,flang-openmp,mimalloc,1
newdxx_g,BaO_nat002,64000,18643,64,8,8.330000,set0,flang-openmp,mimalloc,1
newdxx_g,BaO_nat002,64000,18643,64,9,8.237000,set0,flang-openmp,mimalloc,1
newdxx_g,BaO_nat002,64000,18643,64,10,8.239000,set0,flang-openmp,mimalloc,1
newdxx_g,BaO_nat002,64000,18643,64,11,8.253000,set0,flang-openmp,mimalloc,1
newdxx_g,BaO_nat002,64000,18643,64,12,8.367000,set0,flang-openmp,mimalloc,1
newdxx_g,BaO_nat002,64000,18643,64,13,8.273000,set0,flang-openmp,mimalloc,1
newdxx_g,BaO_nat002,64000,18643,64,14,8.258000,set0,flang-openmp,mimalloc,1
newdxx_g,BaO_nat002,64000,18643,64,15,8.342000,set0,flang-openmp,mimalloc,1
newdxx_g,BaO_nat002,64000,18643,64,16,8.301000,set0,flang-openmp,mimalloc,1
newdxx_g,BaO_nat002,64000,18643,64,17,8.252000,set0,flang-openmp,mimalloc,1
newdxx_g,BaO_nat002,64000,18643,64,18,8.256000,set0,flang-openmp,mimalloc,1
newdxx_g,BaO_nat002,64000,18643,64,19,8.256000,set0,flang-openmp,mimalloc,1
newdxx_g,BaO_nat002,64000,18643,72,0,8.389000,set0,flang-openmp,mimalloc,1
newdxx_g,BaO_nat002,64000,18643,72,1,8.346000,set0,flang-openmp,mimalloc,1
newdxx_g,BaO_nat002,64000,18643,72,2,8.329000,set0,flang-openmp,mimalloc,1
newdxx_g,BaO_nat002,64000,18643,72,3,8.377000,set0,flang-openmp,mimalloc,1
newdxx_g,BaO_nat002,64000,18643,72,4,8.370000,set0,flang-openmp,mimalloc,1
newdxx_g,BaO_nat002,64000,18643,72,5,8.357000,set0,flang-openmp,mimalloc,1
newdxx_g,BaO_nat002,64000,18643,72,6,8.327000,set0,flang-openmp,mimalloc,1
newdxx_g,BaO_nat002,64000,18643,72,7,8.311000,set0,flang-openmp,mimalloc,1
newdxx_g,BaO_nat002,64000,18643,72,8,8.308000,set0,flang-openmp,mimalloc,1
newdxx_g,BaO_nat002,64000,18643,72,9,8.311000,set0,flang-openmp,mimalloc,1
newdxx_g,BaO_nat002,64000,18643,72,10,8.323000,set0,flang-openmp,mimalloc,1
newdxx_g,BaO_nat002,64000,18643,72,11,8.222000,set0,flang-openmp,mimalloc,1
newdxx_g,BaO_nat002,64000,18643,72,12,8.302000,set0,flang-openmp,mimalloc,1
newdxx_g,BaO_nat002,64000,18643,72,13,8.292000,set0,flang-openmp,mimalloc,1
newdxx_g,BaO_nat002,64000,18643,72,14,8.295000,set0,flang-openmp,mimalloc,1
newdxx_g,BaO_nat002,64000,18643,72,15,8.275000,set0,flang-openmp,mimalloc,1
newdxx_g,BaO_nat002,64000,18643,72,16,8.335000,set0,flang-openmp,mimalloc,1
newdxx_g,BaO_nat002,64000,18643,72,17,8.288000,set0,flang-openmp,mimalloc,1
newdxx_g,BaO_nat002,64000,18643,72,18,8.266000,set0,flang-openmp,mimalloc,1
newdxx_g,BaO_nat002,64000,18643,72,19,8.307000,set0,flang-openmp,mimalloc,1
newdxx_g,BaO_nat002,64000,18643,1,0,556.979000,set0_rep64,flang-openmp,mimalloc,64
newdxx_g,BaO_nat002,64000,18643,1,1,559.666000,set0_rep64,flang-openmp,mimalloc,64
newdxx_g,BaO_nat002,64000,18643,1,2,572.715000,set0_rep64,flang-openmp,mimalloc,64
newdxx_g,BaO_nat002,64000,18643,1,3,567.063000,set0_rep64,flang-openmp,mimalloc,64
newdxx_g,BaO_nat002,64000,18643,1,4,561.195000,set0_rep64,flang-openmp,mimalloc,64
newdxx_g,BaO_nat002,64000,18643,1,5,586.413000,set0_rep64,flang-openmp,mimalloc,64
newdxx_g,BaO_nat002,64000,18643,1,6,573.064000,set0_rep64,flang-openmp,mimalloc,64
newdxx_g,BaO_nat002,64000,18643,1,7,577.496000,set0_rep64,flang-openmp,mimalloc,64
newdxx_g,BaO_nat002,64000,18643,1,8,579.126000,set0_rep64,flang-openmp,mimalloc,64
newdxx_g,BaO_nat002,64000,18643,1,9,564.004000,set0_rep64,flang-openmp,mimalloc,64
newdxx_g,BaO_nat002,64000,18643,1,10,558.597000,set0_rep64,flang-openmp,mimalloc,64
newdxx_g,BaO_nat002,64000,18643,1,11,557.213000,set0_rep64,flang-openmp,mimalloc,64
newdxx_g,BaO_nat002,64000,18643,1,12,556.923000,set0_rep64,flang-openmp,mimalloc,64
newdxx_g,BaO_nat002,64000,18643,1,13,559.324000,set0_rep64,flang-openmp,mimalloc,64
newdxx_g,BaO_nat002,64000,18643,1,14,557.485000,set0_rep64,flang-openmp,mimalloc,64
newdxx_g,BaO_nat002,64000,18643,1,15,555.522000,set0_rep64,flang-openmp,mimalloc,64
newdxx_g,BaO_nat002,64000,18643,1,16,554.144000,set0_rep64,flang-openmp,mimalloc,64
newdxx_g,BaO_nat002,64000,18643,1,17,550.796000,set0_rep64,flang-openmp,mimalloc,64
newdxx_g,BaO_nat002,64000,18643,1,18,559.280000,set0_rep64,flang-openmp,mimalloc,64
newdxx_g,BaO_nat002,64000,18643,1,19,553.760000,set0_rep64,flang-openmp,mimalloc,64
newdxx_g,BaO_nat002,64000,18643,2,0,290.606000,set0_rep64,flang-openmp,mimalloc,64
newdxx_g,BaO_nat002,64000,18643,2,1,291.117000,set0_rep64,flang-openmp,mimalloc,64
newdxx_g,BaO_nat002,64000,18643,2,2,292.032000,set0_rep64,flang-openmp,mimalloc,64
newdxx_g,BaO_nat002,64000,18643,2,3,291.367000,set0_rep64,flang-openmp,mimalloc,64
newdxx_g,BaO_nat002,64000,18643,2,4,291.976000,set0_rep64,flang-openmp,mimalloc,64
newdxx_g,BaO_nat002,64000,18643,2,5,296.793000,set0_rep64,flang-openmp,mimalloc,64
newdxx_g,BaO_nat002,64000,18643,2,6,292.329000,set0_rep64,flang-openmp,mimalloc,64
newdxx_g,BaO_nat002,64000,18643,2,7,292.453000,set0_rep64,flang-openmp,mimalloc,64
newdxx_g,BaO_nat002,64000,18643,2,8,290.830000,set0_rep64,flang-openmp,mimalloc,64
newdxx_g,BaO_nat002,64000,18643,2,9,293.107000,set0_rep64,flang-openmp,mimalloc,64
newdxx_g,BaO_nat002,64000,18643,2,10,292.409000,set0_rep64,flang-openmp,mimalloc,64
newdxx_g,BaO_nat002,64000,18643,2,11,289.754000,set0_rep64,flang-openmp,mimalloc,64
newdxx_g,BaO_nat002,64000,18643,2,12,292.879000,set0_rep64,flang-openmp,mimalloc,64
newdxx_g,BaO_nat002,64000,18643,2,13,293.044000,set0_rep64,flang-openmp,mimalloc,64
newdxx_g,BaO_nat002,64000,18643,2,14,295.519000,set0_rep64,flang-openmp,mimalloc,64
newdxx_g,BaO_nat002,64000,18643,2,15,294.751000,set0_rep64,flang-openmp,mimalloc,64
newdxx_g,BaO_nat002,64000,18643,2,16,291.243000,set0_rep64,flang-openmp,mimalloc,64
newdxx_g,BaO_nat002,64000,18643,2,17,293.333000,set0_rep64,flang-openmp,mimalloc,64
newdxx_g,BaO_nat002,64000,18643,2,18,293.067000,set0_rep64,flang-openmp,mimalloc,64
newdxx_g,BaO_nat002,64000,18643,2,19,291.319000,set0_rep64,flang-openmp,mimalloc,64
newdxx_g,BaO_nat002,64000,18643,4,0,142.456000,set0_rep64,flang-openmp,mimalloc,64
newdxx_g,BaO_nat002,64000,18643,4,1,144.433000,set0_rep64,flang-openmp,mimalloc,64
newdxx_g,BaO_nat002,64000,18643,4,2,140.069000,set0_rep64,flang-openmp,mimalloc,64
newdxx_g,BaO_nat002,64000,18643,4,3,141.780000,set0_rep64,flang-openmp,mimalloc,64
newdxx_g,BaO_nat002,64000,18643,4,4,145.432000,set0_rep64,flang-openmp,mimalloc,64
newdxx_g,BaO_nat002,64000,18643,4,5,141.470000,set0_rep64,flang-openmp,mimalloc,64
newdxx_g,BaO_nat002,64000,18643,4,6,140.397000,set0_rep64,flang-openmp,mimalloc,64
newdxx_g,BaO_nat002,64000,18643,4,7,140.487000,set0_rep64,flang-openmp,mimalloc,64
newdxx_g,BaO_nat002,64000,18643,4,8,141.632000,set0_rep64,flang-openmp,mimalloc,64
newdxx_g,BaO_nat002,64000,18643,4,9,141.156000,set0_rep64,flang-openmp,mimalloc,64
newdxx_g,BaO_nat002,64000,18643,4,10,140.213000,set0_rep64,flang-openmp,mimalloc,64
newdxx_g,BaO_nat002,64000,18643,4,11,141.189000,set0_rep64,flang-openmp,mimalloc,64
newdxx_g,BaO_nat002,64000,18643,4,12,139.506000,set0_rep64,flang-openmp,mimalloc,64
newdxx_g,BaO_nat002,64000,18643,4,13,140.973000,set0_rep64,flang-openmp,mimalloc,64
newdxx_g,BaO_nat002,64000,18643,4,14,139.930000,set0_rep64,flang-openmp,mimalloc,64
newdxx_g,BaO_nat002,64000,18643,4,15,140.558000,set0_rep64,flang-openmp,mimalloc,64
newdxx_g,BaO_nat002,64000,18643,4,16,140.486000,set0_rep64,flang-openmp,mimalloc,64
newdxx_g,BaO_nat002,64000,18643,4,17,144.933000,set0_rep64,flang-openmp,mimalloc,64
newdxx_g,BaO_nat002,64000,18643,4,18,150.048000,set0_rep64,flang-openmp,mimalloc,64
newdxx_g,BaO_nat002,64000,18643,4,19,139.513000,set0_rep64,flang-openmp,mimalloc,64
newdxx_g,BaO_nat002,64000,18643,8,0,70.477000,set0_rep64,flang-openmp,mimalloc,64
newdxx_g,BaO_nat002,64000,18643,8,1,70.456000,set0_rep64,flang-openmp,mimalloc,64
newdxx_g,BaO_nat002,64000,18643,8,2,70.432000,set0_rep64,flang-openmp,mimalloc,64
newdxx_g,BaO_nat002,64000,18643,8,3,70.776000,set0_rep64,flang-openmp,mimalloc,64
newdxx_g,BaO_nat002,64000,18643,8,4,70.880000,set0_rep64,flang-openmp,mimalloc,64
newdxx_g,BaO_nat002,64000,18643,8,5,71.063000,set0_rep64,flang-openmp,mimalloc,64
newdxx_g,BaO_nat002,64000,18643,8,6,70.305000,set0_rep64,flang-openmp,mimalloc,64
newdxx_g,BaO_nat002,64000,18643,8,7,70.581000,set0_rep64,flang-openmp,mimalloc,64
newdxx_g,BaO_nat002,64000,18643,8,8,73.030000,set0_rep64,flang-openmp,mimalloc,64
newdxx_g,BaO_nat002,64000,18643,8,9,70.740000,set0_rep64,flang-openmp,mimalloc,64
newdxx_g,BaO_nat002,64000,18643,8,10,76.654000,set0_rep64,flang-openmp,mimalloc,64
newdxx_g,BaO_nat002,64000,18643,8,11,74.038000,set0_rep64,flang-openmp,mimalloc,64
newdxx_g,BaO_nat002,64000,18643,8,12,70.400000,set0_rep64,flang-openmp,mimalloc,64
newdxx_g,BaO_nat002,64000,18643,8,13,70.529000,set0_rep64,flang-openmp,mimalloc,64
newdxx_g,BaO_nat002,64000,18643,8,14,72.598000,set0_rep64,flang-openmp,mimalloc,64
newdxx_g,BaO_nat002,64000,18643,8,15,70.742000,set0_rep64,flang-openmp,mimalloc,64
newdxx_g,BaO_nat002,64000,18643,8,16,73.201000,set0_rep64,flang-openmp,mimalloc,64
newdxx_g,BaO_nat002,64000,18643,8,17,74.991000,set0_rep64,flang-openmp,mimalloc,64
newdxx_g,BaO_nat002,64000,18643,8,18,70.568000,set0_rep64,flang-openmp,mimalloc,64
newdxx_g,BaO_nat002,64000,18643,8,19,70.430000,set0_rep64,flang-openmp,mimalloc,64
newdxx_g,BaO_nat002,64000,18643,16,0,36.576000,set0_rep64,flang-openmp,mimalloc,64
newdxx_g,BaO_nat002,64000,18643,16,1,36.575000,set0_rep64,flang-openmp,mimalloc,64
newdxx_g,BaO_nat002,64000,18643,16,2,36.501000,set0_rep64,flang-openmp,mimalloc,64
newdxx_g,BaO_nat002,64000,18643,16,3,36.367000,set0_rep64,flang-openmp,mimalloc,64
newdxx_g,BaO_nat002,64000,18643,16,4,36.915000,set0_rep64,flang-openmp,mimalloc,64
newdxx_g,BaO_nat002,64000,18643,16,5,37.332000,set0_rep64,flang-openmp,mimalloc,64
newdxx_g,BaO_nat002,64000,18643,16,6,37.408000,set0_rep64,flang-openmp,mimalloc,64
newdxx_g,BaO_nat002,64000,18643,16,7,39.500000,set0_rep64,flang-openmp,mimalloc,64
newdxx_g,BaO_nat002,64000,18643,16,8,38.855000,set0_rep64,flang-openmp,mimalloc,64
newdxx_g,BaO_nat002,64000,18643,16,9,37.006000,set0_rep64,flang-openmp,mimalloc,64
newdxx_g,BaO_nat002,64000,18643,16,10,38.043000,set0_rep64,flang-openmp,mimalloc,64
newdxx_g,BaO_nat002,64000,18643,16,11,37.067000,set0_rep64,flang-openmp,mimalloc,64
newdxx_g,BaO_nat002,64000,18643,16,12,37.214000,set0_rep64,flang-openmp,mimalloc,64
newdxx_g,BaO_nat002,64000,18643,16,13,37.488000,set0_rep64,flang-openmp,mimalloc,64
newdxx_g,BaO_nat002,64000,18643,16,14,42.961000,set0_rep64,flang-openmp,mimalloc,64
newdxx_g,BaO_nat002,64000,18643,16,15,39.270000,set0_rep64,flang-openmp,mimalloc,64
newdxx_g,BaO_nat002,64000,18643,16,16,37.070000,set0_rep64,flang-openmp,mimalloc,64
newdxx_g,BaO_nat002,64000,18643,16,17,37.669000,set0_rep64,flang-openmp,mimalloc,64
newdxx_g,BaO_nat002,64000,18643,16,18,37.781000,set0_rep64,flang-openmp,mimalloc,64
newdxx_g,BaO_nat002,64000,18643,16,19,37.163000,set0_rep64,flang-openmp,mimalloc,64
newdxx_g,BaO_nat002,64000,18643,32,0,19.784000,set0_rep64,flang-openmp,mimalloc,64
newdxx_g,BaO_nat002,64000,18643,32,1,19.738000,set0_rep64,flang-openmp,mimalloc,64
newdxx_g,BaO_nat002,64000,18643,32,2,20.167000,set0_rep64,flang-openmp,mimalloc,64
newdxx_g,BaO_nat002,64000,18643,32,3,20.009000,set0_rep64,flang-openmp,mimalloc,64
newdxx_g,BaO_nat002,64000,18643,32,4,19.476000,set0_rep64,flang-openmp,mimalloc,64
newdxx_g,BaO_nat002,64000,18643,32,5,19.417000,set0_rep64,flang-openmp,mimalloc,64
newdxx_g,BaO_nat002,64000,18643,32,6,21.329000,set0_rep64,flang-openmp,mimalloc,64
newdxx_g,BaO_nat002,64000,18643,32,7,22.027000,set0_rep64,flang-openmp,mimalloc,64
newdxx_g,BaO_nat002,64000,18643,32,8,21.962000,set0_rep64,flang-openmp,mimalloc,64
newdxx_g,BaO_nat002,64000,18643,32,9,21.002000,set0_rep64,flang-openmp,mimalloc,64
newdxx_g,BaO_nat002,64000,18643,32,10,20.387000,set0_rep64,flang-openmp,mimalloc,64
newdxx_g,BaO_nat002,64000,18643,32,11,19.888000,set0_rep64,flang-openmp,mimalloc,64
newdxx_g,BaO_nat002,64000,18643,32,12,19.153000,set0_rep64,flang-openmp,mimalloc,64
newdxx_g,BaO_nat002,64000,18643,32,13,19.357000,set0_rep64,flang-openmp,mimalloc,64
newdxx_g,BaO_nat002,64000,18643,32,14,19.228000,set0_rep64,flang-openmp,mimalloc,64
newdxx_g,BaO_nat002,64000,18643,32,15,19.055000,set0_rep64,flang-openmp,mimalloc,64
newdxx_g,BaO_nat002,64000,18643,32,16,19.586000,set0_rep64,flang-openmp,mimalloc,64
newdxx_g,BaO_nat002,64000,18643,32,17,21.479000,set0_rep64,flang-openmp,mimalloc,64
newdxx_g,BaO_nat002,64000,18643,32,18,21.929000,set0_rep64,flang-openmp,mimalloc,64
newdxx_g,BaO_nat002,64000,18643,32,19,21.455000,set0_rep64,flang-openmp,mimalloc,64
newdxx_g,BaO_nat002,64000,18643,64,0,10.497000,set0_rep64,flang-openmp,mimalloc,64
newdxx_g,BaO_nat002,64000,18643,64,1,11.172000,set0_rep64,flang-openmp,mimalloc,64
newdxx_g,BaO_nat002,64000,18643,64,2,12.285000,set0_rep64,flang-openmp,mimalloc,64
newdxx_g,BaO_nat002,64000,18643,64,3,12.062000,set0_rep64,flang-openmp,mimalloc,64
newdxx_g,BaO_nat002,64000,18643,64,4,12.104000,set0_rep64,flang-openmp,mimalloc,64
newdxx_g,BaO_nat002,64000,18643,64,5,12.282000,set0_rep64,flang-openmp,mimalloc,64
newdxx_g,BaO_nat002,64000,18643,64,6,12.205000,set0_rep64,flang-openmp,mimalloc,64
newdxx_g,BaO_nat002,64000,18643,64,7,10.681000,set0_rep64,flang-openmp,mimalloc,64
newdxx_g,BaO_nat002,64000,18643,64,8,10.228000,set0_rep64,flang-openmp,mimalloc,64
newdxx_g,BaO_nat002,64000,18643,64,9,10.218000,set0_rep64,flang-openmp,mimalloc,64
newdxx_g,BaO_nat002,64000,18643,64,10,10.262000,set0_rep64,flang-openmp,mimalloc,64
newdxx_g,BaO_nat002,64000,18643,64,11,10.201000,set0_rep64,flang-openmp,mimalloc,64
newdxx_g,BaO_nat002,64000,18643,64,12,10.389000,set0_rep64,flang-openmp,mimalloc,64
newdxx_g,BaO_nat002,64000,18643,64,13,10.282000,set0_rep64,flang-openmp,mimalloc,64
newdxx_g,BaO_nat002,64000,18643,64,14,10.340000,set0_rep64,flang-openmp,mimalloc,64
newdxx_g,BaO_nat002,64000,18643,64,15,10.219000,set0_rep64,flang-openmp,mimalloc,64
newdxx_g,BaO_nat002,64000,18643,64,16,10.526000,set0_rep64,flang-openmp,mimalloc,64
newdxx_g,BaO_nat002,64000,18643,64,17,10.246000,set0_rep64,flang-openmp,mimalloc,64
newdxx_g,BaO_nat002,64000,18643,64,18,10.448000,set0_rep64,flang-openmp,mimalloc,64
newdxx_g,BaO_nat002,64000,18643,64,19,10.448000,set0_rep64,flang-openmp,mimalloc,64
newdxx_g,BaO_nat002,64000,18643,72,0,10.366000,set0_rep64,flang-openmp,mimalloc,64
newdxx_g,BaO_nat002,64000,18643,72,1,10.183000,set0_rep64,flang-openmp,mimalloc,64
newdxx_g,BaO_nat002,64000,18643,72,2,10.351000,set0_rep64,flang-openmp,mimalloc,64
newdxx_g,BaO_nat002,64000,18643,72,3,10.233000,set0_rep64,flang-openmp,mimalloc,64
newdxx_g,BaO_nat002,64000,18643,72,4,10.297000,set0_rep64,flang-openmp,mimalloc,64
newdxx_g,BaO_nat002,64000,18643,72,5,10.259000,set0_rep64,flang-openmp,mimalloc,64
newdxx_g,BaO_nat002,64000,18643,72,6,10.319000,set0_rep64,flang-openmp,mimalloc,64
newdxx_g,BaO_nat002,64000,18643,72,7,10.317000,set0_rep64,flang-openmp,mimalloc,64
newdxx_g,BaO_nat002,64000,18643,72,8,10.560000,set0_rep64,flang-openmp,mimalloc,64
newdxx_g,BaO_nat002,64000,18643,72,9,11.640000,set0_rep64,flang-openmp,mimalloc,64
newdxx_g,BaO_nat002,64000,18643,72,10,12.306000,set0_rep64,flang-openmp,mimalloc,64
newdxx_g,BaO_nat002,64000,18643,72,11,12.142000,set0_rep64,flang-openmp,mimalloc,64
newdxx_g,BaO_nat002,64000,18643,72,12,12.305000,set0_rep64,flang-openmp,mimalloc,64
newdxx_g,BaO_nat002,64000,18643,72,13,12.282000,set0_rep64,flang-openmp,mimalloc,64
newdxx_g,BaO_nat002,64000,18643,72,14,11.638000,set0_rep64,flang-openmp,mimalloc,64
newdxx_g,BaO_nat002,64000,18643,72,15,10.254000,set0_rep64,flang-openmp,mimalloc,64
newdxx_g,BaO_nat002,64000,18643,72,16,10.339000,set0_rep64,flang-openmp,mimalloc,64
newdxx_g,BaO_nat002,64000,18643,72,17,10.386000,set0_rep64,flang-openmp,mimalloc,64
newdxx_g,BaO_nat002,64000,18643,72,18,10.305000,set0_rep64,flang-openmp,mimalloc,64
newdxx_g,BaO_nat002,64000,18643,72,19,10.248000,set0_rep64,flang-openmp,mimalloc,64
newdxx_g,BaO_nat002,64000,18643,1,0,12.505000,set1,flang-openmp,mimalloc,1
newdxx_g,BaO_nat002,64000,18643,1,1,10.598000,set1,flang-openmp,mimalloc,1
newdxx_g,BaO_nat002,64000,18643,1,2,10.125000,set1,flang-openmp,mimalloc,1
newdxx_g,BaO_nat002,64000,18643,1,3,11.342000,set1,flang-openmp,mimalloc,1
newdxx_g,BaO_nat002,64000,18643,1,4,11.053000,set1,flang-openmp,mimalloc,1
newdxx_g,BaO_nat002,64000,18643,1,5,10.041000,set1,flang-openmp,mimalloc,1
newdxx_g,BaO_nat002,64000,18643,1,6,9.994000,set1,flang-openmp,mimalloc,1
newdxx_g,BaO_nat002,64000,18643,1,7,10.019000,set1,flang-openmp,mimalloc,1
newdxx_g,BaO_nat002,64000,18643,1,8,10.085000,set1,flang-openmp,mimalloc,1
newdxx_g,BaO_nat002,64000,18643,1,9,10.002000,set1,flang-openmp,mimalloc,1
newdxx_g,BaO_nat002,64000,18643,1,10,10.029000,set1,flang-openmp,mimalloc,1
newdxx_g,BaO_nat002,64000,18643,1,11,10.053000,set1,flang-openmp,mimalloc,1
newdxx_g,BaO_nat002,64000,18643,1,12,10.044000,set1,flang-openmp,mimalloc,1
newdxx_g,BaO_nat002,64000,18643,1,13,10.035000,set1,flang-openmp,mimalloc,1
newdxx_g,BaO_nat002,64000,18643,1,14,9.997000,set1,flang-openmp,mimalloc,1
newdxx_g,BaO_nat002,64000,18643,1,15,9.969000,set1,flang-openmp,mimalloc,1
newdxx_g,BaO_nat002,64000,18643,1,16,10.021000,set1,flang-openmp,mimalloc,1
newdxx_g,BaO_nat002,64000,18643,1,17,10.022000,set1,flang-openmp,mimalloc,1
newdxx_g,BaO_nat002,64000,18643,1,18,10.029000,set1,flang-openmp,mimalloc,1
newdxx_g,BaO_nat002,64000,18643,1,19,10.109000,set1,flang-openmp,mimalloc,1
newdxx_g,BaO_nat002,64000,18643,2,0,8.435000,set1,flang-openmp,mimalloc,1
newdxx_g,BaO_nat002,64000,18643,2,1,8.443000,set1,flang-openmp,mimalloc,1
newdxx_g,BaO_nat002,64000,18643,2,2,8.421000,set1,flang-openmp,mimalloc,1
newdxx_g,BaO_nat002,64000,18643,2,3,8.418000,set1,flang-openmp,mimalloc,1
newdxx_g,BaO_nat002,64000,18643,2,4,8.405000,set1,flang-openmp,mimalloc,1
newdxx_g,BaO_nat002,64000,18643,2,5,8.395000,set1,flang-openmp,mimalloc,1
newdxx_g,BaO_nat002,64000,18643,2,6,8.526000,set1,flang-openmp,mimalloc,1
newdxx_g,BaO_nat002,64000,18643,2,7,8.344000,set1,flang-openmp,mimalloc,1
newdxx_g,BaO_nat002,64000,18643,2,8,8.302000,set1,flang-openmp,mimalloc,1
newdxx_g,BaO_nat002,64000,18643,2,9,8.380000,set1,flang-openmp,mimalloc,1
newdxx_g,BaO_nat002,64000,18643,2,10,8.331000,set1,flang-openmp,mimalloc,1
newdxx_g,BaO_nat002,64000,18643,2,11,8.537000,set1,flang-openmp,mimalloc,1
newdxx_g,BaO_nat002,64000,18643,2,12,9.155000,set1,flang-openmp,mimalloc,1
newdxx_g,BaO_nat002,64000,18643,2,13,9.436000,set1,flang-openmp,mimalloc,1
newdxx_g,BaO_nat002,64000,18643,2,14,9.769000,set1,flang-openmp,mimalloc,1
newdxx_g,BaO_nat002,64000,18643,2,15,9.497000,set1,flang-openmp,mimalloc,1
newdxx_g,BaO_nat002,64000,18643,2,16,9.524000,set1,flang-openmp,mimalloc,1
newdxx_g,BaO_nat002,64000,18643,2,17,9.597000,set1,flang-openmp,mimalloc,1
newdxx_g,BaO_nat002,64000,18643,2,18,9.215000,set1,flang-openmp,mimalloc,1
newdxx_g,BaO_nat002,64000,18643,2,19,8.265000,set1,flang-openmp,mimalloc,1
newdxx_g,BaO_nat002,64000,18643,4,0,8.370000,set1,flang-openmp,mimalloc,1
newdxx_g,BaO_nat002,64000,18643,4,1,8.391000,set1,flang-openmp,mimalloc,1
newdxx_g,BaO_nat002,64000,18643,4,2,8.398000,set1,flang-openmp,mimalloc,1
newdxx_g,BaO_nat002,64000,18643,4,3,8.257000,set1,flang-openmp,mimalloc,1
newdxx_g,BaO_nat002,64000,18643,4,4,8.398000,set1,flang-openmp,mimalloc,1
newdxx_g,BaO_nat002,64000,18643,4,5,8.338000,set1,flang-openmp,mimalloc,1
newdxx_g,BaO_nat002,64000,18643,4,6,8.367000,set1,flang-openmp,mimalloc,1
newdxx_g,BaO_nat002,64000,18643,4,7,8.328000,set1,flang-openmp,mimalloc,1
newdxx_g,BaO_nat002,64000,18643,4,8,8.324000,set1,flang-openmp,mimalloc,1
newdxx_g,BaO_nat002,64000,18643,4,9,8.268000,set1,flang-openmp,mimalloc,1
newdxx_g,BaO_nat002,64000,18643,4,10,8.339000,set1,flang-openmp,mimalloc,1
newdxx_g,BaO_nat002,64000,18643,4,11,8.300000,set1,flang-openmp,mimalloc,1
newdxx_g,BaO_nat002,64000,18643,4,12,8.288000,set1,flang-openmp,mimalloc,1
newdxx_g,BaO_nat002,64000,18643,4,13,8.298000,set1,flang-openmp,mimalloc,1
newdxx_g,BaO_nat002,64000,18643,4,14,8.446000,set1,flang-openmp,mimalloc,1
newdxx_g,BaO_nat002,64000,18643,4,15,8.312000,set1,flang-openmp,mimalloc,1
newdxx_g,BaO_nat002,64000,18643,4,16,8.238000,set1,flang-openmp,mimalloc,1
newdxx_g,BaO_nat002,64000,18643,4,17,8.257000,set1,flang-openmp,mimalloc,1
newdxx_g,BaO_nat002,64000,18643,4,18,8.222000,set1,flang-openmp,mimalloc,1
newdxx_g,BaO_nat002,64000,18643,4,19,8.308000,set1,flang-openmp,mimalloc,1
newdxx_g,BaO_nat002,64000,18643,8,0,8.552000,set1,flang-openmp,mimalloc,1
newdxx_g,BaO_nat002,64000,18643,8,1,8.545000,set1,flang-openmp,mimalloc,1
newdxx_g,BaO_nat002,64000,18643,8,2,8.233000,set1,flang-openmp,mimalloc,1
newdxx_g,BaO_nat002,64000,18643,8,3,8.403000,set1,flang-openmp,mimalloc,1
newdxx_g,BaO_nat002,64000,18643,8,4,8.379000,set1,flang-openmp,mimalloc,1
newdxx_g,BaO_nat002,64000,18643,8,5,8.238000,set1,flang-openmp,mimalloc,1
newdxx_g,BaO_nat002,64000,18643,8,6,8.326000,set1,flang-openmp,mimalloc,1
newdxx_g,BaO_nat002,64000,18643,8,7,8.336000,set1,flang-openmp,mimalloc,1
newdxx_g,BaO_nat002,64000,18643,8,8,8.330000,set1,flang-openmp,mimalloc,1
newdxx_g,BaO_nat002,64000,18643,8,9,8.292000,set1,flang-openmp,mimalloc,1
newdxx_g,BaO_nat002,64000,18643,8,10,8.257000,set1,flang-openmp,mimalloc,1
newdxx_g,BaO_nat002,64000,18643,8,11,8.264000,set1,flang-openmp,mimalloc,1
newdxx_g,BaO_nat002,64000,18643,8,12,8.295000,set1,flang-openmp,mimalloc,1
newdxx_g,BaO_nat002,64000,18643,8,13,8.343000,set1,flang-openmp,mimalloc,1
newdxx_g,BaO_nat002,64000,18643,8,14,8.301000,set1,flang-openmp,mimalloc,1
newdxx_g,BaO_nat002,64000,18643,8,15,8.283000,set1,flang-openmp,mimalloc,1
newdxx_g,BaO_nat002,64000,18643,8,16,8.291000,set1,flang-openmp,mimalloc,1
newdxx_g,BaO_nat002,64000,18643,8,17,8.246000,set1,flang-openmp,mimalloc,1
newdxx_g,BaO_nat002,64000,18643,8,18,8.228000,set1,flang-openmp,mimalloc,1
newdxx_g,BaO_nat002,64000,18643,8,19,8.261000,set1,flang-openmp,mimalloc,1
newdxx_g,BaO_nat002,64000,18643,16,0,8.464000,set1,flang-openmp,mimalloc,1
newdxx_g,BaO_nat002,64000,18643,16,1,8.370000,set1,flang-openmp,mimalloc,1
newdxx_g,BaO_nat002,64000,18643,16,2,8.363000,set1,flang-openmp,mimalloc,1
newdxx_g,BaO_nat002,64000,18643,16,3,8.316000,set1,flang-openmp,mimalloc,1
newdxx_g,BaO_nat002,64000,18643,16,4,8.379000,set1,flang-openmp,mimalloc,1
newdxx_g,BaO_nat002,64000,18643,16,5,9.236000,set1,flang-openmp,mimalloc,1
newdxx_g,BaO_nat002,64000,18643,16,6,8.362000,set1,flang-openmp,mimalloc,1
newdxx_g,BaO_nat002,64000,18643,16,7,8.851000,set1,flang-openmp,mimalloc,1
newdxx_g,BaO_nat002,64000,18643,16,8,8.286000,set1,flang-openmp,mimalloc,1
newdxx_g,BaO_nat002,64000,18643,16,9,10.056000,set1,flang-openmp,mimalloc,1
newdxx_g,BaO_nat002,64000,18643,16,10,12.200000,set1,flang-openmp,mimalloc,1
newdxx_g,BaO_nat002,64000,18643,16,11,8.275000,set1,flang-openmp,mimalloc,1
newdxx_g,BaO_nat002,64000,18643,16,12,8.196000,set1,flang-openmp,mimalloc,1
newdxx_g,BaO_nat002,64000,18643,16,13,8.192000,set1,flang-openmp,mimalloc,1
newdxx_g,BaO_nat002,64000,18643,16,14,8.182000,set1,flang-openmp,mimalloc,1
newdxx_g,BaO_nat002,64000,18643,16,15,8.168000,set1,flang-openmp,mimalloc,1
newdxx_g,BaO_nat002,64000,18643,16,16,8.128000,set1,flang-openmp,mimalloc,1
newdxx_g,BaO_nat002,64000,18643,16,17,8.213000,set1,flang-openmp,mimalloc,1
newdxx_g,BaO_nat002,64000,18643,16,18,8.282000,set1,flang-openmp,mimalloc,1
newdxx_g,BaO_nat002,64000,18643,16,19,8.166000,set1,flang-openmp,mimalloc,1
newdxx_g,BaO_nat002,64000,18643,32,0,8.505000,set1,flang-openmp,mimalloc,1
newdxx_g,BaO_nat002,64000,18643,32,1,8.392000,set1,flang-openmp,mimalloc,1
newdxx_g,BaO_nat002,64000,18643,32,2,8.218000,set1,flang-openmp,mimalloc,1
newdxx_g,BaO_nat002,64000,18643,32,3,8.289000,set1,flang-openmp,mimalloc,1
newdxx_g,BaO_nat002,64000,18643,32,4,8.276000,set1,flang-openmp,mimalloc,1
newdxx_g,BaO_nat002,64000,18643,32,5,8.270000,set1,flang-openmp,mimalloc,1
newdxx_g,BaO_nat002,64000,18643,32,6,8.311000,set1,flang-openmp,mimalloc,1
newdxx_g,BaO_nat002,64000,18643,32,7,8.239000,set1,flang-openmp,mimalloc,1
newdxx_g,BaO_nat002,64000,18643,32,8,8.195000,set1,flang-openmp,mimalloc,1
newdxx_g,BaO_nat002,64000,18643,32,9,8.051000,set1,flang-openmp,mimalloc,1
newdxx_g,BaO_nat002,64000,18643,32,10,8.046000,set1,flang-openmp,mimalloc,1
newdxx_g,BaO_nat002,64000,18643,32,11,9.562000,set1,flang-openmp,mimalloc,1
newdxx_g,BaO_nat002,64000,18643,32,12,10.101000,set1,flang-openmp,mimalloc,1
newdxx_g,BaO_nat002,64000,18643,32,13,8.184000,set1,flang-openmp,mimalloc,1
newdxx_g,BaO_nat002,64000,18643,32,14,8.166000,set1,flang-openmp,mimalloc,1
newdxx_g,BaO_nat002,64000,18643,32,15,8.175000,set1,flang-openmp,mimalloc,1
newdxx_g,BaO_nat002,64000,18643,32,16,8.164000,set1,flang-openmp,mimalloc,1
newdxx_g,BaO_nat002,64000,18643,32,17,8.160000,set1,flang-openmp,mimalloc,1
newdxx_g,BaO_nat002,64000,18643,32,18,8.086000,set1,flang-openmp,mimalloc,1
newdxx_g,BaO_nat002,64000,18643,32,19,8.119000,set1,flang-openmp,mimalloc,1
newdxx_g,BaO_nat002,64000,18643,64,0,8.327000,set1,flang-openmp,mimalloc,1
newdxx_g,BaO_nat002,64000,18643,64,1,8.296000,set1,flang-openmp,mimalloc,1
newdxx_g,BaO_nat002,64000,18643,64,2,8.358000,set1,flang-openmp,mimalloc,1
newdxx_g,BaO_nat002,64000,18643,64,3,8.303000,set1,flang-openmp,mimalloc,1
newdxx_g,BaO_nat002,64000,18643,64,4,8.394000,set1,flang-openmp,mimalloc,1
newdxx_g,BaO_nat002,64000,18643,64,5,8.267000,set1,flang-openmp,mimalloc,1
newdxx_g,BaO_nat002,64000,18643,64,6,8.316000,set1,flang-openmp,mimalloc,1
newdxx_g,BaO_nat002,64000,18643,64,7,8.196000,set1,flang-openmp,mimalloc,1
newdxx_g,BaO_nat002,64000,18643,64,8,8.321000,set1,flang-openmp,mimalloc,1
newdxx_g,BaO_nat002,64000,18643,64,9,8.258000,set1,flang-openmp,mimalloc,1
newdxx_g,BaO_nat002,64000,18643,64,10,8.284000,set1,flang-openmp,mimalloc,1
newdxx_g,BaO_nat002,64000,18643,64,11,8.228000,set1,flang-openmp,mimalloc,1
newdxx_g,BaO_nat002,64000,18643,64,12,8.163000,set1,flang-openmp,mimalloc,1
newdxx_g,BaO_nat002,64000,18643,64,13,8.302000,set1,flang-openmp,mimalloc,1
newdxx_g,BaO_nat002,64000,18643,64,14,8.182000,set1,flang-openmp,mimalloc,1
newdxx_g,BaO_nat002,64000,18643,64,15,8.202000,set1,flang-openmp,mimalloc,1
newdxx_g,BaO_nat002,64000,18643,64,16,8.166000,set1,flang-openmp,mimalloc,1
newdxx_g,BaO_nat002,64000,18643,64,17,8.261000,set1,flang-openmp,mimalloc,1
newdxx_g,BaO_nat002,64000,18643,64,18,7.924000,set1,flang-openmp,mimalloc,1
newdxx_g,BaO_nat002,64000,18643,64,19,8.247000,set1,flang-openmp,mimalloc,1
newdxx_g,BaO_nat002,64000,18643,72,0,8.474000,set1,flang-openmp,mimalloc,1
newdxx_g,BaO_nat002,64000,18643,72,1,8.378000,set1,flang-openmp,mimalloc,1
newdxx_g,BaO_nat002,64000,18643,72,2,8.335000,set1,flang-openmp,mimalloc,1
newdxx_g,BaO_nat002,64000,18643,72,3,8.410000,set1,flang-openmp,mimalloc,1
newdxx_g,BaO_nat002,64000,18643,72,4,8.345000,set1,flang-openmp,mimalloc,1
newdxx_g,BaO_nat002,64000,18643,72,5,8.238000,set1,flang-openmp,mimalloc,1
newdxx_g,BaO_nat002,64000,18643,72,6,8.190000,set1,flang-openmp,mimalloc,1
newdxx_g,BaO_nat002,64000,18643,72,7,8.189000,set1,flang-openmp,mimalloc,1
newdxx_g,BaO_nat002,64000,18643,72,8,8.254000,set1,flang-openmp,mimalloc,1
newdxx_g,BaO_nat002,64000,18643,72,9,8.293000,set1,flang-openmp,mimalloc,1
newdxx_g,BaO_nat002,64000,18643,72,10,8.214000,set1,flang-openmp,mimalloc,1
newdxx_g,BaO_nat002,64000,18643,72,11,8.256000,set1,flang-openmp,mimalloc,1
newdxx_g,BaO_nat002,64000,18643,72,12,8.250000,set1,flang-openmp,mimalloc,1
newdxx_g,BaO_nat002,64000,18643,72,13,8.269000,set1,flang-openmp,mimalloc,1
newdxx_g,BaO_nat002,64000,18643,72,14,8.111000,set1,flang-openmp,mimalloc,1
newdxx_g,BaO_nat002,64000,18643,72,15,8.176000,set1,flang-openmp,mimalloc,1
newdxx_g,BaO_nat002,64000,18643,72,16,8.203000,set1,flang-openmp,mimalloc,1
newdxx_g,BaO_nat002,64000,18643,72,17,8.167000,set1,flang-openmp,mimalloc,1
newdxx_g,BaO_nat002,64000,18643,72,18,8.319000,set1,flang-openmp,mimalloc,1
newdxx_g,BaO_nat002,64000,18643,72,19,8.206000,set1,flang-openmp,mimalloc,1
newdxx_g,BaO_nat002,64000,18643,1,0,549.622000,set1_rep64,flang-openmp,mimalloc,64
newdxx_g,BaO_nat002,64000,18643,1,1,555.731000,set1_rep64,flang-openmp,mimalloc,64
newdxx_g,BaO_nat002,64000,18643,1,2,559.828000,set1_rep64,flang-openmp,mimalloc,64
newdxx_g,BaO_nat002,64000,18643,1,3,556.932000,set1_rep64,flang-openmp,mimalloc,64
newdxx_g,BaO_nat002,64000,18643,1,4,564.039000,set1_rep64,flang-openmp,mimalloc,64
newdxx_g,BaO_nat002,64000,18643,1,5,551.814000,set1_rep64,flang-openmp,mimalloc,64
newdxx_g,BaO_nat002,64000,18643,1,6,550.530000,set1_rep64,flang-openmp,mimalloc,64
newdxx_g,BaO_nat002,64000,18643,1,7,559.319000,set1_rep64,flang-openmp,mimalloc,64
newdxx_g,BaO_nat002,64000,18643,1,8,557.376000,set1_rep64,flang-openmp,mimalloc,64
newdxx_g,BaO_nat002,64000,18643,1,9,569.543000,set1_rep64,flang-openmp,mimalloc,64
newdxx_g,BaO_nat002,64000,18643,1,10,570.850000,set1_rep64,flang-openmp,mimalloc,64
newdxx_g,BaO_nat002,64000,18643,1,11,557.275000,set1_rep64,flang-openmp,mimalloc,64
newdxx_g,BaO_nat002,64000,18643,1,12,554.575000,set1_rep64,flang-openmp,mimalloc,64
newdxx_g,BaO_nat002,64000,18643,1,13,570.144000,set1_rep64,flang-openmp,mimalloc,64
newdxx_g,BaO_nat002,64000,18643,1,14,554.364000,set1_rep64,flang-openmp,mimalloc,64
newdxx_g,BaO_nat002,64000,18643,1,15,646.277000,set1_rep64,flang-openmp,mimalloc,64
newdxx_g,BaO_nat002,64000,18643,1,16,820.128000,set1_rep64,flang-openmp,mimalloc,64
newdxx_g,BaO_nat002,64000,18643,1,17,578.289000,set1_rep64,flang-openmp,mimalloc,64
newdxx_g,BaO_nat002,64000,18643,1,18,684.844000,set1_rep64,flang-openmp,mimalloc,64
newdxx_g,BaO_nat002,64000,18643,1,19,731.300000,set1_rep64,flang-openmp,mimalloc,64
newdxx_g,BaO_nat002,64000,18643,2,0,292.009000,set1_rep64,flang-openmp,mimalloc,64
newdxx_g,BaO_nat002,64000,18643,2,1,296.961000,set1_rep64,flang-openmp,mimalloc,64
newdxx_g,BaO_nat002,64000,18643,2,2,383.263000,set1_rep64,flang-openmp,mimalloc,64
newdxx_g,BaO_nat002,64000,18643,2,3,388.639000,set1_rep64,flang-openmp,mimalloc,64
newdxx_g,BaO_nat002,64000,18643,2,4,359.089000,set1_rep64,flang-openmp,mimalloc,64
newdxx_g,BaO_nat002,64000,18643,2,5,297.514000,set1_rep64,flang-openmp,mimalloc,64
newdxx_g,BaO_nat002,64000,18643,2,6,297.992000,set1_rep64,flang-openmp,mimalloc,64
newdxx_g,BaO_nat002,64000,18643,2,7,320.132000,set1_rep64,flang-openmp,mimalloc,64
newdxx_g,BaO_nat002,64000,18643,2,8,332.755000,set1_rep64,flang-openmp,mimalloc,64
newdxx_g,BaO_nat002,64000,18643,2,9,319.145000,set1_rep64,flang-openmp,mimalloc,64
newdxx_g,BaO_nat002,64000,18643,2,10,296.531000,set1_rep64,flang-openmp,mimalloc,64
newdxx_g,BaO_nat002,64000,18643,2,11,294.151000,set1_rep64,flang-openmp,mimalloc,64
newdxx_g,BaO_nat002,64000,18643,2,12,298.690000,set1_rep64,flang-openmp,mimalloc,64
newdxx_g,BaO_nat002,64000,18643,2,13,292.964000,set1_rep64,flang-openmp,mimalloc,64
newdxx_g,BaO_nat002,64000,18643,2,14,291.472000,set1_rep64,flang-openmp,mimalloc,64
newdxx_g,BaO_nat002,64000,18643,2,15,292.316000,set1_rep64,flang-openmp,mimalloc,64
newdxx_g,BaO_nat002,64000,18643,2,16,301.645000,set1_rep64,flang-openmp,mimalloc,64
newdxx_g,BaO_nat002,64000,18643,2,17,295.739000,set1_rep64,flang-openmp,mimalloc,64
newdxx_g,BaO_nat002,64000,18643,2,18,296.843000,set1_rep64,flang-openmp,mimalloc,64
newdxx_g,BaO_nat002,64000,18643,2,19,293.063000,set1_rep64,flang-openmp,mimalloc,64
newdxx_g,BaO_nat002,64000,18643,4,0,151.627000,set1_rep64,flang-openmp,mimalloc,64
newdxx_g,BaO_nat002,64000,18643,4,1,139.990000,set1_rep64,flang-openmp,mimalloc,64
newdxx_g,BaO_nat002,64000,18643,4,2,139.465000,set1_rep64,flang-openmp,mimalloc,64
newdxx_g,BaO_nat002,64000,18643,4,3,146.820000,set1_rep64,flang-openmp,mimalloc,64
newdxx_g,BaO_nat002,64000,18643,4,4,139.223000,set1_rep64,flang-openmp,mimalloc,64
newdxx_g,BaO_nat002,64000,18643,4,5,139.312000,set1_rep64,flang-openmp,mimalloc,64
newdxx_g,BaO_nat002,64000,18643,4,6,139.212000,set1_rep64,flang-openmp,mimalloc,64
newdxx_g,BaO_nat002,64000,18643,4,7,139.268000,set1_rep64,flang-openmp,mimalloc,64
newdxx_g,BaO_nat002,64000,18643,4,8,139.402000,set1_rep64,flang-openmp,mimalloc,64
newdxx_g,BaO_nat002,64000,18643,4,9,140.835000,set1_rep64,flang-openmp,mimalloc,64
newdxx_g,BaO_nat002,64000,18643,4,10,146.945000,set1_rep64,flang-openmp,mimalloc,64
newdxx_g,BaO_nat002,64000,18643,4,11,139.491000,set1_rep64,flang-openmp,mimalloc,64
newdxx_g,BaO_nat002,64000,18643,4,12,141.310000,set1_rep64,flang-openmp,mimalloc,64
newdxx_g,BaO_nat002,64000,18643,4,13,139.325000,set1_rep64,flang-openmp,mimalloc,64
newdxx_g,BaO_nat002,64000,18643,4,14,139.115000,set1_rep64,flang-openmp,mimalloc,64
newdxx_g,BaO_nat002,64000,18643,4,15,139.159000,set1_rep64,flang-openmp,mimalloc,64
newdxx_g,BaO_nat002,64000,18643,4,16,139.392000,set1_rep64,flang-openmp,mimalloc,64
newdxx_g,BaO_nat002,64000,18643,4,17,139.977000,set1_rep64,flang-openmp,mimalloc,64
newdxx_g,BaO_nat002,64000,18643,4,18,139.024000,set1_rep64,flang-openmp,mimalloc,64
newdxx_g,BaO_nat002,64000,18643,4,19,139.087000,set1_rep64,flang-openmp,mimalloc,64
newdxx_g,BaO_nat002,64000,18643,8,0,76.220000,set1_rep64,flang-openmp,mimalloc,64
newdxx_g,BaO_nat002,64000,18643,8,1,74.034000,set1_rep64,flang-openmp,mimalloc,64
newdxx_g,BaO_nat002,64000,18643,8,2,71.650000,set1_rep64,flang-openmp,mimalloc,64
newdxx_g,BaO_nat002,64000,18643,8,3,71.115000,set1_rep64,flang-openmp,mimalloc,64
newdxx_g,BaO_nat002,64000,18643,8,4,71.709000,set1_rep64,flang-openmp,mimalloc,64
newdxx_g,BaO_nat002,64000,18643,8,5,71.717000,set1_rep64,flang-openmp,mimalloc,64
newdxx_g,BaO_nat002,64000,18643,8,6,71.586000,set1_rep64,flang-openmp,mimalloc,64
newdxx_g,BaO_nat002,64000,18643,8,7,71.670000,set1_rep64,flang-openmp,mimalloc,64
newdxx_g,BaO_nat002,64000,18643,8,8,71.391000,set1_rep64,flang-openmp,mimalloc,64
newdxx_g,BaO_nat002,64000,18643,8,9,71.144000,set1_rep64,flang-openmp,mimalloc,64
newdxx_g,BaO_nat002,64000,18643,8,10,71.715000,set1_rep64,flang-openmp,mimalloc,64
newdxx_g,BaO_nat002,64000,18643,8,11,71.680000,set1_rep64,flang-openmp,mimalloc,64
newdxx_g,BaO_nat002,64000,18643,8,12,74.129000,set1_rep64,flang-openmp,mimalloc,64
newdxx_g,BaO_nat002,64000,18643,8,13,72.723000,set1_rep64,flang-openmp,mimalloc,64
newdxx_g,BaO_nat002,64000,18643,8,14,71.379000,set1_rep64,flang-openmp,mimalloc,64
newdxx_g,BaO_nat002,64000,18643,8,15,71.561000,set1_rep64,flang-openmp,mimalloc,64
newdxx_g,BaO_nat002,64000,18643,8,16,71.278000,set1_rep64,flang-openmp,mimalloc,64
newdxx_g,BaO_nat002,64000,18643,8,17,71.400000,set1_rep64,flang-openmp,mimalloc,64
newdxx_g,BaO_nat002,64000,18643,8,18,71.031000,set1_rep64,flang-openmp,mimalloc,64
newdxx_g,BaO_nat002,64000,18643,8,19,71.154000,set1_rep64,flang-openmp,mimalloc,64
newdxx_g,BaO_nat002,64000,18643,16,0,36.568000,set1_rep64,flang-openmp,mimalloc,64
newdxx_g,BaO_nat002,64000,18643,16,1,37.141000,set1_rep64,flang-openmp,mimalloc,64
newdxx_g,BaO_nat002,64000,18643,16,2,37.920000,set1_rep64,flang-openmp,mimalloc,64
newdxx_g,BaO_nat002,64000,18643,16,3,36.673000,set1_rep64,flang-openmp,mimalloc,64
newdxx_g,BaO_nat002,64000,18643,16,4,36.839000,set1_rep64,flang-openmp,mimalloc,64
newdxx_g,BaO_nat002,64000,18643,16,5,36.882000,set1_rep64,flang-openmp,mimalloc,64
newdxx_g,BaO_nat002,64000,18643,16,6,36.655000,set1_rep64,flang-openmp,mimalloc,64
newdxx_g,BaO_nat002,64000,18643,16,7,37.487000,set1_rep64,flang-openmp,mimalloc,64
newdxx_g,BaO_nat002,64000,18643,16,8,36.494000,set1_rep64,flang-openmp,mimalloc,64
newdxx_g,BaO_nat002,64000,18643,16,9,36.143000,set1_rep64,flang-openmp,mimalloc,64
newdxx_g,BaO_nat002,64000,18643,16,10,36.285000,set1_rep64,flang-openmp,mimalloc,64
newdxx_g,BaO_nat002,64000,18643,16,11,36.247000,set1_rep64,flang-openmp,mimalloc,64
newdxx_g,BaO_nat002,64000,18643,16,12,36.644000,set1_rep64,flang-openmp,mimalloc,64
newdxx_g,BaO_nat002,64000,18643,16,13,36.936000,set1_rep64,flang-openmp,mimalloc,64
newdxx_g,BaO_nat002,64000,18643,16,14,36.463000,set1_rep64,flang-openmp,mimalloc,64
newdxx_g,BaO_nat002,64000,18643,16,15,36.586000,set1_rep64,flang-openmp,mimalloc,64
newdxx_g,BaO_nat002,64000,18643,16,16,36.523000,set1_rep64,flang-openmp,mimalloc,64
newdxx_g,BaO_nat002,64000,18643,16,17,37.312000,set1_rep64,flang-openmp,mimalloc,64
newdxx_g,BaO_nat002,64000,18643,16,18,37.561000,set1_rep64,flang-openmp,mimalloc,64
newdxx_g,BaO_nat002,64000,18643,16,19,37.278000,set1_rep64,flang-openmp,mimalloc,64
newdxx_g,BaO_nat002,64000,18643,32,0,20.115000,set1_rep64,flang-openmp,mimalloc,64
newdxx_g,BaO_nat002,64000,18643,32,1,20.698000,set1_rep64,flang-openmp,mimalloc,64
newdxx_g,BaO_nat002,64000,18643,32,2,19.459000,set1_rep64,flang-openmp,mimalloc,64
newdxx_g,BaO_nat002,64000,18643,32,3,19.642000,set1_rep64,flang-openmp,mimalloc,64
newdxx_g,BaO_nat002,64000,18643,32,4,19.548000,set1_rep64,flang-openmp,mimalloc,64
newdxx_g,BaO_nat002,64000,18643,32,5,20.060000,set1_rep64,flang-openmp,mimalloc,64
newdxx_g,BaO_nat002,64000,18643,32,6,19.716000,set1_rep64,flang-openmp,mimalloc,64
newdxx_g,BaO_nat002,64000,18643,32,7,19.475000,set1_rep64,flang-openmp,mimalloc,64
newdxx_g,BaO_nat002,64000,18643,32,8,19.725000,set1_rep64,flang-openmp,mimalloc,64
newdxx_g,BaO_nat002,64000,18643,32,9,19.579000,set1_rep64,flang-openmp,mimalloc,64
newdxx_g,BaO_nat002,64000,18643,32,10,19.707000,set1_rep64,flang-openmp,mimalloc,64
newdxx_g,BaO_nat002,64000,18643,32,11,19.470000,set1_rep64,flang-openmp,mimalloc,64
newdxx_g,BaO_nat002,64000,18643,32,12,19.756000,set1_rep64,flang-openmp,mimalloc,64
newdxx_g,BaO_nat002,64000,18643,32,13,19.413000,set1_rep64,flang-openmp,mimalloc,64
newdxx_g,BaO_nat002,64000,18643,32,14,19.656000,set1_rep64,flang-openmp,mimalloc,64
newdxx_g,BaO_nat002,64000,18643,32,15,19.381000,set1_rep64,flang-openmp,mimalloc,64
newdxx_g,BaO_nat002,64000,18643,32,16,19.654000,set1_rep64,flang-openmp,mimalloc,64
newdxx_g,BaO_nat002,64000,18643,32,17,19.335000,set1_rep64,flang-openmp,mimalloc,64
newdxx_g,BaO_nat002,64000,18643,32,18,19.447000,set1_rep64,flang-openmp,mimalloc,64
newdxx_g,BaO_nat002,64000,18643,32,19,19.403000,set1_rep64,flang-openmp,mimalloc,64
newdxx_g,BaO_nat002,64000,18643,64,0,10.138000,set1_rep64,flang-openmp,mimalloc,64
newdxx_g,BaO_nat002,64000,18643,64,1,10.272000,set1_rep64,flang-openmp,mimalloc,64
newdxx_g,BaO_nat002,64000,18643,64,2,10.131000,set1_rep64,flang-openmp,mimalloc,64
newdxx_g,BaO_nat002,64000,18643,64,3,10.291000,set1_rep64,flang-openmp,mimalloc,64
newdxx_g,BaO_nat002,64000,18643,64,4,10.248000,set1_rep64,flang-openmp,mimalloc,64
newdxx_g,BaO_nat002,64000,18643,64,5,10.298000,set1_rep64,flang-openmp,mimalloc,64
newdxx_g,BaO_nat002,64000,18643,64,6,10.333000,set1_rep64,flang-openmp,mimalloc,64
newdxx_g,BaO_nat002,64000,18643,64,7,10.388000,set1_rep64,flang-openmp,mimalloc,64
newdxx_g,BaO_nat002,64000,18643,64,8,10.343000,set1_rep64,flang-openmp,mimalloc,64
newdxx_g,BaO_nat002,64000,18643,64,9,10.262000,set1_rep64,flang-openmp,mimalloc,64
newdxx_g,BaO_nat002,64000,18643,64,10,10.357000,set1_rep64,flang-openmp,mimalloc,64
newdxx_g,BaO_nat002,64000,18643,64,11,10.241000,set1_rep64,flang-openmp,mimalloc,64
newdxx_g,BaO_nat002,64000,18643,64,12,10.450000,set1_rep64,flang-openmp,mimalloc,64
newdxx_g,BaO_nat002,64000,18643,64,13,10.504000,set1_rep64,flang-openmp,mimalloc,64
newdxx_g,BaO_nat002,64000,18643,64,14,10.128000,set1_rep64,flang-openmp,mimalloc,64
newdxx_g,BaO_nat002,64000,18643,64,15,10.826000,set1_rep64,flang-openmp,mimalloc,64
newdxx_g,BaO_nat002,64000,18643,64,16,10.227000,set1_rep64,flang-openmp,mimalloc,64
newdxx_g,BaO_nat002,64000,18643,64,17,10.266000,set1_rep64,flang-openmp,mimalloc,64
newdxx_g,BaO_nat002,64000,18643,64,18,10.473000,set1_rep64,flang-openmp,mimalloc,64
newdxx_g,BaO_nat002,64000,18643,64,19,10.353000,set1_rep64,flang-openmp,mimalloc,64
newdxx_g,BaO_nat002,64000,18643,72,0,10.484000,set1_rep64,flang-openmp,mimalloc,64
newdxx_g,BaO_nat002,64000,18643,72,1,10.526000,set1_rep64,flang-openmp,mimalloc,64
newdxx_g,BaO_nat002,64000,18643,72,2,10.348000,set1_rep64,flang-openmp,mimalloc,64
newdxx_g,BaO_nat002,64000,18643,72,3,10.336000,set1_rep64,flang-openmp,mimalloc,64
newdxx_g,BaO_nat002,64000,18643,72,4,10.220000,set1_rep64,flang-openmp,mimalloc,64
newdxx_g,BaO_nat002,64000,18643,72,5,10.428000,set1_rep64,flang-openmp,mimalloc,64
newdxx_g,BaO_nat002,64000,18643,72,6,10.502000,set1_rep64,flang-openmp,mimalloc,64
newdxx_g,BaO_nat002,64000,18643,72,7,10.260000,set1_rep64,flang-openmp,mimalloc,64
newdxx_g,BaO_nat002,64000,18643,72,8,10.437000,set1_rep64,flang-openmp,mimalloc,64
newdxx_g,BaO_nat002,64000,18643,72,9,10.293000,set1_rep64,flang-openmp,mimalloc,64
newdxx_g,BaO_nat002,64000,18643,72,10,10.370000,set1_rep64,flang-openmp,mimalloc,64
newdxx_g,BaO_nat002,64000,18643,72,11,10.462000,set1_rep64,flang-openmp,mimalloc,64
newdxx_g,BaO_nat002,64000,18643,72,12,10.352000,set1_rep64,flang-openmp,mimalloc,64
newdxx_g,BaO_nat002,64000,18643,72,13,10.334000,set1_rep64,flang-openmp,mimalloc,64
newdxx_g,BaO_nat002,64000,18643,72,14,10.418000,set1_rep64,flang-openmp,mimalloc,64
newdxx_g,BaO_nat002,64000,18643,72,15,10.468000,set1_rep64,flang-openmp,mimalloc,64
newdxx_g,BaO_nat002,64000,18643,72,16,10.283000,set1_rep64,flang-openmp,mimalloc,64
newdxx_g,BaO_nat002,64000,18643,72,17,10.461000,set1_rep64,flang-openmp,mimalloc,64
newdxx_g,BaO_nat002,64000,18643,72,18,10.537000,set1_rep64,flang-openmp,mimalloc,64
newdxx_g,BaO_nat002,64000,18643,72,19,10.383000,set1_rep64,flang-openmp,mimalloc,64
newdxx_g,BaTiO3_nat005,64000,27609,1,0,40.720000,set0,flang-openmp,mimalloc,1
newdxx_g,BaTiO3_nat005,64000,27609,1,1,38.826000,set0,flang-openmp,mimalloc,1
newdxx_g,BaTiO3_nat005,64000,27609,1,2,39.319000,set0,flang-openmp,mimalloc,1
newdxx_g,BaTiO3_nat005,64000,27609,1,3,39.613000,set0,flang-openmp,mimalloc,1
newdxx_g,BaTiO3_nat005,64000,27609,1,4,36.557000,set0,flang-openmp,mimalloc,1
newdxx_g,BaTiO3_nat005,64000,27609,1,5,36.450000,set0,flang-openmp,mimalloc,1
newdxx_g,BaTiO3_nat005,64000,27609,1,6,36.552000,set0,flang-openmp,mimalloc,1
newdxx_g,BaTiO3_nat005,64000,27609,1,7,36.524000,set0,flang-openmp,mimalloc,1
newdxx_g,BaTiO3_nat005,64000,27609,1,8,36.994000,set0,flang-openmp,mimalloc,1
newdxx_g,BaTiO3_nat005,64000,27609,1,9,36.571000,set0,flang-openmp,mimalloc,1
newdxx_g,BaTiO3_nat005,64000,27609,1,10,36.536000,set0,flang-openmp,mimalloc,1
newdxx_g,BaTiO3_nat005,64000,27609,1,11,36.618000,set0,flang-openmp,mimalloc,1
newdxx_g,BaTiO3_nat005,64000,27609,1,12,36.662000,set0,flang-openmp,mimalloc,1
newdxx_g,BaTiO3_nat005,64000,27609,1,13,36.383000,set0,flang-openmp,mimalloc,1
newdxx_g,BaTiO3_nat005,64000,27609,1,14,36.303000,set0,flang-openmp,mimalloc,1
newdxx_g,BaTiO3_nat005,64000,27609,1,15,36.391000,set0,flang-openmp,mimalloc,1
newdxx_g,BaTiO3_nat005,64000,27609,1,16,36.357000,set0,flang-openmp,mimalloc,1
newdxx_g,BaTiO3_nat005,64000,27609,1,17,36.401000,set0,flang-openmp,mimalloc,1
newdxx_g,BaTiO3_nat005,64000,27609,1,18,36.538000,set0,flang-openmp,mimalloc,1
newdxx_g,BaTiO3_nat005,64000,27609,1,19,36.908000,set0,flang-openmp,mimalloc,1
newdxx_g,BaTiO3_nat005,64000,27609,2,0,32.413000,set0,flang-openmp,mimalloc,1
newdxx_g,BaTiO3_nat005,64000,27609,2,1,33.388000,set0,flang-openmp,mimalloc,1
newdxx_g,BaTiO3_nat005,64000,27609,2,2,32.674000,set0,flang-openmp,mimalloc,1
newdxx_g,BaTiO3_nat005,64000,27609,2,3,32.434000,set0,flang-openmp,mimalloc,1
newdxx_g,BaTiO3_nat005,64000,27609,2,4,32.127000,set0,flang-openmp,mimalloc,1
newdxx_g,BaTiO3_nat005,64000,27609,2,5,32.508000,set0,flang-openmp,mimalloc,1
newdxx_g,BaTiO3_nat005,64000,27609,2,6,35.064000,set0,flang-openmp,mimalloc,1
newdxx_g,BaTiO3_nat005,64000,27609,2,7,32.211000,set0,flang-openmp,mimalloc,1
newdxx_g,BaTiO3_nat005,64000,27609,2,8,32.003000,set0,flang-openmp,mimalloc,1
newdxx_g,BaTiO3_nat005,64000,27609,2,9,32.318000,set0,flang-openmp,mimalloc,1
newdxx_g,BaTiO3_nat005,64000,27609,2,10,32.979000,set0,flang-openmp,mimalloc,1
newdxx_g,BaTiO3_nat005,64000,27609,2,11,31.885000,set0,flang-openmp,mimalloc,1
newdxx_g,BaTiO3_nat005,64000,27609,2,12,32.331000,set0,flang-openmp,mimalloc,1
newdxx_g,BaTiO3_nat005,64000,27609,2,13,32.285000,set0,flang-openmp,mimalloc,1
newdxx_g,BaTiO3_nat005,64000,27609,2,14,32.449000,set0,flang-openmp,mimalloc,1
newdxx_g,BaTiO3_nat005,64000,27609,2,15,32.383000,set0,flang-openmp,mimalloc,1
newdxx_g,BaTiO3_nat005,64000,27609,2,16,32.310000,set0,flang-openmp,mimalloc,1
newdxx_g,BaTiO3_nat005,64000,27609,2,17,32.269000,set0,flang-openmp,mimalloc,1
newdxx_g,BaTiO3_nat005,64000,27609,2,18,32.150000,set0,flang-openmp,mimalloc,1
newdxx_g,BaTiO3_nat005,64000,27609,2,19,32.191000,set0,flang-openmp,mimalloc,1
newdxx_g,BaTiO3_nat005,64000,27609,4,0,29.298000,set0,flang-openmp,mimalloc,1
newdxx_g,BaTiO3_nat005,64000,27609,4,1,29.252000,set0,flang-openmp,mimalloc,1
newdxx_g,BaTiO3_nat005,64000,27609,4,2,30.058000,set0,flang-openmp,mimalloc,1
newdxx_g,BaTiO3_nat005,64000,27609,4,3,29.545000,set0,flang-openmp,mimalloc,1
newdxx_g,BaTiO3_nat005,64000,27609,4,4,30.460000,set0,flang-openmp,mimalloc,1
newdxx_g,BaTiO3_nat005,64000,27609,4,5,30.188000,set0,flang-openmp,mimalloc,1
newdxx_g,BaTiO3_nat005,64000,27609,4,6,29.898000,set0,flang-openmp,mimalloc,1
newdxx_g,BaTiO3_nat005,64000,27609,4,7,29.625000,set0,flang-openmp,mimalloc,1
newdxx_g,BaTiO3_nat005,64000,27609,4,8,30.011000,set0,flang-openmp,mimalloc,1
newdxx_g,BaTiO3_nat005,64000,27609,4,9,30.250000,set0,flang-openmp,mimalloc,1
newdxx_g,BaTiO3_nat005,64000,27609,4,10,30.069000,set0,flang-openmp,mimalloc,1
newdxx_g,BaTiO3_nat005,64000,27609,4,11,29.673000,set0,flang-openmp,mimalloc,1
newdxx_g,BaTiO3_nat005,64000,27609,4,12,29.787000,set0,flang-openmp,mimalloc,1
newdxx_g,BaTiO3_nat005,64000,27609,4,13,29.801000,set0,flang-openmp,mimalloc,1
newdxx_g,BaTiO3_nat005,64000,27609,4,14,29.743000,set0,flang-openmp,mimalloc,1
newdxx_g,BaTiO3_nat005,64000,27609,4,15,30.450000,set0,flang-openmp,mimalloc,1
newdxx_g,BaTiO3_nat005,64000,27609,4,16,30.087000,set0,flang-openmp,mimalloc,1
newdxx_g,BaTiO3_nat005,64000,27609,4,17,30.730000,set0,flang-openmp,mimalloc,1
newdxx_g,BaTiO3_nat005,64000,27609,4,18,30.048000,set0,flang-openmp,mimalloc,1
newdxx_g,BaTiO3_nat005,64000,27609,4,19,30.057000,set0,flang-openmp,mimalloc,1
newdxx_g,BaTiO3_nat005,64000,27609,8,0,26.465000,set0,flang-openmp,mimalloc,1
newdxx_g,BaTiO3_nat005,64000,27609,8,1,31.183000,set0,flang-openmp,mimalloc,1
newdxx_g,BaTiO3_nat005,64000,27609,8,2,25.502000,set0,flang-openmp,mimalloc,1
newdxx_g,BaTiO3_nat005,64000,27609,8,3,25.313000,set0,flang-openmp,mimalloc,1
newdxx_g,BaTiO3_nat005,64000,27609,8,4,25.176000,set0,flang-openmp,mimalloc,1
newdxx_g,BaTiO3_nat005,64000,27609,8,5,25.468000,set0,flang-openmp,mimalloc,1
newdxx_g,BaTiO3_nat005,64000,27609,8,6,25.448000,set0,flang-openmp,mimalloc,1
newdxx_g,BaTiO3_nat005,64000,27609,8,7,25.452000,set0,flang-openmp,mimalloc,1
newdxx_g,BaTiO3_nat005,64000,27609,8,8,25.070000,set0,flang-openmp,mimalloc,1
newdxx_g,BaTiO3_nat005,64000,27609,8,9,24.951000,set0,flang-openmp,mimalloc,1
newdxx_g,BaTiO3_nat005,64000,27609,8,10,25.101000,set0,flang-openmp,mimalloc,1
newdxx_g,BaTiO3_nat005,64000,27609,8,11,24.901000,set0,flang-openmp,mimalloc,1
newdxx_g,BaTiO3_nat005,64000,27609,8,12,25.424000,set0,flang-openmp,mimalloc,1
newdxx_g,BaTiO3_nat005,64000,27609,8,13,25.338000,set0,flang-openmp,mimalloc,1
newdxx_g,BaTiO3_nat005,64000,27609,8,14,25.299000,set0,flang-openmp,mimalloc,1
newdxx_g,BaTiO3_nat005,64000,27609,8,15,25.221000,set0,flang-openmp,mimalloc,1
newdxx_g,BaTiO3_nat005,64000,27609,8,16,25.152000,set0,flang-openmp,mimalloc,1
newdxx_g,BaTiO3_nat005,64000,27609,8,17,24.914000,set0,flang-openmp,mimalloc,1
newdxx_g,BaTiO3_nat005,64000,27609,8,18,25.322000,set0,flang-openmp,mimalloc,1
newdxx_g,BaTiO3_nat005,64000,27609,8,19,25.501000,set0,flang-openmp,mimalloc,1
newdxx_g,BaTiO3_nat005,64000,27609,16,0,15.300000,set0,flang-openmp,mimalloc,1
newdxx_g,BaTiO3_nat005,64000,27609,16,1,15.210000,set0,flang-openmp,mimalloc,1
newdxx_g,BaTiO3_nat005,64000,27609,16,2,15.191000,set0,flang-openmp,mimalloc,1
newdxx_g,BaTiO3_nat005,64000,27609,16,3,15.119000,set0,flang-openmp,mimalloc,1
newdxx_g,BaTiO3_nat005,64000,27609,16,4,15.157000,set0,flang-openmp,mimalloc,1
newdxx_g,BaTiO3_nat005,64000,27609,16,5,16.088000,set0,flang-openmp,mimalloc,1
newdxx_g,BaTiO3_nat005,64000,27609,16,6,15.334000,set0,flang-openmp,mimalloc,1
newdxx_g,BaTiO3_nat005,64000,27609,16,7,15.217000,set0,flang-openmp,mimalloc,1
newdxx_g,BaTiO3_nat005,64000,27609,16,8,15.318000,set0,flang-openmp,mimalloc,1
newdxx_g,BaTiO3_nat005,64000,27609,16,9,15.254000,set0,flang-openmp,mimalloc,1
newdxx_g,BaTiO3_nat005,64000,27609,16,10,15.399000,set0,flang-openmp,mimalloc,1
newdxx_g,BaTiO3_nat005,64000,27609,16,11,15.091000,set0,flang-openmp,mimalloc,1
newdxx_g,BaTiO3_nat005,64000,27609,16,12,15.120000,set0,flang-openmp,mimalloc,1
newdxx_g,BaTiO3_nat005,64000,27609,16,13,15.245000,set0,flang-openmp,mimalloc,1
newdxx_g,BaTiO3_nat005,64000,27609,16,14,16.085000,set0,flang-openmp,mimalloc,1
newdxx_g,BaTiO3_nat005,64000,27609,16,15,15.390000,set0,flang-openmp,mimalloc,1
newdxx_g,BaTiO3_nat005,64000,27609,16,16,15.144000,set0,flang-openmp,mimalloc,1
newdxx_g,BaTiO3_nat005,64000,27609,16,17,15.354000,set0,flang-openmp,mimalloc,1
newdxx_g,BaTiO3_nat005,64000,27609,16,18,15.633000,set0,flang-openmp,mimalloc,1
newdxx_g,BaTiO3_nat005,64000,27609,16,19,15.291000,set0,flang-openmp,mimalloc,1
newdxx_g,BaTiO3_nat005,64000,27609,32,0,26.286000,set0,flang-openmp,mimalloc,1
newdxx_g,BaTiO3_nat005,64000,27609,32,1,25.618000,set0,flang-openmp,mimalloc,1
newdxx_g,BaTiO3_nat005,64000,27609,32,2,25.301000,set0,flang-openmp,mimalloc,1
newdxx_g,BaTiO3_nat005,64000,27609,32,3,25.804000,set0,flang-openmp,mimalloc,1
newdxx_g,BaTiO3_nat005,64000,27609,32,4,25.395000,set0,flang-openmp,mimalloc,1
newdxx_g,BaTiO3_nat005,64000,27609,32,5,25.798000,set0,flang-openmp,mimalloc,1
newdxx_g,BaTiO3_nat005,64000,27609,32,6,25.364000,set0,flang-openmp,mimalloc,1
newdxx_g,BaTiO3_nat005,64000,27609,32,7,28.532000,set0,flang-openmp,mimalloc,1
newdxx_g,BaTiO3_nat005,64000,27609,32,8,27.044000,set0,flang-openmp,mimalloc,1
newdxx_g,BaTiO3_nat005,64000,27609,32,9,26.811000,set0,flang-openmp,mimalloc,1
newdxx_g,BaTiO3_nat005,64000,27609,32,10,26.106000,set0,flang-openmp,mimalloc,1
newdxx_g,BaTiO3_nat005,64000,27609,32,11,29.436000,set0,flang-openmp,mimalloc,1
newdxx_g,BaTiO3_nat005,64000,27609,32,12,26.125000,set0,flang-openmp,mimalloc,1
newdxx_g,BaTiO3_nat005,64000,27609,32,13,25.603000,set0,flang-openmp,mimalloc,1
newdxx_g,BaTiO3_nat005,64000,27609,32,14,25.799000,set0,flang-openmp,mimalloc,1
newdxx_g,BaTiO3_nat005,64000,27609,32,15,25.718000,set0,flang-openmp,mimalloc,1
newdxx_g,BaTiO3_nat005,64000,27609,32,16,25.638000,set0,flang-openmp,mimalloc,1
newdxx_g,BaTiO3_nat005,64000,27609,32,17,25.747000,set0,flang-openmp,mimalloc,1
newdxx_g,BaTiO3_nat005,64000,27609,32,18,25.794000,set0,flang-openmp,mimalloc,1
newdxx_g,BaTiO3_nat005,64000,27609,32,19,25.494000,set0,flang-openmp,mimalloc,1
newdxx_g,BaTiO3_nat005,64000,27609,64,0,15.243000,set0,flang-openmp,mimalloc,1
newdxx_g,BaTiO3_nat005,64000,27609,64,1,15.214000,set0,flang-openmp,mimalloc,1
newdxx_g,BaTiO3_nat005,64000,27609,64,2,15.305000,set0,flang-openmp,mimalloc,1
newdxx_g,BaTiO3_nat005,64000,27609,64,3,19.651000,set0,flang-openmp,mimalloc,1
newdxx_g,BaTiO3_nat005,64000,27609,64,4,15.662000,set0,flang-openmp,mimalloc,1
newdxx_g,BaTiO3_nat005,64000,27609,64,5,15.150000,set0,flang-openmp,mimalloc,1
newdxx_g,BaTiO3_nat005,64000,27609,64,6,15.758000,set0,flang-openmp,mimalloc,1
newdxx_g,BaTiO3_nat005,64000,27609,64,7,15.073000,set0,flang-openmp,mimalloc,1
newdxx_g,BaTiO3_nat005,64000,27609,64,8,15.361000,set0,flang-openmp,mimalloc,1
newdxx_g,BaTiO3_nat005,64000,27609,64,9,15.434000,set0,flang-openmp,mimalloc,1
newdxx_g,BaTiO3_nat005,64000,27609,64,10,15.411000,set0,flang-openmp,mimalloc,1
newdxx_g,BaTiO3_nat005,64000,27609,64,11,15.594000,set0,flang-openmp,mimalloc,1
newdxx_g,BaTiO3_nat005,64000,27609,64,12,15.422000,set0,flang-openmp,mimalloc,1
newdxx_g,BaTiO3_nat005,64000,27609,64,13,15.580000,set0,flang-openmp,mimalloc,1
newdxx_g,BaTiO3_nat005,64000,27609,64,14,15.400000,set0,flang-openmp,mimalloc,1
newdxx_g,BaTiO3_nat005,64000,27609,64,15,15.764000,set0,flang-openmp,mimalloc,1
newdxx_g,BaTiO3_nat005,64000,27609,64,16,15.268000,set0,flang-openmp,mimalloc,1
newdxx_g,BaTiO3_nat005,64000,27609,64,17,15.161000,set0,flang-openmp,mimalloc,1
newdxx_g,BaTiO3_nat005,64000,27609,64,18,15.111000,set0,flang-openmp,mimalloc,1
newdxx_g,BaTiO3_nat005,64000,27609,64,19,15.554000,set0,flang-openmp,mimalloc,1
newdxx_g,BaTiO3_nat005,64000,27609,72,0,15.642000,set0,flang-openmp,mimalloc,1
newdxx_g,BaTiO3_nat005,64000,27609,72,1,15.956000,set0,flang-openmp,mimalloc,1
newdxx_g,BaTiO3_nat005,64000,27609,72,2,15.376000,set0,flang-openmp,mimalloc,1
newdxx_g,BaTiO3_nat005,64000,27609,72,3,15.505000,set0,flang-openmp,mimalloc,1
newdxx_g,BaTiO3_nat005,64000,27609,72,4,15.618000,set0,flang-openmp,mimalloc,1
newdxx_g,BaTiO3_nat005,64000,27609,72,5,15.760000,set0,flang-openmp,mimalloc,1
newdxx_g,BaTiO3_nat005,64000,27609,72,6,15.578000,set0,flang-openmp,mimalloc,1
newdxx_g,BaTiO3_nat005,64000,27609,72,7,15.392000,set0,flang-openmp,mimalloc,1
newdxx_g,BaTiO3_nat005,64000,27609,72,8,15.094000,set0,flang-openmp,mimalloc,1
newdxx_g,BaTiO3_nat005,64000,27609,72,9,15.612000,set0,flang-openmp,mimalloc,1
newdxx_g,BaTiO3_nat005,64000,27609,72,10,14.970000,set0,flang-openmp,mimalloc,1
newdxx_g,BaTiO3_nat005,64000,27609,72,11,15.322000,set0,flang-openmp,mimalloc,1
newdxx_g,BaTiO3_nat005,64000,27609,72,12,19.492000,set0,flang-openmp,mimalloc,1
newdxx_g,BaTiO3_nat005,64000,27609,72,13,15.153000,set0,flang-openmp,mimalloc,1
newdxx_g,BaTiO3_nat005,64000,27609,72,14,15.112000,set0,flang-openmp,mimalloc,1
newdxx_g,BaTiO3_nat005,64000,27609,72,15,15.188000,set0,flang-openmp,mimalloc,1
newdxx_g,BaTiO3_nat005,64000,27609,72,16,15.074000,set0,flang-openmp,mimalloc,1
newdxx_g,BaTiO3_nat005,64000,27609,72,17,15.362000,set0,flang-openmp,mimalloc,1
newdxx_g,BaTiO3_nat005,64000,27609,72,18,15.276000,set0,flang-openmp,mimalloc,1
newdxx_g,BaTiO3_nat005,64000,27609,72,19,15.408000,set0,flang-openmp,mimalloc,1
newdxx_g,BaTiO3_nat005,64000,27609,1,0,1749.966000,set0_rep64,flang-openmp,mimalloc,64
newdxx_g,BaTiO3_nat005,64000,27609,1,1,1732.572000,set0_rep64,flang-openmp,mimalloc,64
newdxx_g,BaTiO3_nat005,64000,27609,1,2,1748.905000,set0_rep64,flang-openmp,mimalloc,64
newdxx_g,BaTiO3_nat005,64000,27609,1,3,1740.129000,set0_rep64,flang-openmp,mimalloc,64
newdxx_g,BaTiO3_nat005,64000,27609,1,4,1738.924000,set0_rep64,flang-openmp,mimalloc,64
newdxx_g,BaTiO3_nat005,64000,27609,1,5,1752.001000,set0_rep64,flang-openmp,mimalloc,64
newdxx_g,BaTiO3_nat005,64000,27609,1,6,1725.691000,set0_rep64,flang-openmp,mimalloc,64
newdxx_g,BaTiO3_nat005,64000,27609,1,7,1726.915000,set0_rep64,flang-openmp,mimalloc,64
newdxx_g,BaTiO3_nat005,64000,27609,1,8,1733.334000,set0_rep64,flang-openmp,mimalloc,64
newdxx_g,BaTiO3_nat005,64000,27609,1,9,1724.168000,set0_rep64,flang-openmp,mimalloc,64
newdxx_g,BaTiO3_nat005,64000,27609,1,10,1725.000000,set0_rep64,flang-openmp,mimalloc,64
newdxx_g,BaTiO3_nat005,64000,27609,1,11,1724.668000,set0_rep64,flang-openmp,mimalloc,64
newdxx_g,BaTiO3_nat005,64000,27609,1,12,1722.045000,set0_rep64,flang-openmp,mimalloc,64
newdxx_g,BaTiO3_nat005,64000,27609,1,13,1737.586000,set0_rep64,flang-openmp,mimalloc,64
newdxx_g,BaTiO3_nat005,64000,27609,1,14,1735.972000,set0_rep64,flang-openmp,mimalloc,64
newdxx_g,BaTiO3_nat005,64000,27609,1,15,1740.899000,set0_rep64,flang-openmp,mimalloc,64
newdxx_g,BaTiO3_nat005,64000,27609,1,16,1726.521000,set0_rep64,flang-openmp,mimalloc,64
newdxx_g,BaTiO3_nat005,64000,27609,1,17,1726.806000,set0_rep64,flang-openmp,mimalloc,64
newdxx_g,BaTiO3_nat005,64000,27609,1,18,1735.381000,set0_rep64,flang-openmp,mimalloc,64
newdxx_g,BaTiO3_nat005,64000,27609,1,19,1727.896000,set0_rep64,flang-openmp,mimalloc,64
newdxx_g,BaTiO3_nat005,64000,27609,2,0,891.429000,set0_rep64,flang-openmp,mimalloc,64
newdxx_g,BaTiO3_nat005,64000,27609,2,1,885.765000,set0_rep64,flang-openmp,mimalloc,64
newdxx_g,BaTiO3_nat005,64000,27609,2,2,881.024000,set0_rep64,flang-openmp,mimalloc,64
newdxx_g,BaTiO3_nat005,64000,27609,2,3,888.742000,set0_rep64,flang-openmp,mimalloc,64
newdxx_g,BaTiO3_nat005,64000,27609,2,4,886.298000,set0_rep64,flang-openmp,mimalloc,64
newdxx_g,BaTiO3_nat005,64000,27609,2,5,892.198000,set0_rep64,flang-openmp,mimalloc,64
newdxx_g,BaTiO3_nat005,64000,27609,2,6,888.714000,set0_rep64,flang-openmp,mimalloc,64
newdxx_g,BaTiO3_nat005,64000,27609,2,7,875.137000,set0_rep64,flang-openmp,mimalloc,64
newdxx_g,BaTiO3_nat005,64000,27609,2,8,881.460000,set0_rep64,flang-openmp,mimalloc,64
newdxx_g,BaTiO3_nat005,64000,27609,2,9,877.423000,set0_rep64,flang-openmp,mimalloc,64
newdxx_g,BaTiO3_nat005,64000,27609,2,10,883.232000,set0_rep64,flang-openmp,mimalloc,64
newdxx_g,BaTiO3_nat005,64000,27609,2,11,875.541000,set0_rep64,flang-openmp,mimalloc,64
newdxx_g,BaTiO3_nat005,64000,27609,2,12,876.557000,set0_rep64,flang-openmp,mimalloc,64
newdxx_g,BaTiO3_nat005,64000,27609,2,13,877.819000,set0_rep64,flang-openmp,mimalloc,64
newdxx_g,BaTiO3_nat005,64000,27609,2,14,880.787000,set0_rep64,flang-openmp,mimalloc,64
newdxx_g,BaTiO3_nat005,64000,27609,2,15,879.654000,set0_rep64,flang-openmp,mimalloc,64
newdxx_g,BaTiO3_nat005,64000,27609,2,16,885.793000,set0_rep64,flang-openmp,mimalloc,64
newdxx_g,BaTiO3_nat005,64000,27609,2,17,874.402000,set0_rep64,flang-openmp,mimalloc,64
newdxx_g,BaTiO3_nat005,64000,27609,2,18,881.352000,set0_rep64,flang-openmp,mimalloc,64
newdxx_g,BaTiO3_nat005,64000,27609,2,19,875.606000,set0_rep64,flang-openmp,mimalloc,64
newdxx_g,BaTiO3_nat005,64000,27609,4,0,441.338000,set0_rep64,flang-openmp,mimalloc,64
newdxx_g,BaTiO3_nat005,64000,27609,4,1,446.191000,set0_rep64,flang-openmp,mimalloc,64
newdxx_g,BaTiO3_nat005,64000,27609,4,2,440.197000,set0_rep64,flang-openmp,mimalloc,64
newdxx_g,BaTiO3_nat005,64000,27609,4,3,439.590000,set0_rep64,flang-openmp,mimalloc,64
newdxx_g,BaTiO3_nat005,64000,27609,4,4,441.420000,set0_rep64,flang-openmp,mimalloc,64
newdxx_g,BaTiO3_nat005,64000,27609,4,5,439.748000,set0_rep64,flang-openmp,mimalloc,64
newdxx_g,BaTiO3_nat005,64000,27609,4,6,440.964000,set0_rep64,flang-openmp,mimalloc,64
newdxx_g,BaTiO3_nat005,64000,27609,4,7,445.482000,set0_rep64,flang-openmp,mimalloc,64
newdxx_g,BaTiO3_nat005,64000,27609,4,8,439.623000,set0_rep64,flang-openmp,mimalloc,64
newdxx_g,BaTiO3_nat005,64000,27609,4,9,441.187000,set0_rep64,flang-openmp,mimalloc,64
newdxx_g,BaTiO3_nat005,64000,27609,4,10,440.578000,set0_rep64,flang-openmp,mimalloc,64
newdxx_g,BaTiO3_nat005,64000,27609,4,11,446.988000,set0_rep64,flang-openmp,mimalloc,64
newdxx_g,BaTiO3_nat005,64000,27609,4,12,441.298000,set0_rep64,flang-openmp,mimalloc,64
newdxx_g,BaTiO3_nat005,64000,27609,4,13,442.677000,set0_rep64,flang-openmp,mimalloc,64
newdxx_g,BaTiO3_nat005,64000,27609,4,14,439.611000,set0_rep64,flang-openmp,mimalloc,64
newdxx_g,BaTiO3_nat005,64000,27609,4,15,439.955000,set0_rep64,flang-openmp,mimalloc,64
newdxx_g,BaTiO3_nat005,64000,27609,4,16,442.010000,set0_rep64,flang-openmp,mimalloc,64
newdxx_g,BaTiO3_nat005,64000,27609,4,17,441.745000,set0_rep64,flang-openmp,mimalloc,64
newdxx_g,BaTiO3_nat005,64000,27609,4,18,441.567000,set0_rep64,flang-openmp,mimalloc,64
newdxx_g,BaTiO3_nat005,64000,27609,4,19,440.796000,set0_rep64,flang-openmp,mimalloc,64
newdxx_g,BaTiO3_nat005,64000,27609,8,0,423.327000,set0_rep64,flang-openmp,mimalloc,64
newdxx_g,BaTiO3_nat005,64000,27609,8,1,419.958000,set0_rep64,flang-openmp,mimalloc,64
newdxx_g,BaTiO3_nat005,64000,27609,8,2,420.676000,set0_rep64,flang-openmp,mimalloc,64
newdxx_g,BaTiO3_nat005,64000,27609,8,3,429.147000,set0_rep64,flang-openmp,mimalloc,64
newdxx_g,BaTiO3_nat005,64000,27609,8,4,422.329000,set0_rep64,flang-openmp,mimalloc,64
newdxx_g,BaTiO3_nat005,64000,27609,8,5,420.227000,set0_rep64,flang-openmp,mimalloc,64
newdxx_g,BaTiO3_nat005,64000,27609,8,6,420.848000,set0_rep64,flang-openmp,mimalloc,64
newdxx_g,BaTiO3_nat005,64000,27609,8,7,424.057000,set0_rep64,flang-openmp,mimalloc,64
newdxx_g,BaTiO3_nat005,64000,27609,8,8,423.383000,set0_rep64,flang-openmp,mimalloc,64
newdxx_g,BaTiO3_nat005,64000,27609,8,9,434.285000,set0_rep64,flang-openmp,mimalloc,64
newdxx_g,BaTiO3_nat005,64000,27609,8,10,420.852000,set0_rep64,flang-openmp,mimalloc,64
newdxx_g,BaTiO3_nat005,64000,27609,8,11,420.484000,set0_rep64,flang-openmp,mimalloc,64
newdxx_g,BaTiO3_nat005,64000,27609,8,12,425.419000,set0_rep64,flang-openmp,mimalloc,64
newdxx_g,BaTiO3_nat005,64000,27609,8,13,423.801000,set0_rep64,flang-openmp,mimalloc,64
newdxx_g,BaTiO3_nat005,64000,27609,8,14,423.849000,set0_rep64,flang-openmp,mimalloc,64
newdxx_g,BaTiO3_nat005,64000,27609,8,15,419.080000,set0_rep64,flang-openmp,mimalloc,64
newdxx_g,BaTiO3_nat005,64000,27609,8,16,421.141000,set0_rep64,flang-openmp,mimalloc,64
newdxx_g,BaTiO3_nat005,64000,27609,8,17,427.455000,set0_rep64,flang-openmp,mimalloc,64
newdxx_g,BaTiO3_nat005,64000,27609,8,18,420.878000,set0_rep64,flang-openmp,mimalloc,64
newdxx_g,BaTiO3_nat005,64000,27609,8,19,423.828000,set0_rep64,flang-openmp,mimalloc,64
newdxx_g,BaTiO3_nat005,64000,27609,16,0,113.972000,set0_rep64,flang-openmp,mimalloc,64
newdxx_g,BaTiO3_nat005,64000,27609,16,1,112.558000,set0_rep64,flang-openmp,mimalloc,64
newdxx_g,BaTiO3_nat005,64000,27609,16,2,114.033000,set0_rep64,flang-openmp,mimalloc,64
newdxx_g,BaTiO3_nat005,64000,27609,16,3,114.040000,set0_rep64,flang-openmp,mimalloc,64
newdxx_g,BaTiO3_nat005,64000,27609,16,4,116.437000,set0_rep64,flang-openmp,mimalloc,64
newdxx_g,BaTiO3_nat005,64000,27609,16,5,116.946000,set0_rep64,flang-openmp,mimalloc,64
newdxx_g,BaTiO3_nat005,64000,27609,16,6,112.275000,set0_rep64,flang-openmp,mimalloc,64
newdxx_g,BaTiO3_nat005,64000,27609,16,7,113.521000,set0_rep64,flang-openmp,mimalloc,64
newdxx_g,BaTiO3_nat005,64000,27609,16,8,113.590000,set0_rep64,flang-openmp,mimalloc,64
newdxx_g,BaTiO3_nat005,64000,27609,16,9,113.977000,set0_rep64,flang-openmp,mimalloc,64
newdxx_g,BaTiO3_nat005,64000,27609,16,10,116.303000,set0_rep64,flang-openmp,mimalloc,64
newdxx_g,BaTiO3_nat005,64000,27609,16,11,113.719000,set0_rep64,flang-openmp,mimalloc,64
newdxx_g,BaTiO3_nat005,64000,27609,16,12,113.802000,set0_rep64,flang-openmp,mimalloc,64
newdxx_g,BaTiO3_nat005,64000,27609,16,13,113.847000,set0_rep64,flang-openmp,mimalloc,64
newdxx_g,BaTiO3_nat005,64000,27609,16,14,113.592000,set0_rep64,flang-openmp,mimalloc,64
newdxx_g,BaTiO3_nat005,64000,27609,16,15,113.857000,set0_rep64,flang-openmp,mimalloc,64
newdxx_g,BaTiO3_nat005,64000,27609,16,16,113.228000,set0_rep64,flang-openmp,mimalloc,64
newdxx_g,BaTiO3_nat005,64000,27609,16,17,113.789000,set0_rep64,flang-openmp,mimalloc,64
newdxx_g,BaTiO3_nat005,64000,27609,16,18,114.026000,set0_rep64,flang-openmp,mimalloc,64
newdxx_g,BaTiO3_nat005,64000,27609,16,19,113.720000,set0_rep64,flang-openmp,mimalloc,64
newdxx_g,BaTiO3_nat005,64000,27609,32,0,111.714000,set0_rep64,flang-openmp,mimalloc,64
newdxx_g,BaTiO3_nat005,64000,27609,32,1,110.868000,set0_rep64,flang-openmp,mimalloc,64
newdxx_g,BaTiO3_nat005,64000,27609,32,2,111.892000,set0_rep64,flang-openmp,mimalloc,64
newdxx_g,BaTiO3_nat005,64000,27609,32,3,111.295000,set0_rep64,flang-openmp,mimalloc,64
newdxx_g,BaTiO3_nat005,64000,27609,32,4,110.807000,set0_rep64,flang-openmp,mimalloc,64
newdxx_g,BaTiO3_nat005,64000,27609,32,5,110.785000,set0_rep64,flang-openmp,mimalloc,64
newdxx_g,BaTiO3_nat005,64000,27609,32,6,115.297000,set0_rep64,flang-openmp,mimalloc,64
newdxx_g,BaTiO3_nat005,64000,27609,32,7,112.365000,set0_rep64,flang-openmp,mimalloc,64
newdxx_g,BaTiO3_nat005,64000,27609,32,8,111.042000,set0_rep64,flang-openmp,mimalloc,64
newdxx_g,BaTiO3_nat005,64000,27609,32,9,111.907000,set0_rep64,flang-openmp,mimalloc,64
newdxx_g,BaTiO3_nat005,64000,27609,32,10,110.366000,set0_rep64,flang-openmp,mimalloc,64
newdxx_g,BaTiO3_nat005,64000,27609,32,11,111.390000,set0_rep64,flang-openmp,mimalloc,64
newdxx_g,BaTiO3_nat005,64000,27609,32,12,110.386000,set0_rep64,flang-openmp,mimalloc,64
newdxx_g,BaTiO3_nat005,64000,27609,32,13,110.815000,set0_rep64,flang-openmp,mimalloc,64
newdxx_g,BaTiO3_nat005,64000,27609,32,14,111.220000,set0_rep64,flang-openmp,mimalloc,64
newdxx_g,BaTiO3_nat005,64000,27609,32,15,111.372000,set0_rep64,flang-openmp,mimalloc,64
newdxx_g,BaTiO3_nat005,64000,27609,32,16,111.569000,set0_rep64,flang-openmp,mimalloc,64
newdxx_g,BaTiO3_nat005,64000,27609,32,17,110.901000,set0_rep64,flang-openmp,mimalloc,64
newdxx_g,BaTiO3_nat005,64000,27609,32,18,111.553000,set0_rep64,flang-openmp,mimalloc,64
newdxx_g,BaTiO3_nat005,64000,27609,32,19,118.231000,set0_rep64,flang-openmp,mimalloc,64
newdxx_g,BaTiO3_nat005,64000,27609,64,0,30.849000,set0_rep64,flang-openmp,mimalloc,64
newdxx_g,BaTiO3_nat005,64000,27609,64,1,33.573000,set0_rep64,flang-openmp,mimalloc,64
newdxx_g,BaTiO3_nat005,64000,27609,64,2,30.749000,set0_rep64,flang-openmp,mimalloc,64
newdxx_g,BaTiO3_nat005,64000,27609,64,3,30.684000,set0_rep64,flang-openmp,mimalloc,64
newdxx_g,BaTiO3_nat005,64000,27609,64,4,30.994000,set0_rep64,flang-openmp,mimalloc,64
newdxx_g,BaTiO3_nat005,64000,27609,64,5,31.022000,set0_rep64,flang-openmp,mimalloc,64
newdxx_g,BaTiO3_nat005,64000,27609,64,6,30.918000,set0_rep64,flang-openmp,mimalloc,64
newdxx_g,BaTiO3_nat005,64000,27609,64,7,30.398000,set0_rep64,flang-openmp,mimalloc,64
newdxx_g,BaTiO3_nat005,64000,27609,64,8,30.857000,set0_rep64,flang-openmp,mimalloc,64
newdxx_g,BaTiO3_nat005,64000,27609,64,9,30.787000,set0_rep64,flang-openmp,mimalloc,64
newdxx_g,BaTiO3_nat005,64000,27609,64,10,31.293000,set0_rep64,flang-openmp,mimalloc,64
newdxx_g,BaTiO3_nat005,64000,27609,64,11,30.742000,set0_rep64,flang-openmp,mimalloc,64
newdxx_g,BaTiO3_nat005,64000,27609,64,12,31.003000,set0_rep64,flang-openmp,mimalloc,64
newdxx_g,BaTiO3_nat005,64000,27609,64,13,30.992000,set0_rep64,flang-openmp,mimalloc,64
newdxx_g,BaTiO3_nat005,64000,27609,64,14,30.758000,set0_rep64,flang-openmp,mimalloc,64
newdxx_g,BaTiO3_nat005,64000,27609,64,15,30.457000,set0_rep64,flang-openmp,mimalloc,64
newdxx_g,BaTiO3_nat005,64000,27609,64,16,30.952000,set0_rep64,flang-openmp,mimalloc,64
newdxx_g,BaTiO3_nat005,64000,27609,64,17,30.880000,set0_rep64,flang-openmp,mimalloc,64
newdxx_g,BaTiO3_nat005,64000,27609,64,18,30.932000,set0_rep64,flang-openmp,mimalloc,64
newdxx_g,BaTiO3_nat005,64000,27609,64,19,30.531000,set0_rep64,flang-openmp,mimalloc,64
newdxx_g,BaTiO3_nat005,64000,27609,72,0,31.268000,set0_rep64,flang-openmp,mimalloc,64
newdxx_g,BaTiO3_nat005,64000,27609,72,1,31.063000,set0_rep64,flang-openmp,mimalloc,64
newdxx_g,BaTiO3_nat005,64000,27609,72,2,31.301000,set0_rep64,flang-openmp,mimalloc,64
newdxx_g,BaTiO3_nat005,64000,27609,72,3,31.405000,set0_rep64,flang-openmp,mimalloc,64
newdxx_g,BaTiO3_nat005,64000,27609,72,4,31.426000,set0_rep64,flang-openmp,mimalloc,64
newdxx_g,BaTiO3_nat005,64000,27609,72,5,31.210000,set0_rep64,flang-openmp,mimalloc,64
newdxx_g,BaTiO3_nat005,64000,27609,72,6,31.335000,set0_rep64,flang-openmp,mimalloc,64
newdxx_g,BaTiO3_nat005,64000,27609,72,7,31.582000,set0_rep64,flang-openmp,mimalloc,64
newdxx_g,BaTiO3_nat005,64000,27609,72,8,31.193000,set0_rep64,flang-openmp,mimalloc,64
newdxx_g,BaTiO3_nat005,64000,27609,72,9,31.186000,set0_rep64,flang-openmp,mimalloc,64
newdxx_g,BaTiO3_nat005,64000,27609,72,10,31.417000,set0_rep64,flang-openmp,mimalloc,64
newdxx_g,BaTiO3_nat005,64000,27609,72,11,31.433000,set0_rep64,flang-openmp,mimalloc,64
newdxx_g,BaTiO3_nat005,64000,27609,72,12,31.191000,set0_rep64,flang-openmp,mimalloc,64
newdxx_g,BaTiO3_nat005,64000,27609,72,13,31.629000,set0_rep64,flang-openmp,mimalloc,64
newdxx_g,BaTiO3_nat005,64000,27609,72,14,31.322000,set0_rep64,flang-openmp,mimalloc,64
newdxx_g,BaTiO3_nat005,64000,27609,72,15,31.518000,set0_rep64,flang-openmp,mimalloc,64
newdxx_g,BaTiO3_nat005,64000,27609,72,16,30.936000,set0_rep64,flang-openmp,mimalloc,64
newdxx_g,BaTiO3_nat005,64000,27609,72,17,31.117000,set0_rep64,flang-openmp,mimalloc,64
newdxx_g,BaTiO3_nat005,64000,27609,72,18,35.209000,set0_rep64,flang-openmp,mimalloc,64
newdxx_g,BaTiO3_nat005,64000,27609,72,19,32.976000,set0_rep64,flang-openmp,mimalloc,64
newdxx_g,BaTiO3_nat005,64000,27609,1,0,36.177000,set1,flang-openmp,mimalloc,1
newdxx_g,BaTiO3_nat005,64000,27609,1,1,35.827000,set1,flang-openmp,mimalloc,1
newdxx_g,BaTiO3_nat005,64000,27609,1,2,35.840000,set1,flang-openmp,mimalloc,1
newdxx_g,BaTiO3_nat005,64000,27609,1,3,36.317000,set1,flang-openmp,mimalloc,1
newdxx_g,BaTiO3_nat005,64000,27609,1,4,35.905000,set1,flang-openmp,mimalloc,1
newdxx_g,BaTiO3_nat005,64000,27609,1,5,35.781000,set1,flang-openmp,mimalloc,1
newdxx_g,BaTiO3_nat005,64000,27609,1,6,35.838000,set1,flang-openmp,mimalloc,1
newdxx_g,BaTiO3_nat005,64000,27609,1,7,35.919000,set1,flang-openmp,mimalloc,1
newdxx_g,BaTiO3_nat005,64000,27609,1,8,35.840000,set1,flang-openmp,mimalloc,1
newdxx_g,BaTiO3_nat005,64000,27609,1,9,35.850000,set1,flang-openmp,mimalloc,1
newdxx_g,BaTiO3_nat005,64000,27609,1,10,36.000000,set1,flang-openmp,mimalloc,1
newdxx_g,BaTiO3_nat005,64000,27609,1,11,35.931000,set1,flang-openmp,mimalloc,1
newdxx_g,BaTiO3_nat005,64000,27609,1,12,35.901000,set1,flang-openmp,mimalloc,1
newdxx_g,BaTiO3_nat005,64000,27609,1,13,36.152000,set1,flang-openmp,mimalloc,1
newdxx_g,BaTiO3_nat005,64000,27609,1,14,37.136000,set1,flang-openmp,mimalloc,1
newdxx_g,BaTiO3_nat005,64000,27609,1,15,35.976000,set1,flang-openmp,mimalloc,1
newdxx_g,BaTiO3_nat005,64000,27609,1,16,38.689000,set1,flang-openmp,mimalloc,1
newdxx_g,BaTiO3_nat005,64000,27609,1,17,37.388000,set1,flang-openmp,mimalloc,1
newdxx_g,BaTiO3_nat005,64000,27609,1,18,36.031000,set1,flang-openmp,mimalloc,1
newdxx_g,BaTiO3_nat005,64000,27609,1,19,36.046000,set1,flang-openmp,mimalloc,1
newdxx_g,BaTiO3_nat005,64000,27609,2,0,32.229000,set1,flang-openmp,mimalloc,1
newdxx_g,BaTiO3_nat005,64000,27609,2,1,32.243000,set1,flang-openmp,mimalloc,1
newdxx_g,BaTiO3_nat005,64000,27609,2,2,32.033000,set1,flang-openmp,mimalloc,1
newdxx_g,BaTiO3_nat005,64000,27609,2,3,31.830000,set1,flang-openmp,mimalloc,1
newdxx_g,BaTiO3_nat005,64000,27609,2,4,32.192000,set1,flang-openmp,mimalloc,1
newdxx_g,BaTiO3_nat005,64000,27609,2,5,31.836000,set1,flang-openmp,mimalloc,1
newdxx_g,BaTiO3_nat005,64000,27609,2,6,32.028000,set1,flang-openmp,mimalloc,1
newdxx_g,BaTiO3_nat005,64000,27609,2,7,31.941000,set1,flang-openmp,mimalloc,1
newdxx_g,BaTiO3_nat005,64000,27609,2,8,31.751000,set1,flang-openmp,mimalloc,1
newdxx_g,BaTiO3_nat005,64000,27609,2,9,31.674000,set1,flang-openmp,mimalloc,1
newdxx_g,BaTiO3_nat005,64000,27609,2,10,31.567000,set1,flang-openmp,mimalloc,1
newdxx_g,BaTiO3_nat005,64000,27609,2,11,31.792000,set1,flang-openmp,mimalloc,1
newdxx_g,BaTiO3_nat005,64000,27609,2,12,31.796000,set1,flang-openmp,mimalloc,1
newdxx_g,BaTiO3_nat005,64000,27609,2,13,31.616000,set1,flang-openmp,mimalloc,1
newdxx_g,BaTiO3_nat005,64000,27609,2,14,32.009000,set1,flang-openmp,mimalloc,1
newdxx_g,BaTiO3_nat005,64000,27609,2,15,31.625000,set1,flang-openmp,mimalloc,1
newdxx_g,BaTiO3_nat005,64000,27609,2,16,32.084000,set1,flang-openmp,mimalloc,1
newdxx_g,BaTiO3_nat005,64000,27609,2,17,32.551000,set1,flang-openmp,mimalloc,1
newdxx_g,BaTiO3_nat005,64000,27609,2,18,32.088000,set1,flang-openmp,mimalloc,1
newdxx_g,BaTiO3_nat005,64000,27609,2,19,31.736000,set1,flang-openmp,mimalloc,1
newdxx_g,BaTiO3_nat005,64000,27609,4,0,29.591000,set1,flang-openmp,mimalloc,1
newdxx_g,BaTiO3_nat005,64000,27609,4,1,29.287000,set1,flang-openmp,mimalloc,1
newdxx_g,BaTiO3_nat005,64000,27609,4,2,29.227000,set1,flang-openmp,mimalloc,1
newdxx_g,BaTiO3_nat005,64000,27609,4,3,33.088000,set1,flang-openmp,mimalloc,1
newdxx_g,BaTiO3_nat005,64000,27609,4,4,30.657000,set1,flang-openmp,mimalloc,1
newdxx_g,BaTiO3_nat005,64000,27609,4,5,30.976000,set1,flang-openmp,mimalloc,1
newdxx_g,BaTiO3_nat005,64000,27609,4,6,32.463000,set1,flang-openmp,mimalloc,1
newdxx_g,BaTiO3_nat005,64000,27609,4,7,31.568000,set1,flang-openmp,mimalloc,1
newdxx_g,BaTiO3_nat005,64000,27609,4,8,29.382000,set1,flang-openmp,mimalloc,1
newdxx_g,BaTiO3_nat005,64000,27609,4,9,29.641000,set1,flang-openmp,mimalloc,1
newdxx_g,BaTiO3_nat005,64000,27609,4,10,29.546000,set1,flang-openmp,mimalloc,1
newdxx_g,BaTiO3_nat005,64000,27609,4,11,29.464000,set1,flang-openmp,mimalloc,1
newdxx_g,BaTiO3_nat005,64000,27609,4,12,29.154000,set1,flang-openmp,mimalloc,1
newdxx_g,BaTiO3_nat005,64000,27609,4,13,29.644000,set1,flang-openmp,mimalloc,1
newdxx_g,BaTiO3_nat005,64000,27609,4,14,29.274000,set1,flang-openmp,mimalloc,1
newdxx_g,BaTiO3_nat005,64000,27609,4,15,28.997000,set1,flang-openmp,mimalloc,1
newdxx_g,BaTiO3_nat005,64000,27609,4,16,29.759000,set1,flang-openmp,mimalloc,1
newdxx_g,BaTiO3_nat005,64000,27609,4,17,29.431000,set1,flang-openmp,mimalloc,1
newdxx_g,BaTiO3_nat005,64000,27609,4,18,32.200000,set1,flang-openmp,mimalloc,1
newdxx_g,BaTiO3_nat005,64000,27609,4,19,32.138000,set1,flang-openmp,mimalloc,1
newdxx_g,BaTiO3_nat005,64000,27609,8,0,25.291000,set1,flang-openmp,mimalloc,1
newdxx_g,BaTiO3_nat005,64000,27609,8,1,25.364000,set1,flang-openmp,mimalloc,1
newdxx_g,BaTiO3_nat005,64000,27609,8,2,25.307000,set1,flang-openmp,mimalloc,1
newdxx_g,BaTiO3_nat005,64000,27609,8,3,25.291000,set1,flang-openmp,mimalloc,1
newdxx_g,BaTiO3_nat005,64000,27609,8,4,25.815000,set1,flang-openmp,mimalloc,1
newdxx_g,BaTiO3_nat005,64000,27609,8,5,25.156000,set1,flang-openmp,mimalloc,1
newdxx_g,BaTiO3_nat005,64000,27609,8,6,25.473000,set1,flang-openmp,mimalloc,1
newdxx_g,BaTiO3_nat005,64000,27609,8,7,25.247000,set1,flang-openmp,mimalloc,1
newdxx_g,BaTiO3_nat005,64000,27609,8,8,24.764000,set1,flang-openmp,mimalloc,1
newdxx_g,BaTiO3_nat005,64000,27609,8,9,25.084000,set1,flang-openmp,mimalloc,1
newdxx_g,BaTiO3_nat005,64000,27609,8,10,24.764000,set1,flang-openmp,mimalloc,1
newdxx_g,BaTiO3_nat005,64000,27609,8,11,25.990000,set1,flang-openmp,mimalloc,1
newdxx_g,BaTiO3_nat005,64000,27609,8,12,25.101000,set1,flang-openmp,mimalloc,1
newdxx_g,BaTiO3_nat005,64000,27609,8,13,24.960000,set1,flang-openmp,mimalloc,1
newdxx_g,BaTiO3_nat005,64000,27609,8,14,25.017000,set1,flang-openmp,mimalloc,1
newdxx_g,BaTiO3_nat005,64000,27609,8,15,25.063000,set1,flang-openmp,mimalloc,1
newdxx_g,BaTiO3_nat005,64000,27609,8,16,25.029000,set1,flang-openmp,mimalloc,1
newdxx_g,BaTiO3_nat005,64000,27609,8,17,25.016000,set1,flang-openmp,mimalloc,1
newdxx_g,BaTiO3_nat005,64000,27609,8,18,25.340000,set1,flang-openmp,mimalloc,1
newdxx_g,BaTiO3_nat005,64000,27609,8,19,26.176000,set1,flang-openmp,mimalloc,1
newdxx_g,BaTiO3_nat005,64000,27609,16,0,15.612000,set1,flang-openmp,mimalloc,1
newdxx_g,BaTiO3_nat005,64000,27609,16,1,15.408000,set1,flang-openmp,mimalloc,1
newdxx_g,BaTiO3_nat005,64000,27609,16,2,15.368000,set1,flang-openmp,mimalloc,1
newdxx_g,BaTiO3_nat005,64000,27609,16,3,15.456000,set1,flang-openmp,mimalloc,1
newdxx_g,BaTiO3_nat005,64000,27609,16,4,15.309000,set1,flang-openmp,mimalloc,1
newdxx_g,BaTiO3_nat005,64000,27609,16,5,15.429000,set1,flang-openmp,mimalloc,1
newdxx_g,BaTiO3_nat005,64000,27609,16,6,14.989000,set1,flang-openmp,mimalloc,1
newdxx_g,BaTiO3_nat005,64000,27609,16,7,15.000000,set1,flang-openmp,mimalloc,1
newdxx_g,BaTiO3_nat005,64000,27609,16,8,15.291000,set1,flang-openmp,mimalloc,1
newdxx_g,BaTiO3_nat005,64000,27609,16,9,15.194000,set1,flang-openmp,mimalloc,1
newdxx_g,BaTiO3_nat005,64000,27609,16,10,15.192000,set1,flang-openmp,mimalloc,1
newdxx_g,BaTiO3_nat005,64000,27609,16,11,14.782000,set1,flang-openmp,mimalloc,1
newdxx_g,BaTiO3_nat005,64000,27609,16,12,15.161000,set1,flang-openmp,mimalloc,1
newdxx_g,BaTiO3_nat005,64000,27609,16,13,15.047000,set1,flang-openmp,mimalloc,1
newdxx_g,BaTiO3_nat005,64000,27609,16,14,15.205000,set1,flang-openmp,mimalloc,1
newdxx_g,BaTiO3_nat005,64000,27609,16,15,15.220000,set1,flang-openmp,mimalloc,1
newdxx_g,BaTiO3_nat005,64000,27609,16,16,15.244000,set1,flang-openmp,mimalloc,1
newdxx_g,BaTiO3_nat005,64000,27609,16,17,14.907000,set1,flang-openmp,mimalloc,1
newdxx_g,BaTiO3_nat005,64000,27609,16,18,14.983000,set1,flang-openmp,mimalloc,1
newdxx_g,BaTiO3_nat005,64000,27609,16,19,14.975000,set1,flang-openmp,mimalloc,1
newdxx_g,BaTiO3_nat005,64000,27609,32,0,27.224000,set1,flang-openmp,mimalloc,1
newdxx_g,BaTiO3_nat005,64000,27609,32,1,29.407000,set1,flang-openmp,mimalloc,1
newdxx_g,BaTiO3_nat005,64000,27609,32,2,25.452000,set1,flang-openmp,mimalloc,1
newdxx_g,BaTiO3_nat005,64000,27609,32,3,25.471000,set1,flang-openmp,mimalloc,1
newdxx_g,BaTiO3_nat005,64000,27609,32,4,25.674000,set1,flang-openmp,mimalloc,1
newdxx_g,BaTiO3_nat005,64000,27609,32,5,25.296000,set1,flang-openmp,mimalloc,1
newdxx_g,BaTiO3_nat005,64000,27609,32,6,25.311000,set1,flang-openmp,mimalloc,1
newdxx_g,BaTiO3_nat005,64000,27609,32,7,25.656000,set1,flang-openmp,mimalloc,1
newdxx_g,BaTiO3_nat005,64000,27609,32,8,25.367000,set1,flang-openmp,mimalloc,1
newdxx_g,BaTiO3_nat005,64000,27609,32,9,25.707000,set1,flang-openmp,mimalloc,1
newdxx_g,BaTiO3_nat005,64000,27609,32,10,25.448000,set1,flang-openmp,mimalloc,1
newdxx_g,BaTiO3_nat005,64000,27609,32,11,25.363000,set1,flang-openmp,mimalloc,1
newdxx_g,BaTiO3_nat005,64000,27609,32,12,25.333000,set1,flang-openmp,mimalloc,1
newdxx_g,BaTiO3_nat005,64000,27609,32,13,25.467000,set1,flang-openmp,mimalloc,1
newdxx_g,BaTiO3_nat005,64000,27609,32,14,25.253000,set1,flang-openmp,mimalloc,1
newdxx_g,BaTiO3_nat005,64000,27609,32,15,25.498000,set1,flang-openmp,mimalloc,1
newdxx_g,BaTiO3_nat005,64000,27609,32,16,25.395000,set1,flang-openmp,mimalloc,1
newdxx_g,BaTiO3_nat005,64000,27609,32,17,25.234000,set1,flang-openmp,mimalloc,1
newdxx_g,BaTiO3_nat005,64000,27609,32,18,25.575000,set1,flang-openmp,mimalloc,1
newdxx_g,BaTiO3_nat005,64000,27609,32,19,25.568000,set1,flang-openmp,mimalloc,1
newdxx_g,BaTiO3_nat005,64000,27609,64,0,15.199000,set1,flang-openmp,mimalloc,1
newdxx_g,BaTiO3_nat005,64000,27609,64,1,15.514000,set1,flang-openmp,mimalloc,1
newdxx_g,BaTiO3_nat005,64000,27609,64,2,15.411000,set1,flang-openmp,mimalloc,1
newdxx_g,BaTiO3_nat005,64000,27609,64,3,15.217000,set1,flang-openmp,mimalloc,1
newdxx_g,BaTiO3_nat005,64000,27609,64,4,15.161000,set1,flang-openmp,mimalloc,1
newdxx_g,BaTiO3_nat005,64000,27609,64,5,16.055000,set1,flang-openmp,mimalloc,1
newdxx_g,BaTiO3_nat005,64000,27609,64,6,16.170000,set1,flang-openmp,mimalloc,1
newdxx_g,BaTiO3_nat005,64000,27609,64,7,18.462000,set1,flang-openmp,mimalloc,1
newdxx_g,BaTiO3_nat005,64000,27609,64,8,14.989000,set1,flang-openmp,mimalloc,1
newdxx_g,BaTiO3_nat005,64000,27609,64,9,15.018000,set1,flang-openmp,mimalloc,1
newdxx_g,BaTiO3_nat005,64000,27609,64,10,15.465000,set1,flang-openmp,mimalloc,1
newdxx_g,BaTiO3_nat005,64000,27609,64,11,15.345000,set1,flang-openmp,mimalloc,1
newdxx_g,BaTiO3_nat005,64000,27609,64,12,15.474000,set1,flang-openmp,mimalloc,1
newdxx_g,BaTiO3_nat005,64000,27609,64,13,17.083000,set1,flang-openmp,mimalloc,1
newdxx_g,BaTiO3_nat005,64000,27609,64,14,15.789000,set1,flang-openmp,mimalloc,1
newdxx_g,BaTiO3_nat005,64000,27609,64,15,15.464000,set1,flang-openmp,mimalloc,1
newdxx_g,BaTiO3_nat005,64000,27609,64,16,15.500000,set1,flang-openmp,mimalloc,1
newdxx_g,BaTiO3_nat005,64000,27609,64,17,15.420000,set1,flang-openmp,mimalloc,1
newdxx_g,BaTiO3_nat005,64000,27609,64,18,15.501000,set1,flang-openmp,mimalloc,1
newdxx_g,BaTiO3_nat005,64000,27609,64,19,15.416000,set1,flang-openmp,mimalloc,1
newdxx_g,BaTiO3_nat005,64000,27609,72,0,15.473000,set1,flang-openmp,mimalloc,1
newdxx_g,BaTiO3_nat005,64000,27609,72,1,15.511000,set1,flang-openmp,mimalloc,1
newdxx_g,BaTiO3_nat005,64000,27609,72,2,18.647000,set1,flang-openmp,mimalloc,1
newdxx_g,BaTiO3_nat005,64000,27609,72,3,15.432000,set1,flang-openmp,mimalloc,1
newdxx_g,BaTiO3_nat005,64000,27609,72,4,15.540000,set1,flang-openmp,mimalloc,1
newdxx_g,BaTiO3_nat005,64000,27609,72,5,15.636000,set1,flang-openmp,mimalloc,1
newdxx_g,BaTiO3_nat005,64000,27609,72,6,14.753000,set1,flang-openmp,mimalloc,1
newdxx_g,BaTiO3_nat005,64000,27609,72,7,15.805000,set1,flang-openmp,mimalloc,1
newdxx_g,BaTiO3_nat005,64000,27609,72,8,15.803000,set1,flang-openmp,mimalloc,1
newdxx_g,BaTiO3_nat005,64000,27609,72,9,15.732000,set1,flang-openmp,mimalloc,1
newdxx_g,BaTiO3_nat005,64000,27609,72,10,15.508000,set1,flang-openmp,mimalloc,1
newdxx_g,BaTiO3_nat005,64000,27609,72,11,15.753000,set1,flang-openmp,mimalloc,1
newdxx_g,BaTiO3_nat005,64000,27609,72,12,15.842000,set1,flang-openmp,mimalloc,1
newdxx_g,BaTiO3_nat005,64000,27609,72,13,15.913000,set1,flang-openmp,mimalloc,1
newdxx_g,BaTiO3_nat005,64000,27609,72,14,14.978000,set1,flang-openmp,mimalloc,1
newdxx_g,BaTiO3_nat005,64000,27609,72,15,15.440000,set1,flang-openmp,mimalloc,1
newdxx_g,BaTiO3_nat005,64000,27609,72,16,15.227000,set1,flang-openmp,mimalloc,1
newdxx_g,BaTiO3_nat005,64000,27609,72,17,15.368000,set1,flang-openmp,mimalloc,1
newdxx_g,BaTiO3_nat005,64000,27609,72,18,15.432000,set1,flang-openmp,mimalloc,1
newdxx_g,BaTiO3_nat005,64000,27609,72,19,15.114000,set1,flang-openmp,mimalloc,1
newdxx_g,BaTiO3_nat005,64000,27609,1,0,1732.633000,set1_rep64,flang-openmp,mimalloc,64
newdxx_g,BaTiO3_nat005,64000,27609,1,1,1744.335000,set1_rep64,flang-openmp,mimalloc,64
newdxx_g,BaTiO3_nat005,64000,27609,1,2,1749.661000,set1_rep64,flang-openmp,mimalloc,64
newdxx_g,BaTiO3_nat005,64000,27609,1,3,1757.200000,set1_rep64,flang-openmp,mimalloc,64
newdxx_g,BaTiO3_nat005,64000,27609,1,4,1737.756000,set1_rep64,flang-openmp,mimalloc,64
newdxx_g,BaTiO3_nat005,64000,27609,1,5,1736.965000,set1_rep64,flang-openmp,mimalloc,64
newdxx_g,BaTiO3_nat005,64000,27609,1,6,1717.548000,set1_rep64,flang-openmp,mimalloc,64
newdxx_g,BaTiO3_nat005,64000,27609,1,7,1718.435000,set1_rep64,flang-openmp,mimalloc,64
newdxx_g,BaTiO3_nat005,64000,27609,1,8,1726.377000,set1_rep64,flang-openmp,mimalloc,64
newdxx_g,BaTiO3_nat005,64000,27609,1,9,1718.925000,set1_rep64,flang-openmp,mimalloc,64
newdxx_g,BaTiO3_nat005,64000,27609,1,10,1720.457000,set1_rep64,flang-openmp,mimalloc,64
newdxx_g,BaTiO3_nat005,64000,27609,1,11,1725.487000,set1_rep64,flang-openmp,mimalloc,64
newdxx_g,BaTiO3_nat005,64000,27609,1,12,1720.468000,set1_rep64,flang-openmp,mimalloc,64
newdxx_g,BaTiO3_nat005,64000,27609,1,13,1721.085000,set1_rep64,flang-openmp,mimalloc,64
newdxx_g,BaTiO3_nat005,64000,27609,1,14,1734.523000,set1_rep64,flang-openmp,mimalloc,64
newdxx_g,BaTiO3_nat005,64000,27609,1,15,1720.468000,set1_rep64,flang-openmp,mimalloc,64
newdxx_g,BaTiO3_nat005,64000,27609,1,16,1727.916000,set1_rep64,flang-openmp,mimalloc,64
newdxx_g,BaTiO3_nat005,64000,27609,1,17,1722.834000,set1_rep64,flang-openmp,mimalloc,64
newdxx_g,BaTiO3_nat005,64000,27609,1,18,1717.902000,set1_rep64,flang-openmp,mimalloc,64
newdxx_g,BaTiO3_nat005,64000,27609,1,19,1733.350000,set1_rep64,flang-openmp,mimalloc,64
newdxx_g,BaTiO3_nat005,64000,27609,2,0,875.144000,set1_rep64,flang-openmp,mimalloc,64
newdxx_g,BaTiO3_nat005,64000,27609,2,1,877.461000,set1_rep64,flang-openmp,mimalloc,64
newdxx_g,BaTiO3_nat005,64000,27609,2,2,879.740000,set1_rep64,flang-openmp,mimalloc,64
newdxx_g,BaTiO3_nat005,64000,27609,2,3,876.415000,set1_rep64,flang-openmp,mimalloc,64
newdxx_g,BaTiO3_nat005,64000,27609,2,4,878.697000,set1_rep64,flang-openmp,mimalloc,64
newdxx_g,BaTiO3_nat005,64000,27609,2,5,873.090000,set1_rep64,flang-openmp,mimalloc,64
newdxx_g,BaTiO3_nat005,64000,27609,2,6,884.574000,set1_rep64,flang-openmp,mimalloc,64
newdxx_g,BaTiO3_nat005,64000,27609,2,7,872.027000,set1_rep64,flang-openmp,mimalloc,64
newdxx_g,BaTiO3_nat005,64000,27609,2,8,874.497000,set1_rep64,flang-openmp,mimalloc,64
newdxx_g,BaTiO3_nat005,64000,27609,2,9,879.252000,set1_rep64,flang-openmp,mimalloc,64
newdxx_g,BaTiO3_nat005,64000,27609,2,10,873.970000,set1_rep64,flang-openmp,mimalloc,64
newdxx_g,BaTiO3_nat005,64000,27609,2,11,877.564000,set1_rep64,flang-openmp,mimalloc,64
newdxx_g,BaTiO3_nat005,64000,27609,2,12,881.641000,set1_rep64,flang-openmp,mimalloc,64
newdxx_g,BaTiO3_nat005,64000,27609,2,13,876.121000,set1_rep64,flang-openmp,mimalloc,64
newdxx_g,BaTiO3_nat005,64000,27609,2,14,877.349000,set1_rep64,flang-openmp,mimalloc,64
newdxx_g,BaTiO3_nat005,64000,27609,2,15,876.983000,set1_rep64,flang-openmp,mimalloc,64
newdxx_g,BaTiO3_nat005,64000,27609,2,16,879.024000,set1_rep64,flang-openmp,mimalloc,64
newdxx_g,BaTiO3_nat005,64000,27609,2,17,870.000000,set1_rep64,flang-openmp,mimalloc,64
newdxx_g,BaTiO3_nat005,64000,27609,2,18,886.065000,set1_rep64,flang-openmp,mimalloc,64
newdxx_g,BaTiO3_nat005,64000,27609,2,19,877.578000,set1_rep64,flang-openmp,mimalloc,64
newdxx_g,BaTiO3_nat005,64000,27609,4,0,439.477000,set1_rep64,flang-openmp,mimalloc,64
newdxx_g,BaTiO3_nat005,64000,27609,4,1,439.910000,set1_rep64,flang-openmp,mimalloc,64
newdxx_g,BaTiO3_nat005,64000,27609,4,2,438.445000,set1_rep64,flang-openmp,mimalloc,64
newdxx_g,BaTiO3_nat005,64000,27609,4,3,444.869000,set1_rep64,flang-openmp,mimalloc,64
newdxx_g,BaTiO3_nat005,64000,27609,4,4,444.833000,set1_rep64,flang-openmp,mimalloc,64
newdxx_g,BaTiO3_nat005,64000,27609,4,5,439.647000,set1_rep64,flang-openmp,mimalloc,64
newdxx_g,BaTiO3_nat005,64000,27609,4,6,439.986000,set1_rep64,flang-openmp,mimalloc,64
newdxx_g,BaTiO3_nat005,64000,27609,4,7,438.992000,set1_rep64,flang-openmp,mimalloc,64
newdxx_g,BaTiO3_nat005,64000,27609,4,8,438.952000,set1_rep64,flang-openmp,mimalloc,64
newdxx_g,BaTiO3_nat005,64000,27609,4,9,438.055000,set1_rep64,flang-openmp,mimalloc,64
newdxx_g,BaTiO3_nat005,64000,27609,4,10,438.539000,set1_rep64,flang-openmp,mimalloc,64
newdxx_g,BaTiO3_nat005,64000,27609,4,11,439.428000,set1_rep64,flang-openmp,mimalloc,64
newdxx_g,BaTiO3_nat005,64000,27609,4,12,438.927000,set1_rep64,flang-openmp,mimalloc,64
newdxx_g,BaTiO3_nat005,64000,27609,4,13,440.513000,set1_rep64,flang-openmp,mimalloc,64
newdxx_g,BaTiO3_nat005,64000,27609,4,14,440.657000,set1_rep64,flang-openmp,mimalloc,64
newdxx_g,BaTiO3_nat005,64000,27609,4,15,441.085000,set1_rep64,flang-openmp,mimalloc,64
newdxx_g,BaTiO3_nat005,64000,27609,4,16,438.140000,set1_rep64,flang-openmp,mimalloc,64
newdxx_g,BaTiO3_nat005,64000,27609,4,17,444.247000,set1_rep64,flang-openmp,mimalloc,64
newdxx_g,BaTiO3_nat005,64000,27609,4,18,440.077000,set1_rep64,flang-openmp,mimalloc,64
newdxx_g,BaTiO3_nat005,64000,27609,4,19,439.339000,set1_rep64,flang-openmp,mimalloc,64
newdxx_g,BaTiO3_nat005,64000,27609,8,0,419.068000,set1_rep64,flang-openmp,mimalloc,64
newdxx_g,BaTiO3_nat005,64000,27609,8,1,426.308000,set1_rep64,flang-openmp,mimalloc,64
newdxx_g,BaTiO3_nat005,64000,27609,8,2,419.008000,set1_rep64,flang-openmp,mimalloc,64
newdxx_g,BaTiO3_nat005,64000,27609,8,3,423.047000,set1_rep64,flang-openmp,mimalloc,64
newdxx_g,BaTiO3_nat005,64000,27609,8,4,419.955000,set1_rep64,flang-openmp,mimalloc,64
newdxx_g,BaTiO3_nat005,64000,27609,8,5,417.561000,set1_rep64,flang-openmp,mimalloc,64
newdxx_g,BaTiO3_nat005,64000,27609,8,6,421.329000,set1_rep64,flang-openmp,mimalloc,64
newdxx_g,BaTiO3_nat005,64000,27609,8,7,421.767000,set1_rep64,flang-openmp,mimalloc,64
newdxx_g,BaTiO3_nat005,64000,27609,8,8,420.750000,set1_rep64,flang-openmp,mimalloc,64
newdxx_g,BaTiO3_nat005,64000,27609,8,9,418.296000,set1_rep64,flang-openmp,mimalloc,64
newdxx_g,BaTiO3_nat005,64000,27609,8,10,426.071000,set1_rep64,flang-openmp,mimalloc,64
newdxx_g,BaTiO3_nat005,64000,27609,8,11,430.471000,set1_rep64,flang-openmp,mimalloc,64
newdxx_g,BaTiO3_nat005,64000,27609,8,12,418.118000,set1_rep64,flang-openmp,mimalloc,64
newdxx_g,BaTiO3_nat005,64000,27609,8,13,418.293000,set1_rep64,flang-openmp,mimalloc,64
newdxx_g,BaTiO3_nat005,64000,27609,8,14,422.920000,set1_rep64,flang-openmp,mimalloc,64
newdxx_g,BaTiO3_nat005,64000,27609,8,15,420.713000,set1_rep64,flang-openmp,mimalloc,64
newdxx_g,BaTiO3_nat005,64000,27609,8,16,419.870000,set1_rep64,flang-openmp,mimalloc,64
newdxx_g,BaTiO3_nat005,64000,27609,8,17,417.369000,set1_rep64,flang-openmp,mimalloc,64
newdxx_g,BaTiO3_nat005,64000,27609,8,18,424.682000,set1_rep64,flang-openmp,mimalloc,64
newdxx_g,BaTiO3_nat005,64000,27609,8,19,421.610000,set1_rep64,flang-openmp,mimalloc,64
newdxx_g,BaTiO3_nat005,64000,27609,16,0,112.191000,set1_rep64,flang-openmp,mimalloc,64
newdxx_g,BaTiO3_nat005,64000,27609,16,1,111.897000,set1_rep64,flang-openmp,mimalloc,64
newdxx_g,BaTiO3_nat005,64000,27609,16,2,117.109000,set1_rep64,flang-openmp,mimalloc,64
newdxx_g,BaTiO3_nat005,64000,27609,16,3,111.759000,set1_rep64,flang-openmp,mimalloc,64
newdxx_g,BaTiO3_nat005,64000,27609,16,4,112.045000,set1_rep64,flang-openmp,mimalloc,64
newdxx_g,BaTiO3_nat005,64000,27609,16,5,111.954000,set1_rep64,flang-openmp,mimalloc,64
newdxx_g,BaTiO3_nat005,64000,27609,16,6,112.016000,set1_rep64,flang-openmp,mimalloc,64
newdxx_g,BaTiO3_nat005,64000,27609,16,7,117.680000,set1_rep64,flang-openmp,mimalloc,64
newdxx_g,BaTiO3_nat005,64000,27609,16,8,111.882000,set1_rep64,flang-openmp,mimalloc,64
newdxx_g,BaTiO3_nat005,64000,27609,16,9,112.162000,set1_rep64,flang-openmp,mimalloc,64
newdxx_g,BaTiO3_nat005,64000,27609,16,10,112.740000,set1_rep64,flang-openmp,mimalloc,64
newdxx_g,BaTiO3_nat005,64000,27609,16,11,112.677000,set1_rep64,flang-openmp,mimalloc,64
newdxx_g,BaTiO3_nat005,64000,27609,16,12,111.987000,set1_rep64,flang-openmp,mimalloc,64
newdxx_g,BaTiO3_nat005,64000,27609,16,13,112.453000,set1_rep64,flang-openmp,mimalloc,64
newdxx_g,BaTiO3_nat005,64000,27609,16,14,112.082000,set1_rep64,flang-openmp,mimalloc,64
newdxx_g,BaTiO3_nat005,64000,27609,16,15,112.049000,set1_rep64,flang-openmp,mimalloc,64
newdxx_g,BaTiO3_nat005,64000,27609,16,16,114.746000,set1_rep64,flang-openmp,mimalloc,64
newdxx_g,BaTiO3_nat005,64000,27609,16,17,115.120000,set1_rep64,flang-openmp,mimalloc,64
newdxx_g,BaTiO3_nat005,64000,27609,16,18,117.226000,set1_rep64,flang-openmp,mimalloc,64
newdxx_g,BaTiO3_nat005,64000,27609,16,19,117.160000,set1_rep64,flang-openmp,mimalloc,64
newdxx_g,BaTiO3_nat005,64000,27609,32,0,135.192000,set1_rep64,flang-openmp,mimalloc,64
newdxx_g,BaTiO3_nat005,64000,27609,32,1,135.108000,set1_rep64,flang-openmp,mimalloc,64
newdxx_g,BaTiO3_nat005,64000,27609,32,2,134.647000,set1_rep64,flang-openmp,mimalloc,64
newdxx_g,BaTiO3_nat005,64000,27609,32,3,134.758000,set1_rep64,flang-openmp,mimalloc,64
newdxx_g,BaTiO3_nat005,64000,27609,32,4,137.546000,set1_rep64,flang-openmp,mimalloc,64
newdxx_g,BaTiO3_nat005,64000,27609,32,5,141.060000,set1_rep64,flang-openmp,mimalloc,64
newdxx_g,BaTiO3_nat005,64000,27609,32,6,137.388000,set1_rep64,flang-openmp,mimalloc,64
newdxx_g,BaTiO3_nat005,64000,27609,32,7,136.200000,set1_rep64,flang-openmp,mimalloc,64
newdxx_g,BaTiO3_nat005,64000,27609,32,8,135.093000,set1_rep64,flang-openmp,mimalloc,64
newdxx_g,BaTiO3_nat005,64000,27609,32,9,136.547000,set1_rep64,flang-openmp,mimalloc,64
newdxx_g,BaTiO3_nat005,64000,27609,32,10,139.651000,set1_rep64,flang-openmp,mimalloc,64
newdxx_g,BaTiO3_nat005,64000,27609,32,11,134.783000,set1_rep64,flang-openmp,mimalloc,64
newdxx_g,BaTiO3_nat005,64000,27609,32,12,134.228000,set1_rep64,flang-openmp,mimalloc,64
newdxx_g,BaTiO3_nat005,64000,27609,32,13,134.857000,set1_rep64,flang-openmp,mimalloc,64
newdxx_g,BaTiO3_nat005,64000,27609,32,14,139.431000,set1_rep64,flang-openmp,mimalloc,64
newdxx_g,BaTiO3_nat005,64000,27609,32,15,140.877000,set1_rep64,flang-openmp,mimalloc,64
newdxx_g,BaTiO3_nat005,64000,27609,32,16,134.938000,set1_rep64,flang-openmp,mimalloc,64
newdxx_g,BaTiO3_nat005,64000,27609,32,17,134.896000,set1_rep64,flang-openmp,mimalloc,64
newdxx_g,BaTiO3_nat005,64000,27609,32,18,134.370000,set1_rep64,flang-openmp,mimalloc,64
newdxx_g,BaTiO3_nat005,64000,27609,32,19,135.088000,set1_rep64,flang-openmp,mimalloc,64
newdxx_g,BaTiO3_nat005,64000,27609,64,0,31.566000,set1_rep64,flang-openmp,mimalloc,64
newdxx_g,BaTiO3_nat005,64000,27609,64,1,31.686000,set1_rep64,flang-openmp,mimalloc,64
newdxx_g,BaTiO3_nat005,64000,27609,64,2,31.826000,set1_rep64,flang-openmp,mimalloc,64
newdxx_g,BaTiO3_nat005,64000,27609,64,3,31.604000,set1_rep64,flang-openmp,mimalloc,64
newdxx_g,BaTiO3_nat005,64000,27609,64,4,31.178000,set1_rep64,flang-openmp,mimalloc,64
newdxx_g,BaTiO3_nat005,64000,27609,64,5,31.259000,set1_rep64,flang-openmp,mimalloc,64
newdxx_g,BaTiO3_nat005,64000,27609,64,6,31.433000,set1_rep64,flang-openmp,mimalloc,64
newdxx_g,BaTiO3_nat005,64000,27609,64,7,31.346000,set1_rep64,flang-openmp,mimalloc,64
newdxx_g,BaTiO3_nat005,64000,27609,64,8,32.058000,set1_rep64,flang-openmp,mimalloc,64
newdxx_g,BaTiO3_nat005,64000,27609,64,9,31.634000,set1_rep64,flang-openmp,mimalloc,64
newdxx_g,BaTiO3_nat005,64000,27609,64,10,31.930000,set1_rep64,flang-openmp,mimalloc,64
newdxx_g,BaTiO3_nat005,64000,27609,64,11,31.578000,set1_rep64,flang-openmp,mimalloc,64
newdxx_g,BaTiO3_nat005,64000,27609,64,12,31.244000,set1_rep64,flang-openmp,mimalloc,64
newdxx_g,BaTiO3_nat005,64000,27609,64,13,31.547000,set1_rep64,flang-openmp,mimalloc,64
newdxx_g,BaTiO3_nat005,64000,27609,64,14,31.386000,set1_rep64,flang-openmp,mimalloc,64
newdxx_g,BaTiO3_nat005,64000,27609,64,15,31.151000,set1_rep64,flang-openmp,mimalloc,64
newdxx_g,BaTiO3_nat005,64000,27609,64,16,31.532000,set1_rep64,flang-openmp,mimalloc,64
newdxx_g,BaTiO3_nat005,64000,27609,64,17,31.414000,set1_rep64,flang-openmp,mimalloc,64
newdxx_g,BaTiO3_nat005,64000,27609,64,18,31.288000,set1_rep64,flang-openmp,mimalloc,64
newdxx_g,BaTiO3_nat005,64000,27609,64,19,31.409000,set1_rep64,flang-openmp,mimalloc,64
newdxx_g,BaTiO3_nat005,64000,27609,72,0,31.289000,set1_rep64,flang-openmp,mimalloc,64
newdxx_g,BaTiO3_nat005,64000,27609,72,1,31.696000,set1_rep64,flang-openmp,mimalloc,64
newdxx_g,BaTiO3_nat005,64000,27609,72,2,31.363000,set1_rep64,flang-openmp,mimalloc,64
newdxx_g,BaTiO3_nat005,64000,27609,72,3,31.768000,set1_rep64,flang-openmp,mimalloc,64
newdxx_g,BaTiO3_nat005,64000,27609,72,4,31.218000,set1_rep64,flang-openmp,mimalloc,64
newdxx_g,BaTiO3_nat005,64000,27609,72,5,31.542000,set1_rep64,flang-openmp,mimalloc,64
newdxx_g,BaTiO3_nat005,64000,27609,72,6,31.476000,set1_rep64,flang-openmp,mimalloc,64
newdxx_g,BaTiO3_nat005,64000,27609,72,7,31.662000,set1_rep64,flang-openmp,mimalloc,64
newdxx_g,BaTiO3_nat005,64000,27609,72,8,31.464000,set1_rep64,flang-openmp,mimalloc,64
newdxx_g,BaTiO3_nat005,64000,27609,72,9,31.264000,set1_rep64,flang-openmp,mimalloc,64
newdxx_g,BaTiO3_nat005,64000,27609,72,10,31.177000,set1_rep64,flang-openmp,mimalloc,64
newdxx_g,BaTiO3_nat005,64000,27609,72,11,32.040000,set1_rep64,flang-openmp,mimalloc,64
newdxx_g,BaTiO3_nat005,64000,27609,72,12,31.337000,set1_rep64,flang-openmp,mimalloc,64
newdxx_g,BaTiO3_nat005,64000,27609,72,13,31.301000,set1_rep64,flang-openmp,mimalloc,64
newdxx_g,BaTiO3_nat005,64000,27609,72,14,31.249000,set1_rep64,flang-openmp,mimalloc,64
newdxx_g,BaTiO3_nat005,64000,27609,72,15,31.436000,set1_rep64,flang-openmp,mimalloc,64
newdxx_g,BaTiO3_nat005,64000,27609,72,16,32.820000,set1_rep64,flang-openmp,mimalloc,64
newdxx_g,BaTiO3_nat005,64000,27609,72,17,31.470000,set1_rep64,flang-openmp,mimalloc,64
newdxx_g,BaTiO3_nat005,64000,27609,72,18,31.643000,set1_rep64,flang-openmp,mimalloc,64
newdxx_g,BaTiO3_nat005,64000,27609,72,19,31.392000,set1_rep64,flang-openmp,mimalloc,64
newdxx_g,BaO_nat002,64000,18643,1,0,10.665503,set0,dace-gcc,mimalloc,1
newdxx_g,BaO_nat002,64000,18643,1,1,10.601825,set0,dace-gcc,mimalloc,1
newdxx_g,BaO_nat002,64000,18643,1,2,10.515331,set0,dace-gcc,mimalloc,1
newdxx_g,BaO_nat002,64000,18643,1,3,10.493124,set0,dace-gcc,mimalloc,1
newdxx_g,BaO_nat002,64000,18643,1,4,10.697631,set0,dace-gcc,mimalloc,1
newdxx_g,BaO_nat002,64000,18643,1,5,10.660127,set0,dace-gcc,mimalloc,1
newdxx_g,BaO_nat002,64000,18643,1,6,10.775900,set0,dace-gcc,mimalloc,1
newdxx_g,BaO_nat002,64000,18643,1,7,10.583202,set0,dace-gcc,mimalloc,1
newdxx_g,BaO_nat002,64000,18643,1,8,10.788859,set0,dace-gcc,mimalloc,1
newdxx_g,BaO_nat002,64000,18643,1,9,10.755741,set0,dace-gcc,mimalloc,1
newdxx_g,BaO_nat002,64000,18643,1,10,10.715421,set0,dace-gcc,mimalloc,1
newdxx_g,BaO_nat002,64000,18643,1,11,10.624097,set0,dace-gcc,mimalloc,1
newdxx_g,BaO_nat002,64000,18643,1,12,10.618208,set0,dace-gcc,mimalloc,1
newdxx_g,BaO_nat002,64000,18643,1,13,10.532163,set0,dace-gcc,mimalloc,1
newdxx_g,BaO_nat002,64000,18643,1,14,10.503524,set0,dace-gcc,mimalloc,1
newdxx_g,BaO_nat002,64000,18643,1,15,10.721918,set0,dace-gcc,mimalloc,1
newdxx_g,BaO_nat002,64000,18643,1,16,10.529187,set0,dace-gcc,mimalloc,1
newdxx_g,BaO_nat002,64000,18643,1,17,10.394279,set0,dace-gcc,mimalloc,1
newdxx_g,BaO_nat002,64000,18643,1,18,10.342217,set0,dace-gcc,mimalloc,1
newdxx_g,BaO_nat002,64000,18643,1,19,10.298986,set0,dace-gcc,mimalloc,1
newdxx_g,BaO_nat002,64000,18643,2,0,8.794551,set0,dace-gcc,mimalloc,1
newdxx_g,BaO_nat002,64000,18643,2,1,8.771864,set0,dace-gcc,mimalloc,1
newdxx_g,BaO_nat002,64000,18643,2,2,8.793367,set0,dace-gcc,mimalloc,1
newdxx_g,BaO_nat002,64000,18643,2,3,8.674362,set0,dace-gcc,mimalloc,1
newdxx_g,BaO_nat002,64000,18643,2,4,8.517887,set0,dace-gcc,mimalloc,1
newdxx_g,BaO_nat002,64000,18643,2,5,8.566750,set0,dace-gcc,mimalloc,1
newdxx_g,BaO_nat002,64000,18643,2,6,8.657083,set0,dace-gcc,mimalloc,1
newdxx_g,BaO_nat002,64000,18643,2,7,8.841686,set0,dace-gcc,mimalloc,1
newdxx_g,BaO_nat002,64000,18643,2,8,8.718330,set0,dace-gcc,mimalloc,1
newdxx_g,BaO_nat002,64000,18643,2,9,8.660508,set0,dace-gcc,mimalloc,1
newdxx_g,BaO_nat002,64000,18643,2,10,8.687067,set0,dace-gcc,mimalloc,1
newdxx_g,BaO_nat002,64000,18643,2,11,8.659291,set0,dace-gcc,mimalloc,1
newdxx_g,BaO_nat002,64000,18643,2,12,8.552191,set0,dace-gcc,mimalloc,1
newdxx_g,BaO_nat002,64000,18643,2,13,8.604061,set0,dace-gcc,mimalloc,1
newdxx_g,BaO_nat002,64000,18643,2,14,8.603965,set0,dace-gcc,mimalloc,1
newdxx_g,BaO_nat002,64000,18643,2,15,8.559327,set0,dace-gcc,mimalloc,1
newdxx_g,BaO_nat002,64000,18643,2,16,8.398404,set0,dace-gcc,mimalloc,1
newdxx_g,BaO_nat002,64000,18643,2,17,8.390596,set0,dace-gcc,mimalloc,1
newdxx_g,BaO_nat002,64000,18643,2,18,8.400484,set0,dace-gcc,mimalloc,1
newdxx_g,BaO_nat002,64000,18643,2,19,8.491488,set0,dace-gcc,mimalloc,1
newdxx_g,BaO_nat002,64000,18643,4,0,8.785400,set0,dace-gcc,mimalloc,1
newdxx_g,BaO_nat002,64000,18643,4,1,8.845014,set0,dace-gcc,mimalloc,1
newdxx_g,BaO_nat002,64000,18643,4,2,8.819894,set0,dace-gcc,mimalloc,1
newdxx_g,BaO_nat002,64000,18643,4,3,8.970290,set0,dace-gcc,mimalloc,1
newdxx_g,BaO_nat002,64000,18643,4,4,8.875797,set0,dace-gcc,mimalloc,1
newdxx_g,BaO_nat002,64000,18643,4,5,8.881973,set0,dace-gcc,mimalloc,1
newdxx_g,BaO_nat002,64000,18643,4,6,8.799672,set0,dace-gcc,mimalloc,1
newdxx_g,BaO_nat002,64000,18643,4,7,8.911732,set0,dace-gcc,mimalloc,1
newdxx_g,BaO_nat002,64000,18643,4,8,8.859797,set0,dace-gcc,mimalloc,1
newdxx_g,BaO_nat002,64000,18643,4,9,8.743385,set0,dace-gcc,mimalloc,1
newdxx_g,BaO_nat002,64000,18643,4,10,8.838390,set0,dace-gcc,mimalloc,1
newdxx_g,BaO_nat002,64000,18643,4,11,8.854774,set0,dace-gcc,mimalloc,1
newdxx_g,BaO_nat002,64000,18643,4,12,8.690523,set0,dace-gcc,mimalloc,1
newdxx_g,BaO_nat002,64000,18643,4,13,8.710170,set0,dace-gcc,mimalloc,1
newdxx_g,BaO_nat002,64000,18643,4,14,8.728730,set0,dace-gcc,mimalloc,1
newdxx_g,BaO_nat002,64000,18643,4,15,8.815127,set0,dace-gcc,mimalloc,1
newdxx_g,BaO_nat002,64000,18643,4,16,8.705402,set0,dace-gcc,mimalloc,1
newdxx_g,BaO_nat002,64000,18643,4,17,8.663739,set0,dace-gcc,mimalloc,1
newdxx_g,BaO_nat002,64000,18643,4,18,8.880756,set0,dace-gcc,mimalloc,1
newdxx_g,BaO_nat002,64000,18643,4,19,8.643068,set0,dace-gcc,mimalloc,1
newdxx_g,BaO_nat002,64000,18643,8,0,9.210603,set0,dace-gcc,mimalloc,1
newdxx_g,BaO_nat002,64000,18643,8,1,8.996018,set0,dace-gcc,mimalloc,1
newdxx_g,BaO_nat002,64000,18643,8,2,8.992274,set0,dace-gcc,mimalloc,1
newdxx_g,BaO_nat002,64000,18643,8,3,8.973778,set0,dace-gcc,mimalloc,1
newdxx_g,BaO_nat002,64000,18643,8,4,9.602207,set0,dace-gcc,mimalloc,1
newdxx_g,BaO_nat002,64000,18643,8,5,8.819126,set0,dace-gcc,mimalloc,1
newdxx_g,BaO_nat002,64000,18643,8,6,9.372806,set0,dace-gcc,mimalloc,1
newdxx_g,BaO_nat002,64000,18643,8,7,8.918067,set0,dace-gcc,mimalloc,1
newdxx_g,BaO_nat002,64000,18643,8,8,9.074670,set0,dace-gcc,mimalloc,1
newdxx_g,BaO_nat002,64000,18643,8,9,9.332391,set0,dace-gcc,mimalloc,1
newdxx_g,BaO_nat002,64000,18643,8,10,8.989042,set0,dace-gcc,mimalloc,1
newdxx_g,BaO_nat002,64000,18643,8,11,9.269513,set0,dace-gcc,mimalloc,1
newdxx_g,BaO_nat002,64000,18643,8,12,8.810007,set0,dace-gcc,mimalloc,1
newdxx_g,BaO_nat002,64000,18643,8,13,8.688251,set0,dace-gcc,mimalloc,1
newdxx_g,BaO_nat002,64000,18643,8,14,9.272105,set0,dace-gcc,mimalloc,1
newdxx_g,BaO_nat002,64000,18643,8,15,8.793176,set0,dace-gcc,mimalloc,1
newdxx_g,BaO_nat002,64000,18643,8,16,8.768696,set0,dace-gcc,mimalloc,1
newdxx_g,BaO_nat002,64000,18643,8,17,8.781143,set0,dace-gcc,mimalloc,1
newdxx_g,BaO_nat002,64000,18643,8,18,8.739481,set0,dace-gcc,mimalloc,1
newdxx_g,BaO_nat002,64000,18643,8,19,8.750585,set0,dace-gcc,mimalloc,1
newdxx_g,BaO_nat002,64000,18643,16,0,9.625406,set0,dace-gcc,mimalloc,1
newdxx_g,BaO_nat002,64000,18643,16,1,9.439012,set0,dace-gcc,mimalloc,1
newdxx_g,BaO_nat002,64000,18643,16,2,9.242889,set0,dace-gcc,mimalloc,1
newdxx_g,BaO_nat002,64000,18643,16,3,9.254761,set0,dace-gcc,mimalloc,1
newdxx_g,BaO_nat002,64000,18643,16,4,9.211402,set0,dace-gcc,mimalloc,1
newdxx_g,BaO_nat002,64000,18643,16,5,9.200043,set0,dace-gcc,mimalloc,1
newdxx_g,BaO_nat002,64000,18643,16,6,9.211467,set0,dace-gcc,mimalloc,1
newdxx_g,BaO_nat002,64000,18643,16,7,9.256586,set0,dace-gcc,mimalloc,1
newdxx_g,BaO_nat002,64000,18643,16,8,9.209739,set0,dace-gcc,mimalloc,1
newdxx_g,BaO_nat002,64000,18643,16,9,9.129038,set0,dace-gcc,mimalloc,1
newdxx_g,BaO_nat002,64000,18643,16,10,9.091951,set0,dace-gcc,mimalloc,1
newdxx_g,BaO_nat002,64000,18643,16,11,9.098062,set0,dace-gcc,mimalloc,1
newdxx_g,BaO_nat002,64000,18643,16,12,9.077071,set0,dace-gcc,mimalloc,1
newdxx_g,BaO_nat002,64000,18643,16,13,9.127117,set0,dace-gcc,mimalloc,1
newdxx_g,BaO_nat002,64000,18643,16,14,9.135277,set0,dace-gcc,mimalloc,1
newdxx_g,BaO_nat002,64000,18643,16,15,9.030896,set0,dace-gcc,mimalloc,1
newdxx_g,BaO_nat002,64000,18643,16,16,9.201259,set0,dace-gcc,mimalloc,1
newdxx_g,BaO_nat002,64000,18643,16,17,9.079471,set0,dace-gcc,mimalloc,1
newdxx_g,BaO_nat002,64000,18643,16,18,8.961043,set0,dace-gcc,mimalloc,1
newdxx_g,BaO_nat002,64000,18643,16,19,9.030065,set0,dace-gcc,mimalloc,1
newdxx_g,BaO_nat002,64000,18643,32,0,10.157742,set0,dace-gcc,mimalloc,1
newdxx_g,BaO_nat002,64000,18643,32,1,10.145871,set0,dace-gcc,mimalloc,1
newdxx_g,BaO_nat002,64000,18643,32,2,10.071761,set0,dace-gcc,mimalloc,1
newdxx_g,BaO_nat002,64000,18643,32,3,10.139599,set0,dace-gcc,mimalloc,1
newdxx_g,BaO_nat002,64000,18643,32,4,10.035474,set0,dace-gcc,mimalloc,1
newdxx_g,BaO_nat002,64000,18643,32,5,10.018130,set0,dace-gcc,mimalloc,1
newdxx_g,BaO_nat002,64000,18643,32,6,10.042322,set0,dace-gcc,mimalloc,1
newdxx_g,BaO_nat002,64000,18643,32,7,10.087984,set0,dace-gcc,mimalloc,1
newdxx_g,BaO_nat002,64000,18643,32,8,9.955252,set0,dace-gcc,mimalloc,1
newdxx_g,BaO_nat002,64000,18643,32,9,10.321609,set0,dace-gcc,mimalloc,1
newdxx_g,BaO_nat002,64000,18643,32,10,9.932821,set0,dace-gcc,mimalloc,1
newdxx_g,BaO_nat002,64000,18643,32,11,9.964820,set0,dace-gcc,mimalloc,1
newdxx_g,BaO_nat002,64000,18643,32,12,9.906966,set0,dace-gcc,mimalloc,1
newdxx_g,BaO_nat002,64000,18643,32,13,10.002675,set0,dace-gcc,mimalloc,1
newdxx_g,BaO_nat002,64000,18643,32,14,10.061522,set0,dace-gcc,mimalloc,1
newdxx_g,BaO_nat002,64000,18643,32,15,10.064849,set0,dace-gcc,mimalloc,1
newdxx_g,BaO_nat002,64000,18643,32,16,9.924693,set0,dace-gcc,mimalloc,1
newdxx_g,BaO_nat002,64000,18643,32,17,9.948085,set0,dace-gcc,mimalloc,1
newdxx_g,BaO_nat002,64000,18643,32,18,9.875191,set0,dace-gcc,mimalloc,1
newdxx_g,BaO_nat002,64000,18643,32,19,9.828824,set0,dace-gcc,mimalloc,1
newdxx_g,BaO_nat002,64000,18643,64,0,11.512326,set0,dace-gcc,mimalloc,1
newdxx_g,BaO_nat002,64000,18643,64,1,11.418664,set0,dace-gcc,mimalloc,1
newdxx_g,BaO_nat002,64000,18643,64,2,11.440872,set0,dace-gcc,mimalloc,1
newdxx_g,BaO_nat002,64000,18643,64,3,11.289259,set0,dace-gcc,mimalloc,1
newdxx_g,BaO_nat002,64000,18643,64,4,11.274861,set0,dace-gcc,mimalloc,1
newdxx_g,BaO_nat002,64000,18643,64,5,11.332491,set0,dace-gcc,mimalloc,1
newdxx_g,BaO_nat002,64000,18643,64,6,11.400905,set0,dace-gcc,mimalloc,1
newdxx_g,BaO_nat002,64000,18643,64,7,11.308652,set0,dace-gcc,mimalloc,1
newdxx_g,BaO_nat002,64000,18643,64,8,11.408073,set0,dace-gcc,mimalloc,1
newdxx_g,BaO_nat002,64000,18643,64,9,11.328523,set0,dace-gcc,mimalloc,1
newdxx_g,BaO_nat002,64000,18643,64,10,11.234510,set0,dace-gcc,mimalloc,1
newdxx_g,BaO_nat002,64000,18643,64,11,11.323243,set0,dace-gcc,mimalloc,1
newdxx_g,BaO_nat002,64000,18643,64,12,11.337803,set0,dace-gcc,mimalloc,1
newdxx_g,BaO_nat002,64000,18643,64,13,11.296588,set0,dace-gcc,mimalloc,1
newdxx_g,BaO_nat002,64000,18643,64,14,11.345515,set0,dace-gcc,mimalloc,1
newdxx_g,BaO_nat002,64000,18643,64,15,11.577700,set0,dace-gcc,mimalloc,1
newdxx_g,BaO_nat002,64000,18643,64,16,11.901978,set0,dace-gcc,mimalloc,1
newdxx_g,BaO_nat002,64000,18643,64,17,11.327052,set0,dace-gcc,mimalloc,1
newdxx_g,BaO_nat002,64000,18643,64,18,11.409257,set0,dace-gcc,mimalloc,1
newdxx_g,BaO_nat002,64000,18643,64,19,11.314028,set0,dace-gcc,mimalloc,1
newdxx_g,BaO_nat002,64000,18643,72,0,12.072308,set0,dace-gcc,mimalloc,1
newdxx_g,BaO_nat002,64000,18643,72,1,12.095700,set0,dace-gcc,mimalloc,1
newdxx_g,BaO_nat002,64000,18643,72,2,11.947992,set0,dace-gcc,mimalloc,1
newdxx_g,BaO_nat002,64000,18643,72,3,12.038358,set0,dace-gcc,mimalloc,1
newdxx_g,BaO_nat002,64000,18643,72,4,11.950744,set0,dace-gcc,mimalloc,1
newdxx_g,BaO_nat002,64000,18643,72,5,12.048086,set0,dace-gcc,mimalloc,1
newdxx_g,BaO_nat002,64000,18643,72,6,11.921625,set0,dace-gcc,mimalloc,1
newdxx_g,BaO_nat002,64000,18643,72,7,11.926393,set0,dace-gcc,mimalloc,1
newdxx_g,BaO_nat002,64000,18643,72,8,11.954680,set0,dace-gcc,mimalloc,1
newdxx_g,BaO_nat002,64000,18643,72,9,11.889403,set0,dace-gcc,mimalloc,1
newdxx_g,BaO_nat002,64000,18643,72,10,11.890746,set0,dace-gcc,mimalloc,1
newdxx_g,BaO_nat002,64000,18643,72,11,12.041717,set0,dace-gcc,mimalloc,1
newdxx_g,BaO_nat002,64000,18643,72,12,12.500008,set0,dace-gcc,mimalloc,1
newdxx_g,BaO_nat002,64000,18643,72,13,11.927865,set0,dace-gcc,mimalloc,1
newdxx_g,BaO_nat002,64000,18643,72,14,12.354189,set0,dace-gcc,mimalloc,1
newdxx_g,BaO_nat002,64000,18643,72,15,12.054581,set0,dace-gcc,mimalloc,1
newdxx_g,BaO_nat002,64000,18643,72,16,12.039349,set0,dace-gcc,mimalloc,1
newdxx_g,BaO_nat002,64000,18643,72,17,11.993143,set0,dace-gcc,mimalloc,1
newdxx_g,BaO_nat002,64000,18643,72,18,11.952985,set0,dace-gcc,mimalloc,1
newdxx_g,BaO_nat002,64000,18643,72,19,14.849250,set0,dace-gcc,mimalloc,1
newdxx_g,BaO_nat002,64000,18643,1,0,548.867453,set0_rep64,dace-gcc,mimalloc,64
newdxx_g,BaO_nat002,64000,18643,1,1,548.202513,set0_rep64,dace-gcc,mimalloc,64
newdxx_g,BaO_nat002,64000,18643,1,2,548.617796,set0_rep64,dace-gcc,mimalloc,64
newdxx_g,BaO_nat002,64000,18643,1,3,548.822783,set0_rep64,dace-gcc,mimalloc,64
newdxx_g,BaO_nat002,64000,18643,1,4,547.937849,set0_rep64,dace-gcc,mimalloc,64
newdxx_g,BaO_nat002,64000,18643,1,5,548.220080,set0_rep64,dace-gcc,mimalloc,64
newdxx_g,BaO_nat002,64000,18643,1,6,548.938875,set0_rep64,dace-gcc,mimalloc,64
newdxx_g,BaO_nat002,64000,18643,1,7,548.421675,set0_rep64,dace-gcc,mimalloc,64
newdxx_g,BaO_nat002,64000,18643,1,8,547.605059,set0_rep64,dace-gcc,mimalloc,64
newdxx_g,BaO_nat002,64000,18643,1,9,547.963192,set0_rep64,dace-gcc,mimalloc,64
newdxx_g,BaO_nat002,64000,18643,1,10,548.481833,set0_rep64,dace-gcc,mimalloc,64
newdxx_g,BaO_nat002,64000,18643,1,11,549.025816,set0_rep64,dace-gcc,mimalloc,64
newdxx_g,BaO_nat002,64000,18643,1,12,547.747551,set0_rep64,dace-gcc,mimalloc,64
newdxx_g,BaO_nat002,64000,18643,1,13,548.662467,set0_rep64,dace-gcc,mimalloc,64
newdxx_g,BaO_nat002,64000,18643,1,14,548.555047,set0_rep64,dace-gcc,mimalloc,64
newdxx_g,BaO_nat002,64000,18643,1,15,548.700739,set0_rep64,dace-gcc,mimalloc,64
newdxx_g,BaO_nat002,64000,18643,1,16,548.399212,set0_rep64,dace-gcc,mimalloc,64
newdxx_g,BaO_nat002,64000,18643,1,17,548.568294,set0_rep64,dace-gcc,mimalloc,64
newdxx_g,BaO_nat002,64000,18643,1,18,548.996945,set0_rep64,dace-gcc,mimalloc,64
newdxx_g,BaO_nat002,64000,18643,1,19,548.033182,set0_rep64,dace-gcc,mimalloc,64
newdxx_g,BaO_nat002,64000,18643,2,0,292.785089,set0_rep64,dace-gcc,mimalloc,64
newdxx_g,BaO_nat002,64000,18643,2,1,293.841795,set0_rep64,dace-gcc,mimalloc,64
newdxx_g,BaO_nat002,64000,18643,2,2,292.728867,set0_rep64,dace-gcc,mimalloc,64
newdxx_g,BaO_nat002,64000,18643,2,3,293.098008,set0_rep64,dace-gcc,mimalloc,64
newdxx_g,BaO_nat002,64000,18643,2,4,292.607270,set0_rep64,dace-gcc,mimalloc,64
newdxx_g,BaO_nat002,64000,18643,2,5,292.629158,set0_rep64,dace-gcc,mimalloc,64
newdxx_g,BaO_nat002,64000,18643,2,6,292.652901,set0_rep64,dace-gcc,mimalloc,64
newdxx_g,BaO_nat002,64000,18643,2,7,293.081657,set0_rep64,dace-gcc,mimalloc,64
newdxx_g,BaO_nat002,64000,18643,2,8,292.495881,set0_rep64,dace-gcc,mimalloc,64
newdxx_g,BaO_nat002,64000,18643,2,9,293.470062,set0_rep64,dace-gcc,mimalloc,64
newdxx_g,BaO_nat002,64000,18643,2,10,293.934656,set0_rep64,dace-gcc,mimalloc,64
newdxx_g,BaO_nat002,64000,18643,2,11,292.312784,set0_rep64,dace-gcc,mimalloc,64
newdxx_g,BaO_nat002,64000,18643,2,12,292.532712,set0_rep64,dace-gcc,mimalloc,64
newdxx_g,BaO_nat002,64000,18643,2,13,292.996059,set0_rep64,dace-gcc,mimalloc,64
newdxx_g,BaO_nat002,64000,18643,2,14,293.072025,set0_rep64,dace-gcc,mimalloc,64
newdxx_g,BaO_nat002,64000,18643,2,15,293.238836,set0_rep64,dace-gcc,mimalloc,64
newdxx_g,BaO_nat002,64000,18643,2,16,293.065402,set0_rep64,dace-gcc,mimalloc,64
newdxx_g,BaO_nat002,64000,18643,2,17,293.454190,set0_rep64,dace-gcc,mimalloc,64
newdxx_g,BaO_nat002,64000,18643,2,18,292.734980,set0_rep64,dace-gcc,mimalloc,64
newdxx_g,BaO_nat002,64000,18643,2,19,293.121848,set0_rep64,dace-gcc,mimalloc,64
newdxx_g,BaO_nat002,64000,18643,4,0,141.821910,set0_rep64,dace-gcc,mimalloc,64
newdxx_g,BaO_nat002,64000,18643,4,1,141.933587,set0_rep64,dace-gcc,mimalloc,64
newdxx_g,BaO_nat002,64000,18643,4,2,141.991921,set0_rep64,dace-gcc,mimalloc,64
newdxx_g,BaO_nat002,64000,18643,4,3,141.877877,set0_rep64,dace-gcc,mimalloc,64
newdxx_g,BaO_nat002,64000,18643,4,4,143.074897,set0_rep64,dace-gcc,mimalloc,64
newdxx_g,BaO_nat002,64000,18643,4,5,141.739929,set0_rep64,dace-gcc,mimalloc,64
newdxx_g,BaO_nat002,64000,18643,4,6,142.620479,set0_rep64,dace-gcc,mimalloc,64
newdxx_g,BaO_nat002,64000,18643,4,7,141.808086,set0_rep64,dace-gcc,mimalloc,64
newdxx_g,BaO_nat002,64000,18643,4,8,141.791351,set0_rep64,dace-gcc,mimalloc,64
newdxx_g,BaO_nat002,64000,18643,4,9,142.968117,set0_rep64,dace-gcc,mimalloc,64
newdxx_g,BaO_nat002,64000,18643,4,10,141.789751,set0_rep64,dace-gcc,mimalloc,64
newdxx_g,BaO_nat002,64000,18643,4,11,141.674074,set0_rep64,dace-gcc,mimalloc,64
newdxx_g,BaO_nat002,64000,18643,4,12,141.832630,set0_rep64,dace-gcc,mimalloc,64
newdxx_g,BaO_nat002,64000,18643,4,13,141.805110,set0_rep64,dace-gcc,mimalloc,64
newdxx_g,BaO_nat002,64000,18643,4,14,152.838898,set0_rep64,dace-gcc,mimalloc,64
newdxx_g,BaO_nat002,64000,18643,4,15,142.174124,set0_rep64,dace-gcc,mimalloc,64
newdxx_g,BaO_nat002,64000,18643,4,16,141.909683,set0_rep64,dace-gcc,mimalloc,64
newdxx_g,BaO_nat002,64000,18643,4,17,142.247913,set0_rep64,dace-gcc,mimalloc,64
newdxx_g,BaO_nat002,64000,18643,4,18,143.294891,set0_rep64,dace-gcc,mimalloc,64
newdxx_g,BaO_nat002,64000,18643,4,19,143.377288,set0_rep64,dace-gcc,mimalloc,64
newdxx_g,BaO_nat002,64000,18643,8,0,72.527947,set0_rep64,dace-gcc,mimalloc,64
newdxx_g,BaO_nat002,64000,18643,8,1,71.290480,set0_rep64,dace-gcc,mimalloc,64
newdxx_g,BaO_nat002,64000,18643,8,2,71.453323,set0_rep64,dace-gcc,mimalloc,64
newdxx_g,BaO_nat002,64000,18643,8,3,71.539816,set0_rep64,dace-gcc,mimalloc,64
newdxx_g,BaO_nat002,64000,18643,8,4,71.840352,set0_rep64,dace-gcc,mimalloc,64
newdxx_g,BaO_nat002,64000,18643,8,5,71.988636,set0_rep64,dace-gcc,mimalloc,64
newdxx_g,BaO_nat002,64000,18643,8,6,71.982427,set0_rep64,dace-gcc,mimalloc,64
newdxx_g,BaO_nat002,64000,18643,8,7,72.233012,set0_rep64,dace-gcc,mimalloc,64
newdxx_g,BaO_nat002,64000,18643,8,8,71.887550,set0_rep64,dace-gcc,mimalloc,64
newdxx_g,BaO_nat002,64000,18643,8,9,71.621894,set0_rep64,dace-gcc,mimalloc,64
newdxx_g,BaO_nat002,64000,18643,8,10,71.675556,set0_rep64,dace-gcc,mimalloc,64
newdxx_g,BaO_nat002,64000,18643,8,11,71.980092,set0_rep64,dace-gcc,mimalloc,64
newdxx_g,BaO_nat002,64000,18643,8,12,71.618438,set0_rep64,dace-gcc,mimalloc,64
newdxx_g,BaO_nat002,64000,18643,8,13,72.064761,set0_rep64,dace-gcc,mimalloc,64
newdxx_g,BaO_nat002,64000,18643,8,14,71.721795,set0_rep64,dace-gcc,mimalloc,64
newdxx_g,BaO_nat002,64000,18643,8,15,71.497930,set0_rep64,dace-gcc,mimalloc,64
newdxx_g,BaO_nat002,64000,18643,8,16,71.487658,set0_rep64,dace-gcc,mimalloc,64
newdxx_g,BaO_nat002,64000,18643,8,17,71.692868,set0_rep64,dace-gcc,mimalloc,64
newdxx_g,BaO_nat002,64000,18643,8,18,71.878782,set0_rep64,dace-gcc,mimalloc,64
newdxx_g,BaO_nat002,64000,18643,8,19,71.638246,set0_rep64,dace-gcc,mimalloc,64
newdxx_g,BaO_nat002,64000,18643,16,0,38.108608,set0_rep64,dace-gcc,mimalloc,64
newdxx_g,BaO_nat002,64000,18643,16,1,38.111039,set0_rep64,dace-gcc,mimalloc,64
newdxx_g,BaO_nat002,64000,18643,16,2,38.799179,set0_rep64,dace-gcc,mimalloc,64
newdxx_g,BaO_nat002,64000,18643,16,3,38.090176,set0_rep64,dace-gcc,mimalloc,64
newdxx_g,BaO_nat002,64000,18643,16,4,38.324410,set0_rep64,dace-gcc,mimalloc,64
newdxx_g,BaO_nat002,64000,18643,16,5,38.088000,set0_rep64,dace-gcc,mimalloc,64
newdxx_g,BaO_nat002,64000,18643,16,6,38.032418,set0_rep64,dace-gcc,mimalloc,64
newdxx_g,BaO_nat002,64000,18643,16,7,37.988451,set0_rep64,dace-gcc,mimalloc,64
newdxx_g,BaO_nat002,64000,18643,16,8,38.017410,set0_rep64,dace-gcc,mimalloc,64
newdxx_g,BaO_nat002,64000,18643,16,9,37.985667,set0_rep64,dace-gcc,mimalloc,64
newdxx_g,BaO_nat002,64000,18643,16,10,37.962980,set0_rep64,dace-gcc,mimalloc,64
newdxx_g,BaO_nat002,64000,18643,16,11,37.929157,set0_rep64,dace-gcc,mimalloc,64
newdxx_g,BaO_nat002,64000,18643,16,12,37.946148,set0_rep64,dace-gcc,mimalloc,64
newdxx_g,BaO_nat002,64000,18643,16,13,38.807147,set0_rep64,dace-gcc,mimalloc,64
newdxx_g,BaO_nat002,64000,18643,16,14,39.283069,set0_rep64,dace-gcc,mimalloc,64
newdxx_g,BaO_nat002,64000,18643,16,15,37.984643,set0_rep64,dace-gcc,mimalloc,64
newdxx_g,BaO_nat002,64000,18643,16,16,37.977220,set0_rep64,dace-gcc,mimalloc,64
newdxx_g,BaO_nat002,64000,18643,16,17,38.405398,set0_rep64,dace-gcc,mimalloc,64
newdxx_g,BaO_nat002,64000,18643,16,18,38.019394,set0_rep64,dace-gcc,mimalloc,64
newdxx_g,BaO_nat002,64000,18643,16,19,38.025955,set0_rep64,dace-gcc,mimalloc,64
newdxx_g,BaO_nat002,64000,18643,32,0,20.264141,set0_rep64,dace-gcc,mimalloc,64
newdxx_g,BaO_nat002,64000,18643,32,1,20.157968,set0_rep64,dace-gcc,mimalloc,64
newdxx_g,BaO_nat002,64000,18643,32,2,20.086513,set0_rep64,dace-gcc,mimalloc,64
newdxx_g,BaO_nat002,64000,18643,32,3,19.961077,set0_rep64,dace-gcc,mimalloc,64
newdxx_g,BaO_nat002,64000,18643,32,4,20.010739,set0_rep64,dace-gcc,mimalloc,64
newdxx_g,BaO_nat002,64000,18643,32,5,19.945622,set0_rep64,dace-gcc,mimalloc,64
newdxx_g,BaO_nat002,64000,18643,32,6,19.966036,set0_rep64,dace-gcc,mimalloc,64
newdxx_g,BaO_nat002,64000,18643,32,7,19.904375,set0_rep64,dace-gcc,mimalloc,64
newdxx_g,BaO_nat002,64000,18643,32,8,19.929046,set0_rep64,dace-gcc,mimalloc,64
newdxx_g,BaO_nat002,64000,18643,32,9,19.933622,set0_rep64,dace-gcc,mimalloc,64
newdxx_g,BaO_nat002,64000,18643,32,10,20.115536,set0_rep64,dace-gcc,mimalloc,64
newdxx_g,BaO_nat002,64000,18643,32,11,19.998612,set0_rep64,dace-gcc,mimalloc,64
newdxx_g,BaO_nat002,64000,18643,32,12,20.053811,set0_rep64,dace-gcc,mimalloc,64
newdxx_g,BaO_nat002,64000,18643,32,13,20.126161,set0_rep64,dace-gcc,mimalloc,64
newdxx_g,BaO_nat002,64000,18643,32,14,20.044882,set0_rep64,dace-gcc,mimalloc,64
newdxx_g,BaO_nat002,64000,18643,32,15,20.021011,set0_rep64,dace-gcc,mimalloc,64
newdxx_g,BaO_nat002,64000,18643,32,16,20.679360,set0_rep64,dace-gcc,mimalloc,64
newdxx_g,BaO_nat002,64000,18643,32,17,20.145647,set0_rep64,dace-gcc,mimalloc,64
newdxx_g,BaO_nat002,64000,18643,32,18,19.951414,set0_rep64,dace-gcc,mimalloc,64
newdxx_g,BaO_nat002,64000,18643,32,19,19.996500,set0_rep64,dace-gcc,mimalloc,64
newdxx_g,BaO_nat002,64000,18643,64,0,10.828482,set0_rep64,dace-gcc,mimalloc,64
newdxx_g,BaO_nat002,64000,18643,64,1,10.851745,set0_rep64,dace-gcc,mimalloc,64
newdxx_g,BaO_nat002,64000,18643,64,2,11.041915,set0_rep64,dace-gcc,mimalloc,64
newdxx_g,BaO_nat002,64000,18643,64,3,10.799778,set0_rep64,dace-gcc,mimalloc,64
newdxx_g,BaO_nat002,64000,18643,64,4,10.813538,set0_rep64,dace-gcc,mimalloc,64
newdxx_g,BaO_nat002,64000,18643,64,5,10.887296,set0_rep64,dace-gcc,mimalloc,64
newdxx_g,BaO_nat002,64000,18643,64,6,10.706501,set0_rep64,dace-gcc,mimalloc,64
newdxx_g,BaO_nat002,64000,18643,64,7,10.767108,set0_rep64,dace-gcc,mimalloc,64
newdxx_g,BaO_nat002,64000,18643,64,8,10.751044,set0_rep64,dace-gcc,mimalloc,64
newdxx_g,BaO_nat002,64000,18643,64,9,10.763268,set0_rep64,dace-gcc,mimalloc,64
newdxx_g,BaO_nat002,64000,18643,64,10,10.654470,set0_rep64,dace-gcc,mimalloc,64
newdxx_g,BaO_nat002,64000,18643,64,11,10.686758,set0_rep64,dace-gcc,mimalloc,64
newdxx_g,BaO_nat002,64000,18643,64,12,10.784675,set0_rep64,dace-gcc,mimalloc,64
newdxx_g,BaO_nat002,64000,18643,64,13,10.770051,set0_rep64,dace-gcc,mimalloc,64
newdxx_g,BaO_nat002,64000,18643,64,14,10.666855,set0_rep64,dace-gcc,mimalloc,64
newdxx_g,BaO_nat002,64000,18643,64,15,10.737380,set0_rep64,dace-gcc,mimalloc,64
newdxx_g,BaO_nat002,64000,18643,64,16,10.735556,set0_rep64,dace-gcc,mimalloc,64
newdxx_g,BaO_nat002,64000,18643,64,17,10.756452,set0_rep64,dace-gcc,mimalloc,64
newdxx_g,BaO_nat002,64000,18643,64,18,10.747140,set0_rep64,dace-gcc,mimalloc,64
newdxx_g,BaO_nat002,64000,18643,64,19,10.926111,set0_rep64,dace-gcc,mimalloc,64
newdxx_g,BaO_nat002,64000,18643,72,0,10.856129,set0_rep64,dace-gcc,mimalloc,64
newdxx_g,BaO_nat002,64000,18643,72,1,10.971934,set0_rep64,dace-gcc,mimalloc,64
newdxx_g,BaO_nat002,64000,18643,72,2,10.949342,set0_rep64,dace-gcc,mimalloc,64
newdxx_g,BaO_nat002,64000,18643,72,3,10.981853,set0_rep64,dace-gcc,mimalloc,64
newdxx_g,BaO_nat002,64000,18643,72,4,10.888287,set0_rep64,dace-gcc,mimalloc,64
newdxx_g,BaO_nat002,64000,18643,72,5,10.904512,set0_rep64,dace-gcc,mimalloc,64
newdxx_g,BaO_nat002,64000,18643,72,6,10.928767,set0_rep64,dace-gcc,mimalloc,64
newdxx_g,BaO_nat002,64000,18643,72,7,10.968574,set0_rep64,dace-gcc,mimalloc,64
newdxx_g,BaO_nat002,64000,18643,72,8,10.849985,set0_rep64,dace-gcc,mimalloc,64
newdxx_g,BaO_nat002,64000,18643,72,9,10.939103,set0_rep64,dace-gcc,mimalloc,64
newdxx_g,BaO_nat002,64000,18643,72,10,10.941790,set0_rep64,dace-gcc,mimalloc,64
newdxx_g,BaO_nat002,64000,18643,72,11,10.920063,set0_rep64,dace-gcc,mimalloc,64
newdxx_g,BaO_nat002,64000,18643,72,12,10.839745,set0_rep64,dace-gcc,mimalloc,64
newdxx_g,BaO_nat002,64000,18643,72,13,11.091098,set0_rep64,dace-gcc,mimalloc,64
newdxx_g,BaO_nat002,64000,18643,72,14,10.909247,set0_rep64,dace-gcc,mimalloc,64
newdxx_g,BaO_nat002,64000,18643,72,15,11.028604,set0_rep64,dace-gcc,mimalloc,64
newdxx_g,BaO_nat002,64000,18643,72,16,11.039963,set0_rep64,dace-gcc,mimalloc,64
newdxx_g,BaO_nat002,64000,18643,72,17,10.983101,set0_rep64,dace-gcc,mimalloc,64
newdxx_g,BaO_nat002,64000,18643,72,18,11.003772,set0_rep64,dace-gcc,mimalloc,64
newdxx_g,BaO_nat002,64000,18643,72,19,10.920063,set0_rep64,dace-gcc,mimalloc,64
newdxx_g,BaO_nat002,64000,18643,1,0,10.621096,set1,dace-gcc,mimalloc,1
newdxx_g,BaO_nat002,64000,18643,1,1,10.738980,set1,dace-gcc,mimalloc,1
newdxx_g,BaO_nat002,64000,18643,1,2,10.664615,set1,dace-gcc,mimalloc,1
newdxx_g,BaO_nat002,64000,18643,1,3,10.651367,set1,dace-gcc,mimalloc,1
newdxx_g,BaO_nat002,64000,18643,1,4,10.613768,set1,dace-gcc,mimalloc,1
newdxx_g,BaO_nat002,64000,18643,1,5,10.644135,set1,dace-gcc,mimalloc,1
newdxx_g,BaO_nat002,64000,18643,1,6,10.663750,set1,dace-gcc,mimalloc,1
newdxx_g,BaO_nat002,64000,18643,1,7,10.460397,set1,dace-gcc,mimalloc,1
newdxx_g,BaO_nat002,64000,18643,1,8,10.619624,set1,dace-gcc,mimalloc,1
newdxx_g,BaO_nat002,64000,18643,1,9,10.610600,set1,dace-gcc,mimalloc,1
newdxx_g,BaO_nat002,64000,18643,1,10,10.617928,set1,dace-gcc,mimalloc,1
newdxx_g,BaO_nat002,64000,18643,1,11,10.615943,set1,dace-gcc,mimalloc,1
newdxx_g,BaO_nat002,64000,18643,1,12,10.594792,set1,dace-gcc,mimalloc,1
newdxx_g,BaO_nat002,64000,18643,1,13,10.598088,set1,dace-gcc,mimalloc,1
newdxx_g,BaO_nat002,64000,18643,1,14,10.544138,set1,dace-gcc,mimalloc,1
newdxx_g,BaO_nat002,64000,18643,1,15,10.413742,set1,dace-gcc,mimalloc,1
newdxx_g,BaO_nat002,64000,18643,1,16,10.701637,set1,dace-gcc,mimalloc,1
newdxx_g,BaO_nat002,64000,18643,1,17,10.545034,set1,dace-gcc,mimalloc,1
newdxx_g,BaO_nat002,64000,18643,1,18,10.688806,set1,dace-gcc,mimalloc,1
newdxx_g,BaO_nat002,64000,18643,1,19,10.680007,set1,dace-gcc,mimalloc,1
newdxx_g,BaO_nat002,64000,18643,2,0,8.697921,set1,dace-gcc,mimalloc,1
newdxx_g,BaO_nat002,64000,18643,2,1,8.675617,set1,dace-gcc,mimalloc,1
newdxx_g,BaO_nat002,64000,18643,2,2,8.620931,set1,dace-gcc,mimalloc,1
newdxx_g,BaO_nat002,64000,18643,2,3,8.814684,set1,dace-gcc,mimalloc,1
newdxx_g,BaO_nat002,64000,18643,2,4,8.658466,set1,dace-gcc,mimalloc,1
newdxx_g,BaO_nat002,64000,18643,2,5,8.748351,set1,dace-gcc,mimalloc,1
newdxx_g,BaO_nat002,64000,18643,2,6,8.693505,set1,dace-gcc,mimalloc,1
newdxx_g,BaO_nat002,64000,18643,2,7,8.724511,set1,dace-gcc,mimalloc,1
newdxx_g,BaO_nat002,64000,18643,2,8,8.662050,set1,dace-gcc,mimalloc,1
newdxx_g,BaO_nat002,64000,18643,2,9,8.721920,set1,dace-gcc,mimalloc,1
newdxx_g,BaO_nat002,64000,18643,2,10,8.633314,set1,dace-gcc,mimalloc,1
newdxx_g,BaO_nat002,64000,18643,2,11,8.632674,set1,dace-gcc,mimalloc,1
newdxx_g,BaO_nat002,64000,18643,2,12,8.603234,set1,dace-gcc,mimalloc,1
newdxx_g,BaO_nat002,64000,18643,2,13,8.591396,set1,dace-gcc,mimalloc,1
newdxx_g,BaO_nat002,64000,18643,2,14,8.340651,set1,dace-gcc,mimalloc,1
newdxx_g,BaO_nat002,64000,18643,2,15,8.632674,set1,dace-gcc,mimalloc,1
newdxx_g,BaO_nat002,64000,18643,2,16,8.627042,set1,dace-gcc,mimalloc,1
newdxx_g,BaO_nat002,64000,18643,2,17,8.640738,set1,dace-gcc,mimalloc,1
newdxx_g,BaO_nat002,64000,18643,2,18,8.523685,set1,dace-gcc,mimalloc,1
newdxx_g,BaO_nat002,64000,18643,2,19,8.548548,set1,dace-gcc,mimalloc,1
newdxx_g,BaO_nat002,64000,18643,4,0,9.147507,set1,dace-gcc,mimalloc,1
newdxx_g,BaO_nat002,64000,18643,4,1,8.821532,set1,dace-gcc,mimalloc,1
newdxx_g,BaO_nat002,64000,18643,4,2,8.922330,set1,dace-gcc,mimalloc,1
newdxx_g,BaO_nat002,64000,18643,4,3,8.772030,set1,dace-gcc,mimalloc,1
newdxx_g,BaO_nat002,64000,18643,4,4,8.679776,set1,dace-gcc,mimalloc,1
newdxx_g,BaO_nat002,64000,18643,4,5,8.686656,set1,dace-gcc,mimalloc,1
newdxx_g,BaO_nat002,64000,18643,4,6,8.614050,set1,dace-gcc,mimalloc,1
newdxx_g,BaO_nat002,64000,18643,4,7,8.794302,set1,dace-gcc,mimalloc,1
newdxx_g,BaO_nat002,64000,18643,4,8,8.850460,set1,dace-gcc,mimalloc,1
newdxx_g,BaO_nat002,64000,18643,4,9,8.761535,set1,dace-gcc,mimalloc,1
newdxx_g,BaO_nat002,64000,18643,4,10,8.704352,set1,dace-gcc,mimalloc,1
newdxx_g,BaO_nat002,64000,18643,4,11,8.742239,set1,dace-gcc,mimalloc,1
newdxx_g,BaO_nat002,64000,18643,4,12,8.630307,set1,dace-gcc,mimalloc,1
newdxx_g,BaO_nat002,64000,18643,4,13,8.664897,set1,dace-gcc,mimalloc,1
newdxx_g,BaO_nat002,64000,18643,4,14,8.685408,set1,dace-gcc,mimalloc,1
newdxx_g,BaO_nat002,64000,18643,4,15,8.682816,set1,dace-gcc,mimalloc,1
newdxx_g,BaO_nat002,64000,18643,4,16,8.643937,set1,dace-gcc,mimalloc,1
newdxx_g,BaO_nat002,64000,18643,4,17,8.697824,set1,dace-gcc,mimalloc,1
newdxx_g,BaO_nat002,64000,18643,4,18,8.644961,set1,dace-gcc,mimalloc,1
newdxx_g,BaO_nat002,64000,18643,4,19,8.702304,set1,dace-gcc,mimalloc,1
newdxx_g,BaO_nat002,64000,18643,8,0,8.952793,set1,dace-gcc,mimalloc,1
newdxx_g,BaO_nat002,64000,18643,8,1,9.174195,set1,dace-gcc,mimalloc,1
newdxx_g,BaO_nat002,64000,18643,8,2,8.847484,set1,dace-gcc,mimalloc,1
newdxx_g,BaO_nat002,64000,18643,8,3,8.880859,set1,dace-gcc,mimalloc,1
newdxx_g,BaO_nat002,64000,18643,8,4,9.085748,set1,dace-gcc,mimalloc,1
newdxx_g,BaO_nat002,64000,18643,8,5,8.903194,set1,dace-gcc,mimalloc,1
newdxx_g,BaO_nat002,64000,18643,8,6,8.843292,set1,dace-gcc,mimalloc,1
newdxx_g,BaO_nat002,64000,18643,8,7,8.869947,set1,dace-gcc,mimalloc,1
newdxx_g,BaO_nat002,64000,18643,8,8,8.781597,set1,dace-gcc,mimalloc,1
newdxx_g,BaO_nat002,64000,18643,8,9,8.823292,set1,dace-gcc,mimalloc,1
newdxx_g,BaO_nat002,64000,18643,8,10,8.814877,set1,dace-gcc,mimalloc,1
newdxx_g,BaO_nat002,64000,18643,8,11,8.799933,set1,dace-gcc,mimalloc,1
newdxx_g,BaO_nat002,64000,18643,8,12,8.799837,set1,dace-gcc,mimalloc,1
newdxx_g,BaO_nat002,64000,18643,8,13,8.683072,set1,dace-gcc,mimalloc,1
newdxx_g,BaO_nat002,64000,18643,8,14,8.892058,set1,dace-gcc,mimalloc,1
newdxx_g,BaO_nat002,64000,18643,8,15,8.786142,set1,dace-gcc,mimalloc,1
newdxx_g,BaO_nat002,64000,18643,8,16,8.771934,set1,dace-gcc,mimalloc,1
newdxx_g,BaO_nat002,64000,18643,8,17,8.784542,set1,dace-gcc,mimalloc,1
newdxx_g,BaO_nat002,64000,18643,8,18,8.851644,set1,dace-gcc,mimalloc,1
newdxx_g,BaO_nat002,64000,18643,8,19,8.753727,set1,dace-gcc,mimalloc,1
newdxx_g,BaO_nat002,64000,18643,16,0,9.219537,set1,dace-gcc,mimalloc,1
newdxx_g,BaO_nat002,64000,18643,16,1,9.216401,set1,dace-gcc,mimalloc,1
newdxx_g,BaO_nat002,64000,18643,16,2,9.146803,set1,dace-gcc,mimalloc,1
newdxx_g,BaO_nat002,64000,18643,16,3,9.103988,set1,dace-gcc,mimalloc,1
newdxx_g,BaO_nat002,64000,18643,16,4,9.197809,set1,dace-gcc,mimalloc,1
newdxx_g,BaO_nat002,64000,18643,16,5,9.138067,set1,dace-gcc,mimalloc,1
newdxx_g,BaO_nat002,64000,18643,16,6,9.242577,set1,dace-gcc,mimalloc,1
newdxx_g,BaO_nat002,64000,18643,16,7,9.039414,set1,dace-gcc,mimalloc,1
newdxx_g,BaO_nat002,64000,18643,16,8,9.078101,set1,dace-gcc,mimalloc,1
newdxx_g,BaO_nat002,64000,18643,16,9,9.217841,set1,dace-gcc,mimalloc,1
newdxx_g,BaO_nat002,64000,18643,16,10,9.043254,set1,dace-gcc,mimalloc,1
newdxx_g,BaO_nat002,64000,18643,16,11,8.996439,set1,dace-gcc,mimalloc,1
newdxx_g,BaO_nat002,64000,18643,16,12,9.005207,set1,dace-gcc,mimalloc,1
newdxx_g,BaO_nat002,64000,18643,16,13,9.139059,set1,dace-gcc,mimalloc,1
newdxx_g,BaO_nat002,64000,18643,16,14,8.994584,set1,dace-gcc,mimalloc,1
newdxx_g,BaO_nat002,64000,18643,16,15,8.989272,set1,dace-gcc,mimalloc,1
newdxx_g,BaO_nat002,64000,18643,16,16,9.364557,set1,dace-gcc,mimalloc,1
newdxx_g,BaO_nat002,64000,18643,16,17,8.908058,set1,dace-gcc,mimalloc,1
newdxx_g,BaO_nat002,64000,18643,16,18,9.166898,set1,dace-gcc,mimalloc,1
newdxx_g,BaO_nat002,64000,18643,16,19,9.055958,set1,dace-gcc,mimalloc,1
newdxx_g,BaO_nat002,64000,18643,32,0,10.286162,set1,dace-gcc,mimalloc,1
newdxx_g,BaO_nat002,64000,18643,32,1,9.924924,set1,dace-gcc,mimalloc,1
newdxx_g,BaO_nat002,64000,18643,32,2,10.354255,set1,dace-gcc,mimalloc,1
newdxx_g,BaO_nat002,64000,18643,32,3,9.868414,set1,dace-gcc,mimalloc,1
newdxx_g,BaO_nat002,64000,18643,32,4,9.847103,set1,dace-gcc,mimalloc,1
newdxx_g,BaO_nat002,64000,18643,32,5,10.075576,set1,dace-gcc,mimalloc,1
newdxx_g,BaO_nat002,64000,18643,32,6,9.859998,set1,dace-gcc,mimalloc,1
newdxx_g,BaO_nat002,64000,18643,32,7,9.779104,set1,dace-gcc,mimalloc,1
newdxx_g,BaO_nat002,64000,18643,32,8,9.935484,set1,dace-gcc,mimalloc,1
newdxx_g,BaO_nat002,64000,18643,32,9,9.858399,set1,dace-gcc,mimalloc,1
newdxx_g,BaO_nat002,64000,18643,32,10,9.764289,set1,dace-gcc,mimalloc,1
newdxx_g,BaO_nat002,64000,18643,32,11,9.753985,set1,dace-gcc,mimalloc,1
newdxx_g,BaO_nat002,64000,18643,32,12,9.977851,set1,dace-gcc,mimalloc,1
newdxx_g,BaO_nat002,64000,18643,32,13,9.712803,set1,dace-gcc,mimalloc,1
newdxx_g,BaO_nat002,64000,18643,32,14,9.728162,set1,dace-gcc,mimalloc,1
newdxx_g,BaO_nat002,64000,18643,32,15,9.839454,set1,dace-gcc,mimalloc,1
newdxx_g,BaO_nat002,64000,18643,32,16,9.701410,set1,dace-gcc,mimalloc,1
newdxx_g,BaO_nat002,64000,18643,32,17,9.990522,set1,dace-gcc,mimalloc,1
newdxx_g,BaO_nat002,64000,18643,32,18,15.589941,set1,dace-gcc,mimalloc,1
newdxx_g,BaO_nat002,64000,18643,32,19,9.948604,set1,dace-gcc,mimalloc,1
newdxx_g,BaO_nat002,64000,18643,64,0,11.902594,set1,dace-gcc,mimalloc,1
newdxx_g,BaO_nat002,64000,18643,64,1,11.952481,set1,dace-gcc,mimalloc,1
newdxx_g,BaO_nat002,64000,18643,64,2,11.501870,set1,dace-gcc,mimalloc,1
newdxx_g,BaO_nat002,64000,18643,64,3,11.433423,set1,dace-gcc,mimalloc,1
newdxx_g,BaO_nat002,64000,18643,64,4,11.461775,set1,dace-gcc,mimalloc,1
newdxx_g,BaO_nat002,64000,18643,64,5,11.469295,set1,dace-gcc,mimalloc,1
newdxx_g,BaO_nat002,64000,18643,64,6,11.429968,set1,dace-gcc,mimalloc,1
newdxx_g,BaO_nat002,64000,18643,64,7,11.526573,set1,dace-gcc,mimalloc,1
newdxx_g,BaO_nat002,64000,18643,64,8,11.440559,set1,dace-gcc,mimalloc,1
newdxx_g,BaO_nat002,64000,18643,64,9,11.532013,set1,dace-gcc,mimalloc,1
newdxx_g,BaO_nat002,64000,18643,64,10,11.466319,set1,dace-gcc,mimalloc,1
newdxx_g,BaO_nat002,64000,18643,64,11,11.450512,set1,dace-gcc,mimalloc,1
newdxx_g,BaO_nat002,64000,18643,64,12,11.536173,set1,dace-gcc,mimalloc,1
newdxx_g,BaO_nat002,64000,18643,64,13,11.393521,set1,dace-gcc,mimalloc,1
newdxx_g,BaO_nat002,64000,18643,64,14,11.431728,set1,dace-gcc,mimalloc,1
newdxx_g,BaO_nat002,64000,18643,64,15,11.323283,set1,dace-gcc,mimalloc,1
newdxx_g,BaO_nat002,64000,18643,64,16,11.330707,set1,dace-gcc,mimalloc,1
newdxx_g,BaO_nat002,64000,18643,64,17,11.373458,set1,dace-gcc,mimalloc,1
newdxx_g,BaO_nat002,64000,18643,64,18,11.343602,set1,dace-gcc,mimalloc,1
newdxx_g,BaO_nat002,64000,18643,64,19,11.361906,set1,dace-gcc,mimalloc,1
newdxx_g,BaO_nat002,64000,18643,72,0,11.929505,set1,dace-gcc,mimalloc,1
newdxx_g,BaO_nat002,64000,18643,72,1,12.078941,set1,dace-gcc,mimalloc,1
newdxx_g,BaO_nat002,64000,18643,72,2,11.980192,set1,dace-gcc,mimalloc,1
newdxx_g,BaO_nat002,64000,18643,72,3,11.906242,set1,dace-gcc,mimalloc,1
newdxx_g,BaO_nat002,64000,18643,72,4,12.356085,set1,dace-gcc,mimalloc,1
newdxx_g,BaO_nat002,64000,18643,72,5,11.982976,set1,dace-gcc,mimalloc,1
newdxx_g,BaO_nat002,64000,18643,72,6,12.666700,set1,dace-gcc,mimalloc,1
newdxx_g,BaO_nat002,64000,18643,72,7,12.275832,set1,dace-gcc,mimalloc,1
newdxx_g,BaO_nat002,64000,18643,72,8,12.447058,set1,dace-gcc,mimalloc,1
newdxx_g,BaO_nat002,64000,18643,72,9,11.990752,set1,dace-gcc,mimalloc,1
newdxx_g,BaO_nat002,64000,18643,72,10,12.594862,set1,dace-gcc,mimalloc,1
newdxx_g,BaO_nat002,64000,18643,72,11,12.908708,set1,dace-gcc,mimalloc,1
newdxx_g,BaO_nat002,64000,18643,72,12,12.676907,set1,dace-gcc,mimalloc,1
newdxx_g,BaO_nat002,64000,18643,72,13,12.924644,set1,dace-gcc,mimalloc,1
newdxx_g,BaO_nat002,64000,18643,72,14,12.036830,set1,dace-gcc,mimalloc,1
newdxx_g,BaO_nat002,64000,18643,72,15,12.023039,set1,dace-gcc,mimalloc,1
newdxx_g,BaO_nat002,64000,18643,72,16,14.769166,set1,dace-gcc,mimalloc,1
newdxx_g,BaO_nat002,64000,18643,72,17,11.985152,set1,dace-gcc,mimalloc,1
newdxx_g,BaO_nat002,64000,18643,72,18,12.385620,set1,dace-gcc,mimalloc,1
newdxx_g,BaO_nat002,64000,18643,72,19,11.953537,set1,dace-gcc,mimalloc,1
newdxx_g,BaO_nat002,64000,18643,1,0,544.810732,set1_rep64,dace-gcc,mimalloc,64
newdxx_g,BaO_nat002,64000,18643,1,1,544.465686,set1_rep64,dace-gcc,mimalloc,64
newdxx_g,BaO_nat002,64000,18643,1,2,544.360794,set1_rep64,dace-gcc,mimalloc,64
newdxx_g,BaO_nat002,64000,18643,1,3,544.981416,set1_rep64,dace-gcc,mimalloc,64
newdxx_g,BaO_nat002,64000,18643,1,4,547.373314,set1_rep64,dace-gcc,mimalloc,64
newdxx_g,BaO_nat002,64000,18643,1,5,547.196871,set1_rep64,dace-gcc,mimalloc,64
newdxx_g,BaO_nat002,64000,18643,1,6,545.586902,set1_rep64,dace-gcc,mimalloc,64
newdxx_g,BaO_nat002,64000,18643,1,7,547.389570,set1_rep64,dace-gcc,mimalloc,64
newdxx_g,BaO_nat002,64000,18643,1,8,547.542301,set1_rep64,dace-gcc,mimalloc,64
newdxx_g,BaO_nat002,64000,18643,1,9,544.897481,set1_rep64,dace-gcc,mimalloc,64
newdxx_g,BaO_nat002,64000,18643,1,10,545.080325,set1_rep64,dace-gcc,mimalloc,64
newdxx_g,BaO_nat002,64000,18643,1,11,544.425496,set1_rep64,dace-gcc,mimalloc,64
newdxx_g,BaO_nat002,64000,18643,1,12,544.893962,set1_rep64,dace-gcc,mimalloc,64
newdxx_g,BaO_nat002,64000,18643,1,13,544.397624,set1_rep64,dace-gcc,mimalloc,64
newdxx_g,BaO_nat002,64000,18643,1,14,544.861483,set1_rep64,dace-gcc,mimalloc,64
newdxx_g,BaO_nat002,64000,18643,1,15,545.117155,set1_rep64,dace-gcc,mimalloc,64
newdxx_g,BaO_nat002,64000,18643,1,16,544.940233,set1_rep64,dace-gcc,mimalloc,64
newdxx_g,BaO_nat002,64000,18643,1,17,544.840299,set1_rep64,dace-gcc,mimalloc,64
newdxx_g,BaO_nat002,64000,18643,1,18,544.728910,set1_rep64,dace-gcc,mimalloc,64
newdxx_g,BaO_nat002,64000,18643,1,19,556.534008,set1_rep64,dace-gcc,mimalloc,64
newdxx_g,BaO_nat002,64000,18643,2,0,292.384163,set1_rep64,dace-gcc,mimalloc,64
newdxx_g,BaO_nat002,64000,18643,2,1,292.521151,set1_rep64,dace-gcc,mimalloc,64
newdxx_g,BaO_nat002,64000,18643,2,2,292.382819,set1_rep64,dace-gcc,mimalloc,64
newdxx_g,BaO_nat002,64000,18643,2,3,292.618076,set1_rep64,dace-gcc,mimalloc,64
newdxx_g,BaO_nat002,64000,18643,2,4,293.379526,set1_rep64,dace-gcc,mimalloc,64
newdxx_g,BaO_nat002,64000,18643,2,5,293.280585,set1_rep64,dace-gcc,mimalloc,64
newdxx_g,BaO_nat002,64000,18643,2,6,292.281318,set1_rep64,dace-gcc,mimalloc,64
newdxx_g,BaO_nat002,64000,18643,2,7,292.500831,set1_rep64,dace-gcc,mimalloc,64
newdxx_g,BaO_nat002,64000,18643,2,8,292.603900,set1_rep64,dace-gcc,mimalloc,64
newdxx_g,BaO_nat002,64000,18643,2,9,292.449377,set1_rep64,dace-gcc,mimalloc,64
newdxx_g,BaO_nat002,64000,18643,2,10,292.918003,set1_rep64,dace-gcc,mimalloc,64
newdxx_g,BaO_nat002,64000,18643,2,11,292.435777,set1_rep64,dace-gcc,mimalloc,64
newdxx_g,BaO_nat002,64000,18643,2,12,292.860021,set1_rep64,dace-gcc,mimalloc,64
newdxx_g,BaO_nat002,64000,18643,2,13,292.464961,set1_rep64,dace-gcc,mimalloc,64
newdxx_g,BaO_nat002,64000,18643,2,14,292.421409,set1_rep64,dace-gcc,mimalloc,64
newdxx_g,BaO_nat002,64000,18643,2,15,292.576765,set1_rep64,dace-gcc,mimalloc,64
newdxx_g,BaO_nat002,64000,18643,2,16,292.661019,set1_rep64,dace-gcc,mimalloc,64
newdxx_g,BaO_nat002,64000,18643,2,17,292.647164,set1_rep64,dace-gcc,mimalloc,64
newdxx_g,BaO_nat002,64000,18643,2,18,292.152810,set1_rep64,dace-gcc,mimalloc,64
newdxx_g,BaO_nat002,64000,18643,2,19,292.706649,set1_rep64,dace-gcc,mimalloc,64
newdxx_g,BaO_nat002,64000,18643,4,0,141.825361,set1_rep64,dace-gcc,mimalloc,64
newdxx_g,BaO_nat002,64000,18643,4,1,141.384732,set1_rep64,dace-gcc,mimalloc,64
newdxx_g,BaO_nat002,64000,18643,4,2,141.654484,set1_rep64,dace-gcc,mimalloc,64
newdxx_g,BaO_nat002,64000,18643,4,3,141.780082,set1_rep64,dace-gcc,mimalloc,64
newdxx_g,BaO_nat002,64000,18643,4,4,141.586071,set1_rep64,dace-gcc,mimalloc,64
newdxx_g,BaO_nat002,64000,18643,4,5,141.480026,set1_rep64,dace-gcc,mimalloc,64
newdxx_g,BaO_nat002,64000,18643,4,6,141.751538,set1_rep64,dace-gcc,mimalloc,64
newdxx_g,BaO_nat002,64000,18643,4,7,142.084424,set1_rep64,dace-gcc,mimalloc,64
newdxx_g,BaO_nat002,64000,18643,4,8,141.496345,set1_rep64,dace-gcc,mimalloc,64
newdxx_g,BaO_nat002,64000,18643,4,9,143.448033,set1_rep64,dace-gcc,mimalloc,64
newdxx_g,BaO_nat002,64000,18643,4,10,141.661813,set1_rep64,dace-gcc,mimalloc,64
newdxx_g,BaO_nat002,64000,18643,4,11,141.632822,set1_rep64,dace-gcc,mimalloc,64
newdxx_g,BaO_nat002,64000,18643,4,12,141.418011,set1_rep64,dace-gcc,mimalloc,64
newdxx_g,BaO_nat002,64000,18643,4,13,141.563448,set1_rep64,dace-gcc,mimalloc,64
newdxx_g,BaO_nat002,64000,18643,4,14,141.975948,set1_rep64,dace-gcc,mimalloc,64
newdxx_g,BaO_nat002,64000,18643,4,15,141.403869,set1_rep64,dace-gcc,mimalloc,64
newdxx_g,BaO_nat002,64000,18643,4,16,141.659604,set1_rep64,dace-gcc,mimalloc,64
newdxx_g,BaO_nat002,64000,18643,4,17,141.481946,set1_rep64,dace-gcc,mimalloc,64
newdxx_g,BaO_nat002,64000,18643,4,18,141.825520,set1_rep64,dace-gcc,mimalloc,64
newdxx_g,BaO_nat002,64000,18643,4,19,141.991051,set1_rep64,dace-gcc,mimalloc,64
newdxx_g,BaO_nat002,64000,18643,8,0,71.930427,set1_rep64,dace-gcc,mimalloc,64
newdxx_g,BaO_nat002,64000,18643,8,1,71.774623,set1_rep64,dace-gcc,mimalloc,64
newdxx_g,BaO_nat002,64000,18643,8,2,72.415404,set1_rep64,dace-gcc,mimalloc,64
newdxx_g,BaO_nat002,64000,18643,8,3,71.731712,set1_rep64,dace-gcc,mimalloc,64
newdxx_g,BaO_nat002,64000,18643,8,4,71.828349,set1_rep64,dace-gcc,mimalloc,64
newdxx_g,BaO_nat002,64000,18643,8,5,71.772959,set1_rep64,dace-gcc,mimalloc,64
newdxx_g,BaO_nat002,64000,18643,8,6,71.736512,set1_rep64,dace-gcc,mimalloc,64
newdxx_g,BaO_nat002,64000,18643,8,7,71.653667,set1_rep64,dace-gcc,mimalloc,64
newdxx_g,BaO_nat002,64000,18643,8,8,72.081910,set1_rep64,dace-gcc,mimalloc,64
newdxx_g,BaO_nat002,64000,18643,8,9,72.223250,set1_rep64,dace-gcc,mimalloc,64
newdxx_g,BaO_nat002,64000,18643,8,10,71.733824,set1_rep64,dace-gcc,mimalloc,64
newdxx_g,BaO_nat002,64000,18643,8,11,71.566661,set1_rep64,dace-gcc,mimalloc,64
newdxx_g,BaO_nat002,64000,18643,8,12,71.643586,set1_rep64,dace-gcc,mimalloc,64
newdxx_g,BaO_nat002,64000,18643,8,13,71.692802,set1_rep64,dace-gcc,mimalloc,64
newdxx_g,BaO_nat002,64000,18643,8,14,71.771199,set1_rep64,dace-gcc,mimalloc,64
newdxx_g,BaO_nat002,64000,18643,8,15,71.853917,set1_rep64,dace-gcc,mimalloc,64
newdxx_g,BaO_nat002,64000,18643,8,16,72.265265,set1_rep64,dace-gcc,mimalloc,64
newdxx_g,BaO_nat002,64000,18643,8,17,71.902428,set1_rep64,dace-gcc,mimalloc,64
newdxx_g,BaO_nat002,64000,18643,8,18,71.835805,set1_rep64,dace-gcc,mimalloc,64
newdxx_g,BaO_nat002,64000,18643,8,19,71.713921,set1_rep64,dace-gcc,mimalloc,64
newdxx_g,BaO_nat002,64000,18643,16,0,37.355269,set1_rep64,dace-gcc,mimalloc,64
newdxx_g,BaO_nat002,64000,18643,16,1,37.507969,set1_rep64,dace-gcc,mimalloc,64
newdxx_g,BaO_nat002,64000,18643,16,2,37.476001,set1_rep64,dace-gcc,mimalloc,64
newdxx_g,BaO_nat002,64000,18643,16,3,37.454690,set1_rep64,dace-gcc,mimalloc,64
newdxx_g,BaO_nat002,64000,18643,16,4,38.639935,set1_rep64,dace-gcc,mimalloc,64
newdxx_g,BaO_nat002,64000,18643,16,5,37.953524,set1_rep64,dace-gcc,mimalloc,64
newdxx_g,BaO_nat002,64000,18643,16,6,37.714555,set1_rep64,dace-gcc,mimalloc,64
newdxx_g,BaO_nat002,64000,18643,16,7,37.540351,set1_rep64,dace-gcc,mimalloc,64
newdxx_g,BaO_nat002,64000,18643,16,8,37.486273,set1_rep64,dace-gcc,mimalloc,64
newdxx_g,BaO_nat002,64000,18643,16,9,37.856311,set1_rep64,dace-gcc,mimalloc,64
newdxx_g,BaO_nat002,64000,18643,16,10,37.643580,set1_rep64,dace-gcc,mimalloc,64
newdxx_g,BaO_nat002,64000,18643,16,11,37.481889,set1_rep64,dace-gcc,mimalloc,64
newdxx_g,BaO_nat002,64000,18643,16,12,37.530144,set1_rep64,dace-gcc,mimalloc,64
newdxx_g,BaO_nat002,64000,18643,16,13,37.475969,set1_rep64,dace-gcc,mimalloc,64
newdxx_g,BaO_nat002,64000,18643,16,14,37.467906,set1_rep64,dace-gcc,mimalloc,64
newdxx_g,BaO_nat002,64000,18643,16,15,37.462241,set1_rep64,dace-gcc,mimalloc,64
newdxx_g,BaO_nat002,64000,18643,16,16,37.902965,set1_rep64,dace-gcc,mimalloc,64
newdxx_g,BaO_nat002,64000,18643,16,17,37.571743,set1_rep64,dace-gcc,mimalloc,64
newdxx_g,BaO_nat002,64000,18643,16,18,37.878133,set1_rep64,dace-gcc,mimalloc,64
newdxx_g,BaO_nat002,64000,18643,16,19,37.633533,set1_rep64,dace-gcc,mimalloc,64
newdxx_g,BaO_nat002,64000,18643,32,0,20.186103,set1_rep64,dace-gcc,mimalloc,64
newdxx_g,BaO_nat002,64000,18643,32,1,20.073498,set1_rep64,dace-gcc,mimalloc,64
newdxx_g,BaO_nat002,64000,18643,32,2,20.058426,set1_rep64,dace-gcc,mimalloc,64
newdxx_g,BaO_nat002,64000,18643,32,3,20.013276,set1_rep64,dace-gcc,mimalloc,64
newdxx_g,BaO_nat002,64000,18643,32,4,19.985884,set1_rep64,dace-gcc,mimalloc,64
newdxx_g,BaO_nat002,64000,18643,32,5,20.012859,set1_rep64,dace-gcc,mimalloc,64
newdxx_g,BaO_nat002,64000,18643,32,6,19.956125,set1_rep64,dace-gcc,mimalloc,64
newdxx_g,BaO_nat002,64000,18643,32,7,19.891359,set1_rep64,dace-gcc,mimalloc,64
newdxx_g,BaO_nat002,64000,18643,32,8,20.124185,set1_rep64,dace-gcc,mimalloc,64
newdxx_g,BaO_nat002,64000,18643,32,9,20.005372,set1_rep64,dace-gcc,mimalloc,64
newdxx_g,BaO_nat002,64000,18643,32,10,19.941054,set1_rep64,dace-gcc,mimalloc,64
newdxx_g,BaO_nat002,64000,18643,32,11,19.910846,set1_rep64,dace-gcc,mimalloc,64
newdxx_g,BaO_nat002,64000,18643,32,12,19.873664,set1_rep64,dace-gcc,mimalloc,64
newdxx_g,BaO_nat002,64000,18643,32,13,19.888863,set1_rep64,dace-gcc,mimalloc,64
newdxx_g,BaO_nat002,64000,18643,32,14,19.955934,set1_rep64,dace-gcc,mimalloc,64
newdxx_g,BaO_nat002,64000,18643,32,15,19.848737,set1_rep64,dace-gcc,mimalloc,64
newdxx_g,BaO_nat002,64000,18643,32,16,19.854656,set1_rep64,dace-gcc,mimalloc,64
newdxx_g,BaO_nat002,64000,18643,32,17,19.862144,set1_rep64,dace-gcc,mimalloc,64
newdxx_g,BaO_nat002,64000,18643,32,18,20.348754,set1_rep64,dace-gcc,mimalloc,64
newdxx_g,BaO_nat002,64000,18643,32,19,19.919934,set1_rep64,dace-gcc,mimalloc,64
newdxx_g,BaO_nat002,64000,18643,64,0,10.882469,set1_rep64,dace-gcc,mimalloc,64
newdxx_g,BaO_nat002,64000,18643,64,1,10.845605,set1_rep64,dace-gcc,mimalloc,64
newdxx_g,BaO_nat002,64000,18643,64,2,10.845733,set1_rep64,dace-gcc,mimalloc,64
newdxx_g,BaO_nat002,64000,18643,64,3,10.778024,set1_rep64,dace-gcc,mimalloc,64
newdxx_g,BaO_nat002,64000,18643,64,4,10.723146,set1_rep64,dace-gcc,mimalloc,64
newdxx_g,BaO_nat002,64000,18643,64,5,10.751240,set1_rep64,dace-gcc,mimalloc,64
newdxx_g,BaO_nat002,64000,18643,64,6,10.886532,set1_rep64,dace-gcc,mimalloc,64
newdxx_g,BaO_nat002,64000,18643,64,7,10.806887,set1_rep64,dace-gcc,mimalloc,64
newdxx_g,BaO_nat002,64000,18643,64,8,10.794055,set1_rep64,dace-gcc,mimalloc,64
newdxx_g,BaO_nat002,64000,18643,64,9,10.798823,set1_rep64,dace-gcc,mimalloc,64
newdxx_g,BaO_nat002,64000,18643,64,10,10.754184,set1_rep64,dace-gcc,mimalloc,64
newdxx_g,BaO_nat002,64000,18643,64,11,10.785512,set1_rep64,dace-gcc,mimalloc,64
newdxx_g,BaO_nat002,64000,18643,64,12,10.814951,set1_rep64,dace-gcc,mimalloc,64
newdxx_g,BaO_nat002,64000,18643,64,13,10.744744,set1_rep64,dace-gcc,mimalloc,64
newdxx_g,BaO_nat002,64000,18643,64,14,10.838790,set1_rep64,dace-gcc,mimalloc,64
newdxx_g,BaO_nat002,64000,18643,64,15,10.755336,set1_rep64,dace-gcc,mimalloc,64
newdxx_g,BaO_nat002,64000,18643,64,16,10.760872,set1_rep64,dace-gcc,mimalloc,64
newdxx_g,BaO_nat002,64000,18643,64,17,10.765704,set1_rep64,dace-gcc,mimalloc,64
newdxx_g,BaO_nat002,64000,18643,64,18,10.770567,set1_rep64,dace-gcc,mimalloc,64
newdxx_g,BaO_nat002,64000,18643,64,19,10.740361,set1_rep64,dace-gcc,mimalloc,64
newdxx_g,BaO_nat002,64000,18643,72,0,11.000001,set1_rep64,dace-gcc,mimalloc,64
newdxx_g,BaO_nat002,64000,18643,72,1,11.069631,set1_rep64,dace-gcc,mimalloc,64
newdxx_g,BaO_nat002,64000,18643,72,2,11.001857,set1_rep64,dace-gcc,mimalloc,64
newdxx_g,BaO_nat002,64000,18643,72,3,11.085887,set1_rep64,dace-gcc,mimalloc,64
newdxx_g,BaO_nat002,64000,18643,72,4,11.019777,set1_rep64,dace-gcc,mimalloc,64
newdxx_g,BaO_nat002,64000,18643,72,5,11.117022,set1_rep64,dace-gcc,mimalloc,64
newdxx_g,BaO_nat002,64000,18643,72,6,10.991073,set1_rep64,dace-gcc,mimalloc,64
newdxx_g,BaO_nat002,64000,18643,72,7,10.969410,set1_rep64,dace-gcc,mimalloc,64
newdxx_g,BaO_nat002,64000,18643,72,8,11.006529,set1_rep64,dace-gcc,mimalloc,64
newdxx_g,BaO_nat002,64000,18643,72,9,11.437557,set1_rep64,dace-gcc,mimalloc,64
newdxx_g,BaO_nat002,64000,18643,72,10,11.965221,set1_rep64,dace-gcc,mimalloc,64
newdxx_g,BaO_nat002,64000,18643,72,11,11.004577,set1_rep64,dace-gcc,mimalloc,64
newdxx_g,BaO_nat002,64000,18643,72,12,11.139837,set1_rep64,dace-gcc,mimalloc,64
newdxx_g,BaO_nat002,64000,18643,72,13,11.137437,set1_rep64,dace-gcc,mimalloc,64
newdxx_g,BaO_nat002,64000,18643,72,14,11.022368,set1_rep64,dace-gcc,mimalloc,64
newdxx_g,BaO_nat002,64000,18643,72,15,11.017504,set1_rep64,dace-gcc,mimalloc,64
newdxx_g,BaO_nat002,64000,18643,72,16,12.008548,set1_rep64,dace-gcc,mimalloc,64
newdxx_g,BaO_nat002,64000,18643,72,17,11.168764,set1_rep64,dace-gcc,mimalloc,64
newdxx_g,BaO_nat002,64000,18643,72,18,11.020160,set1_rep64,dace-gcc,mimalloc,64
newdxx_g,BaO_nat002,64000,18643,72,19,11.260922,set1_rep64,dace-gcc,mimalloc,64
newdxx_g,BaTiO3_nat005,64000,27609,1,0,34.079747,set0,dace-gcc,mimalloc,1
newdxx_g,BaTiO3_nat005,64000,27609,1,1,35.840273,set0,dace-gcc,mimalloc,1
newdxx_g,BaTiO3_nat005,64000,27609,1,2,34.666643,set0,dace-gcc,mimalloc,1
newdxx_g,BaTiO3_nat005,64000,27609,1,3,35.023976,set0,dace-gcc,mimalloc,1
newdxx_g,BaTiO3_nat005,64000,27609,1,4,34.994345,set0,dace-gcc,mimalloc,1
newdxx_g,BaTiO3_nat005,64000,27609,1,5,34.844526,set0,dace-gcc,mimalloc,1
newdxx_g,BaTiO3_nat005,64000,27609,1,6,34.840174,set0,dace-gcc,mimalloc,1
newdxx_g,BaTiO3_nat005,64000,27609,1,7,34.296733,set0,dace-gcc,mimalloc,1
newdxx_g,BaTiO3_nat005,64000,27609,1,8,34.137826,set0,dace-gcc,mimalloc,1
newdxx_g,BaTiO3_nat005,64000,27609,1,9,34.244800,set0,dace-gcc,mimalloc,1
newdxx_g,BaTiO3_nat005,64000,27609,1,10,34.730929,set0,dace-gcc,mimalloc,1
newdxx_g,BaTiO3_nat005,64000,27609,1,11,34.167169,set0,dace-gcc,mimalloc,1
newdxx_g,BaTiO3_nat005,64000,27609,1,12,34.545910,set0,dace-gcc,mimalloc,1
newdxx_g,BaTiO3_nat005,64000,27609,1,13,34.793103,set0,dace-gcc,mimalloc,1
newdxx_g,BaTiO3_nat005,64000,27609,1,14,34.412314,set0,dace-gcc,mimalloc,1
newdxx_g,BaTiO3_nat005,64000,27609,1,15,34.139298,set0,dace-gcc,mimalloc,1
newdxx_g,BaTiO3_nat005,64000,27609,1,16,34.627700,set0,dace-gcc,mimalloc,1
newdxx_g,BaTiO3_nat005,64000,27609,1,17,35.001673,set0,dace-gcc,mimalloc,1
newdxx_g,BaTiO3_nat005,64000,27609,1,18,34.189121,set0,dace-gcc,mimalloc,1
newdxx_g,BaTiO3_nat005,64000,27609,1,19,33.782860,set0,dace-gcc,mimalloc,1
newdxx_g,BaTiO3_nat005,64000,27609,2,0,30.987964,set0,dace-gcc,mimalloc,1
newdxx_g,BaTiO3_nat005,64000,27609,2,1,31.034489,set0,dace-gcc,mimalloc,1
newdxx_g,BaTiO3_nat005,64000,27609,2,2,30.827776,set0,dace-gcc,mimalloc,1
newdxx_g,BaTiO3_nat005,64000,27609,2,3,31.064217,set0,dace-gcc,mimalloc,1
newdxx_g,BaTiO3_nat005,64000,27609,2,4,31.137974,set0,dace-gcc,mimalloc,1
newdxx_g,BaTiO3_nat005,64000,27609,2,5,31.018618,set0,dace-gcc,mimalloc,1
newdxx_g,BaTiO3_nat005,64000,27609,2,6,30.811904,set0,dace-gcc,mimalloc,1
newdxx_g,BaTiO3_nat005,64000,27609,2,7,31.184117,set0,dace-gcc,mimalloc,1
newdxx_g,BaTiO3_nat005,64000,27609,2,8,31.010746,set0,dace-gcc,mimalloc,1
newdxx_g,BaTiO3_nat005,64000,27609,2,9,31.031738,set0,dace-gcc,mimalloc,1
newdxx_g,BaTiO3_nat005,64000,27609,2,10,30.936476,set0,dace-gcc,mimalloc,1
newdxx_g,BaTiO3_nat005,64000,27609,2,11,30.794720,set0,dace-gcc,mimalloc,1
newdxx_g,BaTiO3_nat005,64000,27609,2,12,30.699172,set0,dace-gcc,mimalloc,1
newdxx_g,BaTiO3_nat005,64000,27609,2,13,30.872894,set0,dace-gcc,mimalloc,1
newdxx_g,BaTiO3_nat005,64000,27609,2,14,30.663076,set0,dace-gcc,mimalloc,1
newdxx_g,BaTiO3_nat005,64000,27609,2,15,30.776833,set0,dace-gcc,mimalloc,1
newdxx_g,BaTiO3_nat005,64000,27609,2,16,30.774881,set0,dace-gcc,mimalloc,1
newdxx_g,BaTiO3_nat005,64000,27609,2,17,30.648037,set0,dace-gcc,mimalloc,1
newdxx_g,BaTiO3_nat005,64000,27609,2,18,30.558119,set0,dace-gcc,mimalloc,1
newdxx_g,BaTiO3_nat005,64000,27609,2,19,30.528552,set0,dace-gcc,mimalloc,1
newdxx_g,BaTiO3_nat005,64000,27609,4,0,27.778904,set0,dace-gcc,mimalloc,1
newdxx_g,BaTiO3_nat005,64000,27609,4,1,27.718041,set0,dace-gcc,mimalloc,1
newdxx_g,BaTiO3_nat005,64000,27609,4,2,27.464866,set0,dace-gcc,mimalloc,1
newdxx_g,BaTiO3_nat005,64000,27609,4,3,27.267655,set0,dace-gcc,mimalloc,1
newdxx_g,BaTiO3_nat005,64000,27609,4,4,27.269543,set0,dace-gcc,mimalloc,1
newdxx_g,BaTiO3_nat005,64000,27609,4,5,27.910037,set0,dace-gcc,mimalloc,1
newdxx_g,BaTiO3_nat005,64000,27609,4,6,27.801592,set0,dace-gcc,mimalloc,1
newdxx_g,BaTiO3_nat005,64000,27609,4,7,28.675198,set0,dace-gcc,mimalloc,1
newdxx_g,BaTiO3_nat005,64000,27609,4,8,29.307628,set0,dace-gcc,mimalloc,1
newdxx_g,BaTiO3_nat005,64000,27609,4,9,28.269642,set0,dace-gcc,mimalloc,1
newdxx_g,BaTiO3_nat005,64000,27609,4,10,27.749913,set0,dace-gcc,mimalloc,1
newdxx_g,BaTiO3_nat005,64000,27609,4,11,27.633628,set0,dace-gcc,mimalloc,1
newdxx_g,BaTiO3_nat005,64000,27609,4,12,27.780057,set0,dace-gcc,mimalloc,1
newdxx_g,BaTiO3_nat005,64000,27609,4,13,27.943699,set0,dace-gcc,mimalloc,1
newdxx_g,BaTiO3_nat005,64000,27609,4,14,27.419554,set0,dace-gcc,mimalloc,1
newdxx_g,BaTiO3_nat005,64000,27609,4,15,29.140657,set0,dace-gcc,mimalloc,1
newdxx_g,BaTiO3_nat005,64000,27609,4,16,29.494086,set0,dace-gcc,mimalloc,1
newdxx_g,BaTiO3_nat005,64000,27609,4,17,28.766715,set0,dace-gcc,mimalloc,1
newdxx_g,BaTiO3_nat005,64000,27609,4,18,28.003826,set0,dace-gcc,mimalloc,1
newdxx_g,BaTiO3_nat005,64000,27609,4,19,27.488928,set0,dace-gcc,mimalloc,1
newdxx_g,BaTiO3_nat005,64000,27609,8,0,16.771480,set0,dace-gcc,mimalloc,1
newdxx_g,BaTiO3_nat005,64000,27609,8,1,16.227336,set0,dace-gcc,mimalloc,1
newdxx_g,BaTiO3_nat005,64000,27609,8,2,16.138186,set0,dace-gcc,mimalloc,1
newdxx_g,BaTiO3_nat005,64000,27609,8,3,15.714423,set0,dace-gcc,mimalloc,1
newdxx_g,BaTiO3_nat005,64000,27609,8,4,15.452638,set0,dace-gcc,mimalloc,1
newdxx_g,BaTiO3_nat005,64000,27609,8,5,15.429151,set0,dace-gcc,mimalloc,1
newdxx_g,BaTiO3_nat005,64000,27609,8,6,15.327682,set0,dace-gcc,mimalloc,1
newdxx_g,BaTiO3_nat005,64000,27609,8,7,15.338753,set0,dace-gcc,mimalloc,1
newdxx_g,BaTiO3_nat005,64000,27609,8,8,15.595963,set0,dace-gcc,mimalloc,1
newdxx_g,BaTiO3_nat005,64000,27609,8,9,15.784725,set0,dace-gcc,mimalloc,1
newdxx_g,BaTiO3_nat005,64000,27609,8,10,15.381984,set0,dace-gcc,mimalloc,1
newdxx_g,BaTiO3_nat005,64000,27609,8,11,15.396448,set0,dace-gcc,mimalloc,1
newdxx_g,BaTiO3_nat005,64000,27609,8,12,15.515933,set0,dace-gcc,mimalloc,1
newdxx_g,BaTiO3_nat005,64000,27609,8,13,23.844042,set0,dace-gcc,mimalloc,1
newdxx_g,BaTiO3_nat005,64000,27609,8,14,18.738271,set0,dace-gcc,mimalloc,1
newdxx_g,BaTiO3_nat005,64000,27609,8,15,15.846707,set0,dace-gcc,mimalloc,1
newdxx_g,BaTiO3_nat005,64000,27609,8,16,15.819571,set0,dace-gcc,mimalloc,1
newdxx_g,BaTiO3_nat005,64000,27609,8,17,15.541308,set0,dace-gcc,mimalloc,1
newdxx_g,BaTiO3_nat005,64000,27609,8,18,15.879922,set0,dace-gcc,mimalloc,1
newdxx_g,BaTiO3_nat005,64000,27609,8,19,15.418112,set0,dace-gcc,mimalloc,1
newdxx_g,BaTiO3_nat005,64000,27609,16,0,16.152522,set0,dace-gcc,mimalloc,1
newdxx_g,BaTiO3_nat005,64000,27609,16,1,15.643609,set0,dace-gcc,mimalloc,1
newdxx_g,BaTiO3_nat005,64000,27609,16,2,16.054573,set0,dace-gcc,mimalloc,1
newdxx_g,BaTiO3_nat005,64000,27609,16,3,15.877362,set0,dace-gcc,mimalloc,1
newdxx_g,BaTiO3_nat005,64000,27609,16,4,15.432671,set0,dace-gcc,mimalloc,1
newdxx_g,BaTiO3_nat005,64000,27609,16,5,15.926097,set0,dace-gcc,mimalloc,1
newdxx_g,BaTiO3_nat005,64000,27609,16,6,15.503166,set0,dace-gcc,mimalloc,1
newdxx_g,BaTiO3_nat005,64000,27609,16,7,15.647385,set0,dace-gcc,mimalloc,1
newdxx_g,BaTiO3_nat005,64000,27609,16,8,15.559963,set0,dace-gcc,mimalloc,1
newdxx_g,BaTiO3_nat005,64000,27609,16,9,15.900370,set0,dace-gcc,mimalloc,1
newdxx_g,BaTiO3_nat005,64000,27609,16,10,16.988882,set0,dace-gcc,mimalloc,1
newdxx_g,BaTiO3_nat005,64000,27609,16,11,16.015535,set0,dace-gcc,mimalloc,1
newdxx_g,BaTiO3_nat005,64000,27609,16,12,15.625818,set0,dace-gcc,mimalloc,1
newdxx_g,BaTiO3_nat005,64000,27609,16,13,15.869394,set0,dace-gcc,mimalloc,1
newdxx_g,BaTiO3_nat005,64000,27609,16,14,15.882354,set0,dace-gcc,mimalloc,1
newdxx_g,BaTiO3_nat005,64000,27609,16,15,15.751222,set0,dace-gcc,mimalloc,1
newdxx_g,BaTiO3_nat005,64000,27609,16,16,15.702167,set0,dace-gcc,mimalloc,1
newdxx_g,BaTiO3_nat005,64000,27609,16,17,16.220777,set0,dace-gcc,mimalloc,1
newdxx_g,BaTiO3_nat005,64000,27609,16,18,15.588475,set0,dace-gcc,mimalloc,1
newdxx_g,BaTiO3_nat005,64000,27609,16,19,16.065868,set0,dace-gcc,mimalloc,1
newdxx_g,BaTiO3_nat005,64000,27609,32,0,17.084335,set0,dace-gcc,mimalloc,1
newdxx_g,BaTiO3_nat005,64000,27609,32,1,16.854967,set0,dace-gcc,mimalloc,1
newdxx_g,BaTiO3_nat005,64000,27609,32,2,17.043856,set0,dace-gcc,mimalloc,1
newdxx_g,BaTiO3_nat005,64000,27609,32,3,17.099087,set0,dace-gcc,mimalloc,1
newdxx_g,BaTiO3_nat005,64000,27609,32,4,16.679898,set0,dace-gcc,mimalloc,1
newdxx_g,BaTiO3_nat005,64000,27609,32,5,16.957427,set0,dace-gcc,mimalloc,1
newdxx_g,BaTiO3_nat005,64000,27609,32,6,16.721946,set0,dace-gcc,mimalloc,1
newdxx_g,BaTiO3_nat005,64000,27609,32,7,17.295881,set0,dace-gcc,mimalloc,1
newdxx_g,BaTiO3_nat005,64000,27609,32,8,17.063760,set0,dace-gcc,mimalloc,1
newdxx_g,BaTiO3_nat005,64000,27609,32,9,16.986514,set0,dace-gcc,mimalloc,1
newdxx_g,BaTiO3_nat005,64000,27609,32,10,16.555806,set0,dace-gcc,mimalloc,1
newdxx_g,BaTiO3_nat005,64000,27609,32,11,17.392455,set0,dace-gcc,mimalloc,1
newdxx_g,BaTiO3_nat005,64000,27609,32,12,17.063728,set0,dace-gcc,mimalloc,1
newdxx_g,BaTiO3_nat005,64000,27609,32,13,16.858774,set0,dace-gcc,mimalloc,1
newdxx_g,BaTiO3_nat005,64000,27609,32,14,16.801847,set0,dace-gcc,mimalloc,1
newdxx_g,BaTiO3_nat005,64000,27609,32,15,16.804695,set0,dace-gcc,mimalloc,1
newdxx_g,BaTiO3_nat005,64000,27609,32,16,16.836311,set0,dace-gcc,mimalloc,1
newdxx_g,BaTiO3_nat005,64000,27609,32,17,16.482817,set0,dace-gcc,mimalloc,1
newdxx_g,BaTiO3_nat005,64000,27609,32,18,16.621916,set0,dace-gcc,mimalloc,1
newdxx_g,BaTiO3_nat005,64000,27609,32,19,16.344324,set0,dace-gcc,mimalloc,1
newdxx_g,BaTiO3_nat005,64000,27609,64,0,17.590944,set0,dace-gcc,mimalloc,1
newdxx_g,BaTiO3_nat005,64000,27609,64,1,17.494499,set0,dace-gcc,mimalloc,1
newdxx_g,BaTiO3_nat005,64000,27609,64,2,17.682238,set0,dace-gcc,mimalloc,1
newdxx_g,BaTiO3_nat005,64000,27609,64,3,17.580801,set0,dace-gcc,mimalloc,1
newdxx_g,BaTiO3_nat005,64000,27609,64,4,17.667070,set0,dace-gcc,mimalloc,1
newdxx_g,BaTiO3_nat005,64000,27609,64,5,17.635103,set0,dace-gcc,mimalloc,1
newdxx_g,BaTiO3_nat005,64000,27609,64,6,17.785084,set0,dace-gcc,mimalloc,1
newdxx_g,BaTiO3_nat005,64000,27609,64,7,17.432389,set0,dace-gcc,mimalloc,1
newdxx_g,BaTiO3_nat005,64000,27609,64,8,17.478532,set0,dace-gcc,mimalloc,1
newdxx_g,BaTiO3_nat005,64000,27609,64,9,17.731132,set0,dace-gcc,mimalloc,1
newdxx_g,BaTiO3_nat005,64000,27609,64,10,17.517730,set0,dace-gcc,mimalloc,1
newdxx_g,BaTiO3_nat005,64000,27609,64,11,19.485290,set0,dace-gcc,mimalloc,1
newdxx_g,BaTiO3_nat005,64000,27609,64,12,17.564289,set0,dace-gcc,mimalloc,1
newdxx_g,BaTiO3_nat005,64000,27609,64,13,17.540706,set0,dace-gcc,mimalloc,1
newdxx_g,BaTiO3_nat005,64000,27609,64,14,17.700509,set0,dace-gcc,mimalloc,1
newdxx_g,BaTiO3_nat005,64000,27609,64,15,17.566401,set0,dace-gcc,mimalloc,1
newdxx_g,BaTiO3_nat005,64000,27609,64,16,17.869752,set0,dace-gcc,mimalloc,1
newdxx_g,BaTiO3_nat005,64000,27609,64,17,17.678941,set0,dace-gcc,mimalloc,1
newdxx_g,BaTiO3_nat005,64000,27609,64,18,17.529250,set0,dace-gcc,mimalloc,1
newdxx_g,BaTiO3_nat005,64000,27609,64,19,17.669502,set0,dace-gcc,mimalloc,1
newdxx_g,BaTiO3_nat005,64000,27609,72,0,19.467817,set0,dace-gcc,mimalloc,1
newdxx_g,BaTiO3_nat005,64000,27609,72,1,19.551719,set0,dace-gcc,mimalloc,1
newdxx_g,BaTiO3_nat005,64000,27609,72,2,19.501001,set0,dace-gcc,mimalloc,1
newdxx_g,BaTiO3_nat005,64000,27609,72,3,24.638484,set0,dace-gcc,mimalloc,1
newdxx_g,BaTiO3_nat005,64000,27609,72,4,21.088251,set0,dace-gcc,mimalloc,1
newdxx_g,BaTiO3_nat005,64000,27609,72,5,19.554375,set0,dace-gcc,mimalloc,1
newdxx_g,BaTiO3_nat005,64000,27609,72,6,19.549096,set0,dace-gcc,mimalloc,1
newdxx_g,BaTiO3_nat005,64000,27609,72,7,19.492010,set0,dace-gcc,mimalloc,1
newdxx_g,BaTiO3_nat005,64000,27609,72,8,20.094295,set0,dace-gcc,mimalloc,1
newdxx_g,BaTiO3_nat005,64000,27609,72,9,19.362413,set0,dace-gcc,mimalloc,1
newdxx_g,BaTiO3_nat005,64000,27609,72,10,19.666148,set0,dace-gcc,mimalloc,1
newdxx_g,BaTiO3_nat005,64000,27609,72,11,19.283567,set0,dace-gcc,mimalloc,1
newdxx_g,BaTiO3_nat005,64000,27609,72,12,19.571847,set0,dace-gcc,mimalloc,1
newdxx_g,BaTiO3_nat005,64000,27609,72,13,19.437451,set0,dace-gcc,mimalloc,1
newdxx_g,BaTiO3_nat005,64000,27609,72,14,19.404491,set0,dace-gcc,mimalloc,1
newdxx_g,BaTiO3_nat005,64000,27609,72,15,19.287183,set0,dace-gcc,mimalloc,1
newdxx_g,BaTiO3_nat005,64000,27609,72,16,19.455466,set0,dace-gcc,mimalloc,1
newdxx_g,BaTiO3_nat005,64000,27609,72,17,19.658116,set0,dace-gcc,mimalloc,1
newdxx_g,BaTiO3_nat005,64000,27609,72,18,19.459626,set0,dace-gcc,mimalloc,1
newdxx_g,BaTiO3_nat005,64000,27609,72,19,19.548231,set0,dace-gcc,mimalloc,1
newdxx_g,BaTiO3_nat005,64000,27609,1,0,1724.882507,set0_rep64,dace-gcc,mimalloc,64
newdxx_g,BaTiO3_nat005,64000,27609,1,1,1737.447838,set0_rep64,dace-gcc,mimalloc,64
newdxx_g,BaTiO3_nat005,64000,27609,1,2,1759.139687,set0_rep64,dace-gcc,mimalloc,64
newdxx_g,BaTiO3_nat005,64000,27609,1,3,1723.795787,set0_rep64,dace-gcc,mimalloc,64
newdxx_g,BaTiO3_nat005,64000,27609,1,4,1726.426208,set0_rep64,dace-gcc,mimalloc,64
newdxx_g,BaTiO3_nat005,64000,27609,1,5,1724.640851,set0_rep64,dace-gcc,mimalloc,64
newdxx_g,BaTiO3_nat005,64000,27609,1,6,1727.071628,set0_rep64,dace-gcc,mimalloc,64
newdxx_g,BaTiO3_nat005,64000,27609,1,7,1726.833395,set0_rep64,dace-gcc,mimalloc,64
newdxx_g,BaTiO3_nat005,64000,27609,1,8,1725.541240,set0_rep64,dace-gcc,mimalloc,64
newdxx_g,BaTiO3_nat005,64000,27609,1,9,1727.530143,set0_rep64,dace-gcc,mimalloc,64
newdxx_g,BaTiO3_nat005,64000,27609,1,10,1725.967724,set0_rep64,dace-gcc,mimalloc,64
newdxx_g,BaTiO3_nat005,64000,27609,1,11,1725.636182,set0_rep64,dace-gcc,mimalloc,64
newdxx_g,BaTiO3_nat005,64000,27609,1,12,1726.339426,set0_rep64,dace-gcc,mimalloc,64
newdxx_g,BaTiO3_nat005,64000,27609,1,13,1725.110406,set0_rep64,dace-gcc,mimalloc,64
newdxx_g,BaTiO3_nat005,64000,27609,1,14,1725.145059,set0_rep64,dace-gcc,mimalloc,64
newdxx_g,BaTiO3_nat005,64000,27609,1,15,1726.691152,set0_rep64,dace-gcc,mimalloc,64
newdxx_g,BaTiO3_nat005,64000,27609,1,16,1726.950120,set0_rep64,dace-gcc,mimalloc,64
newdxx_g,BaTiO3_nat005,64000,27609,1,17,1726.351610,set0_rep64,dace-gcc,mimalloc,64
newdxx_g,BaTiO3_nat005,64000,27609,1,18,1749.906732,set0_rep64,dace-gcc,mimalloc,64
newdxx_g,BaTiO3_nat005,64000,27609,1,19,1750.769364,set0_rep64,dace-gcc,mimalloc,64
newdxx_g,BaTiO3_nat005,64000,27609,2,0,896.828154,set0_rep64,dace-gcc,mimalloc,64
newdxx_g,BaTiO3_nat005,64000,27609,2,1,897.008213,set0_rep64,dace-gcc,mimalloc,64
newdxx_g,BaTiO3_nat005,64000,27609,2,2,896.832313,set0_rep64,dace-gcc,mimalloc,64
newdxx_g,BaTiO3_nat005,64000,27609,2,3,896.709630,set0_rep64,dace-gcc,mimalloc,64
newdxx_g,BaTiO3_nat005,64000,27609,2,4,896.495779,set0_rep64,dace-gcc,mimalloc,64
newdxx_g,BaTiO3_nat005,64000,27609,2,5,897.953241,set0_rep64,dace-gcc,mimalloc,64
newdxx_g,BaTiO3_nat005,64000,27609,2,6,896.603425,set0_rep64,dace-gcc,mimalloc,64
newdxx_g,BaTiO3_nat005,64000,27609,2,7,897.715904,set0_rep64,dace-gcc,mimalloc,64
newdxx_g,BaTiO3_nat005,64000,27609,2,8,897.570309,set0_rep64,dace-gcc,mimalloc,64
newdxx_g,BaTiO3_nat005,64000,27609,2,9,896.285769,set0_rep64,dace-gcc,mimalloc,64
newdxx_g,BaTiO3_nat005,64000,27609,2,10,896.872889,set0_rep64,dace-gcc,mimalloc,64
newdxx_g,BaTiO3_nat005,64000,27609,2,11,897.310795,set0_rep64,dace-gcc,mimalloc,64
newdxx_g,BaTiO3_nat005,64000,27609,2,12,897.552261,set0_rep64,dace-gcc,mimalloc,64
newdxx_g,BaTiO3_nat005,64000,27609,2,13,896.430534,set0_rep64,dace-gcc,mimalloc,64
newdxx_g,BaTiO3_nat005,64000,27609,2,14,896.896440,set0_rep64,dace-gcc,mimalloc,64
newdxx_g,BaTiO3_nat005,64000,27609,2,15,896.797659,set0_rep64,dace-gcc,mimalloc,64
newdxx_g,BaTiO3_nat005,64000,27609,2,16,896.975349,set0_rep64,dace-gcc,mimalloc,64
newdxx_g,BaTiO3_nat005,64000,27609,2,17,897.247726,set0_rep64,dace-gcc,mimalloc,64
newdxx_g,BaTiO3_nat005,64000,27609,2,18,897.632066,set0_rep64,dace-gcc,mimalloc,64
newdxx_g,BaTiO3_nat005,64000,27609,2,19,897.261485,set0_rep64,dace-gcc,mimalloc,64
newdxx_g,BaTiO3_nat005,64000,27609,4,0,455.420449,set0_rep64,dace-gcc,mimalloc,64
newdxx_g,BaTiO3_nat005,64000,27609,4,1,455.501919,set0_rep64,dace-gcc,mimalloc,64
newdxx_g,BaTiO3_nat005,64000,27609,4,2,456.858520,set0_rep64,dace-gcc,mimalloc,64
newdxx_g,BaTiO3_nat005,64000,27609,4,3,455.948562,set0_rep64,dace-gcc,mimalloc,64
newdxx_g,BaTiO3_nat005,64000,27609,4,4,455.840597,set0_rep64,dace-gcc,mimalloc,64
newdxx_g,BaTiO3_nat005,64000,27609,4,5,455.294949,set0_rep64,dace-gcc,mimalloc,64
newdxx_g,BaTiO3_nat005,64000,27609,4,6,455.482143,set0_rep64,dace-gcc,mimalloc,64
newdxx_g,BaTiO3_nat005,64000,27609,4,7,455.742072,set0_rep64,dace-gcc,mimalloc,64
newdxx_g,BaTiO3_nat005,64000,27609,4,8,456.116685,set0_rep64,dace-gcc,mimalloc,64
newdxx_g,BaTiO3_nat005,64000,27609,4,9,455.430529,set0_rep64,dace-gcc,mimalloc,64
newdxx_g,BaTiO3_nat005,64000,27609,4,10,455.599100,set0_rep64,dace-gcc,mimalloc,64
newdxx_g,BaTiO3_nat005,64000,27609,4,11,455.579485,set0_rep64,dace-gcc,mimalloc,64
newdxx_g,BaTiO3_nat005,64000,27609,4,12,466.069100,set0_rep64,dace-gcc,mimalloc,64
newdxx_g,BaTiO3_nat005,64000,27609,4,13,455.600381,set0_rep64,dace-gcc,mimalloc,64
newdxx_g,BaTiO3_nat005,64000,27609,4,14,456.008208,set0_rep64,dace-gcc,mimalloc,64
newdxx_g,BaTiO3_nat005,64000,27609,4,15,456.409284,set0_rep64,dace-gcc,mimalloc,64
newdxx_g,BaTiO3_nat005,64000,27609,4,16,455.658490,set0_rep64,dace-gcc,mimalloc,64
newdxx_g,BaTiO3_nat005,64000,27609,4,17,455.432193,set0_rep64,dace-gcc,mimalloc,64
newdxx_g,BaTiO3_nat005,64000,27609,4,18,456.032208,set0_rep64,dace-gcc,mimalloc,64
newdxx_g,BaTiO3_nat005,64000,27609,4,19,455.282437,set0_rep64,dace-gcc,mimalloc,64
newdxx_g,BaTiO3_nat005,64000,27609,8,0,232.541108,set0_rep64,dace-gcc,mimalloc,64
newdxx_g,BaTiO3_nat005,64000,27609,8,1,232.929864,set0_rep64,dace-gcc,mimalloc,64
newdxx_g,BaTiO3_nat005,64000,27609,8,2,232.526580,set0_rep64,dace-gcc,mimalloc,64
newdxx_g,BaTiO3_nat005,64000,27609,8,3,232.654033,set0_rep64,dace-gcc,mimalloc,64
newdxx_g,BaTiO3_nat005,64000,27609,8,4,232.375897,set0_rep64,dace-gcc,mimalloc,64
newdxx_g,BaTiO3_nat005,64000,27609,8,5,233.916812,set0_rep64,dace-gcc,mimalloc,64
newdxx_g,BaTiO3_nat005,64000,27609,8,6,232.168191,set0_rep64,dace-gcc,mimalloc,64
newdxx_g,BaTiO3_nat005,64000,27609,8,7,232.607602,set0_rep64,dace-gcc,mimalloc,64
newdxx_g,BaTiO3_nat005,64000,27609,8,8,232.445848,set0_rep64,dace-gcc,mimalloc,64
newdxx_g,BaTiO3_nat005,64000,27609,8,9,232.603250,set0_rep64,dace-gcc,mimalloc,64
newdxx_g,BaTiO3_nat005,64000,27609,8,10,233.138531,set0_rep64,dace-gcc,mimalloc,64
newdxx_g,BaTiO3_nat005,64000,27609,8,11,232.549908,set0_rep64,dace-gcc,mimalloc,64
newdxx_g,BaTiO3_nat005,64000,27609,8,12,232.564371,set0_rep64,dace-gcc,mimalloc,64
newdxx_g,BaTiO3_nat005,64000,27609,8,13,232.001252,set0_rep64,dace-gcc,mimalloc,64
newdxx_g,BaTiO3_nat005,64000,27609,8,14,233.840014,set0_rep64,dace-gcc,mimalloc,64
newdxx_g,BaTiO3_nat005,64000,27609,8,15,232.472502,set0_rep64,dace-gcc,mimalloc,64
newdxx_g,BaTiO3_nat005,64000,27609,8,16,232.724015,set0_rep64,dace-gcc,mimalloc,64
newdxx_g,BaTiO3_nat005,64000,27609,8,17,232.695280,set0_rep64,dace-gcc,mimalloc,64
newdxx_g,BaTiO3_nat005,64000,27609,8,18,233.659540,set0_rep64,dace-gcc,mimalloc,64
newdxx_g,BaTiO3_nat005,64000,27609,8,19,232.774637,set0_rep64,dace-gcc,mimalloc,64
newdxx_g,BaTiO3_nat005,64000,27609,16,0,118.770081,set0_rep64,dace-gcc,mimalloc,64
newdxx_g,BaTiO3_nat005,64000,27609,16,1,119.129847,set0_rep64,dace-gcc,mimalloc,64
newdxx_g,BaTiO3_nat005,64000,27609,16,2,118.900990,set0_rep64,dace-gcc,mimalloc,64
newdxx_g,BaTiO3_nat005,64000,27609,16,3,118.519336,set0_rep64,dace-gcc,mimalloc,64
newdxx_g,BaTiO3_nat005,64000,27609,16,4,118.494473,set0_rep64,dace-gcc,mimalloc,64
newdxx_g,BaTiO3_nat005,64000,27609,16,5,118.750466,set0_rep64,dace-gcc,mimalloc,64
newdxx_g,BaTiO3_nat005,64000,27609,16,6,119.374544,set0_rep64,dace-gcc,mimalloc,64
newdxx_g,BaTiO3_nat005,64000,27609,16,7,119.055641,set0_rep64,dace-gcc,mimalloc,64
newdxx_g,BaTiO3_nat005,64000,27609,16,8,118.378028,set0_rep64,dace-gcc,mimalloc,64
newdxx_g,BaTiO3_nat005,64000,27609,16,9,119.169142,set0_rep64,dace-gcc,mimalloc,64
newdxx_g,BaTiO3_nat005,64000,27609,16,10,118.342894,set0_rep64,dace-gcc,mimalloc,64
newdxx_g,BaTiO3_nat005,64000,27609,16,11,118.350637,set0_rep64,dace-gcc,mimalloc,64
newdxx_g,BaTiO3_nat005,64000,27609,16,12,118.282607,set0_rep64,dace-gcc,mimalloc,64
newdxx_g,BaTiO3_nat005,64000,27609,16,13,118.982856,set0_rep64,dace-gcc,mimalloc,64
newdxx_g,BaTiO3_nat005,64000,27609,16,14,118.754021,set0_rep64,dace-gcc,mimalloc,64
newdxx_g,BaTiO3_nat005,64000,27609,16,15,119.183096,set0_rep64,dace-gcc,mimalloc,64
newdxx_g,BaTiO3_nat005,64000,27609,16,16,118.668103,set0_rep64,dace-gcc,mimalloc,64
newdxx_g,BaTiO3_nat005,64000,27609,16,17,118.368656,set0_rep64,dace-gcc,mimalloc,64
newdxx_g,BaTiO3_nat005,64000,27609,16,18,119.650570,set0_rep64,dace-gcc,mimalloc,64
newdxx_g,BaTiO3_nat005,64000,27609,16,19,118.774692,set0_rep64,dace-gcc,mimalloc,64
newdxx_g,BaTiO3_nat005,64000,27609,32,0,60.831783,set0_rep64,dace-gcc,mimalloc,64
newdxx_g,BaTiO3_nat005,64000,27609,32,1,61.222396,set0_rep64,dace-gcc,mimalloc,64
newdxx_g,BaTiO3_nat005,64000,27609,32,2,61.061793,set0_rep64,dace-gcc,mimalloc,64
newdxx_g,BaTiO3_nat005,64000,27609,32,3,60.771593,set0_rep64,dace-gcc,mimalloc,64
newdxx_g,BaTiO3_nat005,64000,27609,32,4,61.294106,set0_rep64,dace-gcc,mimalloc,64
newdxx_g,BaTiO3_nat005,64000,27609,32,5,60.727947,set0_rep64,dace-gcc,mimalloc,64
newdxx_g,BaTiO3_nat005,64000,27609,32,6,60.791912,set0_rep64,dace-gcc,mimalloc,64
newdxx_g,BaTiO3_nat005,64000,27609,32,7,60.841608,set0_rep64,dace-gcc,mimalloc,64
newdxx_g,BaTiO3_nat005,64000,27609,32,8,62.202271,set0_rep64,dace-gcc,mimalloc,64
newdxx_g,BaTiO3_nat005,64000,27609,32,9,60.845863,set0_rep64,dace-gcc,mimalloc,64
newdxx_g,BaTiO3_nat005,64000,27609,32,10,61.065761,set0_rep64,dace-gcc,mimalloc,64
newdxx_g,BaTiO3_nat005,64000,27609,32,11,60.916933,set0_rep64,dace-gcc,mimalloc,64
newdxx_g,BaTiO3_nat005,64000,27609,32,12,61.339768,set0_rep64,dace-gcc,mimalloc,64
newdxx_g,BaTiO3_nat005,64000,27609,32,13,60.872646,set0_rep64,dace-gcc,mimalloc,64
newdxx_g,BaTiO3_nat005,64000,27609,32,14,60.830951,set0_rep64,dace-gcc,mimalloc,64
newdxx_g,BaTiO3_nat005,64000,27609,32,15,61.019618,set0_rep64,dace-gcc,mimalloc,64
newdxx_g,BaTiO3_nat005,64000,27609,32,16,61.085504,set0_rep64,dace-gcc,mimalloc,64
newdxx_g,BaTiO3_nat005,64000,27609,32,17,61.173758,set0_rep64,dace-gcc,mimalloc,64
newdxx_g,BaTiO3_nat005,64000,27609,32,18,61.723054,set0_rep64,dace-gcc,mimalloc,64
newdxx_g,BaTiO3_nat005,64000,27609,32,19,60.772617,set0_rep64,dace-gcc,mimalloc,64
newdxx_g,BaTiO3_nat005,64000,27609,64,0,32.437161,set0_rep64,dace-gcc,mimalloc,64
newdxx_g,BaTiO3_nat005,64000,27609,64,1,32.318220,set0_rep64,dace-gcc,mimalloc,64
newdxx_g,BaTiO3_nat005,64000,27609,64,2,32.297708,set0_rep64,dace-gcc,mimalloc,64
newdxx_g,BaTiO3_nat005,64000,27609,64,3,32.318189,set0_rep64,dace-gcc,mimalloc,64
newdxx_g,BaTiO3_nat005,64000,27609,64,4,33.327758,set0_rep64,dace-gcc,mimalloc,64
newdxx_g,BaTiO3_nat005,64000,27609,64,5,34.850082,set0_rep64,dace-gcc,mimalloc,64
newdxx_g,BaTiO3_nat005,64000,27609,64,6,33.019319,set0_rep64,dace-gcc,mimalloc,64
newdxx_g,BaTiO3_nat005,64000,27609,64,7,33.519945,set0_rep64,dace-gcc,mimalloc,64
newdxx_g,BaTiO3_nat005,64000,27609,64,8,33.332718,set0_rep64,dace-gcc,mimalloc,64
newdxx_g,BaTiO3_nat005,64000,27609,64,9,33.430699,set0_rep64,dace-gcc,mimalloc,64
newdxx_g,BaTiO3_nat005,64000,27609,64,10,34.441581,set0_rep64,dace-gcc,mimalloc,64
newdxx_g,BaTiO3_nat005,64000,27609,64,11,34.774436,set0_rep64,dace-gcc,mimalloc,64
newdxx_g,BaTiO3_nat005,64000,27609,64,12,35.128761,set0_rep64,dace-gcc,mimalloc,64
newdxx_g,BaTiO3_nat005,64000,27609,64,13,36.924613,set0_rep64,dace-gcc,mimalloc,64
newdxx_g,BaTiO3_nat005,64000,27609,64,14,37.088800,set0_rep64,dace-gcc,mimalloc,64
newdxx_g,BaTiO3_nat005,64000,27609,64,15,36.784137,set0_rep64,dace-gcc,mimalloc,64
newdxx_g,BaTiO3_nat005,64000,27609,64,16,36.373494,set0_rep64,dace-gcc,mimalloc,64
newdxx_g,BaTiO3_nat005,64000,27609,64,17,37.024737,set0_rep64,dace-gcc,mimalloc,64
newdxx_g,BaTiO3_nat005,64000,27609,64,18,36.816296,set0_rep64,dace-gcc,mimalloc,64
newdxx_g,BaTiO3_nat005,64000,27609,64,19,35.410898,set0_rep64,dace-gcc,mimalloc,64
newdxx_g,BaTiO3_nat005,64000,27609,72,0,33.970044,set0_rep64,dace-gcc,mimalloc,64
newdxx_g,BaTiO3_nat005,64000,27609,72,1,32.490375,set0_rep64,dace-gcc,mimalloc,64
newdxx_g,BaTiO3_nat005,64000,27609,72,2,32.732576,set0_rep64,dace-gcc,mimalloc,64
newdxx_g,BaTiO3_nat005,64000,27609,72,3,32.713568,set0_rep64,dace-gcc,mimalloc,64
newdxx_g,BaTiO3_nat005,64000,27609,72,4,32.695681,set0_rep64,dace-gcc,mimalloc,64
newdxx_g,BaTiO3_nat005,64000,27609,72,5,32.616643,set0_rep64,dace-gcc,mimalloc,64
newdxx_g,BaTiO3_nat005,64000,27609,72,6,32.564293,set0_rep64,dace-gcc,mimalloc,64
newdxx_g,BaTiO3_nat005,64000,27609,72,7,33.896861,set0_rep64,dace-gcc,mimalloc,64
newdxx_g,BaTiO3_nat005,64000,27609,72,8,33.006680,set0_rep64,dace-gcc,mimalloc,64
newdxx_g,BaTiO3_nat005,64000,27609,72,9,32.790142,set0_rep64,dace-gcc,mimalloc,64
newdxx_g,BaTiO3_nat005,64000,27609,72,10,32.553637,set0_rep64,dace-gcc,mimalloc,64
newdxx_g,BaTiO3_nat005,64000,27609,72,11,32.895003,set0_rep64,dace-gcc,mimalloc,64
newdxx_g,BaTiO3_nat005,64000,27609,72,12,32.317356,set0_rep64,dace-gcc,mimalloc,64
newdxx_g,BaTiO3_nat005,64000,27609,72,13,32.643778,set0_rep64,dace-gcc,mimalloc,64
newdxx_g,BaTiO3_nat005,64000,27609,72,14,32.527463,set0_rep64,dace-gcc,mimalloc,64
newdxx_g,BaTiO3_nat005,64000,27609,72,15,32.749056,set0_rep64,dace-gcc,mimalloc,64
newdxx_g,BaTiO3_nat005,64000,27609,72,16,32.605635,set0_rep64,dace-gcc,mimalloc,64
newdxx_g,BaTiO3_nat005,64000,27609,72,17,32.719840,set0_rep64,dace-gcc,mimalloc,64
newdxx_g,BaTiO3_nat005,64000,27609,72,18,33.211058,set0_rep64,dace-gcc,mimalloc,64
newdxx_g,BaTiO3_nat005,64000,27609,72,19,32.745983,set0_rep64,dace-gcc,mimalloc,64
newdxx_g,BaTiO3_nat005,64000,27609,1,0,35.690921,set1,dace-gcc,mimalloc,1
newdxx_g,BaTiO3_nat005,64000,27609,1,1,34.949599,set1,dace-gcc,mimalloc,1
newdxx_g,BaTiO3_nat005,64000,27609,1,2,35.346579,set1,dace-gcc,mimalloc,1
newdxx_g,BaTiO3_nat005,64000,27609,1,3,34.359856,set1,dace-gcc,mimalloc,1
newdxx_g,BaTiO3_nat005,64000,27609,1,4,34.447053,set1,dace-gcc,mimalloc,1
newdxx_g,BaTiO3_nat005,64000,27609,1,5,35.238903,set1,dace-gcc,mimalloc,1
newdxx_g,BaTiO3_nat005,64000,27609,1,6,34.396527,set1,dace-gcc,mimalloc,1
newdxx_g,BaTiO3_nat005,64000,27609,1,7,34.550058,set1,dace-gcc,mimalloc,1
newdxx_g,BaTiO3_nat005,64000,27609,1,8,35.091226,set1,dace-gcc,mimalloc,1
newdxx_g,BaTiO3_nat005,64000,27609,1,9,34.777508,set1,dace-gcc,mimalloc,1
newdxx_g,BaTiO3_nat005,64000,27609,1,10,34.192853,set1,dace-gcc,mimalloc,1
newdxx_g,BaTiO3_nat005,64000,27609,1,11,34.382095,set1,dace-gcc,mimalloc,1
newdxx_g,BaTiO3_nat005,64000,27609,1,12,34.254036,set1,dace-gcc,mimalloc,1
newdxx_g,BaTiO3_nat005,64000,27609,1,13,34.604521,set1,dace-gcc,mimalloc,1
newdxx_g,BaTiO3_nat005,64000,27609,1,14,34.545131,set1,dace-gcc,mimalloc,1
newdxx_g,BaTiO3_nat005,64000,27609,1,15,34.635848,set1,dace-gcc,mimalloc,1
newdxx_g,BaTiO3_nat005,64000,27609,1,16,34.088280,set1,dace-gcc,mimalloc,1
newdxx_g,BaTiO3_nat005,64000,27609,1,17,34.944223,set1,dace-gcc,mimalloc,1
newdxx_g,BaTiO3_nat005,64000,27609,1,18,34.922784,set1,dace-gcc,mimalloc,1
newdxx_g,BaTiO3_nat005,64000,27609,1,19,34.461133,set1,dace-gcc,mimalloc,1
newdxx_g,BaTiO3_nat005,64000,27609,2,0,30.552767,set1,dace-gcc,mimalloc,1
newdxx_g,BaTiO3_nat005,64000,27609,2,1,31.148718,set1,dace-gcc,mimalloc,1
newdxx_g,BaTiO3_nat005,64000,27609,2,2,30.731419,set1,dace-gcc,mimalloc,1
newdxx_g,BaTiO3_nat005,64000,27609,2,3,30.592383,set1,dace-gcc,mimalloc,1
newdxx_g,BaTiO3_nat005,64000,27609,2,4,30.764089,set1,dace-gcc,mimalloc,1
newdxx_g,BaTiO3_nat005,64000,27609,2,5,30.679228,set1,dace-gcc,mimalloc,1
newdxx_g,BaTiO3_nat005,64000,27609,2,6,30.306791,set1,dace-gcc,mimalloc,1
newdxx_g,BaTiO3_nat005,64000,27609,2,7,30.684412,set1,dace-gcc,mimalloc,1
newdxx_g,BaTiO3_nat005,64000,27609,2,8,29.951473,set1,dace-gcc,mimalloc,1
newdxx_g,BaTiO3_nat005,64000,27609,2,9,30.866679,set1,dace-gcc,mimalloc,1
newdxx_g,BaTiO3_nat005,64000,27609,2,10,30.749978,set1,dace-gcc,mimalloc,1
newdxx_g,BaTiO3_nat005,64000,27609,2,11,30.481282,set1,dace-gcc,mimalloc,1
newdxx_g,BaTiO3_nat005,64000,27609,2,12,31.290442,set1,dace-gcc,mimalloc,1
newdxx_g,BaTiO3_nat005,64000,27609,2,13,30.743610,set1,dace-gcc,mimalloc,1
newdxx_g,BaTiO3_nat005,64000,27609,2,14,30.618974,set1,dace-gcc,mimalloc,1
newdxx_g,BaTiO3_nat005,64000,27609,2,15,30.309063,set1,dace-gcc,mimalloc,1
newdxx_g,BaTiO3_nat005,64000,27609,2,16,30.419620,set1,dace-gcc,mimalloc,1
newdxx_g,BaTiO3_nat005,64000,27609,2,17,30.926037,set1,dace-gcc,mimalloc,1
newdxx_g,BaTiO3_nat005,64000,27609,2,18,30.697307,set1,dace-gcc,mimalloc,1
newdxx_g,BaTiO3_nat005,64000,27609,2,19,31.047121,set1,dace-gcc,mimalloc,1
newdxx_g,BaTiO3_nat005,64000,27609,4,0,27.410812,set1,dace-gcc,mimalloc,1
newdxx_g,BaTiO3_nat005,64000,27609,4,1,27.268289,set1,dace-gcc,mimalloc,1
newdxx_g,BaTiO3_nat005,64000,27609,4,2,27.000712,set1,dace-gcc,mimalloc,1
newdxx_g,BaTiO3_nat005,64000,27609,4,3,27.258080,set1,dace-gcc,mimalloc,1
newdxx_g,BaTiO3_nat005,64000,27609,4,4,26.913578,set1,dace-gcc,mimalloc,1
newdxx_g,BaTiO3_nat005,64000,27609,4,5,26.926955,set1,dace-gcc,mimalloc,1
newdxx_g,BaTiO3_nat005,64000,27609,4,6,27.122916,set1,dace-gcc,mimalloc,1
newdxx_g,BaTiO3_nat005,64000,27609,4,7,27.127812,set1,dace-gcc,mimalloc,1
newdxx_g,BaTiO3_nat005,64000,27609,4,8,27.263393,set1,dace-gcc,mimalloc,1
newdxx_g,BaTiO3_nat005,64000,27609,4,9,27.037831,set1,dace-gcc,mimalloc,1
newdxx_g,BaTiO3_nat005,64000,27609,4,10,27.204130,set1,dace-gcc,mimalloc,1
newdxx_g,BaTiO3_nat005,64000,27609,4,11,27.293311,set1,dace-gcc,mimalloc,1
newdxx_g,BaTiO3_nat005,64000,27609,4,12,27.724435,set1,dace-gcc,mimalloc,1
newdxx_g,BaTiO3_nat005,64000,27609,4,13,27.718643,set1,dace-gcc,mimalloc,1
newdxx_g,BaTiO3_nat005,64000,27609,4,14,27.642005,set1,dace-gcc,mimalloc,1
newdxx_g,BaTiO3_nat005,64000,27609,4,15,27.456282,set1,dace-gcc,mimalloc,1
newdxx_g,BaTiO3_nat005,64000,27609,4,16,27.442426,set1,dace-gcc,mimalloc,1
newdxx_g,BaTiO3_nat005,64000,27609,4,17,27.386589,set1,dace-gcc,mimalloc,1
newdxx_g,BaTiO3_nat005,64000,27609,4,18,27.885102,set1,dace-gcc,mimalloc,1
newdxx_g,BaTiO3_nat005,64000,27609,4,19,27.644662,set1,dace-gcc,mimalloc,1
newdxx_g,BaTiO3_nat005,64000,27609,8,0,15.943405,set1,dace-gcc,mimalloc,1
newdxx_g,BaTiO3_nat005,64000,27609,8,1,15.666133,set1,dace-gcc,mimalloc,1
newdxx_g,BaTiO3_nat005,64000,27609,8,2,15.476826,set1,dace-gcc,mimalloc,1
newdxx_g,BaTiO3_nat005,64000,27609,8,3,15.796016,set1,dace-gcc,mimalloc,1
newdxx_g,BaTiO3_nat005,64000,27609,8,4,15.404156,set1,dace-gcc,mimalloc,1
newdxx_g,BaTiO3_nat005,64000,27609,8,5,15.641974,set1,dace-gcc,mimalloc,1
newdxx_g,BaTiO3_nat005,64000,27609,8,6,16.264611,set1,dace-gcc,mimalloc,1
newdxx_g,BaTiO3_nat005,64000,27609,8,7,16.153670,set1,dace-gcc,mimalloc,1
newdxx_g,BaTiO3_nat005,64000,27609,8,8,15.588343,set1,dace-gcc,mimalloc,1
newdxx_g,BaTiO3_nat005,64000,27609,8,9,15.354014,set1,dace-gcc,mimalloc,1
newdxx_g,BaTiO3_nat005,64000,27609,8,10,16.392832,set1,dace-gcc,mimalloc,1
newdxx_g,BaTiO3_nat005,64000,27609,8,11,15.601750,set1,dace-gcc,mimalloc,1
newdxx_g,BaTiO3_nat005,64000,27609,8,12,15.852783,set1,dace-gcc,mimalloc,1
newdxx_g,BaTiO3_nat005,64000,27609,8,13,15.610423,set1,dace-gcc,mimalloc,1
newdxx_g,BaTiO3_nat005,64000,27609,8,14,15.651189,set1,dace-gcc,mimalloc,1
newdxx_g,BaTiO3_nat005,64000,27609,8,15,15.552376,set1,dace-gcc,mimalloc,1
newdxx_g,BaTiO3_nat005,64000,27609,8,16,15.792657,set1,dace-gcc,mimalloc,1
newdxx_g,BaTiO3_nat005,64000,27609,8,17,15.625462,set1,dace-gcc,mimalloc,1
newdxx_g,BaTiO3_nat005,64000,27609,8,18,16.043849,set1,dace-gcc,mimalloc,1
newdxx_g,BaTiO3_nat005,64000,27609,8,19,15.638005,set1,dace-gcc,mimalloc,1
newdxx_g,BaTiO3_nat005,64000,27609,16,0,15.406012,set1,dace-gcc,mimalloc,1
newdxx_g,BaTiO3_nat005,64000,27609,16,1,15.549880,set1,dace-gcc,mimalloc,1
newdxx_g,BaTiO3_nat005,64000,27609,16,2,15.477274,set1,dace-gcc,mimalloc,1
newdxx_g,BaTiO3_nat005,64000,27609,16,3,15.183683,set1,dace-gcc,mimalloc,1
newdxx_g,BaTiO3_nat005,64000,27609,16,4,15.600311,set1,dace-gcc,mimalloc,1
newdxx_g,BaTiO3_nat005,64000,27609,16,5,16.466877,set1,dace-gcc,mimalloc,1
newdxx_g,BaTiO3_nat005,64000,27609,16,6,15.170915,set1,dace-gcc,mimalloc,1
newdxx_g,BaTiO3_nat005,64000,27609,16,7,15.346654,set1,dace-gcc,mimalloc,1
newdxx_g,BaTiO3_nat005,64000,27609,16,8,15.294047,set1,dace-gcc,mimalloc,1
newdxx_g,BaTiO3_nat005,64000,27609,16,9,15.360094,set1,dace-gcc,mimalloc,1
newdxx_g,BaTiO3_nat005,64000,27609,16,10,15.446811,set1,dace-gcc,mimalloc,1
newdxx_g,BaTiO3_nat005,64000,27609,16,11,15.419932,set1,dace-gcc,mimalloc,1
newdxx_g,BaTiO3_nat005,64000,27609,16,12,15.463034,set1,dace-gcc,mimalloc,1
newdxx_g,BaTiO3_nat005,64000,27609,16,13,15.492729,set1,dace-gcc,mimalloc,1
newdxx_g,BaTiO3_nat005,64000,27609,16,14,15.265184,set1,dace-gcc,mimalloc,1
newdxx_g,BaTiO3_nat005,64000,27609,16,15,15.536568,set1,dace-gcc,mimalloc,1
newdxx_g,BaTiO3_nat005,64000,27609,16,16,15.637813,set1,dace-gcc,mimalloc,1
newdxx_g,BaTiO3_nat005,64000,27609,16,17,15.644181,set1,dace-gcc,mimalloc,1
newdxx_g,BaTiO3_nat005,64000,27609,16,18,15.433339,set1,dace-gcc,mimalloc,1
newdxx_g,BaTiO3_nat005,64000,27609,16,19,15.291103,set1,dace-gcc,mimalloc,1
newdxx_g,BaTiO3_nat005,64000,27609,32,0,16.524251,set1,dace-gcc,mimalloc,1
newdxx_g,BaTiO3_nat005,64000,27609,32,1,16.128391,set1,dace-gcc,mimalloc,1
newdxx_g,BaTiO3_nat005,64000,27609,32,2,16.323170,set1,dace-gcc,mimalloc,1
newdxx_g,BaTiO3_nat005,64000,27609,32,3,16.446366,set1,dace-gcc,mimalloc,1
newdxx_g,BaTiO3_nat005,64000,27609,32,4,16.518683,set1,dace-gcc,mimalloc,1
newdxx_g,BaTiO3_nat005,64000,27609,32,5,17.095435,set1,dace-gcc,mimalloc,1
newdxx_g,BaTiO3_nat005,64000,27609,32,6,16.172453,set1,dace-gcc,mimalloc,1
newdxx_g,BaTiO3_nat005,64000,27609,32,7,15.803249,set1,dace-gcc,mimalloc,1
newdxx_g,BaTiO3_nat005,64000,27609,32,8,16.056425,set1,dace-gcc,mimalloc,1
newdxx_g,BaTiO3_nat005,64000,27609,32,9,16.029002,set1,dace-gcc,mimalloc,1
newdxx_g,BaTiO3_nat005,64000,27609,32,10,16.317953,set1,dace-gcc,mimalloc,1
newdxx_g,BaTiO3_nat005,64000,27609,32,11,17.150633,set1,dace-gcc,mimalloc,1
newdxx_g,BaTiO3_nat005,64000,27609,32,12,16.608729,set1,dace-gcc,mimalloc,1
newdxx_g,BaTiO3_nat005,64000,27609,32,13,17.070219,set1,dace-gcc,mimalloc,1
newdxx_g,BaTiO3_nat005,64000,27609,32,14,16.633336,set1,dace-gcc,mimalloc,1
newdxx_g,BaTiO3_nat005,64000,27609,32,15,16.459805,set1,dace-gcc,mimalloc,1
newdxx_g,BaTiO3_nat005,64000,27609,32,16,16.414399,set1,dace-gcc,mimalloc,1
newdxx_g,BaTiO3_nat005,64000,27609,32,17,16.556091,set1,dace-gcc,mimalloc,1
newdxx_g,BaTiO3_nat005,64000,27609,32,18,16.053898,set1,dace-gcc,mimalloc,1
newdxx_g,BaTiO3_nat005,64000,27609,32,19,16.064201,set1,dace-gcc,mimalloc,1
newdxx_g,BaTiO3_nat005,64000,27609,64,0,18.759577,set1,dace-gcc,mimalloc,1
newdxx_g,BaTiO3_nat005,64000,27609,64,1,18.460770,set1,dace-gcc,mimalloc,1
newdxx_g,BaTiO3_nat005,64000,27609,64,2,18.341702,set1,dace-gcc,mimalloc,1
newdxx_g,BaTiO3_nat005,64000,27609,64,3,18.372261,set1,dace-gcc,mimalloc,1
newdxx_g,BaTiO3_nat005,64000,27609,64,4,18.431171,set1,dace-gcc,mimalloc,1
newdxx_g,BaTiO3_nat005,64000,27609,64,5,18.391045,set1,dace-gcc,mimalloc,1
newdxx_g,BaTiO3_nat005,64000,27609,64,6,21.082805,set1,dace-gcc,mimalloc,1
newdxx_g,BaTiO3_nat005,64000,27609,64,7,18.329958,set1,dace-gcc,mimalloc,1
newdxx_g,BaTiO3_nat005,64000,27609,64,8,18.342918,set1,dace-gcc,mimalloc,1
newdxx_g,BaTiO3_nat005,64000,27609,64,9,22.211861,set1,dace-gcc,mimalloc,1
newdxx_g,BaTiO3_nat005,64000,27609,64,10,18.823032,set1,dace-gcc,mimalloc,1
newdxx_g,BaTiO3_nat005,64000,27609,64,11,20.059315,set1,dace-gcc,mimalloc,1
newdxx_g,BaTiO3_nat005,64000,27609,64,12,18.397380,set1,dace-gcc,mimalloc,1
newdxx_g,BaTiO3_nat005,64000,27609,64,13,18.354661,set1,dace-gcc,mimalloc,1
newdxx_g,BaTiO3_nat005,64000,27609,64,14,18.212234,set1,dace-gcc,mimalloc,1
newdxx_g,BaTiO3_nat005,64000,27609,64,15,18.353701,set1,dace-gcc,mimalloc,1
newdxx_g,BaTiO3_nat005,64000,27609,64,16,18.263177,set1,dace-gcc,mimalloc,1
newdxx_g,BaTiO3_nat005,64000,27609,64,17,18.199307,set1,dace-gcc,mimalloc,1
newdxx_g,BaTiO3_nat005,64000,27609,64,18,20.082259,set1,dace-gcc,mimalloc,1
newdxx_g,BaTiO3_nat005,64000,27609,64,19,18.421572,set1,dace-gcc,mimalloc,1
newdxx_g,BaTiO3_nat005,64000,27609,72,0,19.188685,set1,dace-gcc,mimalloc,1
newdxx_g,BaTiO3_nat005,64000,27609,72,1,18.985524,set1,dace-gcc,mimalloc,1
newdxx_g,BaTiO3_nat005,64000,27609,72,2,19.255979,set1,dace-gcc,mimalloc,1
newdxx_g,BaTiO3_nat005,64000,27609,72,3,19.200333,set1,dace-gcc,mimalloc,1
newdxx_g,BaTiO3_nat005,64000,27609,72,4,19.391239,set1,dace-gcc,mimalloc,1
newdxx_g,BaTiO3_nat005,64000,27609,72,5,19.386503,set1,dace-gcc,mimalloc,1
newdxx_g,BaTiO3_nat005,64000,27609,72,6,19.803387,set1,dace-gcc,mimalloc,1
newdxx_g,BaTiO3_nat005,64000,27609,72,7,19.546627,set1,dace-gcc,mimalloc,1
newdxx_g,BaTiO3_nat005,64000,27609,72,8,19.133359,set1,dace-gcc,mimalloc,1
newdxx_g,BaTiO3_nat005,64000,27609,72,9,19.043794,set1,dace-gcc,mimalloc,1
newdxx_g,BaTiO3_nat005,64000,27609,72,10,19.139694,set1,dace-gcc,mimalloc,1
newdxx_g,BaTiO3_nat005,64000,27609,72,11,19.094480,set1,dace-gcc,mimalloc,1
newdxx_g,BaTiO3_nat005,64000,27609,72,12,19.363176,set1,dace-gcc,mimalloc,1
newdxx_g,BaTiO3_nat005,64000,27609,72,13,19.604193,set1,dace-gcc,mimalloc,1
newdxx_g,BaTiO3_nat005,64000,27609,72,14,19.442246,set1,dace-gcc,mimalloc,1
newdxx_g,BaTiO3_nat005,64000,27609,72,15,19.554466,set1,dace-gcc,mimalloc,1
newdxx_g,BaTiO3_nat005,64000,27609,72,16,19.691167,set1,dace-gcc,mimalloc,1
newdxx_g,BaTiO3_nat005,64000,27609,72,17,19.368168,set1,dace-gcc,mimalloc,1
newdxx_g,BaTiO3_nat005,64000,27609,72,18,19.343656,set1,dace-gcc,mimalloc,1
newdxx_g,BaTiO3_nat005,64000,27609,72,19,19.086896,set1,dace-gcc,mimalloc,1
newdxx_g,BaTiO3_nat005,64000,27609,1,0,1769.432037,set1_rep64,dace-gcc,mimalloc,64
newdxx_g,BaTiO3_nat005,64000,27609,1,1,1722.372324,set1_rep64,dace-gcc,mimalloc,64
newdxx_g,BaTiO3_nat005,64000,27609,1,2,1722.179446,set1_rep64,dace-gcc,mimalloc,64
newdxx_g,BaTiO3_nat005,64000,27609,1,3,1722.382961,set1_rep64,dace-gcc,mimalloc,64
newdxx_g,BaTiO3_nat005,64000,27609,1,4,1722.621449,set1_rep64,dace-gcc,mimalloc,64
newdxx_g,BaTiO3_nat005,64000,27609,1,5,1722.579626,set1_rep64,dace-gcc,mimalloc,64
newdxx_g,BaTiO3_nat005,64000,27609,1,6,1722.875907,set1_rep64,dace-gcc,mimalloc,64
newdxx_g,BaTiO3_nat005,64000,27609,1,7,1722.773574,set1_rep64,dace-gcc,mimalloc,64
newdxx_g,BaTiO3_nat005,64000,27609,1,8,1722.412912,set1_rep64,dace-gcc,mimalloc,64
newdxx_g,BaTiO3_nat005,64000,27609,1,9,1723.949347,set1_rep64,dace-gcc,mimalloc,64
newdxx_g,BaTiO3_nat005,64000,27609,1,10,1723.181177,set1_rep64,dace-gcc,mimalloc,64
newdxx_g,BaTiO3_nat005,64000,27609,1,11,1723.168890,set1_rep64,dace-gcc,mimalloc,64
newdxx_g,BaTiO3_nat005,64000,27609,1,12,1723.522224,set1_rep64,dace-gcc,mimalloc,64
newdxx_g,BaTiO3_nat005,64000,27609,1,13,1723.017566,set1_rep64,dace-gcc,mimalloc,64
newdxx_g,BaTiO3_nat005,64000,27609,1,14,1722.213238,set1_rep64,dace-gcc,mimalloc,64
newdxx_g,BaTiO3_nat005,64000,27609,1,15,1721.397486,set1_rep64,dace-gcc,mimalloc,64
newdxx_g,BaTiO3_nat005,64000,27609,1,16,1734.809222,set1_rep64,dace-gcc,mimalloc,64
newdxx_g,BaTiO3_nat005,64000,27609,1,17,1733.891746,set1_rep64,dace-gcc,mimalloc,64
newdxx_g,BaTiO3_nat005,64000,27609,1,18,1733.174838,set1_rep64,dace-gcc,mimalloc,64
newdxx_g,BaTiO3_nat005,64000,27609,1,19,1722.693735,set1_rep64,dace-gcc,mimalloc,64
newdxx_g,BaTiO3_nat005,64000,27609,2,0,896.721197,set1_rep64,dace-gcc,mimalloc,64
newdxx_g,BaTiO3_nat005,64000,27609,2,1,896.832042,set1_rep64,dace-gcc,mimalloc,64
newdxx_g,BaTiO3_nat005,64000,27609,2,2,897.002277,set1_rep64,dace-gcc,mimalloc,64
newdxx_g,BaTiO3_nat005,64000,27609,2,3,896.983909,set1_rep64,dace-gcc,mimalloc,64
newdxx_g,BaTiO3_nat005,64000,27609,2,4,896.626384,set1_rep64,dace-gcc,mimalloc,64
newdxx_g,BaTiO3_nat005,64000,27609,2,5,896.622703,set1_rep64,dace-gcc,mimalloc,64
newdxx_g,BaTiO3_nat005,64000,27609,2,6,895.767881,set1_rep64,dace-gcc,mimalloc,64
newdxx_g,BaTiO3_nat005,64000,27609,2,7,896.864297,set1_rep64,dace-gcc,mimalloc,64
newdxx_g,BaTiO3_nat005,64000,27609,2,8,896.774603,set1_rep64,dace-gcc,mimalloc,64
newdxx_g,BaTiO3_nat005,64000,27609,2,9,896.645872,set1_rep64,dace-gcc,mimalloc,64
newdxx_g,BaTiO3_nat005,64000,27609,2,10,896.493780,set1_rep64,dace-gcc,mimalloc,64
newdxx_g,BaTiO3_nat005,64000,27609,2,11,897.275837,set1_rep64,dace-gcc,mimalloc,64
newdxx_g,BaTiO3_nat005,64000,27609,2,12,895.518673,set1_rep64,dace-gcc,mimalloc,64
newdxx_g,BaTiO3_nat005,64000,27609,2,13,896.792619,set1_rep64,dace-gcc,mimalloc,64
newdxx_g,BaTiO3_nat005,64000,27609,2,14,896.103903,set1_rep64,dace-gcc,mimalloc,64
newdxx_g,BaTiO3_nat005,64000,27609,2,15,897.945641,set1_rep64,dace-gcc,mimalloc,64
newdxx_g,BaTiO3_nat005,64000,27609,2,16,896.416246,set1_rep64,dace-gcc,mimalloc,64
newdxx_g,BaTiO3_nat005,64000,27609,2,17,897.387257,set1_rep64,dace-gcc,mimalloc,64
newdxx_g,BaTiO3_nat005,64000,27609,2,18,907.762956,set1_rep64,dace-gcc,mimalloc,64
newdxx_g,BaTiO3_nat005,64000,27609,2,19,897.438424,set1_rep64,dace-gcc,mimalloc,64
newdxx_g,BaTiO3_nat005,64000,27609,4,0,455.224910,set1_rep64,dace-gcc,mimalloc,64
newdxx_g,BaTiO3_nat005,64000,27609,4,1,454.799995,set1_rep64,dace-gcc,mimalloc,64
newdxx_g,BaTiO3_nat005,64000,27609,4,2,455.125137,set1_rep64,dace-gcc,mimalloc,64
newdxx_g,BaTiO3_nat005,64000,27609,4,3,455.778254,set1_rep64,dace-gcc,mimalloc,64
newdxx_g,BaTiO3_nat005,64000,27609,4,4,455.476055,set1_rep64,dace-gcc,mimalloc,64
newdxx_g,BaTiO3_nat005,64000,27609,4,5,455.053730,set1_rep64,dace-gcc,mimalloc,64
newdxx_g,BaTiO3_nat005,64000,27609,4,6,454.952806,set1_rep64,dace-gcc,mimalloc,64
newdxx_g,BaTiO3_nat005,64000,27609,4,7,455.222846,set1_rep64,dace-gcc,mimalloc,64
newdxx_g,BaTiO3_nat005,64000,27609,4,8,454.894664,set1_rep64,dace-gcc,mimalloc,64
newdxx_g,BaTiO3_nat005,64000,27609,4,9,455.012292,set1_rep64,dace-gcc,mimalloc,64
newdxx_g,BaTiO3_nat005,64000,27609,4,10,454.976229,set1_rep64,dace-gcc,mimalloc,64
newdxx_g,BaTiO3_nat005,64000,27609,4,11,454.985541,set1_rep64,dace-gcc,mimalloc,64
newdxx_g,BaTiO3_nat005,64000,27609,4,12,454.956038,set1_rep64,dace-gcc,mimalloc,64
newdxx_g,BaTiO3_nat005,64000,27609,4,13,455.087938,set1_rep64,dace-gcc,mimalloc,64
newdxx_g,BaTiO3_nat005,64000,27609,4,14,454.772811,set1_rep64,dace-gcc,mimalloc,64
newdxx_g,BaTiO3_nat005,64000,27609,4,15,455.278332,set1_rep64,dace-gcc,mimalloc,64
newdxx_g,BaTiO3_nat005,64000,27609,4,16,454.732525,set1_rep64,dace-gcc,mimalloc,64
newdxx_g,BaTiO3_nat005,64000,27609,4,17,465.427667,set1_rep64,dace-gcc,mimalloc,64
newdxx_g,BaTiO3_nat005,64000,27609,4,18,455.020420,set1_rep64,dace-gcc,mimalloc,64
newdxx_g,BaTiO3_nat005,64000,27609,4,19,455.039235,set1_rep64,dace-gcc,mimalloc,64
newdxx_g,BaTiO3_nat005,64000,27609,8,0,231.362849,set1_rep64,dace-gcc,mimalloc,64
newdxx_g,BaTiO3_nat005,64000,27609,8,1,232.693530,set1_rep64,dace-gcc,mimalloc,64
newdxx_g,BaTiO3_nat005,64000,27609,8,2,232.214472,set1_rep64,dace-gcc,mimalloc,64
newdxx_g,BaTiO3_nat005,64000,27609,8,3,231.884081,set1_rep64,dace-gcc,mimalloc,64
newdxx_g,BaTiO3_nat005,64000,27609,8,4,232.538591,set1_rep64,dace-gcc,mimalloc,64
newdxx_g,BaTiO3_nat005,64000,27609,8,5,232.577342,set1_rep64,dace-gcc,mimalloc,64
newdxx_g,BaTiO3_nat005,64000,27609,8,6,231.109897,set1_rep64,dace-gcc,mimalloc,64
newdxx_g,BaTiO3_nat005,64000,27609,8,7,230.442748,set1_rep64,dace-gcc,mimalloc,64
newdxx_g,BaTiO3_nat005,64000,27609,8,8,230.508954,set1_rep64,dace-gcc,mimalloc,64
newdxx_g,BaTiO3_nat005,64000,27609,8,9,230.730004,set1_rep64,dace-gcc,mimalloc,64
newdxx_g,BaTiO3_nat005,64000,27609,8,10,231.190726,set1_rep64,dace-gcc,mimalloc,64
newdxx_g,BaTiO3_nat005,64000,27609,8,11,230.614039,set1_rep64,dace-gcc,mimalloc,64
newdxx_g,BaTiO3_nat005,64000,27609,8,12,229.990249,set1_rep64,dace-gcc,mimalloc,64
newdxx_g,BaTiO3_nat005,64000,27609,8,13,230.580376,set1_rep64,dace-gcc,mimalloc,64
newdxx_g,BaTiO3_nat005,64000,27609,8,14,231.432447,set1_rep64,dace-gcc,mimalloc,64
newdxx_g,BaTiO3_nat005,64000,27609,8,15,230.078855,set1_rep64,dace-gcc,mimalloc,64
newdxx_g,BaTiO3_nat005,64000,27609,8,16,229.979465,set1_rep64,dace-gcc,mimalloc,64
newdxx_g,BaTiO3_nat005,64000,27609,8,17,230.650359,set1_rep64,dace-gcc,mimalloc,64
newdxx_g,BaTiO3_nat005,64000,27609,8,18,231.728054,set1_rep64,dace-gcc,mimalloc,64
newdxx_g,BaTiO3_nat005,64000,27609,8,19,230.271713,set1_rep64,dace-gcc,mimalloc,64
newdxx_g,BaTiO3_nat005,64000,27609,16,0,121.247165,set1_rep64,dace-gcc,mimalloc,64
newdxx_g,BaTiO3_nat005,64000,27609,16,1,121.787950,set1_rep64,dace-gcc,mimalloc,64
newdxx_g,BaTiO3_nat005,64000,27609,16,2,121.281949,set1_rep64,dace-gcc,mimalloc,64
newdxx_g,BaTiO3_nat005,64000,27609,16,3,121.051939,set1_rep64,dace-gcc,mimalloc,64
newdxx_g,BaTiO3_nat005,64000,27609,16,4,121.445368,set1_rep64,dace-gcc,mimalloc,64
newdxx_g,BaTiO3_nat005,64000,27609,16,5,121.151361,set1_rep64,dace-gcc,mimalloc,64
newdxx_g,BaTiO3_nat005,64000,27609,16,6,121.239102,set1_rep64,dace-gcc,mimalloc,64
newdxx_g,BaTiO3_nat005,64000,27609,16,7,120.966981,set1_rep64,dace-gcc,mimalloc,64
newdxx_g,BaTiO3_nat005,64000,27609,16,8,120.925415,set1_rep64,dace-gcc,mimalloc,64
newdxx_g,BaTiO3_nat005,64000,27609,16,9,121.869451,set1_rep64,dace-gcc,mimalloc,64
newdxx_g,BaTiO3_nat005,64000,27609,16,10,121.498006,set1_rep64,dace-gcc,mimalloc,64
newdxx_g,BaTiO3_nat005,64000,27609,16,11,120.915399,set1_rep64,dace-gcc,mimalloc,64
newdxx_g,BaTiO3_nat005,64000,27609,16,12,121.393369,set1_rep64,dace-gcc,mimalloc,64
newdxx_g,BaTiO3_nat005,64000,27609,16,13,121.094530,set1_rep64,dace-gcc,mimalloc,64
newdxx_g,BaTiO3_nat005,64000,27609,16,14,126.262826,set1_rep64,dace-gcc,mimalloc,64
newdxx_g,BaTiO3_nat005,64000,27609,16,15,129.414061,set1_rep64,dace-gcc,mimalloc,64
newdxx_g,BaTiO3_nat005,64000,27609,16,16,127.837756,set1_rep64,dace-gcc,mimalloc,64
newdxx_g,BaTiO3_nat005,64000,27609,16,17,122.237408,set1_rep64,dace-gcc,mimalloc,64
newdxx_g,BaTiO3_nat005,64000,27609,16,18,121.319708,set1_rep64,dace-gcc,mimalloc,64
newdxx_g,BaTiO3_nat005,64000,27609,16,19,120.888135,set1_rep64,dace-gcc,mimalloc,64
newdxx_g,BaTiO3_nat005,64000,27609,32,0,61.070466,set1_rep64,dace-gcc,mimalloc,64
newdxx_g,BaTiO3_nat005,64000,27609,32,1,60.817257,set1_rep64,dace-gcc,mimalloc,64
newdxx_g,BaTiO3_nat005,64000,27609,32,2,61.033027,set1_rep64,dace-gcc,mimalloc,64
newdxx_g,BaTiO3_nat005,64000,27609,32,3,60.853256,set1_rep64,dace-gcc,mimalloc,64
newdxx_g,BaTiO3_nat005,64000,27609,32,4,60.941669,set1_rep64,dace-gcc,mimalloc,64
newdxx_g,BaTiO3_nat005,64000,27609,32,5,61.086305,set1_rep64,dace-gcc,mimalloc,64
newdxx_g,BaTiO3_nat005,64000,27609,32,6,60.769739,set1_rep64,dace-gcc,mimalloc,64
newdxx_g,BaTiO3_nat005,64000,27609,32,7,61.454582,set1_rep64,dace-gcc,mimalloc,64
newdxx_g,BaTiO3_nat005,64000,27609,32,8,61.043234,set1_rep64,dace-gcc,mimalloc,64
newdxx_g,BaTiO3_nat005,64000,27609,32,9,61.095009,set1_rep64,dace-gcc,mimalloc,64
newdxx_g,BaTiO3_nat005,64000,27609,32,10,61.108832,set1_rep64,dace-gcc,mimalloc,64
newdxx_g,BaTiO3_nat005,64000,27609,32,11,60.946501,set1_rep64,dace-gcc,mimalloc,64
newdxx_g,BaTiO3_nat005,64000,27609,32,12,61.038755,set1_rep64,dace-gcc,mimalloc,64
newdxx_g,BaTiO3_nat005,64000,27609,32,13,61.064289,set1_rep64,dace-gcc,mimalloc,64
newdxx_g,BaTiO3_nat005,64000,27609,32,14,60.717356,set1_rep64,dace-gcc,mimalloc,64
newdxx_g,BaTiO3_nat005,64000,27609,32,15,60.902950,set1_rep64,dace-gcc,mimalloc,64
newdxx_g,BaTiO3_nat005,64000,27609,32,16,61.124288,set1_rep64,dace-gcc,mimalloc,64
newdxx_g,BaTiO3_nat005,64000,27609,32,17,60.904358,set1_rep64,dace-gcc,mimalloc,64
newdxx_g,BaTiO3_nat005,64000,27609,32,18,60.879655,set1_rep64,dace-gcc,mimalloc,64
newdxx_g,BaTiO3_nat005,64000,27609,32,19,61.414136,set1_rep64,dace-gcc,mimalloc,64
newdxx_g,BaTiO3_nat005,64000,27609,64,0,32.241455,set1_rep64,dace-gcc,mimalloc,64
newdxx_g,BaTiO3_nat005,64000,27609,64,1,31.921688,set1_rep64,dace-gcc,mimalloc,64
newdxx_g,BaTiO3_nat005,64000,27609,64,2,35.059165,set1_rep64,dace-gcc,mimalloc,64
newdxx_g,BaTiO3_nat005,64000,27609,64,3,33.773538,set1_rep64,dace-gcc,mimalloc,64
newdxx_g,BaTiO3_nat005,64000,27609,64,4,33.612326,set1_rep64,dace-gcc,mimalloc,64
newdxx_g,BaTiO3_nat005,64000,27609,64,5,33.879711,set1_rep64,dace-gcc,mimalloc,64
newdxx_g,BaTiO3_nat005,64000,27609,64,6,34.472814,set1_rep64,dace-gcc,mimalloc,64
newdxx_g,BaTiO3_nat005,64000,27609,64,7,35.695017,set1_rep64,dace-gcc,mimalloc,64
newdxx_g,BaTiO3_nat005,64000,27609,64,8,35.425170,set1_rep64,dace-gcc,mimalloc,64
newdxx_g,BaTiO3_nat005,64000,27609,64,9,33.840320,set1_rep64,dace-gcc,mimalloc,64
newdxx_g,BaTiO3_nat005,64000,27609,64,10,37.594961,set1_rep64,dace-gcc,mimalloc,64
newdxx_g,BaTiO3_nat005,64000,27609,64,11,36.491699,set1_rep64,dace-gcc,mimalloc,64
newdxx_g,BaTiO3_nat005,64000,27609,64,12,35.897700,set1_rep64,dace-gcc,mimalloc,64
newdxx_g,BaTiO3_nat005,64000,27609,64,13,34.316242,set1_rep64,dace-gcc,mimalloc,64
newdxx_g,BaTiO3_nat005,64000,27609,64,14,36.419188,set1_rep64,dace-gcc,mimalloc,64
newdxx_g,BaTiO3_nat005,64000,27609,64,15,34.770149,set1_rep64,dace-gcc,mimalloc,64
newdxx_g,BaTiO3_nat005,64000,27609,64,16,34.980062,set1_rep64,dace-gcc,mimalloc,64
newdxx_g,BaTiO3_nat005,64000,27609,64,17,34.899361,set1_rep64,dace-gcc,mimalloc,64
newdxx_g,BaTiO3_nat005,64000,27609,64,18,35.193592,set1_rep64,dace-gcc,mimalloc,64
newdxx_g,BaTiO3_nat005,64000,27609,64,19,34.915936,set1_rep64,dace-gcc,mimalloc,64
newdxx_g,BaTiO3_nat005,64000,27609,72,0,32.970265,set1_rep64,dace-gcc,mimalloc,64
newdxx_g,BaTiO3_nat005,64000,27609,72,1,32.672770,set1_rep64,dace-gcc,mimalloc,64
newdxx_g,BaTiO3_nat005,64000,27609,72,2,32.656451,set1_rep64,dace-gcc,mimalloc,64
newdxx_g,BaTiO3_nat005,64000,27609,72,3,32.438441,set1_rep64,dace-gcc,mimalloc,64
newdxx_g,BaTiO3_nat005,64000,27609,72,4,32.506727,set1_rep64,dace-gcc,mimalloc,64
newdxx_g,BaTiO3_nat005,64000,27609,72,5,33.170035,set1_rep64,dace-gcc,mimalloc,64
newdxx_g,BaTiO3_nat005,64000,27609,72,6,33.046519,set1_rep64,dace-gcc,mimalloc,64
newdxx_g,BaTiO3_nat005,64000,27609,72,7,32.582277,set1_rep64,dace-gcc,mimalloc,64
newdxx_g,BaTiO3_nat005,64000,27609,72,8,32.619971,set1_rep64,dace-gcc,mimalloc,64
newdxx_g,BaTiO3_nat005,64000,27609,72,9,32.820606,set1_rep64,dace-gcc,mimalloc,64
newdxx_g,BaTiO3_nat005,64000,27609,72,10,32.900988,set1_rep64,dace-gcc,mimalloc,64
newdxx_g,BaTiO3_nat005,64000,27609,72,11,33.081078,set1_rep64,dace-gcc,mimalloc,64
newdxx_g,BaTiO3_nat005,64000,27609,72,12,32.532518,set1_rep64,dace-gcc,mimalloc,64
newdxx_g,BaTiO3_nat005,64000,27609,72,13,32.774815,set1_rep64,dace-gcc,mimalloc,64
newdxx_g,BaTiO3_nat005,64000,27609,72,14,32.299213,set1_rep64,dace-gcc,mimalloc,64
newdxx_g,BaTiO3_nat005,64000,27609,72,15,32.964057,set1_rep64,dace-gcc,mimalloc,64
newdxx_g,BaTiO3_nat005,64000,27609,72,16,32.767488,set1_rep64,dace-gcc,mimalloc,64
newdxx_g,BaTiO3_nat005,64000,27609,72,17,33.097781,set1_rep64,dace-gcc,mimalloc,64
newdxx_g,BaTiO3_nat005,64000,27609,72,18,34.748934,set1_rep64,dace-gcc,mimalloc,64
newdxx_g,BaTiO3_nat005,64000,27609,72,19,34.390000,set1_rep64,dace-gcc,mimalloc,64
newdxx_g,BaO_nat002,64000,18643,1,0,12.036342,set0,dace-llvm,mimalloc,1
newdxx_g,BaO_nat002,64000,18643,1,1,12.030967,set0,dace-llvm,mimalloc,1
newdxx_g,BaO_nat002,64000,18643,1,2,12.128755,set0,dace-llvm,mimalloc,1
newdxx_g,BaO_nat002,64000,18643,1,3,12.086068,set0,dace-llvm,mimalloc,1
newdxx_g,BaO_nat002,64000,18643,1,4,12.089461,set0,dace-llvm,mimalloc,1
newdxx_g,BaO_nat002,64000,18643,1,5,12.035574,set0,dace-llvm,mimalloc,1
newdxx_g,BaO_nat002,64000,18643,1,6,12.129619,set0,dace-llvm,mimalloc,1
newdxx_g,BaO_nat002,64000,18643,1,7,12.059190,set0,dace-llvm,mimalloc,1
newdxx_g,BaO_nat002,64000,18643,1,8,11.929529,set0,dace-llvm,mimalloc,1
newdxx_g,BaO_nat002,64000,18643,1,9,12.193841,set0,dace-llvm,mimalloc,1
newdxx_g,BaO_nat002,64000,18643,1,10,12.083285,set0,dace-llvm,mimalloc,1
newdxx_g,BaO_nat002,64000,18643,1,11,11.959128,set0,dace-llvm,mimalloc,1
newdxx_g,BaO_nat002,64000,18643,1,12,11.987928,set0,dace-llvm,mimalloc,1
newdxx_g,BaO_nat002,64000,18643,1,13,11.953944,set0,dace-llvm,mimalloc,1
newdxx_g,BaO_nat002,64000,18643,1,14,11.792574,set0,dace-llvm,mimalloc,1
newdxx_g,BaO_nat002,64000,18643,1,15,12.053909,set0,dace-llvm,mimalloc,1
newdxx_g,BaO_nat002,64000,18643,1,16,11.831388,set0,dace-llvm,mimalloc,1
newdxx_g,BaO_nat002,64000,18643,1,17,11.880410,set0,dace-llvm,mimalloc,1
newdxx_g,BaO_nat002,64000,18643,1,18,11.888571,set0,dace-llvm,mimalloc,1
newdxx_g,BaO_nat002,64000,18643,1,19,11.802365,set0,dace-llvm,mimalloc,1
newdxx_g,BaO_nat002,64000,18643,2,0,9.611775,set0,dace-llvm,mimalloc,1
newdxx_g,BaO_nat002,64000,18643,2,1,9.882007,set0,dace-llvm,mimalloc,1
newdxx_g,BaO_nat002,64000,18643,2,2,9.789625,set0,dace-llvm,mimalloc,1
newdxx_g,BaO_nat002,64000,18643,2,3,9.739515,set0,dace-llvm,mimalloc,1
newdxx_g,BaO_nat002,64000,18643,2,4,9.762106,set0,dace-llvm,mimalloc,1
newdxx_g,BaO_nat002,64000,18643,2,5,9.715323,set0,dace-llvm,mimalloc,1
newdxx_g,BaO_nat002,64000,18643,2,6,9.686301,set0,dace-llvm,mimalloc,1
newdxx_g,BaO_nat002,64000,18643,2,7,9.599039,set0,dace-llvm,mimalloc,1
newdxx_g,BaO_nat002,64000,18643,2,8,9.598624,set0,dace-llvm,mimalloc,1
newdxx_g,BaO_nat002,64000,18643,2,9,9.627902,set0,dace-llvm,mimalloc,1
newdxx_g,BaO_nat002,64000,18643,2,10,9.601791,set0,dace-llvm,mimalloc,1
newdxx_g,BaO_nat002,64000,18643,2,11,10.150191,set0,dace-llvm,mimalloc,1
newdxx_g,BaO_nat002,64000,18643,2,12,9.769338,set0,dace-llvm,mimalloc,1
newdxx_g,BaO_nat002,64000,18643,2,13,9.612031,set0,dace-llvm,mimalloc,1
newdxx_g,BaO_nat002,64000,18643,2,14,9.533761,set0,dace-llvm,mimalloc,1
newdxx_g,BaO_nat002,64000,18643,2,15,9.608383,set0,dace-llvm,mimalloc,1
newdxx_g,BaO_nat002,64000,18643,2,16,9.565728,set0,dace-llvm,mimalloc,1
newdxx_g,BaO_nat002,64000,18643,2,17,9.537441,set0,dace-llvm,mimalloc,1
newdxx_g,BaO_nat002,64000,18643,2,18,9.483426,set0,dace-llvm,mimalloc,1
newdxx_g,BaO_nat002,64000,18643,2,19,9.524833,set0,dace-llvm,mimalloc,1
newdxx_g,BaO_nat002,64000,18643,4,0,9.823513,set0,dace-llvm,mimalloc,1
newdxx_g,BaO_nat002,64000,18643,4,1,9.908950,set0,dace-llvm,mimalloc,1
newdxx_g,BaO_nat002,64000,18643,4,2,9.910550,set0,dace-llvm,mimalloc,1
newdxx_g,BaO_nat002,64000,18643,4,3,9.851095,set0,dace-llvm,mimalloc,1
newdxx_g,BaO_nat002,64000,18643,4,4,9.741851,set0,dace-llvm,mimalloc,1
newdxx_g,BaO_nat002,64000,18643,4,5,9.848600,set0,dace-llvm,mimalloc,1
newdxx_g,BaO_nat002,64000,18643,4,6,9.742587,set0,dace-llvm,mimalloc,1
newdxx_g,BaO_nat002,64000,18643,4,7,9.804185,set0,dace-llvm,mimalloc,1
newdxx_g,BaO_nat002,64000,18643,4,8,9.716348,set0,dace-llvm,mimalloc,1
newdxx_g,BaO_nat002,64000,18643,4,9,9.657501,set0,dace-llvm,mimalloc,1
newdxx_g,BaO_nat002,64000,18643,4,10,9.677789,set0,dace-llvm,mimalloc,1
newdxx_g,BaO_nat002,64000,18643,4,11,9.734875,set0,dace-llvm,mimalloc,1
newdxx_g,BaO_nat002,64000,18643,4,12,9.673565,set0,dace-llvm,mimalloc,1
newdxx_g,BaO_nat002,64000,18643,4,13,9.638141,set0,dace-llvm,mimalloc,1
newdxx_g,BaO_nat002,64000,18643,4,14,9.604415,set0,dace-llvm,mimalloc,1
newdxx_g,BaO_nat002,64000,18643,4,15,9.706556,set0,dace-llvm,mimalloc,1
newdxx_g,BaO_nat002,64000,18643,4,16,9.647134,set0,dace-llvm,mimalloc,1
newdxx_g,BaO_nat002,64000,18643,4,17,9.611742,set0,dace-llvm,mimalloc,1
newdxx_g,BaO_nat002,64000,18643,4,18,9.568832,set0,dace-llvm,mimalloc,1
newdxx_g,BaO_nat002,64000,18643,4,19,9.608415,set0,dace-llvm,mimalloc,1
newdxx_g,BaO_nat002,64000,18643,8,0,9.902230,set0,dace-llvm,mimalloc,1
newdxx_g,BaO_nat002,64000,18643,8,1,9.824761,set0,dace-llvm,mimalloc,1
newdxx_g,BaO_nat002,64000,18643,8,2,9.798585,set0,dace-llvm,mimalloc,1
newdxx_g,BaO_nat002,64000,18643,8,3,9.758171,set0,dace-llvm,mimalloc,1
newdxx_g,BaO_nat002,64000,18643,8,4,9.771770,set0,dace-llvm,mimalloc,1
newdxx_g,BaO_nat002,64000,18643,8,5,9.680349,set0,dace-llvm,mimalloc,1
newdxx_g,BaO_nat002,64000,18643,8,6,9.770970,set0,dace-llvm,mimalloc,1
newdxx_g,BaO_nat002,64000,18643,8,7,9.630974,set0,dace-llvm,mimalloc,1
newdxx_g,BaO_nat002,64000,18643,8,8,9.671612,set0,dace-llvm,mimalloc,1
newdxx_g,BaO_nat002,64000,18643,8,9,9.657853,set0,dace-llvm,mimalloc,1
newdxx_g,BaO_nat002,64000,18643,8,10,9.614110,set0,dace-llvm,mimalloc,1
newdxx_g,BaO_nat002,64000,18643,8,11,9.602208,set0,dace-llvm,mimalloc,1
newdxx_g,BaO_nat002,64000,18643,8,12,9.560224,set0,dace-llvm,mimalloc,1
newdxx_g,BaO_nat002,64000,18643,8,13,9.421956,set0,dace-llvm,mimalloc,1
newdxx_g,BaO_nat002,64000,18643,8,14,9.666589,set0,dace-llvm,mimalloc,1
newdxx_g,BaO_nat002,64000,18643,8,15,9.470819,set0,dace-llvm,mimalloc,1
newdxx_g,BaO_nat002,64000,18643,8,16,9.550881,set0,dace-llvm,mimalloc,1
newdxx_g,BaO_nat002,64000,18643,8,17,9.533281,set0,dace-llvm,mimalloc,1
newdxx_g,BaO_nat002,64000,18643,8,18,9.450724,set0,dace-llvm,mimalloc,1
newdxx_g,BaO_nat002,64000,18643,8,19,9.485251,set0,dace-llvm,mimalloc,1
newdxx_g,BaO_nat002,64000,18643,16,0,9.798329,set0,dace-llvm,mimalloc,1
newdxx_g,BaO_nat002,64000,18643,16,1,9.928245,set0,dace-llvm,mimalloc,1
newdxx_g,BaO_nat002,64000,18643,16,2,9.746971,set0,dace-llvm,mimalloc,1
newdxx_g,BaO_nat002,64000,18643,16,3,9.728219,set0,dace-llvm,mimalloc,1
newdxx_g,BaO_nat002,64000,18643,16,4,9.469667,set0,dace-llvm,mimalloc,1
newdxx_g,BaO_nat002,64000,18643,16,5,9.563776,set0,dace-llvm,mimalloc,1
newdxx_g,BaO_nat002,64000,18643,16,6,9.545249,set0,dace-llvm,mimalloc,1
newdxx_g,BaO_nat002,64000,18643,16,7,9.702748,set0,dace-llvm,mimalloc,1
newdxx_g,BaO_nat002,64000,18643,16,8,9.599456,set0,dace-llvm,mimalloc,1
newdxx_g,BaO_nat002,64000,18643,16,9,9.532961,set0,dace-llvm,mimalloc,1
newdxx_g,BaO_nat002,64000,18643,16,10,9.640350,set0,dace-llvm,mimalloc,1
newdxx_g,BaO_nat002,64000,18643,16,11,9.524962,set0,dace-llvm,mimalloc,1
newdxx_g,BaO_nat002,64000,18643,16,12,9.563488,set0,dace-llvm,mimalloc,1
newdxx_g,BaO_nat002,64000,18643,16,13,9.536833,set0,dace-llvm,mimalloc,1
newdxx_g,BaO_nat002,64000,18643,16,14,9.487427,set0,dace-llvm,mimalloc,1
newdxx_g,BaO_nat002,64000,18643,16,15,9.555233,set0,dace-llvm,mimalloc,1
newdxx_g,BaO_nat002,64000,18643,16,16,9.554113,set0,dace-llvm,mimalloc,1
newdxx_g,BaO_nat002,64000,18643,16,17,9.486786,set0,dace-llvm,mimalloc,1
newdxx_g,BaO_nat002,64000,18643,16,18,9.488419,set0,dace-llvm,mimalloc,1
newdxx_g,BaO_nat002,64000,18643,16,19,9.458692,set0,dace-llvm,mimalloc,1
newdxx_g,BaO_nat002,64000,18643,32,0,10.643615,set0,dace-llvm,mimalloc,1
newdxx_g,BaO_nat002,64000,18643,32,1,9.970324,set0,dace-llvm,mimalloc,1
newdxx_g,BaO_nat002,64000,18643,32,2,9.903734,set0,dace-llvm,mimalloc,1
newdxx_g,BaO_nat002,64000,18643,32,3,9.832824,set0,dace-llvm,mimalloc,1
newdxx_g,BaO_nat002,64000,18643,32,4,9.800057,set0,dace-llvm,mimalloc,1
newdxx_g,BaO_nat002,64000,18643,32,5,9.796826,set0,dace-llvm,mimalloc,1
newdxx_g,BaO_nat002,64000,18643,32,6,9.767354,set0,dace-llvm,mimalloc,1
newdxx_g,BaO_nat002,64000,18643,32,7,9.673597,set0,dace-llvm,mimalloc,1
newdxx_g,BaO_nat002,64000,18643,32,8,9.664797,set0,dace-llvm,mimalloc,1
newdxx_g,BaO_nat002,64000,18643,32,9,9.654685,set0,dace-llvm,mimalloc,1
newdxx_g,BaO_nat002,64000,18643,32,10,9.746107,set0,dace-llvm,mimalloc,1
newdxx_g,BaO_nat002,64000,18643,32,11,9.629342,set0,dace-llvm,mimalloc,1
newdxx_g,BaO_nat002,64000,18643,32,12,9.603519,set0,dace-llvm,mimalloc,1
newdxx_g,BaO_nat002,64000,18643,32,13,9.622078,set0,dace-llvm,mimalloc,1
newdxx_g,BaO_nat002,64000,18643,32,14,9.587711,set0,dace-llvm,mimalloc,1
newdxx_g,BaO_nat002,64000,18643,32,15,9.614399,set0,dace-llvm,mimalloc,1
newdxx_g,BaO_nat002,64000,18643,32,16,9.586784,set0,dace-llvm,mimalloc,1
newdxx_g,BaO_nat002,64000,18643,32,17,9.560320,set0,dace-llvm,mimalloc,1
newdxx_g,BaO_nat002,64000,18643,32,18,9.558369,set0,dace-llvm,mimalloc,1
newdxx_g,BaO_nat002,64000,18643,32,19,9.474179,set0,dace-llvm,mimalloc,1
newdxx_g,BaO_nat002,64000,18643,64,0,10.016275,set0,dace-llvm,mimalloc,1
newdxx_g,BaO_nat002,64000,18643,64,1,9.912982,set0,dace-llvm,mimalloc,1
newdxx_g,BaO_nat002,64000,18643,64,2,9.917206,set0,dace-llvm,mimalloc,1
newdxx_g,BaO_nat002,64000,18643,64,3,9.815128,set0,dace-llvm,mimalloc,1
newdxx_g,BaO_nat002,64000,18643,64,4,9.790041,set0,dace-llvm,mimalloc,1
newdxx_g,BaO_nat002,64000,18643,64,5,9.724283,set0,dace-llvm,mimalloc,1
newdxx_g,BaO_nat002,64000,18643,64,6,9.779162,set0,dace-llvm,mimalloc,1
newdxx_g,BaO_nat002,64000,18643,64,7,9.745402,set0,dace-llvm,mimalloc,1
newdxx_g,BaO_nat002,64000,18643,64,8,9.720988,set0,dace-llvm,mimalloc,1
newdxx_g,BaO_nat002,64000,18643,64,9,9.639294,set0,dace-llvm,mimalloc,1
newdxx_g,BaO_nat002,64000,18643,64,10,9.631391,set0,dace-llvm,mimalloc,1
newdxx_g,BaO_nat002,64000,18643,64,11,9.625278,set0,dace-llvm,mimalloc,1
newdxx_g,BaO_nat002,64000,18643,64,12,9.618558,set0,dace-llvm,mimalloc,1
newdxx_g,BaO_nat002,64000,18643,64,13,9.632830,set0,dace-llvm,mimalloc,1
newdxx_g,BaO_nat002,64000,18643,64,14,9.607583,set0,dace-llvm,mimalloc,1
newdxx_g,BaO_nat002,64000,18643,64,15,9.537249,set0,dace-llvm,mimalloc,1
newdxx_g,BaO_nat002,64000,18643,64,16,10.045074,set0,dace-llvm,mimalloc,1
newdxx_g,BaO_nat002,64000,18643,64,17,9.634942,set0,dace-llvm,mimalloc,1
newdxx_g,BaO_nat002,64000,18643,64,18,9.550913,set0,dace-llvm,mimalloc,1
newdxx_g,BaO_nat002,64000,18643,64,19,9.515426,set0,dace-llvm,mimalloc,1
newdxx_g,BaO_nat002,64000,18643,72,0,9.891734,set0,dace-llvm,mimalloc,1
newdxx_g,BaO_nat002,64000,18643,72,1,9.770267,set0,dace-llvm,mimalloc,1
newdxx_g,BaO_nat002,64000,18643,72,2,9.810136,set0,dace-llvm,mimalloc,1
newdxx_g,BaO_nat002,64000,18643,72,3,9.737435,set0,dace-llvm,mimalloc,1
newdxx_g,BaO_nat002,64000,18643,72,4,9.673597,set0,dace-llvm,mimalloc,1
newdxx_g,BaO_nat002,64000,18643,72,5,9.696317,set0,dace-llvm,mimalloc,1
newdxx_g,BaO_nat002,64000,18643,72,6,9.619230,set0,dace-llvm,mimalloc,1
newdxx_g,BaO_nat002,64000,18643,72,7,9.583583,set0,dace-llvm,mimalloc,1
newdxx_g,BaO_nat002,64000,18643,72,8,9.636446,set0,dace-llvm,mimalloc,1
newdxx_g,BaO_nat002,64000,18643,72,9,9.539041,set0,dace-llvm,mimalloc,1
newdxx_g,BaO_nat002,64000,18643,72,10,9.507937,set0,dace-llvm,mimalloc,1
newdxx_g,BaO_nat002,64000,18643,72,11,9.503682,set0,dace-llvm,mimalloc,1
newdxx_g,BaO_nat002,64000,18643,72,12,9.495842,set0,dace-llvm,mimalloc,1
newdxx_g,BaO_nat002,64000,18643,72,13,9.439556,set0,dace-llvm,mimalloc,1
newdxx_g,BaO_nat002,64000,18643,72,14,9.432164,set0,dace-llvm,mimalloc,1
newdxx_g,BaO_nat002,64000,18643,72,15,9.479106,set0,dace-llvm,mimalloc,1
newdxx_g,BaO_nat002,64000,18643,72,16,9.471106,set0,dace-llvm,mimalloc,1
newdxx_g,BaO_nat002,64000,18643,72,17,9.516001,set0,dace-llvm,mimalloc,1
newdxx_g,BaO_nat002,64000,18643,72,18,9.502337,set0,dace-llvm,mimalloc,1
newdxx_g,BaO_nat002,64000,18643,72,19,9.476003,set0,dace-llvm,mimalloc,1
newdxx_g,BaO_nat002,64000,18643,1,0,618.170872,set0_rep64,dace-llvm,mimalloc,64
newdxx_g,BaO_nat002,64000,18643,1,1,617.342801,set0_rep64,dace-llvm,mimalloc,64
newdxx_g,BaO_nat002,64000,18643,1,2,617.234900,set0_rep64,dace-llvm,mimalloc,64
newdxx_g,BaO_nat002,64000,18643,1,3,617.254899,set0_rep64,dace-llvm,mimalloc,64
newdxx_g,BaO_nat002,64000,18643,1,4,617.057177,set0_rep64,dace-llvm,mimalloc,64
newdxx_g,BaO_nat002,64000,18643,1,5,617.456781,set0_rep64,dace-llvm,mimalloc,64
newdxx_g,BaO_nat002,64000,18643,1,6,617.482924,set0_rep64,dace-llvm,mimalloc,64
newdxx_g,BaO_nat002,64000,18643,1,7,618.166872,set0_rep64,dace-llvm,mimalloc,64
newdxx_g,BaO_nat002,64000,18643,1,8,617.615144,set0_rep64,dace-llvm,mimalloc,64
newdxx_g,BaO_nat002,64000,18643,1,9,617.214837,set0_rep64,dace-llvm,mimalloc,64
newdxx_g,BaO_nat002,64000,18643,1,10,617.899744,set0_rep64,dace-llvm,mimalloc,64
newdxx_g,BaO_nat002,64000,18643,1,11,617.120631,set0_rep64,dace-llvm,mimalloc,64
newdxx_g,BaO_nat002,64000,18643,1,12,617.061914,set0_rep64,dace-llvm,mimalloc,64
newdxx_g,BaO_nat002,64000,18643,1,13,617.451182,set0_rep64,dace-llvm,mimalloc,64
newdxx_g,BaO_nat002,64000,18643,1,14,617.008795,set0_rep64,dace-llvm,mimalloc,64
newdxx_g,BaO_nat002,64000,18643,1,15,617.553835,set0_rep64,dace-llvm,mimalloc,64
newdxx_g,BaO_nat002,64000,18643,1,16,617.841346,set0_rep64,dace-llvm,mimalloc,64
newdxx_g,BaO_nat002,64000,18643,1,17,617.223811,set0_rep64,dace-llvm,mimalloc,64
newdxx_g,BaO_nat002,64000,18643,1,18,617.590407,set0_rep64,dace-llvm,mimalloc,64
newdxx_g,BaO_nat002,64000,18643,1,19,617.191731,set0_rep64,dace-llvm,mimalloc,64
newdxx_g,BaO_nat002,64000,18643,2,0,322.796832,set0_rep64,dace-llvm,mimalloc,64
newdxx_g,BaO_nat002,64000,18643,2,1,322.658851,set0_rep64,dace-llvm,mimalloc,64
newdxx_g,BaO_nat002,64000,18643,2,2,322.663812,set0_rep64,dace-llvm,mimalloc,64
newdxx_g,BaO_nat002,64000,18643,2,3,322.766689,set0_rep64,dace-llvm,mimalloc,64
newdxx_g,BaO_nat002,64000,18643,2,4,322.704995,set0_rep64,dace-llvm,mimalloc,64
newdxx_g,BaO_nat002,64000,18643,2,5,322.845534,set0_rep64,dace-llvm,mimalloc,64
newdxx_g,BaO_nat002,64000,18643,2,6,322.382924,set0_rep64,dace-llvm,mimalloc,64
newdxx_g,BaO_nat002,64000,18643,2,7,322.240495,set0_rep64,dace-llvm,mimalloc,64
newdxx_g,BaO_nat002,64000,18643,2,8,324.262613,set0_rep64,dace-llvm,mimalloc,64
newdxx_g,BaO_nat002,64000,18643,2,9,322.130131,set0_rep64,dace-llvm,mimalloc,64
newdxx_g,BaO_nat002,64000,18643,2,10,322.071861,set0_rep64,dace-llvm,mimalloc,64
newdxx_g,BaO_nat002,64000,18643,2,11,322.830303,set0_rep64,dace-llvm,mimalloc,64
newdxx_g,BaO_nat002,64000,18643,2,12,322.440298,set0_rep64,dace-llvm,mimalloc,64
newdxx_g,BaO_nat002,64000,18643,2,13,322.580646,set0_rep64,dace-llvm,mimalloc,64
newdxx_g,BaO_nat002,64000,18643,2,14,324.764295,set0_rep64,dace-llvm,mimalloc,64
newdxx_g,BaO_nat002,64000,18643,2,15,322.467113,set0_rep64,dace-llvm,mimalloc,64
newdxx_g,BaO_nat002,64000,18643,2,16,322.686786,set0_rep64,dace-llvm,mimalloc,64
newdxx_g,BaO_nat002,64000,18643,2,17,323.000762,set0_rep64,dace-llvm,mimalloc,64
newdxx_g,BaO_nat002,64000,18643,2,18,328.233686,set0_rep64,dace-llvm,mimalloc,64
newdxx_g,BaO_nat002,64000,18643,2,19,323.579798,set0_rep64,dace-llvm,mimalloc,64
newdxx_g,BaO_nat002,64000,18643,4,0,161.744748,set0_rep64,dace-llvm,mimalloc,64
newdxx_g,BaO_nat002,64000,18643,4,1,160.701547,set0_rep64,dace-llvm,mimalloc,64
newdxx_g,BaO_nat002,64000,18643,4,2,161.669647,set0_rep64,dace-llvm,mimalloc,64
newdxx_g,BaO_nat002,64000,18643,4,3,160.645964,set0_rep64,dace-llvm,mimalloc,64
newdxx_g,BaO_nat002,64000,18643,4,4,160.639469,set0_rep64,dace-llvm,mimalloc,64
newdxx_g,BaO_nat002,64000,18643,4,5,159.296052,set0_rep64,dace-llvm,mimalloc,64
newdxx_g,BaO_nat002,64000,18643,4,6,160.636973,set0_rep64,dace-llvm,mimalloc,64
newdxx_g,BaO_nat002,64000,18643,4,7,159.045884,set0_rep64,dace-llvm,mimalloc,64
newdxx_g,BaO_nat002,64000,18643,4,8,159.410513,set0_rep64,dace-llvm,mimalloc,64
newdxx_g,BaO_nat002,64000,18643,4,9,159.856708,set0_rep64,dace-llvm,mimalloc,64
newdxx_g,BaO_nat002,64000,18643,4,10,160.303255,set0_rep64,dace-llvm,mimalloc,64
newdxx_g,BaO_nat002,64000,18643,4,11,160.518576,set0_rep64,dace-llvm,mimalloc,64
newdxx_g,BaO_nat002,64000,18643,4,12,160.360789,set0_rep64,dace-llvm,mimalloc,64
newdxx_g,BaO_nat002,64000,18643,4,13,159.028669,set0_rep64,dace-llvm,mimalloc,64
newdxx_g,BaO_nat002,64000,18643,4,14,159.176344,set0_rep64,dace-llvm,mimalloc,64
newdxx_g,BaO_nat002,64000,18643,4,15,160.609902,set0_rep64,dace-llvm,mimalloc,64
newdxx_g,BaO_nat002,64000,18643,4,16,159.032924,set0_rep64,dace-llvm,mimalloc,64
newdxx_g,BaO_nat002,64000,18643,4,17,159.903171,set0_rep64,dace-llvm,mimalloc,64
newdxx_g,BaO_nat002,64000,18643,4,18,159.054140,set0_rep64,dace-llvm,mimalloc,64
newdxx_g,BaO_nat002,64000,18643,4,19,159.521869,set0_rep64,dace-llvm,mimalloc,64
newdxx_g,BaO_nat002,64000,18643,8,0,82.424073,set0_rep64,dace-llvm,mimalloc,64
newdxx_g,BaO_nat002,64000,18643,8,1,82.361482,set0_rep64,dace-llvm,mimalloc,64
newdxx_g,BaO_nat002,64000,18643,8,2,82.216079,set0_rep64,dace-llvm,mimalloc,64
newdxx_g,BaO_nat002,64000,18643,8,3,82.531750,set0_rep64,dace-llvm,mimalloc,64
newdxx_g,BaO_nat002,64000,18643,8,4,82.287853,set0_rep64,dace-llvm,mimalloc,64
newdxx_g,BaO_nat002,64000,18643,8,5,82.273390,set0_rep64,dace-llvm,mimalloc,64
newdxx_g,BaO_nat002,64000,18643,8,6,82.223631,set0_rep64,dace-llvm,mimalloc,64
newdxx_g,BaO_nat002,64000,18643,8,7,82.186703,set0_rep64,dace-llvm,mimalloc,64
newdxx_g,BaO_nat002,64000,18643,8,8,82.389961,set0_rep64,dace-llvm,mimalloc,64
newdxx_g,BaO_nat002,64000,18643,8,9,82.288684,set0_rep64,dace-llvm,mimalloc,64
newdxx_g,BaO_nat002,64000,18643,8,10,82.252174,set0_rep64,dace-llvm,mimalloc,64
newdxx_g,BaO_nat002,64000,18643,8,11,82.296172,set0_rep64,dace-llvm,mimalloc,64
newdxx_g,BaO_nat002,64000,18643,8,12,82.381322,set0_rep64,dace-llvm,mimalloc,64
newdxx_g,BaO_nat002,64000,18643,8,13,82.244909,set0_rep64,dace-llvm,mimalloc,64
newdxx_g,BaO_nat002,64000,18643,8,14,82.428264,set0_rep64,dace-llvm,mimalloc,64
newdxx_g,BaO_nat002,64000,18643,8,15,82.194351,set0_rep64,dace-llvm,mimalloc,64
newdxx_g,BaO_nat002,64000,18643,8,16,82.257421,set0_rep64,dace-llvm,mimalloc,64
newdxx_g,BaO_nat002,64000,18643,8,17,82.254318,set0_rep64,dace-llvm,mimalloc,64
newdxx_g,BaO_nat002,64000,18643,8,18,82.286445,set0_rep64,dace-llvm,mimalloc,64
newdxx_g,BaO_nat002,64000,18643,8,19,82.176720,set0_rep64,dace-llvm,mimalloc,64
newdxx_g,BaO_nat002,64000,18643,16,0,42.123497,set0_rep64,dace-llvm,mimalloc,64
newdxx_g,BaO_nat002,64000,18643,16,1,42.152809,set0_rep64,dace-llvm,mimalloc,64
newdxx_g,BaO_nat002,64000,18643,16,2,41.988046,set0_rep64,dace-llvm,mimalloc,64
newdxx_g,BaO_nat002,64000,18643,16,3,42.036524,set0_rep64,dace-llvm,mimalloc,64
newdxx_g,BaO_nat002,64000,18643,16,4,42.109386,set0_rep64,dace-llvm,mimalloc,64
newdxx_g,BaO_nat002,64000,18643,16,5,42.005069,set0_rep64,dace-llvm,mimalloc,64
newdxx_g,BaO_nat002,64000,18643,16,6,41.994318,set0_rep64,dace-llvm,mimalloc,64
newdxx_g,BaO_nat002,64000,18643,16,7,42.034893,set0_rep64,dace-llvm,mimalloc,64
newdxx_g,BaO_nat002,64000,18643,16,8,42.227463,set0_rep64,dace-llvm,mimalloc,64
newdxx_g,BaO_nat002,64000,18643,16,9,42.128841,set0_rep64,dace-llvm,mimalloc,64
newdxx_g,BaO_nat002,64000,18643,16,10,42.023372,set0_rep64,dace-llvm,mimalloc,64
newdxx_g,BaO_nat002,64000,18643,16,11,42.021516,set0_rep64,dace-llvm,mimalloc,64
newdxx_g,BaO_nat002,64000,18643,16,12,42.140265,set0_rep64,dace-llvm,mimalloc,64
newdxx_g,BaO_nat002,64000,18643,16,13,42.056812,set0_rep64,dace-llvm,mimalloc,64
newdxx_g,BaO_nat002,64000,18643,16,14,42.041580,set0_rep64,dace-llvm,mimalloc,64
newdxx_g,BaO_nat002,64000,18643,16,15,41.983662,set0_rep64,dace-llvm,mimalloc,64
newdxx_g,BaO_nat002,64000,18643,16,16,41.953070,set0_rep64,dace-llvm,mimalloc,64
newdxx_g,BaO_nat002,64000,18643,16,17,41.978765,set0_rep64,dace-llvm,mimalloc,64
newdxx_g,BaO_nat002,64000,18643,16,18,41.960239,set0_rep64,dace-llvm,mimalloc,64
newdxx_g,BaO_nat002,64000,18643,16,19,41.927632,set0_rep64,dace-llvm,mimalloc,64
newdxx_g,BaO_nat002,64000,18643,32,0,21.733761,set0_rep64,dace-llvm,mimalloc,64
newdxx_g,BaO_nat002,64000,18643,32,1,21.785631,set0_rep64,dace-llvm,mimalloc,64
newdxx_g,BaO_nat002,64000,18643,32,2,21.786015,set0_rep64,dace-llvm,mimalloc,64
newdxx_g,BaO_nat002,64000,18643,32,3,21.759552,set0_rep64,dace-llvm,mimalloc,64
newdxx_g,BaO_nat002,64000,18643,32,4,21.745184,set0_rep64,dace-llvm,mimalloc,64
newdxx_g,BaO_nat002,64000,18643,32,5,21.799583,set0_rep64,dace-llvm,mimalloc,64
newdxx_g,BaO_nat002,64000,18643,32,6,21.789247,set0_rep64,dace-llvm,mimalloc,64
newdxx_g,BaO_nat002,64000,18643,32,7,21.743393,set0_rep64,dace-llvm,mimalloc,64
newdxx_g,BaO_nat002,64000,18643,32,8,21.645924,set0_rep64,dace-llvm,mimalloc,64
newdxx_g,BaO_nat002,64000,18643,32,9,21.725442,set0_rep64,dace-llvm,mimalloc,64
newdxx_g,BaO_nat002,64000,18643,32,10,21.850974,set0_rep64,dace-llvm,mimalloc,64
newdxx_g,BaO_nat002,64000,18643,32,11,21.701538,set0_rep64,dace-llvm,mimalloc,64
newdxx_g,BaO_nat002,64000,18643,32,12,21.854589,set0_rep64,dace-llvm,mimalloc,64
newdxx_g,BaO_nat002,64000,18643,32,13,21.800991,set0_rep64,dace-llvm,mimalloc,64
newdxx_g,BaO_nat002,64000,18643,32,14,21.757248,set0_rep64,dace-llvm,mimalloc,64
newdxx_g,BaO_nat002,64000,18643,32,15,21.725889,set0_rep64,dace-llvm,mimalloc,64
newdxx_g,BaO_nat002,64000,18643,32,16,21.621796,set0_rep64,dace-llvm,mimalloc,64
newdxx_g,BaO_nat002,64000,18643,32,17,21.735297,set0_rep64,dace-llvm,mimalloc,64
newdxx_g,BaO_nat002,64000,18643,32,18,21.666499,set0_rep64,dace-llvm,mimalloc,64
newdxx_g,BaO_nat002,64000,18643,32,19,21.665219,set0_rep64,dace-llvm,mimalloc,64
newdxx_g,BaO_nat002,64000,18643,64,0,11.784549,set0_rep64,dace-llvm,mimalloc,64
newdxx_g,BaO_nat002,64000,18643,64,1,11.697129,set0_rep64,dace-llvm,mimalloc,64
newdxx_g,BaO_nat002,64000,18643,64,2,11.799813,set0_rep64,dace-llvm,mimalloc,64
newdxx_g,BaO_nat002,64000,18643,64,3,11.636938,set0_rep64,dace-llvm,mimalloc,64
newdxx_g,BaO_nat002,64000,18643,64,4,11.751366,set0_rep64,dace-llvm,mimalloc,64
newdxx_g,BaO_nat002,64000,18643,64,5,11.715400,set0_rep64,dace-llvm,mimalloc,64
newdxx_g,BaO_nat002,64000,18643,64,6,11.722535,set0_rep64,dace-llvm,mimalloc,64
newdxx_g,BaO_nat002,64000,18643,64,7,11.661321,set0_rep64,dace-llvm,mimalloc,64
newdxx_g,BaO_nat002,64000,18643,64,8,11.602571,set0_rep64,dace-llvm,mimalloc,64
newdxx_g,BaO_nat002,64000,18643,64,9,11.709608,set0_rep64,dace-llvm,mimalloc,64
newdxx_g,BaO_nat002,64000,18643,64,10,11.597771,set0_rep64,dace-llvm,mimalloc,64
newdxx_g,BaO_nat002,64000,18643,64,11,11.709672,set0_rep64,dace-llvm,mimalloc,64
newdxx_g,BaO_nat002,64000,18643,64,12,11.630954,set0_rep64,dace-llvm,mimalloc,64
newdxx_g,BaO_nat002,64000,18643,64,13,11.763238,set0_rep64,dace-llvm,mimalloc,64
newdxx_g,BaO_nat002,64000,18643,64,14,11.601515,set0_rep64,dace-llvm,mimalloc,64
newdxx_g,BaO_nat002,64000,18643,64,15,11.701768,set0_rep64,dace-llvm,mimalloc,64
newdxx_g,BaO_nat002,64000,18643,64,16,11.608971,set0_rep64,dace-llvm,mimalloc,64
newdxx_g,BaO_nat002,64000,18643,64,17,11.696360,set0_rep64,dace-llvm,mimalloc,64
newdxx_g,BaO_nat002,64000,18643,64,18,11.676712,set0_rep64,dace-llvm,mimalloc,64
newdxx_g,BaO_nat002,64000,18643,64,19,11.716360,set0_rep64,dace-llvm,mimalloc,64
newdxx_g,BaO_nat002,64000,18643,72,0,11.915298,set0_rep64,dace-llvm,mimalloc,64
newdxx_g,BaO_nat002,64000,18643,72,1,11.756902,set0_rep64,dace-llvm,mimalloc,64
newdxx_g,BaO_nat002,64000,18643,72,2,11.851843,set0_rep64,dace-llvm,mimalloc,64
newdxx_g,BaO_nat002,64000,18643,72,3,11.748998,set0_rep64,dace-llvm,mimalloc,64
newdxx_g,BaO_nat002,64000,18643,72,4,11.746311,set0_rep64,dace-llvm,mimalloc,64
newdxx_g,BaO_nat002,64000,18643,72,5,11.684296,set0_rep64,dace-llvm,mimalloc,64
newdxx_g,BaO_nat002,64000,18643,72,6,11.860483,set0_rep64,dace-llvm,mimalloc,64
newdxx_g,BaO_nat002,64000,18643,72,7,11.639977,set0_rep64,dace-llvm,mimalloc,64
newdxx_g,BaO_nat002,64000,18643,72,8,11.828228,set0_rep64,dace-llvm,mimalloc,64
newdxx_g,BaO_nat002,64000,18643,72,9,11.676936,set0_rep64,dace-llvm,mimalloc,64
newdxx_g,BaO_nat002,64000,18643,72,10,11.815845,set0_rep64,dace-llvm,mimalloc,64
newdxx_g,BaO_nat002,64000,18643,72,11,11.688168,set0_rep64,dace-llvm,mimalloc,64
newdxx_g,BaO_nat002,64000,18643,72,12,11.826596,set0_rep64,dace-llvm,mimalloc,64
newdxx_g,BaO_nat002,64000,18643,72,13,11.740711,set0_rep64,dace-llvm,mimalloc,64
newdxx_g,BaO_nat002,64000,18643,72,14,11.742407,set0_rep64,dace-llvm,mimalloc,64
newdxx_g,BaO_nat002,64000,18643,72,15,11.698120,set0_rep64,dace-llvm,mimalloc,64
newdxx_g,BaO_nat002,64000,18643,72,16,11.746183,set0_rep64,dace-llvm,mimalloc,64
newdxx_g,BaO_nat002,64000,18643,72,17,11.742183,set0_rep64,dace-llvm,mimalloc,64
newdxx_g,BaO_nat002,64000,18643,72,18,11.690505,set0_rep64,dace-llvm,mimalloc,64
newdxx_g,BaO_nat002,64000,18643,72,19,11.830052,set0_rep64,dace-llvm,mimalloc,64
newdxx_g,BaO_nat002,64000,18643,1,0,11.907490,set1,dace-llvm,mimalloc,1
newdxx_g,BaO_nat002,64000,18643,1,1,12.195130,set1,dace-llvm,mimalloc,1
newdxx_g,BaO_nat002,64000,18643,1,2,12.187321,set1,dace-llvm,mimalloc,1
newdxx_g,BaO_nat002,64000,18643,1,3,12.263480,set1,dace-llvm,mimalloc,1
newdxx_g,BaO_nat002,64000,18643,1,4,12.287671,set1,dace-llvm,mimalloc,1
newdxx_g,BaO_nat002,64000,18643,1,5,11.950784,set1,dace-llvm,mimalloc,1
newdxx_g,BaO_nat002,64000,18643,1,6,11.995647,set1,dace-llvm,mimalloc,1
newdxx_g,BaO_nat002,64000,18643,1,7,12.128188,set1,dace-llvm,mimalloc,1
newdxx_g,BaO_nat002,64000,18643,1,8,12.032990,set1,dace-llvm,mimalloc,1
newdxx_g,BaO_nat002,64000,18643,1,9,11.967616,set1,dace-llvm,mimalloc,1
newdxx_g,BaO_nat002,64000,18643,1,10,11.950849,set1,dace-llvm,mimalloc,1
newdxx_g,BaO_nat002,64000,18643,1,11,11.979296,set1,dace-llvm,mimalloc,1
newdxx_g,BaO_nat002,64000,18643,1,12,11.930433,set1,dace-llvm,mimalloc,1
newdxx_g,BaO_nat002,64000,18643,1,13,12.109564,set1,dace-llvm,mimalloc,1
newdxx_g,BaO_nat002,64000,18643,1,14,11.923809,set1,dace-llvm,mimalloc,1
newdxx_g,BaO_nat002,64000,18643,1,15,11.850788,set1,dace-llvm,mimalloc,1
newdxx_g,BaO_nat002,64000,18643,1,16,11.827524,set1,dace-llvm,mimalloc,1
newdxx_g,BaO_nat002,64000,18643,1,17,11.851204,set1,dace-llvm,mimalloc,1
newdxx_g,BaO_nat002,64000,18643,1,18,11.809061,set1,dace-llvm,mimalloc,1
newdxx_g,BaO_nat002,64000,18643,1,19,11.803333,set1,dace-llvm,mimalloc,1
newdxx_g,BaO_nat002,64000,18643,2,0,9.811264,set1,dace-llvm,mimalloc,1
newdxx_g,BaO_nat002,64000,18643,2,1,9.728130,set1,dace-llvm,mimalloc,1
newdxx_g,BaO_nat002,64000,18643,2,2,9.742017,set1,dace-llvm,mimalloc,1
newdxx_g,BaO_nat002,64000,18643,2,3,10.046105,set1,dace-llvm,mimalloc,1
newdxx_g,BaO_nat002,64000,18643,2,4,9.657124,set1,dace-llvm,mimalloc,1
newdxx_g,BaO_nat002,64000,18643,2,5,9.617925,set1,dace-llvm,mimalloc,1
newdxx_g,BaO_nat002,64000,18643,2,6,9.580935,set1,dace-llvm,mimalloc,1
newdxx_g,BaO_nat002,64000,18643,2,7,9.592710,set1,dace-llvm,mimalloc,1
newdxx_g,BaO_nat002,64000,18643,2,8,9.517896,set1,dace-llvm,mimalloc,1
newdxx_g,BaO_nat002,64000,18643,2,9,9.616038,set1,dace-llvm,mimalloc,1
newdxx_g,BaO_nat002,64000,18643,2,10,9.583974,set1,dace-llvm,mimalloc,1
newdxx_g,BaO_nat002,64000,18643,2,11,9.490249,set1,dace-llvm,mimalloc,1
newdxx_g,BaO_nat002,64000,18643,2,12,9.525991,set1,dace-llvm,mimalloc,1
newdxx_g,BaO_nat002,64000,18643,2,13,9.504489,set1,dace-llvm,mimalloc,1
newdxx_g,BaO_nat002,64000,18643,2,14,9.494569,set1,dace-llvm,mimalloc,1
newdxx_g,BaO_nat002,64000,18643,2,15,9.440875,set1,dace-llvm,mimalloc,1
newdxx_g,BaO_nat002,64000,18643,2,16,9.439403,set1,dace-llvm,mimalloc,1
newdxx_g,BaO_nat002,64000,18643,2,17,9.487145,set1,dace-llvm,mimalloc,1
newdxx_g,BaO_nat002,64000,18643,2,18,9.438634,set1,dace-llvm,mimalloc,1
newdxx_g,BaO_nat002,64000,18643,2,19,9.502953,set1,dace-llvm,mimalloc,1
newdxx_g,BaO_nat002,64000,18643,4,0,9.778432,set1,dace-llvm,mimalloc,1
newdxx_g,BaO_nat002,64000,18643,4,1,9.767489,set1,dace-llvm,mimalloc,1
newdxx_g,BaO_nat002,64000,18643,4,2,9.786432,set1,dace-llvm,mimalloc,1
newdxx_g,BaO_nat002,64000,18643,4,3,9.598374,set1,dace-llvm,mimalloc,1
newdxx_g,BaO_nat002,64000,18643,4,4,9.630853,set1,dace-llvm,mimalloc,1
newdxx_g,BaO_nat002,64000,18643,4,5,9.638341,set1,dace-llvm,mimalloc,1
newdxx_g,BaO_nat002,64000,18643,4,6,9.671396,set1,dace-llvm,mimalloc,1
newdxx_g,BaO_nat002,64000,18643,4,7,9.580806,set1,dace-llvm,mimalloc,1
newdxx_g,BaO_nat002,64000,18643,4,8,9.588134,set1,dace-llvm,mimalloc,1
newdxx_g,BaO_nat002,64000,18643,4,9,9.633125,set1,dace-llvm,mimalloc,1
newdxx_g,BaO_nat002,64000,18643,4,10,9.561191,set1,dace-llvm,mimalloc,1
newdxx_g,BaO_nat002,64000,18643,4,11,9.564231,set1,dace-llvm,mimalloc,1
newdxx_g,BaO_nat002,64000,18643,4,12,9.537032,set1,dace-llvm,mimalloc,1
newdxx_g,BaO_nat002,64000,18643,4,13,9.554087,set1,dace-llvm,mimalloc,1
newdxx_g,BaO_nat002,64000,18643,4,14,9.485194,set1,dace-llvm,mimalloc,1
newdxx_g,BaO_nat002,64000,18643,4,15,9.471337,set1,dace-llvm,mimalloc,1
newdxx_g,BaO_nat002,64000,18643,4,16,9.469129,set1,dace-llvm,mimalloc,1
newdxx_g,BaO_nat002,64000,18643,4,17,9.456778,set1,dace-llvm,mimalloc,1
newdxx_g,BaO_nat002,64000,18643,4,18,9.483946,set1,dace-llvm,mimalloc,1
newdxx_g,BaO_nat002,64000,18643,4,19,9.459178,set1,dace-llvm,mimalloc,1
newdxx_g,BaO_nat002,64000,18643,8,0,8.942905,set1,dace-llvm,mimalloc,1
newdxx_g,BaO_nat002,64000,18643,8,1,8.974968,set1,dace-llvm,mimalloc,1
newdxx_g,BaO_nat002,64000,18643,8,2,8.922265,set1,dace-llvm,mimalloc,1
newdxx_g,BaO_nat002,64000,18643,8,3,8.942266,set1,dace-llvm,mimalloc,1
newdxx_g,BaO_nat002,64000,18643,8,4,9.009271,set1,dace-llvm,mimalloc,1
newdxx_g,BaO_nat002,64000,18643,8,5,8.968728,set1,dace-llvm,mimalloc,1
newdxx_g,BaO_nat002,64000,18643,8,6,9.015638,set1,dace-llvm,mimalloc,1
newdxx_g,BaO_nat002,64000,18643,8,7,8.952889,set1,dace-llvm,mimalloc,1
newdxx_g,BaO_nat002,64000,18643,8,8,9.040886,set1,dace-llvm,mimalloc,1
newdxx_g,BaO_nat002,64000,18643,8,9,8.907898,set1,dace-llvm,mimalloc,1
newdxx_g,BaO_nat002,64000,18643,8,10,9.495209,set1,dace-llvm,mimalloc,1
newdxx_g,BaO_nat002,64000,18643,8,11,9.582310,set1,dace-llvm,mimalloc,1
newdxx_g,BaO_nat002,64000,18643,8,12,9.579078,set1,dace-llvm,mimalloc,1
newdxx_g,BaO_nat002,64000,18643,8,13,9.505001,set1,dace-llvm,mimalloc,1
newdxx_g,BaO_nat002,64000,18643,8,14,9.523623,set1,dace-llvm,mimalloc,1
newdxx_g,BaO_nat002,64000,18643,8,15,9.566598,set1,dace-llvm,mimalloc,1
newdxx_g,BaO_nat002,64000,18643,8,16,9.514281,set1,dace-llvm,mimalloc,1
newdxx_g,BaO_nat002,64000,18643,8,17,9.496297,set1,dace-llvm,mimalloc,1
newdxx_g,BaO_nat002,64000,18643,8,18,9.550119,set1,dace-llvm,mimalloc,1
newdxx_g,BaO_nat002,64000,18643,8,19,9.531528,set1,dace-llvm,mimalloc,1
newdxx_g,BaO_nat002,64000,18643,16,0,9.854782,set1,dace-llvm,mimalloc,1
newdxx_g,BaO_nat002,64000,18643,16,1,9.721506,set1,dace-llvm,mimalloc,1
newdxx_g,BaO_nat002,64000,18643,16,2,9.752514,set1,dace-llvm,mimalloc,1
newdxx_g,BaO_nat002,64000,18643,16,3,9.710978,set1,dace-llvm,mimalloc,1
newdxx_g,BaO_nat002,64000,18643,16,4,9.674019,set1,dace-llvm,mimalloc,1
newdxx_g,BaO_nat002,64000,18643,16,5,9.626373,set1,dace-llvm,mimalloc,1
newdxx_g,BaO_nat002,64000,18643,16,6,9.582086,set1,dace-llvm,mimalloc,1
newdxx_g,BaO_nat002,64000,18643,16,7,9.639461,set1,dace-llvm,mimalloc,1
newdxx_g,BaO_nat002,64000,18643,16,8,9.613669,set1,dace-llvm,mimalloc,1
newdxx_g,BaO_nat002,64000,18643,16,9,9.625093,set1,dace-llvm,mimalloc,1
newdxx_g,BaO_nat002,64000,18643,16,10,9.649445,set1,dace-llvm,mimalloc,1
newdxx_g,BaO_nat002,64000,18643,16,11,9.595782,set1,dace-llvm,mimalloc,1
newdxx_g,BaO_nat002,64000,18643,16,12,9.591398,set1,dace-llvm,mimalloc,1
newdxx_g,BaO_nat002,64000,18643,16,13,9.607494,set1,dace-llvm,mimalloc,1
newdxx_g,BaO_nat002,64000,18643,16,14,9.654628,set1,dace-llvm,mimalloc,1
newdxx_g,BaO_nat002,64000,18643,16,15,9.582918,set1,dace-llvm,mimalloc,1
newdxx_g,BaO_nat002,64000,18643,16,16,9.558311,set1,dace-llvm,mimalloc,1
newdxx_g,BaO_nat002,64000,18643,16,17,9.538311,set1,dace-llvm,mimalloc,1
newdxx_g,BaO_nat002,64000,18643,16,18,9.499529,set1,dace-llvm,mimalloc,1
newdxx_g,BaO_nat002,64000,18643,16,19,9.601670,set1,dace-llvm,mimalloc,1
newdxx_g,BaO_nat002,64000,18643,32,0,9.931100,set1,dace-llvm,mimalloc,1
newdxx_g,BaO_nat002,64000,18643,32,1,9.824703,set1,dace-llvm,mimalloc,1
newdxx_g,BaO_nat002,64000,18643,32,2,9.846719,set1,dace-llvm,mimalloc,1
newdxx_g,BaO_nat002,64000,18643,32,3,9.776736,set1,dace-llvm,mimalloc,1
newdxx_g,BaO_nat002,64000,18643,32,4,9.680515,set1,dace-llvm,mimalloc,1
newdxx_g,BaO_nat002,64000,18643,32,5,9.708611,set1,dace-llvm,mimalloc,1
newdxx_g,BaO_nat002,64000,18643,32,6,9.640165,set1,dace-llvm,mimalloc,1
newdxx_g,BaO_nat002,64000,18643,32,7,9.615269,set1,dace-llvm,mimalloc,1
newdxx_g,BaO_nat002,64000,18643,32,8,9.597254,set1,dace-llvm,mimalloc,1
newdxx_g,BaO_nat002,64000,18643,32,9,9.644356,set1,dace-llvm,mimalloc,1
newdxx_g,BaO_nat002,64000,18643,32,10,9.567527,set1,dace-llvm,mimalloc,1
newdxx_g,BaO_nat002,64000,18643,32,11,9.465002,set1,dace-llvm,mimalloc,1
newdxx_g,BaO_nat002,64000,18643,32,12,9.604038,set1,dace-llvm,mimalloc,1
newdxx_g,BaO_nat002,64000,18643,32,13,9.544039,set1,dace-llvm,mimalloc,1
newdxx_g,BaO_nat002,64000,18643,32,14,9.506057,set1,dace-llvm,mimalloc,1
newdxx_g,BaO_nat002,64000,18643,32,15,9.435435,set1,dace-llvm,mimalloc,1
newdxx_g,BaO_nat002,64000,18643,32,16,9.492329,set1,dace-llvm,mimalloc,1
newdxx_g,BaO_nat002,64000,18643,32,17,9.529608,set1,dace-llvm,mimalloc,1
newdxx_g,BaO_nat002,64000,18643,32,18,9.429419,set1,dace-llvm,mimalloc,1
newdxx_g,BaO_nat002,64000,18643,32,19,9.570727,set1,dace-llvm,mimalloc,1
newdxx_g,BaO_nat002,64000,18643,64,0,9.978971,set1,dace-llvm,mimalloc,1
newdxx_g,BaO_nat002,64000,18643,64,1,9.955899,set1,dace-llvm,mimalloc,1
newdxx_g,BaO_nat002,64000,18643,64,2,9.818399,set1,dace-llvm,mimalloc,1
newdxx_g,BaO_nat002,64000,18643,64,3,9.768001,set1,dace-llvm,mimalloc,1
newdxx_g,BaO_nat002,64000,18643,64,4,9.821279,set1,dace-llvm,mimalloc,1
newdxx_g,BaO_nat002,64000,18643,64,5,9.699715,set1,dace-llvm,mimalloc,1
newdxx_g,BaO_nat002,64000,18643,64,6,9.643076,set1,dace-llvm,mimalloc,1
newdxx_g,BaO_nat002,64000,18643,64,7,9.707427,set1,dace-llvm,mimalloc,1
newdxx_g,BaO_nat002,64000,18643,64,8,9.624197,set1,dace-llvm,mimalloc,1
newdxx_g,BaO_nat002,64000,18643,64,9,9.471562,set1,dace-llvm,mimalloc,1
newdxx_g,BaO_nat002,64000,18643,64,10,9.917053,set1,dace-llvm,mimalloc,1
newdxx_g,BaO_nat002,64000,18643,64,11,9.668676,set1,dace-llvm,mimalloc,1
newdxx_g,BaO_nat002,64000,18643,64,12,9.625605,set1,dace-llvm,mimalloc,1
newdxx_g,BaO_nat002,64000,18643,64,13,9.655620,set1,dace-llvm,mimalloc,1
newdxx_g,BaO_nat002,64000,18643,64,14,9.576903,set1,dace-llvm,mimalloc,1
newdxx_g,BaO_nat002,64000,18643,64,15,9.545895,set1,dace-llvm,mimalloc,1
newdxx_g,BaO_nat002,64000,18643,64,16,9.540296,set1,dace-llvm,mimalloc,1
newdxx_g,BaO_nat002,64000,18643,64,17,9.558343,set1,dace-llvm,mimalloc,1
newdxx_g,BaO_nat002,64000,18643,64,18,9.539368,set1,dace-llvm,mimalloc,1
newdxx_g,BaO_nat002,64000,18643,64,19,9.489641,set1,dace-llvm,mimalloc,1
newdxx_g,BaO_nat002,64000,18643,72,0,10.146234,set1,dace-llvm,mimalloc,1
newdxx_g,BaO_nat002,64000,18643,72,1,9.902529,set1,dace-llvm,mimalloc,1
newdxx_g,BaO_nat002,64000,18643,72,2,9.907457,set1,dace-llvm,mimalloc,1
newdxx_g,BaO_nat002,64000,18643,72,3,9.773829,set1,dace-llvm,mimalloc,1
newdxx_g,BaO_nat002,64000,18643,72,4,9.754917,set1,dace-llvm,mimalloc,1
newdxx_g,BaO_nat002,64000,18643,72,5,9.767301,set1,dace-llvm,mimalloc,1
newdxx_g,BaO_nat002,64000,18643,72,6,9.776421,set1,dace-llvm,mimalloc,1
newdxx_g,BaO_nat002,64000,18643,72,7,9.652104,set1,dace-llvm,mimalloc,1
newdxx_g,BaO_nat002,64000,18643,72,8,9.699175,set1,dace-llvm,mimalloc,1
newdxx_g,BaO_nat002,64000,18643,72,9,9.709223,set1,dace-llvm,mimalloc,1
newdxx_g,BaO_nat002,64000,18643,72,10,9.661160,set1,dace-llvm,mimalloc,1
newdxx_g,BaO_nat002,64000,18643,72,11,9.650920,set1,dace-llvm,mimalloc,1
newdxx_g,BaO_nat002,64000,18643,72,12,9.676392,set1,dace-llvm,mimalloc,1
newdxx_g,BaO_nat002,64000,18643,72,13,9.767524,set1,dace-llvm,mimalloc,1
newdxx_g,BaO_nat002,64000,18643,72,14,9.504269,set1,dace-llvm,mimalloc,1
newdxx_g,BaO_nat002,64000,18643,72,15,9.608937,set1,dace-llvm,mimalloc,1
newdxx_g,BaO_nat002,64000,18643,72,16,9.607401,set1,dace-llvm,mimalloc,1
newdxx_g,BaO_nat002,64000,18643,72,17,9.671688,set1,dace-llvm,mimalloc,1
newdxx_g,BaO_nat002,64000,18643,72,18,9.616649,set1,dace-llvm,mimalloc,1
newdxx_g,BaO_nat002,64000,18643,72,19,9.622345,set1,dace-llvm,mimalloc,1
newdxx_g,BaO_nat002,64000,18643,1,0,618.807275,set1_rep64,dace-llvm,mimalloc,64
newdxx_g,BaO_nat002,64000,18643,1,1,618.709550,set1_rep64,dace-llvm,mimalloc,64
newdxx_g,BaO_nat002,64000,18643,1,2,618.790667,set1_rep64,dace-llvm,mimalloc,64
newdxx_g,BaO_nat002,64000,18643,1,3,619.706673,set1_rep64,dace-llvm,mimalloc,64
newdxx_g,BaO_nat002,64000,18643,1,4,618.639792,set1_rep64,dace-llvm,mimalloc,64
newdxx_g,BaO_nat002,64000,18643,1,5,618.674670,set1_rep64,dace-llvm,mimalloc,64
newdxx_g,BaO_nat002,64000,18643,1,6,618.733101,set1_rep64,dace-llvm,mimalloc,64
newdxx_g,BaO_nat002,64000,18643,1,7,618.937416,set1_rep64,dace-llvm,mimalloc,64
newdxx_g,BaO_nat002,64000,18643,1,8,621.056362,set1_rep64,dace-llvm,mimalloc,64
newdxx_g,BaO_nat002,64000,18643,1,9,619.097123,set1_rep64,dace-llvm,mimalloc,64
newdxx_g,BaO_nat002,64000,18643,1,10,618.346968,set1_rep64,dace-llvm,mimalloc,64
newdxx_g,BaO_nat002,64000,18643,1,11,619.131969,set1_rep64,dace-llvm,mimalloc,64
newdxx_g,BaO_nat002,64000,18643,1,12,618.524659,set1_rep64,dace-llvm,mimalloc,64
newdxx_g,BaO_nat002,64000,18643,1,13,618.608273,set1_rep64,dace-llvm,mimalloc,64
newdxx_g,BaO_nat002,64000,18643,1,14,618.869801,set1_rep64,dace-llvm,mimalloc,64
newdxx_g,BaO_nat002,64000,18643,1,15,618.777356,set1_rep64,dace-llvm,mimalloc,64
newdxx_g,BaO_nat002,64000,18643,1,16,618.853130,set1_rep64,dace-llvm,mimalloc,64
newdxx_g,BaO_nat002,64000,18643,1,17,619.656114,set1_rep64,dace-llvm,mimalloc,64
newdxx_g,BaO_nat002,64000,18643,1,18,618.890920,set1_rep64,dace-llvm,mimalloc,64
newdxx_g,BaO_nat002,64000,18643,1,19,618.728749,set1_rep64,dace-llvm,mimalloc,64
newdxx_g,BaO_nat002,64000,18643,2,0,321.879084,set1_rep64,dace-llvm,mimalloc,64
newdxx_g,BaO_nat002,64000,18643,2,1,321.697265,set1_rep64,dace-llvm,mimalloc,64
newdxx_g,BaO_nat002,64000,18643,2,2,321.577588,set1_rep64,dace-llvm,mimalloc,64
newdxx_g,BaO_nat002,64000,18643,2,3,321.476888,set1_rep64,dace-llvm,mimalloc,64
newdxx_g,BaO_nat002,64000,18643,2,4,321.543029,set1_rep64,dace-llvm,mimalloc,64
newdxx_g,BaO_nat002,64000,18643,2,5,321.800430,set1_rep64,dace-llvm,mimalloc,64
newdxx_g,BaO_nat002,64000,18643,2,6,321.472215,set1_rep64,dace-llvm,mimalloc,64
newdxx_g,BaO_nat002,64000,18643,2,7,321.745584,set1_rep64,dace-llvm,mimalloc,64
newdxx_g,BaO_nat002,64000,18643,2,8,321.741648,set1_rep64,dace-llvm,mimalloc,64
newdxx_g,BaO_nat002,64000,18643,2,9,324.053133,set1_rep64,dace-llvm,mimalloc,64
newdxx_g,BaO_nat002,64000,18643,2,10,325.247050,set1_rep64,dace-llvm,mimalloc,64
newdxx_g,BaO_nat002,64000,18643,2,11,321.550901,set1_rep64,dace-llvm,mimalloc,64
newdxx_g,BaO_nat002,64000,18643,2,12,321.571828,set1_rep64,dace-llvm,mimalloc,64
newdxx_g,BaO_nat002,64000,18643,2,13,321.817837,set1_rep64,dace-llvm,mimalloc,64
newdxx_g,BaO_nat002,64000,18643,2,14,322.320703,set1_rep64,dace-llvm,mimalloc,64
newdxx_g,BaO_nat002,64000,18643,2,15,321.027716,set1_rep64,dace-llvm,mimalloc,64
newdxx_g,BaO_nat002,64000,18643,2,16,321.690929,set1_rep64,dace-llvm,mimalloc,64
newdxx_g,BaO_nat002,64000,18643,2,17,322.185635,set1_rep64,dace-llvm,mimalloc,64
newdxx_g,BaO_nat002,64000,18643,2,18,322.124260,set1_rep64,dace-llvm,mimalloc,64
newdxx_g,BaO_nat002,64000,18643,2,19,321.829805,set1_rep64,dace-llvm,mimalloc,64
newdxx_g,BaO_nat002,64000,18643,4,0,159.144474,set1_rep64,dace-llvm,mimalloc,64
newdxx_g,BaO_nat002,64000,18643,4,1,158.807748,set1_rep64,dace-llvm,mimalloc,64
newdxx_g,BaO_nat002,64000,18643,4,2,158.882785,set1_rep64,dace-llvm,mimalloc,64
newdxx_g,BaO_nat002,64000,18643,4,3,158.991710,set1_rep64,dace-llvm,mimalloc,64
newdxx_g,BaO_nat002,64000,18643,4,4,159.006782,set1_rep64,dace-llvm,mimalloc,64
newdxx_g,BaO_nat002,64000,18643,4,5,158.992126,set1_rep64,dace-llvm,mimalloc,64
newdxx_g,BaO_nat002,64000,18643,4,6,158.939007,set1_rep64,dace-llvm,mimalloc,64
newdxx_g,BaO_nat002,64000,18643,4,7,158.819587,set1_rep64,dace-llvm,mimalloc,64
newdxx_g,BaO_nat002,64000,18643,4,8,158.882625,set1_rep64,dace-llvm,mimalloc,64
newdxx_g,BaO_nat002,64000,18643,4,9,158.772292,set1_rep64,dace-llvm,mimalloc,64
newdxx_g,BaO_nat002,64000,18643,4,10,159.025021,set1_rep64,dace-llvm,mimalloc,64
newdxx_g,BaO_nat002,64000,18643,4,11,158.799044,set1_rep64,dace-llvm,mimalloc,64
newdxx_g,BaO_nat002,64000,18643,4,12,159.310901,set1_rep64,dace-llvm,mimalloc,64
newdxx_g,BaO_nat002,64000,18643,4,13,159.240631,set1_rep64,dace-llvm,mimalloc,64
newdxx_g,BaO_nat002,64000,18643,4,14,158.883426,set1_rep64,dace-llvm,mimalloc,64
newdxx_g,BaO_nat002,64000,18643,4,15,159.100379,set1_rep64,dace-llvm,mimalloc,64
newdxx_g,BaO_nat002,64000,18643,4,16,158.920704,set1_rep64,dace-llvm,mimalloc,64
newdxx_g,BaO_nat002,64000,18643,4,17,160.006017,set1_rep64,dace-llvm,mimalloc,64
newdxx_g,BaO_nat002,64000,18643,4,18,159.957666,set1_rep64,dace-llvm,mimalloc,64
newdxx_g,BaO_nat002,64000,18643,4,19,160.219963,set1_rep64,dace-llvm,mimalloc,64
newdxx_g,BaO_nat002,64000,18643,8,0,81.929657,set1_rep64,dace-llvm,mimalloc,64
newdxx_g,BaO_nat002,64000,18643,8,1,82.053685,set1_rep64,dace-llvm,mimalloc,64
newdxx_g,BaO_nat002,64000,18643,8,2,82.940412,set1_rep64,dace-llvm,mimalloc,64
newdxx_g,BaO_nat002,64000,18643,8,3,82.652420,set1_rep64,dace-llvm,mimalloc,64
newdxx_g,BaO_nat002,64000,18643,8,4,82.350157,set1_rep64,dace-llvm,mimalloc,64
newdxx_g,BaO_nat002,64000,18643,8,5,82.011830,set1_rep64,dace-llvm,mimalloc,64
newdxx_g,BaO_nat002,64000,18643,8,6,81.960311,set1_rep64,dace-llvm,mimalloc,64
newdxx_g,BaO_nat002,64000,18643,8,7,81.976983,set1_rep64,dace-llvm,mimalloc,64
newdxx_g,BaO_nat002,64000,18643,8,8,81.955000,set1_rep64,dace-llvm,mimalloc,64
newdxx_g,BaO_nat002,64000,18643,8,9,81.941401,set1_rep64,dace-llvm,mimalloc,64
newdxx_g,BaO_nat002,64000,18643,8,10,82.026486,set1_rep64,dace-llvm,mimalloc,64
newdxx_g,BaO_nat002,64000,18643,8,11,83.282577,set1_rep64,dace-llvm,mimalloc,64
newdxx_g,BaO_nat002,64000,18643,8,12,83.139925,set1_rep64,dace-llvm,mimalloc,64
newdxx_g,BaO_nat002,64000,18643,8,13,83.388015,set1_rep64,dace-llvm,mimalloc,64
newdxx_g,BaO_nat002,64000,18643,8,14,83.132309,set1_rep64,dace-llvm,mimalloc,64
newdxx_g,BaO_nat002,64000,18643,8,15,83.339408,set1_rep64,dace-llvm,mimalloc,64
newdxx_g,BaO_nat002,64000,18643,8,16,83.281650,set1_rep64,dace-llvm,mimalloc,64
newdxx_g,BaO_nat002,64000,18643,8,17,83.522730,set1_rep64,dace-llvm,mimalloc,64
newdxx_g,BaO_nat002,64000,18643,8,18,83.535178,set1_rep64,dace-llvm,mimalloc,64
newdxx_g,BaO_nat002,64000,18643,8,19,83.411950,set1_rep64,dace-llvm,mimalloc,64
newdxx_g,BaO_nat002,64000,18643,16,0,41.690183,set1_rep64,dace-llvm,mimalloc,64
newdxx_g,BaO_nat002,64000,18643,16,1,42.320085,set1_rep64,dace-llvm,mimalloc,64
newdxx_g,BaO_nat002,64000,18643,16,2,42.438033,set1_rep64,dace-llvm,mimalloc,64
newdxx_g,BaO_nat002,64000,18643,16,3,42.401554,set1_rep64,dace-llvm,mimalloc,64
newdxx_g,BaO_nat002,64000,18643,16,4,42.348948,set1_rep64,dace-llvm,mimalloc,64
newdxx_g,BaO_nat002,64000,18643,16,5,42.314549,set1_rep64,dace-llvm,mimalloc,64
newdxx_g,BaO_nat002,64000,18643,16,6,42.291894,set1_rep64,dace-llvm,mimalloc,64
newdxx_g,BaO_nat002,64000,18643,16,7,42.237687,set1_rep64,dace-llvm,mimalloc,64
newdxx_g,BaO_nat002,64000,18643,16,8,42.337941,set1_rep64,dace-llvm,mimalloc,64
newdxx_g,BaO_nat002,64000,18643,16,9,42.221144,set1_rep64,dace-llvm,mimalloc,64
newdxx_g,BaO_nat002,64000,18643,16,10,42.589550,set1_rep64,dace-llvm,mimalloc,64
newdxx_g,BaO_nat002,64000,18643,16,11,42.334004,set1_rep64,dace-llvm,mimalloc,64
newdxx_g,BaO_nat002,64000,18643,16,12,42.378131,set1_rep64,dace-llvm,mimalloc,64
newdxx_g,BaO_nat002,64000,18643,16,13,42.435633,set1_rep64,dace-llvm,mimalloc,64
newdxx_g,BaO_nat002,64000,18643,16,14,42.550606,set1_rep64,dace-llvm,mimalloc,64
newdxx_g,BaO_nat002,64000,18643,16,15,42.324789,set1_rep64,dace-llvm,mimalloc,64
newdxx_g,BaO_nat002,64000,18643,16,16,43.277177,set1_rep64,dace-llvm,mimalloc,64
newdxx_g,BaO_nat002,64000,18643,16,17,42.862501,set1_rep64,dace-llvm,mimalloc,64
newdxx_g,BaO_nat002,64000,18643,16,18,42.560974,set1_rep64,dace-llvm,mimalloc,64
newdxx_g,BaO_nat002,64000,18643,16,19,42.562542,set1_rep64,dace-llvm,mimalloc,64
newdxx_g,BaO_nat002,64000,18643,32,0,21.765225,set1_rep64,dace-llvm,mimalloc,64
newdxx_g,BaO_nat002,64000,18643,32,1,21.837511,set1_rep64,dace-llvm,mimalloc,64
newdxx_g,BaO_nat002,64000,18643,32,2,21.831943,set1_rep64,dace-llvm,mimalloc,64
newdxx_g,BaO_nat002,64000,18643,32,3,21.880357,set1_rep64,dace-llvm,mimalloc,64
newdxx_g,BaO_nat002,64000,18643,32,4,21.830662,set1_rep64,dace-llvm,mimalloc,64
newdxx_g,BaO_nat002,64000,18643,32,5,21.782952,set1_rep64,dace-llvm,mimalloc,64
newdxx_g,BaO_nat002,64000,18643,32,6,21.767433,set1_rep64,dace-llvm,mimalloc,64
newdxx_g,BaO_nat002,64000,18643,32,7,21.763209,set1_rep64,dace-llvm,mimalloc,64
newdxx_g,BaO_nat002,64000,18643,32,8,21.825800,set1_rep64,dace-llvm,mimalloc,64
newdxx_g,BaO_nat002,64000,18643,32,9,21.794344,set1_rep64,dace-llvm,mimalloc,64
newdxx_g,BaO_nat002,64000,18643,32,10,21.760585,set1_rep64,dace-llvm,mimalloc,64
newdxx_g,BaO_nat002,64000,18643,32,11,21.767209,set1_rep64,dace-llvm,mimalloc,64
newdxx_g,BaO_nat002,64000,18643,32,12,21.831655,set1_rep64,dace-llvm,mimalloc,64
newdxx_g,BaO_nat002,64000,18643,32,13,21.843782,set1_rep64,dace-llvm,mimalloc,64
newdxx_g,BaO_nat002,64000,18643,32,14,21.768361,set1_rep64,dace-llvm,mimalloc,64
newdxx_g,BaO_nat002,64000,18643,32,15,21.736202,set1_rep64,dace-llvm,mimalloc,64
newdxx_g,BaO_nat002,64000,18643,32,16,21.762953,set1_rep64,dace-llvm,mimalloc,64
newdxx_g,BaO_nat002,64000,18643,32,17,21.799784,set1_rep64,dace-llvm,mimalloc,64
newdxx_g,BaO_nat002,64000,18643,32,18,21.865926,set1_rep64,dace-llvm,mimalloc,64
newdxx_g,BaO_nat002,64000,18643,32,19,21.755625,set1_rep64,dace-llvm,mimalloc,64
newdxx_g,BaO_nat002,64000,18643,64,0,11.806506,set1_rep64,dace-llvm,mimalloc,64
newdxx_g,BaO_nat002,64000,18643,64,1,11.721484,set1_rep64,dace-llvm,mimalloc,64
newdxx_g,BaO_nat002,64000,18643,64,2,11.837768,set1_rep64,dace-llvm,mimalloc,64
newdxx_g,BaO_nat002,64000,18643,64,3,11.818250,set1_rep64,dace-llvm,mimalloc,64
newdxx_g,BaO_nat002,64000,18643,64,4,11.732524,set1_rep64,dace-llvm,mimalloc,64
newdxx_g,BaO_nat002,64000,18643,64,5,11.761771,set1_rep64,dace-llvm,mimalloc,64
newdxx_g,BaO_nat002,64000,18643,64,6,11.937605,set1_rep64,dace-llvm,mimalloc,64
newdxx_g,BaO_nat002,64000,18643,64,7,11.731692,set1_rep64,dace-llvm,mimalloc,64
newdxx_g,BaO_nat002,64000,18643,64,8,11.696429,set1_rep64,dace-llvm,mimalloc,64
newdxx_g,BaO_nat002,64000,18643,64,9,11.731788,set1_rep64,dace-llvm,mimalloc,64
newdxx_g,BaO_nat002,64000,18643,64,10,11.683629,set1_rep64,dace-llvm,mimalloc,64
newdxx_g,BaO_nat002,64000,18643,64,11,11.769483,set1_rep64,dace-llvm,mimalloc,64
newdxx_g,BaO_nat002,64000,18643,64,12,11.677677,set1_rep64,dace-llvm,mimalloc,64
newdxx_g,BaO_nat002,64000,18643,64,13,11.712460,set1_rep64,dace-llvm,mimalloc,64
newdxx_g,BaO_nat002,64000,18643,64,14,11.715180,set1_rep64,dace-llvm,mimalloc,64
newdxx_g,BaO_nat002,64000,18643,64,15,11.733516,set1_rep64,dace-llvm,mimalloc,64
newdxx_g,BaO_nat002,64000,18643,64,16,11.765227,set1_rep64,dace-llvm,mimalloc,64
newdxx_g,BaO_nat002,64000,18643,64,17,11.780810,set1_rep64,dace-llvm,mimalloc,64
newdxx_g,BaO_nat002,64000,18643,64,18,11.726476,set1_rep64,dace-llvm,mimalloc,64
newdxx_g,BaO_nat002,64000,18643,64,19,11.775210,set1_rep64,dace-llvm,mimalloc,64
newdxx_g,BaO_nat002,64000,18643,72,0,11.767371,set1_rep64,dace-llvm,mimalloc,64
newdxx_g,BaO_nat002,64000,18643,72,1,11.677773,set1_rep64,dace-llvm,mimalloc,64
newdxx_g,BaO_nat002,64000,18643,72,2,11.878407,set1_rep64,dace-llvm,mimalloc,64
newdxx_g,BaO_nat002,64000,18643,72,3,11.847752,set1_rep64,dace-llvm,mimalloc,64
newdxx_g,BaO_nat002,64000,18643,72,4,11.802570,set1_rep64,dace-llvm,mimalloc,64
newdxx_g,BaO_nat002,64000,18643,72,5,11.712140,set1_rep64,dace-llvm,mimalloc,64
newdxx_g,BaO_nat002,64000,18643,72,6,11.821354,set1_rep64,dace-llvm,mimalloc,64
newdxx_g,BaO_nat002,64000,18643,72,7,11.746187,set1_rep64,dace-llvm,mimalloc,64
newdxx_g,BaO_nat002,64000,18643,72,8,11.775210,set1_rep64,dace-llvm,mimalloc,64
newdxx_g,BaO_nat002,64000,18643,72,9,11.819658,set1_rep64,dace-llvm,mimalloc,64
newdxx_g,BaO_nat002,64000,18643,72,10,11.855208,set1_rep64,dace-llvm,mimalloc,64
newdxx_g,BaO_nat002,64000,18643,72,11,11.780938,set1_rep64,dace-llvm,mimalloc,64
newdxx_g,BaO_nat002,64000,18643,72,12,11.890887,set1_rep64,dace-llvm,mimalloc,64
newdxx_g,BaO_nat002,64000,18643,72,13,11.784458,set1_rep64,dace-llvm,mimalloc,64
newdxx_g,BaO_nat002,64000,18643,72,14,11.787019,set1_rep64,dace-llvm,mimalloc,64
newdxx_g,BaO_nat002,64000,18643,72,15,11.907494,set1_rep64,dace-llvm,mimalloc,64
newdxx_g,BaO_nat002,64000,18643,72,16,11.907174,set1_rep64,dace-llvm,mimalloc,64
newdxx_g,BaO_nat002,64000,18643,72,17,11.875784,set1_rep64,dace-llvm,mimalloc,64
newdxx_g,BaO_nat002,64000,18643,72,18,11.729708,set1_rep64,dace-llvm,mimalloc,64
newdxx_g,BaO_nat002,64000,18643,72,19,11.805481,set1_rep64,dace-llvm,mimalloc,64
newdxx_g,BaTiO3_nat005,64000,27609,1,0,37.806548,set0,dace-llvm,mimalloc,1
newdxx_g,BaTiO3_nat005,64000,27609,1,1,37.134088,set0,dace-llvm,mimalloc,1
newdxx_g,BaTiO3_nat005,64000,27609,1,2,37.568859,set0,dace-llvm,mimalloc,1
newdxx_g,BaTiO3_nat005,64000,27609,1,3,36.830482,set0,dace-llvm,mimalloc,1
newdxx_g,BaTiO3_nat005,64000,27609,1,4,37.662584,set0,dace-llvm,mimalloc,1
newdxx_g,BaTiO3_nat005,64000,27609,1,5,37.906962,set0,dace-llvm,mimalloc,1
newdxx_g,BaTiO3_nat005,64000,27609,1,6,37.979120,set0,dace-llvm,mimalloc,1
newdxx_g,BaTiO3_nat005,64000,27609,1,7,37.008587,set0,dace-llvm,mimalloc,1
newdxx_g,BaTiO3_nat005,64000,27609,1,8,37.745494,set0,dace-llvm,mimalloc,1
newdxx_g,BaTiO3_nat005,64000,27609,1,9,37.972207,set0,dace-llvm,mimalloc,1
newdxx_g,BaTiO3_nat005,64000,27609,1,10,37.049162,set0,dace-llvm,mimalloc,1
newdxx_g,BaTiO3_nat005,64000,27609,1,11,37.044971,set0,dace-llvm,mimalloc,1
newdxx_g,BaTiO3_nat005,64000,27609,1,12,37.418207,set0,dace-llvm,mimalloc,1
newdxx_g,BaTiO3_nat005,64000,27609,1,13,37.444864,set0,dace-llvm,mimalloc,1
newdxx_g,BaTiO3_nat005,64000,27609,1,14,37.325442,set0,dace-llvm,mimalloc,1
newdxx_g,BaTiO3_nat005,64000,27609,1,15,37.512862,set0,dace-llvm,mimalloc,1
newdxx_g,BaTiO3_nat005,64000,27609,1,16,36.838769,set0,dace-llvm,mimalloc,1
newdxx_g,BaTiO3_nat005,64000,27609,1,17,37.060522,set0,dace-llvm,mimalloc,1
newdxx_g,BaTiO3_nat005,64000,27609,1,18,37.031691,set0,dace-llvm,mimalloc,1
newdxx_g,BaTiO3_nat005,64000,27609,1,19,37.167270,set0,dace-llvm,mimalloc,1
newdxx_g,BaTiO3_nat005,64000,27609,2,0,32.865925,set0,dace-llvm,mimalloc,1
newdxx_g,BaTiO3_nat005,64000,27609,2,1,32.779526,set0,dace-llvm,mimalloc,1
newdxx_g,BaTiO3_nat005,64000,27609,2,2,32.839173,set0,dace-llvm,mimalloc,1
newdxx_g,BaTiO3_nat005,64000,27609,2,3,32.711977,set0,dace-llvm,mimalloc,1
newdxx_g,BaTiO3_nat005,64000,27609,2,4,32.864644,set0,dace-llvm,mimalloc,1
newdxx_g,BaTiO3_nat005,64000,27609,2,5,32.811462,set0,dace-llvm,mimalloc,1
newdxx_g,BaTiO3_nat005,64000,27609,2,6,32.825190,set0,dace-llvm,mimalloc,1
newdxx_g,BaTiO3_nat005,64000,27609,2,7,32.948065,set0,dace-llvm,mimalloc,1
newdxx_g,BaTiO3_nat005,64000,27609,2,8,32.753159,set0,dace-llvm,mimalloc,1
newdxx_g,BaTiO3_nat005,64000,27609,2,9,32.582669,set0,dace-llvm,mimalloc,1
newdxx_g,BaTiO3_nat005,64000,27609,2,10,32.689417,set0,dace-llvm,mimalloc,1
newdxx_g,BaTiO3_nat005,64000,27609,2,11,32.748680,set0,dace-llvm,mimalloc,1
newdxx_g,BaTiO3_nat005,64000,27609,2,12,32.926722,set0,dace-llvm,mimalloc,1
newdxx_g,BaTiO3_nat005,64000,27609,2,13,32.750248,set0,dace-llvm,mimalloc,1
newdxx_g,BaTiO3_nat005,64000,27609,2,14,32.935779,set0,dace-llvm,mimalloc,1
newdxx_g,BaTiO3_nat005,64000,27609,2,15,32.616268,set0,dace-llvm,mimalloc,1
newdxx_g,BaTiO3_nat005,64000,27609,2,16,32.576716,set0,dace-llvm,mimalloc,1
newdxx_g,BaTiO3_nat005,64000,27609,2,17,32.675402,set0,dace-llvm,mimalloc,1
newdxx_g,BaTiO3_nat005,64000,27609,2,18,32.711688,set0,dace-llvm,mimalloc,1
newdxx_g,BaTiO3_nat005,64000,27609,2,19,32.652906,set0,dace-llvm,mimalloc,1
newdxx_g,BaTiO3_nat005,64000,27609,4,0,30.894557,set0,dace-llvm,mimalloc,1
newdxx_g,BaTiO3_nat005,64000,27609,4,1,30.929469,set0,dace-llvm,mimalloc,1
newdxx_g,BaTiO3_nat005,64000,27609,4,2,29.735327,set0,dace-llvm,mimalloc,1
newdxx_g,BaTiO3_nat005,64000,27609,4,3,30.254801,set0,dace-llvm,mimalloc,1
newdxx_g,BaTiO3_nat005,64000,27609,4,4,30.585862,set0,dace-llvm,mimalloc,1
newdxx_g,BaTiO3_nat005,64000,27609,4,5,30.915677,set0,dace-llvm,mimalloc,1
newdxx_g,BaTiO3_nat005,64000,27609,4,6,30.552392,set0,dace-llvm,mimalloc,1
newdxx_g,BaTiO3_nat005,64000,27609,4,7,29.985912,set0,dace-llvm,mimalloc,1
newdxx_g,BaTiO3_nat005,64000,27609,4,8,30.596262,set0,dace-llvm,mimalloc,1
newdxx_g,BaTiO3_nat005,64000,27609,4,9,29.387497,set0,dace-llvm,mimalloc,1
newdxx_g,BaTiO3_nat005,64000,27609,4,10,29.418184,set0,dace-llvm,mimalloc,1
newdxx_g,BaTiO3_nat005,64000,27609,4,11,29.206286,set0,dace-llvm,mimalloc,1
newdxx_g,BaTiO3_nat005,64000,27609,4,12,29.792318,set0,dace-llvm,mimalloc,1
newdxx_g,BaTiO3_nat005,64000,27609,4,13,29.466023,set0,dace-llvm,mimalloc,1
newdxx_g,BaTiO3_nat005,64000,27609,4,14,29.428808,set0,dace-llvm,mimalloc,1
newdxx_g,BaTiO3_nat005,64000,27609,4,15,29.263501,set0,dace-llvm,mimalloc,1
newdxx_g,BaTiO3_nat005,64000,27609,4,16,29.248558,set0,dace-llvm,mimalloc,1
newdxx_g,BaTiO3_nat005,64000,27609,4,17,29.360586,set0,dace-llvm,mimalloc,1
newdxx_g,BaTiO3_nat005,64000,27609,4,18,29.578628,set0,dace-llvm,mimalloc,1
newdxx_g,BaTiO3_nat005,64000,27609,4,19,29.342826,set0,dace-llvm,mimalloc,1
newdxx_g,BaTiO3_nat005,64000,27609,8,0,16.883093,set0,dace-llvm,mimalloc,1
newdxx_g,BaTiO3_nat005,64000,27609,8,1,16.457154,set0,dace-llvm,mimalloc,1
newdxx_g,BaTiO3_nat005,64000,27609,8,2,17.027377,set0,dace-llvm,mimalloc,1
newdxx_g,BaTiO3_nat005,64000,27609,8,3,16.671707,set0,dace-llvm,mimalloc,1
newdxx_g,BaTiO3_nat005,64000,27609,8,4,16.735129,set0,dace-llvm,mimalloc,1
newdxx_g,BaTiO3_nat005,64000,27609,8,5,16.348708,set0,dace-llvm,mimalloc,1
newdxx_g,BaTiO3_nat005,64000,27609,8,6,16.403267,set0,dace-llvm,mimalloc,1
newdxx_g,BaTiO3_nat005,64000,27609,8,7,16.895061,set0,dace-llvm,mimalloc,1
newdxx_g,BaTiO3_nat005,64000,27609,8,8,16.708058,set0,dace-llvm,mimalloc,1
newdxx_g,BaTiO3_nat005,64000,27609,8,9,16.649180,set0,dace-llvm,mimalloc,1
newdxx_g,BaTiO3_nat005,64000,27609,8,10,15.949072,set0,dace-llvm,mimalloc,1
newdxx_g,BaTiO3_nat005,64000,27609,8,11,16.432354,set0,dace-llvm,mimalloc,1
newdxx_g,BaTiO3_nat005,64000,27609,8,12,16.728698,set0,dace-llvm,mimalloc,1
newdxx_g,BaTiO3_nat005,64000,27609,8,13,16.646395,set0,dace-llvm,mimalloc,1
newdxx_g,BaTiO3_nat005,64000,27609,8,14,16.490465,set0,dace-llvm,mimalloc,1
newdxx_g,BaTiO3_nat005,64000,27609,8,15,16.226216,set0,dace-llvm,mimalloc,1
newdxx_g,BaTiO3_nat005,64000,27609,8,16,16.350020,set0,dace-llvm,mimalloc,1
newdxx_g,BaTiO3_nat005,64000,27609,8,17,16.451201,set0,dace-llvm,mimalloc,1
newdxx_g,BaTiO3_nat005,64000,27609,8,18,16.340549,set0,dace-llvm,mimalloc,1
newdxx_g,BaTiO3_nat005,64000,27609,8,19,16.303845,set0,dace-llvm,mimalloc,1
newdxx_g,BaTiO3_nat005,64000,27609,16,0,16.845462,set0,dace-llvm,mimalloc,1
newdxx_g,BaTiO3_nat005,64000,27609,16,1,16.699514,set0,dace-llvm,mimalloc,1
newdxx_g,BaTiO3_nat005,64000,27609,16,2,16.998161,set0,dace-llvm,mimalloc,1
newdxx_g,BaTiO3_nat005,64000,27609,16,3,16.789528,set0,dace-llvm,mimalloc,1
newdxx_g,BaTiO3_nat005,64000,27609,16,4,16.682428,set0,dace-llvm,mimalloc,1
newdxx_g,BaTiO3_nat005,64000,27609,16,5,16.698043,set0,dace-llvm,mimalloc,1
newdxx_g,BaTiO3_nat005,64000,27609,16,6,16.610077,set0,dace-llvm,mimalloc,1
newdxx_g,BaTiO3_nat005,64000,27609,16,7,16.798647,set0,dace-llvm,mimalloc,1
newdxx_g,BaTiO3_nat005,64000,27609,16,8,16.739577,set0,dace-llvm,mimalloc,1
newdxx_g,BaTiO3_nat005,64000,27609,16,9,16.310022,set0,dace-llvm,mimalloc,1
newdxx_g,BaTiO3_nat005,64000,27609,16,10,16.469633,set0,dace-llvm,mimalloc,1
newdxx_g,BaTiO3_nat005,64000,27609,16,11,16.882293,set0,dace-llvm,mimalloc,1
newdxx_g,BaTiO3_nat005,64000,27609,16,12,16.707034,set0,dace-llvm,mimalloc,1
newdxx_g,BaTiO3_nat005,64000,27609,16,13,16.801016,set0,dace-llvm,mimalloc,1
newdxx_g,BaTiO3_nat005,64000,27609,16,14,16.749401,set0,dace-llvm,mimalloc,1
newdxx_g,BaTiO3_nat005,64000,27609,16,15,16.855350,set0,dace-llvm,mimalloc,1
newdxx_g,BaTiO3_nat005,64000,27609,16,16,16.540543,set0,dace-llvm,mimalloc,1
newdxx_g,BaTiO3_nat005,64000,27609,16,17,16.519168,set0,dace-llvm,mimalloc,1
newdxx_g,BaTiO3_nat005,64000,27609,16,18,16.445377,set0,dace-llvm,mimalloc,1
newdxx_g,BaTiO3_nat005,64000,27609,16,19,16.563998,set0,dace-llvm,mimalloc,1
newdxx_g,BaTiO3_nat005,64000,27609,32,0,15.380224,set0,dace-llvm,mimalloc,1
newdxx_g,BaTiO3_nat005,64000,27609,32,1,15.420448,set0,dace-llvm,mimalloc,1
newdxx_g,BaTiO3_nat005,64000,27609,32,2,15.560732,set0,dace-llvm,mimalloc,1
newdxx_g,BaTiO3_nat005,64000,27609,32,3,15.468254,set0,dace-llvm,mimalloc,1
newdxx_g,BaTiO3_nat005,64000,27609,32,4,15.414304,set0,dace-llvm,mimalloc,1
newdxx_g,BaTiO3_nat005,64000,27609,32,5,15.425728,set0,dace-llvm,mimalloc,1
newdxx_g,BaTiO3_nat005,64000,27609,32,6,15.458142,set0,dace-llvm,mimalloc,1
newdxx_g,BaTiO3_nat005,64000,27609,32,7,15.708087,set0,dace-llvm,mimalloc,1
newdxx_g,BaTiO3_nat005,64000,27609,32,8,15.514173,set0,dace-llvm,mimalloc,1
newdxx_g,BaTiO3_nat005,64000,27609,32,9,15.209765,set0,dace-llvm,mimalloc,1
newdxx_g,BaTiO3_nat005,64000,27609,32,10,15.404320,set0,dace-llvm,mimalloc,1
newdxx_g,BaTiO3_nat005,64000,27609,32,11,14.998187,set0,dace-llvm,mimalloc,1
newdxx_g,BaTiO3_nat005,64000,27609,32,12,15.270244,set0,dace-llvm,mimalloc,1
newdxx_g,BaTiO3_nat005,64000,27609,32,13,15.168295,set0,dace-llvm,mimalloc,1
newdxx_g,BaTiO3_nat005,64000,27609,32,14,15.358625,set0,dace-llvm,mimalloc,1
newdxx_g,BaTiO3_nat005,64000,27609,32,15,15.536093,set0,dace-llvm,mimalloc,1
newdxx_g,BaTiO3_nat005,64000,27609,32,16,15.349345,set0,dace-llvm,mimalloc,1
newdxx_g,BaTiO3_nat005,64000,27609,32,17,15.476798,set0,dace-llvm,mimalloc,1
newdxx_g,BaTiO3_nat005,64000,27609,32,18,15.461502,set0,dace-llvm,mimalloc,1
newdxx_g,BaTiO3_nat005,64000,27609,32,19,15.572795,set0,dace-llvm,mimalloc,1
newdxx_g,BaTiO3_nat005,64000,27609,64,0,16.432898,set0,dace-llvm,mimalloc,1
newdxx_g,BaTiO3_nat005,64000,27609,64,1,16.456225,set0,dace-llvm,mimalloc,1
newdxx_g,BaTiO3_nat005,64000,27609,64,2,16.551422,set0,dace-llvm,mimalloc,1
newdxx_g,BaTiO3_nat005,64000,27609,64,3,16.321350,set0,dace-llvm,mimalloc,1
newdxx_g,BaTiO3_nat005,64000,27609,64,4,16.563998,set0,dace-llvm,mimalloc,1
newdxx_g,BaTiO3_nat005,64000,27609,64,5,16.772760,set0,dace-llvm,mimalloc,1
newdxx_g,BaTiO3_nat005,64000,27609,64,6,16.106092,set0,dace-llvm,mimalloc,1
newdxx_g,BaTiO3_nat005,64000,27609,64,7,16.520640,set0,dace-llvm,mimalloc,1
newdxx_g,BaTiO3_nat005,64000,27609,64,8,16.142443,set0,dace-llvm,mimalloc,1
newdxx_g,BaTiO3_nat005,64000,27609,64,9,16.217385,set0,dace-llvm,mimalloc,1
newdxx_g,BaTiO3_nat005,64000,27609,64,10,16.211592,set0,dace-llvm,mimalloc,1
newdxx_g,BaTiO3_nat005,64000,27609,64,11,16.333381,set0,dace-llvm,mimalloc,1
newdxx_g,BaTiO3_nat005,64000,27609,64,12,16.350084,set0,dace-llvm,mimalloc,1
newdxx_g,BaTiO3_nat005,64000,27609,64,13,16.100172,set0,dace-llvm,mimalloc,1
newdxx_g,BaTiO3_nat005,64000,27609,64,14,16.111852,set0,dace-llvm,mimalloc,1
newdxx_g,BaTiO3_nat005,64000,27609,64,15,16.023246,set0,dace-llvm,mimalloc,1
newdxx_g,BaTiO3_nat005,64000,27609,64,16,16.068012,set0,dace-llvm,mimalloc,1
newdxx_g,BaTiO3_nat005,64000,27609,64,17,16.243111,set0,dace-llvm,mimalloc,1
newdxx_g,BaTiO3_nat005,64000,27609,64,18,16.183882,set0,dace-llvm,mimalloc,1
newdxx_g,BaTiO3_nat005,64000,27609,64,19,16.194441,set0,dace-llvm,mimalloc,1
newdxx_g,BaTiO3_nat005,64000,27609,72,0,16.051917,set0,dace-llvm,mimalloc,1
newdxx_g,BaTiO3_nat005,64000,27609,72,1,15.931025,set0,dace-llvm,mimalloc,1
newdxx_g,BaTiO3_nat005,64000,27609,72,2,15.920433,set0,dace-llvm,mimalloc,1
newdxx_g,BaTiO3_nat005,64000,27609,72,3,15.937361,set0,dace-llvm,mimalloc,1
newdxx_g,BaTiO3_nat005,64000,27609,72,4,16.167370,set0,dace-llvm,mimalloc,1
newdxx_g,BaTiO3_nat005,64000,27609,72,5,16.174634,set0,dace-llvm,mimalloc,1
newdxx_g,BaTiO3_nat005,64000,27609,72,6,16.094508,set0,dace-llvm,mimalloc,1
newdxx_g,BaTiO3_nat005,64000,27609,72,7,16.136811,set0,dace-llvm,mimalloc,1
newdxx_g,BaTiO3_nat005,64000,27609,72,8,15.918545,set0,dace-llvm,mimalloc,1
newdxx_g,BaTiO3_nat005,64000,27609,72,9,16.159499,set0,dace-llvm,mimalloc,1
newdxx_g,BaTiO3_nat005,64000,27609,72,10,16.002158,set0,dace-llvm,mimalloc,1
newdxx_g,BaTiO3_nat005,64000,27609,72,11,16.519455,set0,dace-llvm,mimalloc,1
newdxx_g,BaTiO3_nat005,64000,27609,72,12,16.216488,set0,dace-llvm,mimalloc,1
newdxx_g,BaTiO3_nat005,64000,27609,72,13,16.053837,set0,dace-llvm,mimalloc,1
newdxx_g,BaTiO3_nat005,64000,27609,72,14,16.413859,set0,dace-llvm,mimalloc,1
newdxx_g,BaTiO3_nat005,64000,27609,72,15,16.222408,set0,dace-llvm,mimalloc,1
newdxx_g,BaTiO3_nat005,64000,27609,72,16,16.107756,set0,dace-llvm,mimalloc,1
newdxx_g,BaTiO3_nat005,64000,27609,72,17,15.912593,set0,dace-llvm,mimalloc,1
newdxx_g,BaTiO3_nat005,64000,27609,72,18,16.256935,set0,dace-llvm,mimalloc,1
newdxx_g,BaTiO3_nat005,64000,27609,72,19,16.092972,set0,dace-llvm,mimalloc,1
newdxx_g,BaTiO3_nat005,64000,27609,1,0,1935.251878,set0_rep64,dace-llvm,mimalloc,64
newdxx_g,BaTiO3_nat005,64000,27609,1,1,1934.736852,set0_rep64,dace-llvm,mimalloc,64
newdxx_g,BaTiO3_nat005,64000,27609,1,2,1935.766295,set0_rep64,dace-llvm,mimalloc,64
newdxx_g,BaTiO3_nat005,64000,27609,1,3,1936.886390,set0_rep64,dace-llvm,mimalloc,64
newdxx_g,BaTiO3_nat005,64000,27609,1,4,1938.647428,set0_rep64,dace-llvm,mimalloc,64
newdxx_g,BaTiO3_nat005,64000,27609,1,5,1940.675176,set0_rep64,dace-llvm,mimalloc,64
newdxx_g,BaTiO3_nat005,64000,27609,1,6,1936.050575,set0_rep64,dace-llvm,mimalloc,64
newdxx_g,BaTiO3_nat005,64000,27609,1,7,1940.725990,set0_rep64,dace-llvm,mimalloc,64
newdxx_g,BaTiO3_nat005,64000,27609,1,8,1936.069325,set0_rep64,dace-llvm,mimalloc,64
newdxx_g,BaTiO3_nat005,64000,27609,1,9,1935.905937,set0_rep64,dace-llvm,mimalloc,64
newdxx_g,BaTiO3_nat005,64000,27609,1,10,1936.462618,set0_rep64,dace-llvm,mimalloc,64
newdxx_g,BaTiO3_nat005,64000,27609,1,11,1937.248451,set0_rep64,dace-llvm,mimalloc,64
newdxx_g,BaTiO3_nat005,64000,27609,1,12,1936.766321,set0_rep64,dace-llvm,mimalloc,64
newdxx_g,BaTiO3_nat005,64000,27609,1,13,1937.592922,set0_rep64,dace-llvm,mimalloc,64
newdxx_g,BaTiO3_nat005,64000,27609,1,14,1937.402591,set0_rep64,dace-llvm,mimalloc,64
newdxx_g,BaTiO3_nat005,64000,27609,1,15,1938.607036,set0_rep64,dace-llvm,mimalloc,64
newdxx_g,BaTiO3_nat005,64000,27609,1,16,1938.467231,set0_rep64,dace-llvm,mimalloc,64
newdxx_g,BaTiO3_nat005,64000,27609,1,17,1937.378560,set0_rep64,dace-llvm,mimalloc,64
newdxx_g,BaTiO3_nat005,64000,27609,1,18,1939.574271,set0_rep64,dace-llvm,mimalloc,64
newdxx_g,BaTiO3_nat005,64000,27609,1,19,1937.595769,set0_rep64,dace-llvm,mimalloc,64
newdxx_g,BaTiO3_nat005,64000,27609,2,0,999.908291,set0_rep64,dace-llvm,mimalloc,64
newdxx_g,BaTiO3_nat005,64000,27609,2,1,1000.217722,set0_rep64,dace-llvm,mimalloc,64
newdxx_g,BaTiO3_nat005,64000,27609,2,2,1000.158909,set0_rep64,dace-llvm,mimalloc,64
newdxx_g,BaTiO3_nat005,64000,27609,2,3,999.894308,set0_rep64,dace-llvm,mimalloc,64
newdxx_g,BaTiO3_nat005,64000,27609,2,4,999.187801,set0_rep64,dace-llvm,mimalloc,64
newdxx_g,BaTiO3_nat005,64000,27609,2,5,1000.765739,set0_rep64,dace-llvm,mimalloc,64
newdxx_g,BaTiO3_nat005,64000,27609,2,6,1000.304600,set0_rep64,dace-llvm,mimalloc,64
newdxx_g,BaTiO3_nat005,64000,27609,2,7,999.768552,set0_rep64,dace-llvm,mimalloc,64
newdxx_g,BaTiO3_nat005,64000,27609,2,8,999.945090,set0_rep64,dace-llvm,mimalloc,64
newdxx_g,BaTiO3_nat005,64000,27609,2,9,1001.004388,set0_rep64,dace-llvm,mimalloc,64
newdxx_g,BaTiO3_nat005,64000,27609,2,10,1000.839721,set0_rep64,dace-llvm,mimalloc,64
newdxx_g,BaTiO3_nat005,64000,27609,2,11,1000.129534,set0_rep64,dace-llvm,mimalloc,64
newdxx_g,BaTiO3_nat005,64000,27609,2,12,1002.250111,set0_rep64,dace-llvm,mimalloc,64
newdxx_g,BaTiO3_nat005,64000,27609,2,13,1001.216510,set0_rep64,dace-llvm,mimalloc,64
newdxx_g,BaTiO3_nat005,64000,27609,2,14,1000.094110,set0_rep64,dace-llvm,mimalloc,64
newdxx_g,BaTiO3_nat005,64000,27609,2,15,1000.583600,set0_rep64,dace-llvm,mimalloc,64
newdxx_g,BaTiO3_nat005,64000,27609,2,16,1000.880295,set0_rep64,dace-llvm,mimalloc,64
newdxx_g,BaTiO3_nat005,64000,27609,2,17,999.816711,set0_rep64,dace-llvm,mimalloc,64
newdxx_g,BaTiO3_nat005,64000,27609,2,18,1000.313623,set0_rep64,dace-llvm,mimalloc,64
newdxx_g,BaTiO3_nat005,64000,27609,2,19,1000.583985,set0_rep64,dace-llvm,mimalloc,64
newdxx_g,BaTiO3_nat005,64000,27609,4,0,509.313090,set0_rep64,dace-llvm,mimalloc,64
newdxx_g,BaTiO3_nat005,64000,27609,4,1,506.524051,set0_rep64,dace-llvm,mimalloc,64
newdxx_g,BaTiO3_nat005,64000,27609,4,2,510.820566,set0_rep64,dace-llvm,mimalloc,64
newdxx_g,BaTiO3_nat005,64000,27609,4,3,509.822899,set0_rep64,dace-llvm,mimalloc,64
newdxx_g,BaTiO3_nat005,64000,27609,4,4,508.793393,set0_rep64,dace-llvm,mimalloc,64
newdxx_g,BaTiO3_nat005,64000,27609,4,5,507.342011,set0_rep64,dace-llvm,mimalloc,64
newdxx_g,BaTiO3_nat005,64000,27609,4,6,506.276986,set0_rep64,dace-llvm,mimalloc,64
newdxx_g,BaTiO3_nat005,64000,27609,4,7,508.967404,set0_rep64,dace-llvm,mimalloc,64
newdxx_g,BaTiO3_nat005,64000,27609,4,8,506.938214,set0_rep64,dace-llvm,mimalloc,64
newdxx_g,BaTiO3_nat005,64000,27609,4,9,508.060294,set0_rep64,dace-llvm,mimalloc,64
newdxx_g,BaTiO3_nat005,64000,27609,4,10,506.403670,set0_rep64,dace-llvm,mimalloc,64
newdxx_g,BaTiO3_nat005,64000,27609,4,11,506.591760,set0_rep64,dace-llvm,mimalloc,64
newdxx_g,BaTiO3_nat005,64000,27609,4,12,506.594225,set0_rep64,dace-llvm,mimalloc,64
newdxx_g,BaTiO3_nat005,64000,27609,4,13,509.118215,set0_rep64,dace-llvm,mimalloc,64
newdxx_g,BaTiO3_nat005,64000,27609,4,14,509.034378,set0_rep64,dace-llvm,mimalloc,64
newdxx_g,BaTiO3_nat005,64000,27609,4,15,506.499380,set0_rep64,dace-llvm,mimalloc,64
newdxx_g,BaTiO3_nat005,64000,27609,4,16,507.183392,set0_rep64,dace-llvm,mimalloc,64
newdxx_g,BaTiO3_nat005,64000,27609,4,17,507.363897,set0_rep64,dace-llvm,mimalloc,64
newdxx_g,BaTiO3_nat005,64000,27609,4,18,512.921528,set0_rep64,dace-llvm,mimalloc,64
newdxx_g,BaTiO3_nat005,64000,27609,4,19,513.291214,set0_rep64,dace-llvm,mimalloc,64
newdxx_g,BaTiO3_nat005,64000,27609,8,0,256.220644,set0_rep64,dace-llvm,mimalloc,64
newdxx_g,BaTiO3_nat005,64000,27609,8,1,254.520278,set0_rep64,dace-llvm,mimalloc,64
newdxx_g,BaTiO3_nat005,64000,27609,8,2,254.836301,set0_rep64,dace-llvm,mimalloc,64
newdxx_g,BaTiO3_nat005,64000,27609,8,3,257.137513,set0_rep64,dace-llvm,mimalloc,64
newdxx_g,BaTiO3_nat005,64000,27609,8,4,258.451523,set0_rep64,dace-llvm,mimalloc,64
newdxx_g,BaTiO3_nat005,64000,27609,8,5,258.284232,set0_rep64,dace-llvm,mimalloc,64
newdxx_g,BaTiO3_nat005,64000,27609,8,6,259.814074,set0_rep64,dace-llvm,mimalloc,64
newdxx_g,BaTiO3_nat005,64000,27609,8,7,259.659391,set0_rep64,dace-llvm,mimalloc,64
newdxx_g,BaTiO3_nat005,64000,27609,8,8,260.126546,set0_rep64,dace-llvm,mimalloc,64
newdxx_g,BaTiO3_nat005,64000,27609,8,9,256.612344,set0_rep64,dace-llvm,mimalloc,64
newdxx_g,BaTiO3_nat005,64000,27609,8,10,256.841874,set0_rep64,dace-llvm,mimalloc,64
newdxx_g,BaTiO3_nat005,64000,27609,8,11,256.705941,set0_rep64,dace-llvm,mimalloc,64
newdxx_g,BaTiO3_nat005,64000,27609,8,12,256.816723,set0_rep64,dace-llvm,mimalloc,64
newdxx_g,BaTiO3_nat005,64000,27609,8,13,256.458430,set0_rep64,dace-llvm,mimalloc,64
newdxx_g,BaTiO3_nat005,64000,27609,8,14,257.077259,set0_rep64,dace-llvm,mimalloc,64
newdxx_g,BaTiO3_nat005,64000,27609,8,15,256.701398,set0_rep64,dace-llvm,mimalloc,64
newdxx_g,BaTiO3_nat005,64000,27609,8,16,256.865490,set0_rep64,dace-llvm,mimalloc,64
newdxx_g,BaTiO3_nat005,64000,27609,8,17,256.612344,set0_rep64,dace-llvm,mimalloc,64
newdxx_g,BaTiO3_nat005,64000,27609,8,18,256.642839,set0_rep64,dace-llvm,mimalloc,64
newdxx_g,BaTiO3_nat005,64000,27609,8,19,256.635544,set0_rep64,dace-llvm,mimalloc,64
newdxx_g,BaTiO3_nat005,64000,27609,16,0,129.832288,set0_rep64,dace-llvm,mimalloc,64
newdxx_g,BaTiO3_nat005,64000,27609,16,1,129.472298,set0_rep64,dace-llvm,mimalloc,64
newdxx_g,BaTiO3_nat005,64000,27609,16,2,129.848575,set0_rep64,dace-llvm,mimalloc,64
newdxx_g,BaTiO3_nat005,64000,27609,16,3,129.411276,set0_rep64,dace-llvm,mimalloc,64
newdxx_g,BaTiO3_nat005,64000,27609,16,4,129.848991,set0_rep64,dace-llvm,mimalloc,64
newdxx_g,BaTiO3_nat005,64000,27609,16,5,130.086968,set0_rep64,dace-llvm,mimalloc,64
newdxx_g,BaTiO3_nat005,64000,27609,16,6,129.927613,set0_rep64,dace-llvm,mimalloc,64
newdxx_g,BaTiO3_nat005,64000,27609,16,7,129.800640,set0_rep64,dace-llvm,mimalloc,64
newdxx_g,BaTiO3_nat005,64000,27609,16,8,129.743138,set0_rep64,dace-llvm,mimalloc,64
newdxx_g,BaTiO3_nat005,64000,27609,16,9,129.729250,set0_rep64,dace-llvm,mimalloc,64
newdxx_g,BaTiO3_nat005,64000,27609,16,10,129.678564,set0_rep64,dace-llvm,mimalloc,64
newdxx_g,BaTiO3_nat005,64000,27609,16,11,130.923488,set0_rep64,dace-llvm,mimalloc,64
newdxx_g,BaTiO3_nat005,64000,27609,16,12,131.855076,set0_rep64,dace-llvm,mimalloc,64
newdxx_g,BaTiO3_nat005,64000,27609,16,13,132.098557,set0_rep64,dace-llvm,mimalloc,64
newdxx_g,BaTiO3_nat005,64000,27609,16,14,131.678570,set0_rep64,dace-llvm,mimalloc,64
newdxx_g,BaTiO3_nat005,64000,27609,16,15,131.374354,set0_rep64,dace-llvm,mimalloc,64
newdxx_g,BaTiO3_nat005,64000,27609,16,16,132.085661,set0_rep64,dace-llvm,mimalloc,64
newdxx_g,BaTiO3_nat005,64000,27609,16,17,131.379826,set0_rep64,dace-llvm,mimalloc,64
newdxx_g,BaTiO3_nat005,64000,27609,16,18,130.602249,set0_rep64,dace-llvm,mimalloc,64
newdxx_g,BaTiO3_nat005,64000,27609,16,19,130.067257,set0_rep64,dace-llvm,mimalloc,64
newdxx_g,BaTiO3_nat005,64000,27609,32,0,67.023858,set0_rep64,dace-llvm,mimalloc,64
newdxx_g,BaTiO3_nat005,64000,27609,32,1,66.891925,set0_rep64,dace-llvm,mimalloc,64
newdxx_g,BaTiO3_nat005,64000,27609,32,2,67.546947,set0_rep64,dace-llvm,mimalloc,64
newdxx_g,BaTiO3_nat005,64000,27609,32,3,67.228524,set0_rep64,dace-llvm,mimalloc,64
newdxx_g,BaTiO3_nat005,64000,27609,32,4,66.994610,set0_rep64,dace-llvm,mimalloc,64
newdxx_g,BaTiO3_nat005,64000,27609,32,5,66.865238,set0_rep64,dace-llvm,mimalloc,64
newdxx_g,BaTiO3_nat005,64000,27609,32,6,67.200172,set0_rep64,dace-llvm,mimalloc,64
newdxx_g,BaTiO3_nat005,64000,27609,32,7,66.884023,set0_rep64,dace-llvm,mimalloc,64
newdxx_g,BaTiO3_nat005,64000,27609,32,8,67.019506,set0_rep64,dace-llvm,mimalloc,64
newdxx_g,BaTiO3_nat005,64000,27609,32,9,66.960468,set0_rep64,dace-llvm,mimalloc,64
newdxx_g,BaTiO3_nat005,64000,27609,32,10,66.828696,set0_rep64,dace-llvm,mimalloc,64
newdxx_g,BaTiO3_nat005,64000,27609,32,11,68.547750,set0_rep64,dace-llvm,mimalloc,64
newdxx_g,BaTiO3_nat005,64000,27609,32,12,66.976531,set0_rep64,dace-llvm,mimalloc,64
newdxx_g,BaTiO3_nat005,64000,27609,32,13,66.943636,set0_rep64,dace-llvm,mimalloc,64
newdxx_g,BaTiO3_nat005,64000,27609,32,14,67.237835,set0_rep64,dace-llvm,mimalloc,64
newdxx_g,BaTiO3_nat005,64000,27609,32,15,66.928053,set0_rep64,dace-llvm,mimalloc,64
newdxx_g,BaTiO3_nat005,64000,27609,32,16,67.018162,set0_rep64,dace-llvm,mimalloc,64
newdxx_g,BaTiO3_nat005,64000,27609,32,17,66.828056,set0_rep64,dace-llvm,mimalloc,64
newdxx_g,BaTiO3_nat005,64000,27609,32,18,66.888821,set0_rep64,dace-llvm,mimalloc,64
newdxx_g,BaTiO3_nat005,64000,27609,32,19,67.054545,set0_rep64,dace-llvm,mimalloc,64
newdxx_g,BaTiO3_nat005,64000,27609,64,0,35.189016,set0_rep64,dace-llvm,mimalloc,64
newdxx_g,BaTiO3_nat005,64000,27609,64,1,34.995357,set0_rep64,dace-llvm,mimalloc,64
newdxx_g,BaTiO3_nat005,64000,27609,64,2,34.968895,set0_rep64,dace-llvm,mimalloc,64
newdxx_g,BaTiO3_nat005,64000,27609,64,3,35.750119,set0_rep64,dace-llvm,mimalloc,64
newdxx_g,BaTiO3_nat005,64000,27609,64,4,34.940735,set0_rep64,dace-llvm,mimalloc,64
newdxx_g,BaTiO3_nat005,64000,27609,64,5,35.046588,set0_rep64,dace-llvm,mimalloc,64
newdxx_g,BaTiO3_nat005,64000,27609,64,6,34.915904,set0_rep64,dace-llvm,mimalloc,64
newdxx_g,BaTiO3_nat005,64000,27609,64,7,35.097338,set0_rep64,dace-llvm,mimalloc,64
newdxx_g,BaTiO3_nat005,64000,27609,64,8,34.931424,set0_rep64,dace-llvm,mimalloc,64
newdxx_g,BaTiO3_nat005,64000,27609,64,9,34.899296,set0_rep64,dace-llvm,mimalloc,64
newdxx_g,BaTiO3_nat005,64000,27609,64,10,34.819042,set0_rep64,dace-llvm,mimalloc,64
newdxx_g,BaTiO3_nat005,64000,27609,64,11,34.832130,set0_rep64,dace-llvm,mimalloc,64
newdxx_g,BaTiO3_nat005,64000,27609,64,12,34.907743,set0_rep64,dace-llvm,mimalloc,64
newdxx_g,BaTiO3_nat005,64000,27609,64,13,34.759557,set0_rep64,dace-llvm,mimalloc,64
newdxx_g,BaTiO3_nat005,64000,27609,64,14,34.712837,set0_rep64,dace-llvm,mimalloc,64
newdxx_g,BaTiO3_nat005,64000,27609,64,15,34.750341,set0_rep64,dace-llvm,mimalloc,64
newdxx_g,BaTiO3_nat005,64000,27609,64,16,34.783203,set0_rep64,dace-llvm,mimalloc,64
newdxx_g,BaTiO3_nat005,64000,27609,64,17,34.871010,set0_rep64,dace-llvm,mimalloc,64
newdxx_g,BaTiO3_nat005,64000,27609,64,18,34.767268,set0_rep64,dace-llvm,mimalloc,64
newdxx_g,BaTiO3_nat005,64000,27609,64,19,35.241974,set0_rep64,dace-llvm,mimalloc,64
newdxx_g,BaTiO3_nat005,64000,27609,72,0,34.642024,set0_rep64,dace-llvm,mimalloc,64
newdxx_g,BaTiO3_nat005,64000,27609,72,1,34.660840,set0_rep64,dace-llvm,mimalloc,64
newdxx_g,BaTiO3_nat005,64000,27609,72,2,34.501580,set0_rep64,dace-llvm,mimalloc,64
newdxx_g,BaTiO3_nat005,64000,27609,72,3,34.699175,set0_rep64,dace-llvm,mimalloc,64
newdxx_g,BaTiO3_nat005,64000,27609,72,4,35.175416,set0_rep64,dace-llvm,mimalloc,64
newdxx_g,BaTiO3_nat005,64000,27609,72,5,35.292789,set0_rep64,dace-llvm,mimalloc,64
newdxx_g,BaTiO3_nat005,64000,27609,72,6,35.332852,set0_rep64,dace-llvm,mimalloc,64
newdxx_g,BaTiO3_nat005,64000,27609,72,7,35.729736,set0_rep64,dace-llvm,mimalloc,64
newdxx_g,BaTiO3_nat005,64000,27609,72,8,35.298484,set0_rep64,dace-llvm,mimalloc,64
newdxx_g,BaTiO3_nat005,64000,27609,72,9,35.436241,set0_rep64,dace-llvm,mimalloc,64
newdxx_g,BaTiO3_nat005,64000,27609,72,10,35.433905,set0_rep64,dace-llvm,mimalloc,64
newdxx_g,BaTiO3_nat005,64000,27609,72,11,35.382098,set0_rep64,dace-llvm,mimalloc,64
newdxx_g,BaTiO3_nat005,64000,27609,72,12,35.309109,set0_rep64,dace-llvm,mimalloc,64
newdxx_g,BaTiO3_nat005,64000,27609,72,13,35.500846,set0_rep64,dace-llvm,mimalloc,64
newdxx_g,BaTiO3_nat005,64000,27609,72,14,35.447825,set0_rep64,dace-llvm,mimalloc,64
newdxx_g,BaTiO3_nat005,64000,27609,72,15,35.485615,set0_rep64,dace-llvm,mimalloc,64
newdxx_g,BaTiO3_nat005,64000,27609,72,16,35.294517,set0_rep64,dace-llvm,mimalloc,64
newdxx_g,BaTiO3_nat005,64000,27609,72,17,35.541613,set0_rep64,dace-llvm,mimalloc,64
newdxx_g,BaTiO3_nat005,64000,27609,72,18,35.786822,set0_rep64,dace-llvm,mimalloc,64
newdxx_g,BaTiO3_nat005,64000,27609,72,19,35.625899,set0_rep64,dace-llvm,mimalloc,64
newdxx_g,BaTiO3_nat005,64000,27609,1,0,38.130753,set1,dace-llvm,mimalloc,1
newdxx_g,BaTiO3_nat005,64000,27609,1,1,37.884105,set1,dace-llvm,mimalloc,1
newdxx_g,BaTiO3_nat005,64000,27609,1,2,37.911463,set1,dace-llvm,mimalloc,1
newdxx_g,BaTiO3_nat005,64000,27609,1,3,37.960135,set1,dace-llvm,mimalloc,1
newdxx_g,BaTiO3_nat005,64000,27609,1,4,37.554290,set1,dace-llvm,mimalloc,1
newdxx_g,BaTiO3_nat005,64000,27609,1,5,37.968774,set1,dace-llvm,mimalloc,1
newdxx_g,BaTiO3_nat005,64000,27609,1,6,36.758378,set1,dace-llvm,mimalloc,1
newdxx_g,BaTiO3_nat005,64000,27609,1,7,37.602288,set1,dace-llvm,mimalloc,1
newdxx_g,BaTiO3_nat005,64000,27609,1,8,37.138175,set1,dace-llvm,mimalloc,1
newdxx_g,BaTiO3_nat005,64000,27609,1,9,37.898984,set1,dace-llvm,mimalloc,1
newdxx_g,BaTiO3_nat005,64000,27609,1,10,37.363768,set1,dace-llvm,mimalloc,1
newdxx_g,BaTiO3_nat005,64000,27609,1,11,37.651663,set1,dace-llvm,mimalloc,1
newdxx_g,BaTiO3_nat005,64000,27609,1,12,37.267034,set1,dace-llvm,mimalloc,1
newdxx_g,BaTiO3_nat005,64000,27609,1,13,37.637328,set1,dace-llvm,mimalloc,1
newdxx_g,BaTiO3_nat005,64000,27609,1,14,37.641071,set1,dace-llvm,mimalloc,1
newdxx_g,BaTiO3_nat005,64000,27609,1,15,36.914693,set1,dace-llvm,mimalloc,1
newdxx_g,BaTiO3_nat005,64000,27609,1,16,37.641487,set1,dace-llvm,mimalloc,1
newdxx_g,BaTiO3_nat005,64000,27609,1,17,37.504724,set1,dace-llvm,mimalloc,1
newdxx_g,BaTiO3_nat005,64000,27609,1,18,37.539411,set1,dace-llvm,mimalloc,1
newdxx_g,BaTiO3_nat005,64000,27609,1,19,37.581138,set1,dace-llvm,mimalloc,1
newdxx_g,BaTiO3_nat005,64000,27609,2,0,33.012568,set1,dace-llvm,mimalloc,1
newdxx_g,BaTiO3_nat005,64000,27609,2,1,32.826109,set1,dace-llvm,mimalloc,1
newdxx_g,BaTiO3_nat005,64000,27609,2,2,32.866300,set1,dace-llvm,mimalloc,1
newdxx_g,BaTiO3_nat005,64000,27609,2,3,32.981240,set1,dace-llvm,mimalloc,1
newdxx_g,BaTiO3_nat005,64000,27609,2,4,32.848093,set1,dace-llvm,mimalloc,1
newdxx_g,BaTiO3_nat005,64000,27609,2,5,33.149939,set1,dace-llvm,mimalloc,1
newdxx_g,BaTiO3_nat005,64000,27609,2,6,32.943226,set1,dace-llvm,mimalloc,1
newdxx_g,BaTiO3_nat005,64000,27609,2,7,32.757055,set1,dace-llvm,mimalloc,1
newdxx_g,BaTiO3_nat005,64000,27609,2,8,32.519878,set1,dace-llvm,mimalloc,1
newdxx_g,BaTiO3_nat005,64000,27609,2,9,32.468231,set1,dace-llvm,mimalloc,1
newdxx_g,BaTiO3_nat005,64000,27609,2,10,32.824926,set1,dace-llvm,mimalloc,1
newdxx_g,BaTiO3_nat005,64000,27609,2,11,32.842108,set1,dace-llvm,mimalloc,1
newdxx_g,BaTiO3_nat005,64000,27609,2,12,33.141812,set1,dace-llvm,mimalloc,1
newdxx_g,BaTiO3_nat005,64000,27609,2,13,32.365354,set1,dace-llvm,mimalloc,1
newdxx_g,BaTiO3_nat005,64000,27609,2,14,32.811038,set1,dace-llvm,mimalloc,1
newdxx_g,BaTiO3_nat005,64000,27609,2,15,32.697408,set1,dace-llvm,mimalloc,1
newdxx_g,BaTiO3_nat005,64000,27609,2,16,32.508838,set1,dace-llvm,mimalloc,1
newdxx_g,BaTiO3_nat005,64000,27609,2,17,32.760063,set1,dace-llvm,mimalloc,1
newdxx_g,BaTiO3_nat005,64000,27609,2,18,32.507334,set1,dace-llvm,mimalloc,1
newdxx_g,BaTiO3_nat005,64000,27609,2,19,32.781375,set1,dace-llvm,mimalloc,1
newdxx_g,BaTiO3_nat005,64000,27609,4,0,29.151688,set1,dace-llvm,mimalloc,1
newdxx_g,BaTiO3_nat005,64000,27609,4,1,29.254854,set1,dace-llvm,mimalloc,1
newdxx_g,BaTiO3_nat005,64000,27609,4,2,29.044492,set1,dace-llvm,mimalloc,1
newdxx_g,BaTiO3_nat005,64000,27609,4,3,29.225319,set1,dace-llvm,mimalloc,1
newdxx_g,BaTiO3_nat005,64000,27609,4,4,28.878960,set1,dace-llvm,mimalloc,1
newdxx_g,BaTiO3_nat005,64000,27609,4,5,29.280229,set1,dace-llvm,mimalloc,1
newdxx_g,BaTiO3_nat005,64000,27609,4,6,29.373122,set1,dace-llvm,mimalloc,1
newdxx_g,BaTiO3_nat005,64000,27609,4,7,28.981262,set1,dace-llvm,mimalloc,1
newdxx_g,BaTiO3_nat005,64000,27609,4,8,29.113643,set1,dace-llvm,mimalloc,1
newdxx_g,BaTiO3_nat005,64000,27609,4,9,29.662873,set1,dace-llvm,mimalloc,1
newdxx_g,BaTiO3_nat005,64000,27609,4,10,29.124938,set1,dace-llvm,mimalloc,1
newdxx_g,BaTiO3_nat005,64000,27609,4,11,28.957454,set1,dace-llvm,mimalloc,1
newdxx_g,BaTiO3_nat005,64000,27609,4,12,29.785238,set1,dace-llvm,mimalloc,1
newdxx_g,BaTiO3_nat005,64000,27609,4,13,29.197319,set1,dace-llvm,mimalloc,1
newdxx_g,BaTiO3_nat005,64000,27609,4,14,29.189448,set1,dace-llvm,mimalloc,1
newdxx_g,BaTiO3_nat005,64000,27609,4,15,28.917967,set1,dace-llvm,mimalloc,1
newdxx_g,BaTiO3_nat005,64000,27609,4,16,28.942575,set1,dace-llvm,mimalloc,1
newdxx_g,BaTiO3_nat005,64000,27609,4,17,29.255558,set1,dace-llvm,mimalloc,1
newdxx_g,BaTiO3_nat005,64000,27609,4,18,28.932527,set1,dace-llvm,mimalloc,1
newdxx_g,BaTiO3_nat005,64000,27609,4,19,29.668090,set1,dace-llvm,mimalloc,1
newdxx_g,BaTiO3_nat005,64000,27609,8,0,15.788017,set1,dace-llvm,mimalloc,1
newdxx_g,BaTiO3_nat005,64000,27609,8,1,15.666868,set1,dace-llvm,mimalloc,1
newdxx_g,BaTiO3_nat005,64000,27609,8,2,15.994315,set1,dace-llvm,mimalloc,1
newdxx_g,BaTiO3_nat005,64000,27609,8,3,15.763314,set1,dace-llvm,mimalloc,1
newdxx_g,BaTiO3_nat005,64000,27609,8,4,17.056364,set1,dace-llvm,mimalloc,1
newdxx_g,BaTiO3_nat005,64000,27609,8,5,16.560761,set1,dace-llvm,mimalloc,1
newdxx_g,BaTiO3_nat005,64000,27609,8,6,16.811378,set1,dace-llvm,mimalloc,1
newdxx_g,BaTiO3_nat005,64000,27609,8,7,16.211269,set1,dace-llvm,mimalloc,1
newdxx_g,BaTiO3_nat005,64000,27609,8,8,17.273669,set1,dace-llvm,mimalloc,1
newdxx_g,BaTiO3_nat005,64000,27609,8,9,16.502172,set1,dace-llvm,mimalloc,1
newdxx_g,BaTiO3_nat005,64000,27609,8,10,15.957260,set1,dace-llvm,mimalloc,1
newdxx_g,BaTiO3_nat005,64000,27609,8,11,15.931821,set1,dace-llvm,mimalloc,1
newdxx_g,BaTiO3_nat005,64000,27609,8,12,15.446203,set1,dace-llvm,mimalloc,1
newdxx_g,BaTiO3_nat005,64000,27609,8,13,15.511929,set1,dace-llvm,mimalloc,1
newdxx_g,BaTiO3_nat005,64000,27609,8,14,15.501146,set1,dace-llvm,mimalloc,1
newdxx_g,BaTiO3_nat005,64000,27609,8,15,16.025066,set1,dace-llvm,mimalloc,1
newdxx_g,BaTiO3_nat005,64000,27609,8,16,16.216964,set1,dace-llvm,mimalloc,1
newdxx_g,BaTiO3_nat005,64000,27609,8,17,16.683478,set1,dace-llvm,mimalloc,1
newdxx_g,BaTiO3_nat005,64000,27609,8,18,15.495161,set1,dace-llvm,mimalloc,1
newdxx_g,BaTiO3_nat005,64000,27609,8,19,15.577367,set1,dace-llvm,mimalloc,1
newdxx_g,BaTiO3_nat005,64000,27609,16,0,16.069001,set1,dace-llvm,mimalloc,1
newdxx_g,BaTiO3_nat005,64000,27609,16,1,16.163366,set1,dace-llvm,mimalloc,1
newdxx_g,BaTiO3_nat005,64000,27609,16,2,16.129415,set1,dace-llvm,mimalloc,1
newdxx_g,BaTiO3_nat005,64000,27609,16,3,15.708659,set1,dace-llvm,mimalloc,1
newdxx_g,BaTiO3_nat005,64000,27609,16,4,15.513145,set1,dace-llvm,mimalloc,1
newdxx_g,BaTiO3_nat005,64000,27609,16,5,15.519833,set1,dace-llvm,mimalloc,1
newdxx_g,BaTiO3_nat005,64000,27609,16,6,15.814160,set1,dace-llvm,mimalloc,1
newdxx_g,BaTiO3_nat005,64000,27609,16,7,16.304258,set1,dace-llvm,mimalloc,1
newdxx_g,BaTiO3_nat005,64000,27609,16,8,15.865167,set1,dace-llvm,mimalloc,1
newdxx_g,BaTiO3_nat005,64000,27609,16,9,16.013259,set1,dace-llvm,mimalloc,1
newdxx_g,BaTiO3_nat005,64000,27609,16,10,15.891566,set1,dace-llvm,mimalloc,1
newdxx_g,BaTiO3_nat005,64000,27609,16,11,15.910926,set1,dace-llvm,mimalloc,1
newdxx_g,BaTiO3_nat005,64000,27609,16,12,16.234851,set1,dace-llvm,mimalloc,1
newdxx_g,BaTiO3_nat005,64000,27609,16,13,16.077704,set1,dace-llvm,mimalloc,1
newdxx_g,BaTiO3_nat005,64000,27609,16,14,15.968396,set1,dace-llvm,mimalloc,1
newdxx_g,BaTiO3_nat005,64000,27609,16,15,16.168517,set1,dace-llvm,mimalloc,1
newdxx_g,BaTiO3_nat005,64000,27609,16,16,16.148998,set1,dace-llvm,mimalloc,1
newdxx_g,BaTiO3_nat005,64000,27609,16,17,16.025642,set1,dace-llvm,mimalloc,1
newdxx_g,BaTiO3_nat005,64000,27609,16,18,15.771314,set1,dace-llvm,mimalloc,1
newdxx_g,BaTiO3_nat005,64000,27609,16,19,16.163718,set1,dace-llvm,mimalloc,1
newdxx_g,BaTiO3_nat005,64000,27609,32,0,15.206886,set1,dace-llvm,mimalloc,1
newdxx_g,BaTiO3_nat005,64000,27609,32,1,15.021131,set1,dace-llvm,mimalloc,1
newdxx_g,BaTiO3_nat005,64000,27609,32,2,15.234212,set1,dace-llvm,mimalloc,1
newdxx_g,BaTiO3_nat005,64000,27609,32,3,15.214886,set1,dace-llvm,mimalloc,1
newdxx_g,BaTiO3_nat005,64000,27609,32,4,15.093257,set1,dace-llvm,mimalloc,1
newdxx_g,BaTiO3_nat005,64000,27609,32,5,15.049578,set1,dace-llvm,mimalloc,1
newdxx_g,BaTiO3_nat005,64000,27609,32,6,15.199654,set1,dace-llvm,mimalloc,1
newdxx_g,BaTiO3_nat005,64000,27609,32,7,15.237989,set1,dace-llvm,mimalloc,1
newdxx_g,BaTiO3_nat005,64000,27609,32,8,14.992556,set1,dace-llvm,mimalloc,1
newdxx_g,BaTiO3_nat005,64000,27609,32,9,15.257476,set1,dace-llvm,mimalloc,1
newdxx_g,BaTiO3_nat005,64000,27609,32,10,15.338978,set1,dace-llvm,mimalloc,1
newdxx_g,BaTiO3_nat005,64000,27609,32,11,15.347329,set1,dace-llvm,mimalloc,1
newdxx_g,BaTiO3_nat005,64000,27609,32,12,15.236581,set1,dace-llvm,mimalloc,1
newdxx_g,BaTiO3_nat005,64000,27609,32,13,15.324674,set1,dace-llvm,mimalloc,1
newdxx_g,BaTiO3_nat005,64000,27609,32,14,15.312739,set1,dace-llvm,mimalloc,1
newdxx_g,BaTiO3_nat005,64000,27609,32,15,15.333730,set1,dace-llvm,mimalloc,1
newdxx_g,BaTiO3_nat005,64000,27609,32,16,15.238853,set1,dace-llvm,mimalloc,1
newdxx_g,BaTiO3_nat005,64000,27609,32,17,15.197190,set1,dace-llvm,mimalloc,1
newdxx_g,BaTiO3_nat005,64000,27609,32,18,15.192390,set1,dace-llvm,mimalloc,1
newdxx_g,BaTiO3_nat005,64000,27609,32,19,15.357377,set1,dace-llvm,mimalloc,1
newdxx_g,BaTiO3_nat005,64000,27609,64,0,16.980210,set1,dace-llvm,mimalloc,1
newdxx_g,BaTiO3_nat005,64000,27609,64,1,16.868117,set1,dace-llvm,mimalloc,1
newdxx_g,BaTiO3_nat005,64000,27609,64,2,16.976787,set1,dace-llvm,mimalloc,1
newdxx_g,BaTiO3_nat005,64000,27609,64,3,16.561726,set1,dace-llvm,mimalloc,1
newdxx_g,BaTiO3_nat005,64000,27609,64,4,16.945651,set1,dace-llvm,mimalloc,1
newdxx_g,BaTiO3_nat005,64000,27609,64,5,16.542079,set1,dace-llvm,mimalloc,1
newdxx_g,BaTiO3_nat005,64000,27609,64,6,17.871096,set1,dace-llvm,mimalloc,1
newdxx_g,BaTiO3_nat005,64000,27609,64,7,16.937043,set1,dace-llvm,mimalloc,1
newdxx_g,BaTiO3_nat005,64000,27609,64,8,16.577182,set1,dace-llvm,mimalloc,1
newdxx_g,BaTiO3_nat005,64000,27609,64,9,16.114027,set1,dace-llvm,mimalloc,1
newdxx_g,BaTiO3_nat005,64000,27609,64,10,16.610014,set1,dace-llvm,mimalloc,1
newdxx_g,BaTiO3_nat005,64000,27609,64,11,16.043277,set1,dace-llvm,mimalloc,1
newdxx_g,BaTiO3_nat005,64000,27609,64,12,15.749622,set1,dace-llvm,mimalloc,1
newdxx_g,BaTiO3_nat005,64000,27609,64,13,15.761398,set1,dace-llvm,mimalloc,1
newdxx_g,BaTiO3_nat005,64000,27609,64,14,15.760758,set1,dace-llvm,mimalloc,1
newdxx_g,BaTiO3_nat005,64000,27609,64,15,16.433378,set1,dace-llvm,mimalloc,1
newdxx_g,BaTiO3_nat005,64000,27609,64,16,15.865715,set1,dace-llvm,mimalloc,1
newdxx_g,BaTiO3_nat005,64000,27609,64,17,16.147531,set1,dace-llvm,mimalloc,1
newdxx_g,BaTiO3_nat005,64000,27609,64,18,16.744761,set1,dace-llvm,mimalloc,1
newdxx_g,BaTiO3_nat005,64000,27609,64,19,16.712218,set1,dace-llvm,mimalloc,1
newdxx_g,BaTiO3_nat005,64000,27609,72,0,16.722297,set1,dace-llvm,mimalloc,1
newdxx_g,BaTiO3_nat005,64000,27609,72,1,16.629947,set1,dace-llvm,mimalloc,1
newdxx_g,BaTiO3_nat005,64000,27609,72,2,16.758136,set1,dace-llvm,mimalloc,1
newdxx_g,BaTiO3_nat005,64000,27609,72,3,16.995185,set1,dace-llvm,mimalloc,1
newdxx_g,BaTiO3_nat005,64000,27609,72,4,16.856469,set1,dace-llvm,mimalloc,1
newdxx_g,BaTiO3_nat005,64000,27609,72,5,16.853653,set1,dace-llvm,mimalloc,1
newdxx_g,BaTiO3_nat005,64000,27609,72,6,17.217322,set1,dace-llvm,mimalloc,1
newdxx_g,BaTiO3_nat005,64000,27609,72,7,17.053295,set1,dace-llvm,mimalloc,1
newdxx_g,BaTiO3_nat005,64000,27609,72,8,16.922259,set1,dace-llvm,mimalloc,1
newdxx_g,BaTiO3_nat005,64000,27609,72,9,17.118221,set1,dace-llvm,mimalloc,1
newdxx_g,BaTiO3_nat005,64000,27609,72,10,16.818134,set1,dace-llvm,mimalloc,1
newdxx_g,BaTiO3_nat005,64000,27609,72,11,16.783383,set1,dace-llvm,mimalloc,1
newdxx_g,BaTiO3_nat005,64000,27609,72,12,16.831062,set1,dace-llvm,mimalloc,1
newdxx_g,BaTiO3_nat005,64000,27609,72,13,15.888305,set1,dace-llvm,mimalloc,1
newdxx_g,BaTiO3_nat005,64000,27609,72,14,15.942352,set1,dace-llvm,mimalloc,1
newdxx_g,BaTiO3_nat005,64000,27609,72,15,15.826931,set1,dace-llvm,mimalloc,1
newdxx_g,BaTiO3_nat005,64000,27609,72,16,16.102090,set1,dace-llvm,mimalloc,1
newdxx_g,BaTiO3_nat005,64000,27609,72,17,16.222951,set1,dace-llvm,mimalloc,1
newdxx_g,BaTiO3_nat005,64000,27609,72,18,16.288741,set1,dace-llvm,mimalloc,1
newdxx_g,BaTiO3_nat005,64000,27609,72,19,16.114347,set1,dace-llvm,mimalloc,1
newdxx_g,BaTiO3_nat005,64000,27609,1,0,1931.110766,set1_rep64,dace-llvm,mimalloc,64
newdxx_g,BaTiO3_nat005,64000,27609,1,1,1931.224619,set1_rep64,dace-llvm,mimalloc,64
newdxx_g,BaTiO3_nat005,64000,27609,1,2,1932.278636,set1_rep64,dace-llvm,mimalloc,64
newdxx_g,BaTiO3_nat005,64000,27609,1,3,1933.603366,set1_rep64,dace-llvm,mimalloc,64
newdxx_g,BaTiO3_nat005,64000,27609,1,4,1931.371910,set1_rep64,dace-llvm,mimalloc,64
newdxx_g,BaTiO3_nat005,64000,27609,1,5,1931.482371,set1_rep64,dace-llvm,mimalloc,64
newdxx_g,BaTiO3_nat005,64000,27609,1,6,1930.384611,set1_rep64,dace-llvm,mimalloc,64
newdxx_g,BaTiO3_nat005,64000,27609,1,7,1931.843385,set1_rep64,dace-llvm,mimalloc,64
newdxx_g,BaTiO3_nat005,64000,27609,1,8,1933.140435,set1_rep64,dace-llvm,mimalloc,64
newdxx_g,BaTiO3_nat005,64000,27609,1,9,1934.072440,set1_rep64,dace-llvm,mimalloc,64
newdxx_g,BaTiO3_nat005,64000,27609,1,10,1934.705157,set1_rep64,dace-llvm,mimalloc,64
newdxx_g,BaTiO3_nat005,64000,27609,1,11,1934.861312,set1_rep64,dace-llvm,mimalloc,64
newdxx_g,BaTiO3_nat005,64000,27609,1,12,1932.582852,set1_rep64,dace-llvm,mimalloc,64
newdxx_g,BaTiO3_nat005,64000,27609,1,13,1935.651498,set1_rep64,dace-llvm,mimalloc,64
newdxx_g,BaTiO3_nat005,64000,27609,1,14,1933.363437,set1_rep64,dace-llvm,mimalloc,64
newdxx_g,BaTiO3_nat005,64000,27609,1,15,1933.331854,set1_rep64,dace-llvm,mimalloc,64
newdxx_g,BaTiO3_nat005,64000,27609,1,16,1933.153106,set1_rep64,dace-llvm,mimalloc,64
newdxx_g,BaTiO3_nat005,64000,27609,1,17,1932.874747,set1_rep64,dace-llvm,mimalloc,64
newdxx_g,BaTiO3_nat005,64000,27609,1,18,1934.907263,set1_rep64,dace-llvm,mimalloc,64
newdxx_g,BaTiO3_nat005,64000,27609,1,19,1934.718085,set1_rep64,dace-llvm,mimalloc,64
newdxx_g,BaTiO3_nat005,64000,27609,2,0,998.844205,set1_rep64,dace-llvm,mimalloc,64
newdxx_g,BaTiO3_nat005,64000,27609,2,1,998.524374,set1_rep64,dace-llvm,mimalloc,64
newdxx_g,BaTiO3_nat005,64000,27609,2,2,1000.614650,set1_rep64,dace-llvm,mimalloc,64
newdxx_g,BaTiO3_nat005,64000,27609,2,3,999.874714,set1_rep64,dace-llvm,mimalloc,64
newdxx_g,BaTiO3_nat005,64000,27609,2,4,998.992120,set1_rep64,dace-llvm,mimalloc,64
newdxx_g,BaTiO3_nat005,64000,27609,2,5,998.764191,set1_rep64,dace-llvm,mimalloc,64
newdxx_g,BaTiO3_nat005,64000,27609,2,6,998.847933,set1_rep64,dace-llvm,mimalloc,64
newdxx_g,BaTiO3_nat005,64000,27609,2,7,999.116660,set1_rep64,dace-llvm,mimalloc,64
newdxx_g,BaTiO3_nat005,64000,27609,2,8,998.806846,set1_rep64,dace-llvm,mimalloc,64
newdxx_g,BaTiO3_nat005,64000,27609,2,9,999.067382,set1_rep64,dace-llvm,mimalloc,64
newdxx_g,BaTiO3_nat005,64000,27609,2,10,998.770303,set1_rep64,dace-llvm,mimalloc,64
newdxx_g,BaTiO3_nat005,64000,27609,2,11,998.721344,set1_rep64,dace-llvm,mimalloc,64
newdxx_g,BaTiO3_nat005,64000,27609,2,12,999.720356,set1_rep64,dace-llvm,mimalloc,64
newdxx_g,BaTiO3_nat005,64000,27609,2,13,998.645410,set1_rep64,dace-llvm,mimalloc,64
newdxx_g,BaTiO3_nat005,64000,27609,2,14,1003.969479,set1_rep64,dace-llvm,mimalloc,64
newdxx_g,BaTiO3_nat005,64000,27609,2,15,999.358669,set1_rep64,dace-llvm,mimalloc,64
newdxx_g,BaTiO3_nat005,64000,27609,2,16,998.707137,set1_rep64,dace-llvm,mimalloc,64
newdxx_g,BaTiO3_nat005,64000,27609,2,17,999.411276,set1_rep64,dace-llvm,mimalloc,64
newdxx_g,BaTiO3_nat005,64000,27609,2,18,999.395629,set1_rep64,dace-llvm,mimalloc,64
newdxx_g,BaTiO3_nat005,64000,27609,2,19,1000.914496,set1_rep64,dace-llvm,mimalloc,64
newdxx_g,BaTiO3_nat005,64000,27609,4,0,512.135546,set1_rep64,dace-llvm,mimalloc,64
newdxx_g,BaTiO3_nat005,64000,27609,4,1,513.056191,set1_rep64,dace-llvm,mimalloc,64
newdxx_g,BaTiO3_nat005,64000,27609,4,2,512.919971,set1_rep64,dace-llvm,mimalloc,64
newdxx_g,BaTiO3_nat005,64000,27609,4,3,509.941785,set1_rep64,dace-llvm,mimalloc,64
newdxx_g,BaTiO3_nat005,64000,27609,4,4,509.256270,set1_rep64,dace-llvm,mimalloc,64
newdxx_g,BaTiO3_nat005,64000,27609,4,5,509.523974,set1_rep64,dace-llvm,mimalloc,64
newdxx_g,BaTiO3_nat005,64000,27609,4,6,510.171636,set1_rep64,dace-llvm,mimalloc,64
newdxx_g,BaTiO3_nat005,64000,27609,4,7,509.769919,set1_rep64,dace-llvm,mimalloc,64
newdxx_g,BaTiO3_nat005,64000,27609,4,8,509.409961,set1_rep64,dace-llvm,mimalloc,64
newdxx_g,BaTiO3_nat005,64000,27609,4,9,508.787708,set1_rep64,dace-llvm,mimalloc,64
newdxx_g,BaTiO3_nat005,64000,27609,4,10,505.626137,set1_rep64,dace-llvm,mimalloc,64
newdxx_g,BaTiO3_nat005,64000,27609,4,11,512.741864,set1_rep64,dace-llvm,mimalloc,64
newdxx_g,BaTiO3_nat005,64000,27609,4,12,513.531473,set1_rep64,dace-llvm,mimalloc,64
newdxx_g,BaTiO3_nat005,64000,27609,4,13,514.054370,set1_rep64,dace-llvm,mimalloc,64
newdxx_g,BaTiO3_nat005,64000,27609,4,14,507.738970,set1_rep64,dace-llvm,mimalloc,64
newdxx_g,BaTiO3_nat005,64000,27609,4,15,505.715254,set1_rep64,dace-llvm,mimalloc,64
newdxx_g,BaTiO3_nat005,64000,27609,4,16,507.055694,set1_rep64,dace-llvm,mimalloc,64
newdxx_g,BaTiO3_nat005,64000,27609,4,17,506.042924,set1_rep64,dace-llvm,mimalloc,64
newdxx_g,BaTiO3_nat005,64000,27609,4,18,505.475964,set1_rep64,dace-llvm,mimalloc,64
newdxx_g,BaTiO3_nat005,64000,27609,4,19,505.623769,set1_rep64,dace-llvm,mimalloc,64
newdxx_g,BaTiO3_nat005,64000,27609,8,0,255.535484,set1_rep64,dace-llvm,mimalloc,64
newdxx_g,BaTiO3_nat005,64000,27609,8,1,254.550937,set1_rep64,dace-llvm,mimalloc,64
newdxx_g,BaTiO3_nat005,64000,27609,8,2,255.362561,set1_rep64,dace-llvm,mimalloc,64
newdxx_g,BaTiO3_nat005,64000,27609,8,3,259.185682,set1_rep64,dace-llvm,mimalloc,64
newdxx_g,BaTiO3_nat005,64000,27609,8,4,259.182898,set1_rep64,dace-llvm,mimalloc,64
newdxx_g,BaTiO3_nat005,64000,27609,8,5,259.141074,set1_rep64,dace-llvm,mimalloc,64
newdxx_g,BaTiO3_nat005,64000,27609,8,6,258.621474,set1_rep64,dace-llvm,mimalloc,64
newdxx_g,BaTiO3_nat005,64000,27609,8,7,257.389670,set1_rep64,dace-llvm,mimalloc,64
newdxx_g,BaTiO3_nat005,64000,27609,8,8,256.261255,set1_rep64,dace-llvm,mimalloc,64
newdxx_g,BaTiO3_nat005,64000,27609,8,9,256.120811,set1_rep64,dace-llvm,mimalloc,64
newdxx_g,BaTiO3_nat005,64000,27609,8,10,256.059949,set1_rep64,dace-llvm,mimalloc,64
newdxx_g,BaTiO3_nat005,64000,27609,8,11,255.611930,set1_rep64,dace-llvm,mimalloc,64
newdxx_g,BaTiO3_nat005,64000,27609,8,12,255.820884,set1_rep64,dace-llvm,mimalloc,64
newdxx_g,BaTiO3_nat005,64000,27609,8,13,255.403168,set1_rep64,dace-llvm,mimalloc,64
newdxx_g,BaTiO3_nat005,64000,27609,8,14,255.663865,set1_rep64,dace-llvm,mimalloc,64
newdxx_g,BaTiO3_nat005,64000,27609,8,15,255.408160,set1_rep64,dace-llvm,mimalloc,64
newdxx_g,BaTiO3_nat005,64000,27609,8,16,255.529404,set1_rep64,dace-llvm,mimalloc,64
newdxx_g,BaTiO3_nat005,64000,27609,8,17,256.388868,set1_rep64,dace-llvm,mimalloc,64
newdxx_g,BaTiO3_nat005,64000,27609,8,18,255.451775,set1_rep64,dace-llvm,mimalloc,64
newdxx_g,BaTiO3_nat005,64000,27609,8,19,255.852212,set1_rep64,dace-llvm,mimalloc,64
newdxx_g,BaTiO3_nat005,64000,27609,16,0,129.714405,set1_rep64,dace-llvm,mimalloc,64
newdxx_g,BaTiO3_nat005,64000,27609,16,1,129.369551,set1_rep64,dace-llvm,mimalloc,64
newdxx_g,BaTiO3_nat005,64000,27609,16,2,129.632936,set1_rep64,dace-llvm,mimalloc,64
newdxx_g,BaTiO3_nat005,64000,27609,16,3,129.713060,set1_rep64,dace-llvm,mimalloc,64
newdxx_g,BaTiO3_nat005,64000,27609,16,4,129.829378,set1_rep64,dace-llvm,mimalloc,64
newdxx_g,BaTiO3_nat005,64000,27609,16,5,129.376367,set1_rep64,dace-llvm,mimalloc,64
newdxx_g,BaTiO3_nat005,64000,27609,16,6,129.800931,set1_rep64,dace-llvm,mimalloc,64
newdxx_g,BaTiO3_nat005,64000,27609,16,7,129.534123,set1_rep64,dace-llvm,mimalloc,64
newdxx_g,BaTiO3_nat005,64000,27609,16,8,129.672838,set1_rep64,dace-llvm,mimalloc,64
newdxx_g,BaTiO3_nat005,64000,27609,16,9,129.493708,set1_rep64,dace-llvm,mimalloc,64
newdxx_g,BaTiO3_nat005,64000,27609,16,10,129.494636,set1_rep64,dace-llvm,mimalloc,64
newdxx_g,BaTiO3_nat005,64000,27609,16,11,129.440685,set1_rep64,dace-llvm,mimalloc,64
newdxx_g,BaTiO3_nat005,64000,27609,16,12,129.620520,set1_rep64,dace-llvm,mimalloc,64
newdxx_g,BaTiO3_nat005,64000,27609,16,13,129.399854,set1_rep64,dace-llvm,mimalloc,64
newdxx_g,BaTiO3_nat005,64000,27609,16,14,129.481613,set1_rep64,dace-llvm,mimalloc,64
newdxx_g,BaTiO3_nat005,64000,27609,16,15,129.547402,set1_rep64,dace-llvm,mimalloc,64
newdxx_g,BaTiO3_nat005,64000,27609,16,16,129.624648,set1_rep64,dace-llvm,mimalloc,64
newdxx_g,BaTiO3_nat005,64000,27609,16,17,129.353104,set1_rep64,dace-llvm,mimalloc,64
newdxx_g,BaTiO3_nat005,64000,27609,16,18,129.482060,set1_rep64,dace-llvm,mimalloc,64
newdxx_g,BaTiO3_nat005,64000,27609,16,19,129.600265,set1_rep64,dace-llvm,mimalloc,64
newdxx_g,BaTiO3_nat005,64000,27609,32,0,66.872055,set1_rep64,dace-llvm,mimalloc,64
newdxx_g,BaTiO3_nat005,64000,27609,32,1,66.870008,set1_rep64,dace-llvm,mimalloc,64
newdxx_g,BaTiO3_nat005,64000,27609,32,2,66.801722,set1_rep64,dace-llvm,mimalloc,64
newdxx_g,BaTiO3_nat005,64000,27609,32,3,67.017747,set1_rep64,dace-llvm,mimalloc,64
newdxx_g,BaTiO3_nat005,64000,27609,32,4,66.915383,set1_rep64,dace-llvm,mimalloc,64
newdxx_g,BaTiO3_nat005,64000,27609,32,5,67.068979,set1_rep64,dace-llvm,mimalloc,64
newdxx_g,BaTiO3_nat005,64000,27609,32,6,67.190222,set1_rep64,dace-llvm,mimalloc,64
newdxx_g,BaTiO3_nat005,64000,27609,32,7,67.148624,set1_rep64,dace-llvm,mimalloc,64
newdxx_g,BaTiO3_nat005,64000,27609,32,8,66.968629,set1_rep64,dace-llvm,mimalloc,64
newdxx_g,BaTiO3_nat005,64000,27609,32,9,66.919990,set1_rep64,dace-llvm,mimalloc,64
newdxx_g,BaTiO3_nat005,64000,27609,32,10,67.138096,set1_rep64,dace-llvm,mimalloc,64
newdxx_g,BaTiO3_nat005,64000,27609,32,11,66.984404,set1_rep64,dace-llvm,mimalloc,64
newdxx_g,BaTiO3_nat005,64000,27609,32,12,67.145648,set1_rep64,dace-llvm,mimalloc,64
newdxx_g,BaTiO3_nat005,64000,27609,32,13,67.046866,set1_rep64,dace-llvm,mimalloc,64
newdxx_g,BaTiO3_nat005,64000,27609,32,14,66.724571,set1_rep64,dace-llvm,mimalloc,64
newdxx_g,BaTiO3_nat005,64000,27609,32,15,66.862648,set1_rep64,dace-llvm,mimalloc,64
newdxx_g,BaTiO3_nat005,64000,27609,32,16,67.062482,set1_rep64,dace-llvm,mimalloc,64
newdxx_g,BaTiO3_nat005,64000,27609,32,17,66.910646,set1_rep64,dace-llvm,mimalloc,64
newdxx_g,BaTiO3_nat005,64000,27609,32,18,66.851385,set1_rep64,dace-llvm,mimalloc,64
newdxx_g,BaTiO3_nat005,64000,27609,32,19,67.259500,set1_rep64,dace-llvm,mimalloc,64
newdxx_g,BaTiO3_nat005,64000,27609,64,0,35.228344,set1_rep64,dace-llvm,mimalloc,64
newdxx_g,BaTiO3_nat005,64000,27609,64,1,35.347251,set1_rep64,dace-llvm,mimalloc,64
newdxx_g,BaTiO3_nat005,64000,27609,64,2,35.248279,set1_rep64,dace-llvm,mimalloc,64
newdxx_g,BaTiO3_nat005,64000,27609,64,3,35.176249,set1_rep64,dace-llvm,mimalloc,64
newdxx_g,BaTiO3_nat005,64000,27609,64,4,35.135130,set1_rep64,dace-llvm,mimalloc,64
newdxx_g,BaTiO3_nat005,64000,27609,64,5,35.222840,set1_rep64,dace-llvm,mimalloc,64
newdxx_g,BaTiO3_nat005,64000,27609,64,6,35.241911,set1_rep64,dace-llvm,mimalloc,64
newdxx_g,BaTiO3_nat005,64000,27609,64,7,35.229880,set1_rep64,dace-llvm,mimalloc,64
newdxx_g,BaTiO3_nat005,64000,27609,64,8,35.297941,set1_rep64,dace-llvm,mimalloc,64
newdxx_g,BaTiO3_nat005,64000,27609,64,9,35.214840,set1_rep64,dace-llvm,mimalloc,64
newdxx_g,BaTiO3_nat005,64000,27609,64,10,35.415698,set1_rep64,dace-llvm,mimalloc,64
newdxx_g,BaTiO3_nat005,64000,27609,64,11,35.263926,set1_rep64,dace-llvm,mimalloc,64
newdxx_g,BaTiO3_nat005,64000,27609,64,12,35.237431,set1_rep64,dace-llvm,mimalloc,64
newdxx_g,BaTiO3_nat005,64000,27609,64,13,35.211960,set1_rep64,dace-llvm,mimalloc,64
newdxx_g,BaTiO3_nat005,64000,27609,64,14,35.154041,set1_rep64,dace-llvm,mimalloc,64
newdxx_g,BaTiO3_nat005,64000,27609,64,15,35.476944,set1_rep64,dace-llvm,mimalloc,64
newdxx_g,BaTiO3_nat005,64000,27609,64,16,35.202872,set1_rep64,dace-llvm,mimalloc,64
newdxx_g,BaTiO3_nat005,64000,27609,64,17,34.976222,set1_rep64,dace-llvm,mimalloc,64
newdxx_g,BaTiO3_nat005,64000,27609,64,18,34.951008,set1_rep64,dace-llvm,mimalloc,64
newdxx_g,BaTiO3_nat005,64000,27609,64,19,34.841379,set1_rep64,dace-llvm,mimalloc,64
newdxx_g,BaTiO3_nat005,64000,27609,72,0,34.483149,set1_rep64,dace-llvm,mimalloc,64
newdxx_g,BaTiO3_nat005,64000,27609,72,1,34.334161,set1_rep64,dace-llvm,mimalloc,64
newdxx_g,BaTiO3_nat005,64000,27609,72,2,34.559914,set1_rep64,dace-llvm,mimalloc,64
newdxx_g,BaTiO3_nat005,64000,27609,72,3,34.551242,set1_rep64,dace-llvm,mimalloc,64
newdxx_g,BaTiO3_nat005,64000,27609,72,4,34.503243,set1_rep64,dace-llvm,mimalloc,64
newdxx_g,BaTiO3_nat005,64000,27609,72,5,34.525387,set1_rep64,dace-llvm,mimalloc,64
newdxx_g,BaTiO3_nat005,64000,27609,72,6,34.600617,set1_rep64,dace-llvm,mimalloc,64
newdxx_g,BaTiO3_nat005,64000,27609,72,7,34.514603,set1_rep64,dace-llvm,mimalloc,64
newdxx_g,BaTiO3_nat005,64000,27609,72,8,34.548683,set1_rep64,dace-llvm,mimalloc,64
newdxx_g,BaTiO3_nat005,64000,27609,72,9,34.652103,set1_rep64,dace-llvm,mimalloc,64
newdxx_g,BaTiO3_nat005,64000,27609,72,10,34.426478,set1_rep64,dace-llvm,mimalloc,64
newdxx_g,BaTiO3_nat005,64000,27609,72,11,34.534699,set1_rep64,dace-llvm,mimalloc,64
newdxx_g,BaTiO3_nat005,64000,27609,72,12,34.480940,set1_rep64,dace-llvm,mimalloc,64
newdxx_g,BaTiO3_nat005,64000,27609,72,13,34.528683,set1_rep64,dace-llvm,mimalloc,64
newdxx_g,BaTiO3_nat005,64000,27609,72,14,34.438541,set1_rep64,dace-llvm,mimalloc,64
newdxx_g,BaTiO3_nat005,64000,27609,72,15,34.481420,set1_rep64,dace-llvm,mimalloc,64
newdxx_g,BaTiO3_nat005,64000,27609,72,16,34.447886,set1_rep64,dace-llvm,mimalloc,64
newdxx_g,BaTiO3_nat005,64000,27609,72,17,34.573609,set1_rep64,dace-llvm,mimalloc,64
newdxx_g,BaTiO3_nat005,64000,27609,72,18,34.619944,set1_rep64,dace-llvm,mimalloc,64
newdxx_g,BaTiO3_nat005,64000,27609,72,19,34.608521,set1_rep64,dace-llvm,mimalloc,64
