kernel,mode,nnr,ngmt,threads,rep,ms,inputs,lane,alloc,deck_rep
newdxx_g,BaO_nat002,64000,18643,1,0,7.215000,set0,original-openmp,mimalloc,1
newdxx_g,BaO_nat002,64000,18643,1,1,7.147000,set0,original-openmp,mimalloc,1
newdxx_g,BaO_nat002,64000,18643,1,2,7.099000,set0,original-openmp,mimalloc,1
newdxx_g,BaO_nat002,64000,18643,1,3,7.043000,set0,original-openmp,mimalloc,1
newdxx_g,BaO_nat002,64000,18643,1,4,6.977000,set0,original-openmp,mimalloc,1
newdxx_g,BaO_nat002,64000,18643,1,5,7.009000,set0,original-openmp,mimalloc,1
newdxx_g,BaO_nat002,64000,18643,1,6,7.021000,set0,original-openmp,mimalloc,1
newdxx_g,BaO_nat002,64000,18643,1,7,7.020000,set0,original-openmp,mimalloc,1
newdxx_g,BaO_nat002,64000,18643,1,8,6.994000,set0,original-openmp,mimalloc,1
newdxx_g,BaO_nat002,64000,18643,1,9,6.980000,set0,original-openmp,mimalloc,1
newdxx_g,BaO_nat002,64000,18643,1,10,7.035000,set0,original-openmp,mimalloc,1
newdxx_g,BaO_nat002,64000,18643,1,11,6.950000,set0,original-openmp,mimalloc,1
newdxx_g,BaO_nat002,64000,18643,1,12,6.979000,set0,original-openmp,mimalloc,1
newdxx_g,BaO_nat002,64000,18643,1,13,6.988000,set0,original-openmp,mimalloc,1
newdxx_g,BaO_nat002,64000,18643,1,14,6.969000,set0,original-openmp,mimalloc,1
newdxx_g,BaO_nat002,64000,18643,1,15,6.972000,set0,original-openmp,mimalloc,1
newdxx_g,BaO_nat002,64000,18643,1,16,6.977000,set0,original-openmp,mimalloc,1
newdxx_g,BaO_nat002,64000,18643,1,17,6.989000,set0,original-openmp,mimalloc,1
newdxx_g,BaO_nat002,64000,18643,1,18,7.106000,set0,original-openmp,mimalloc,1
newdxx_g,BaO_nat002,64000,18643,1,19,6.991000,set0,original-openmp,mimalloc,1
newdxx_g,BaO_nat002,64000,18643,2,0,5.755000,set0,original-openmp,mimalloc,1
newdxx_g,BaO_nat002,64000,18643,2,1,5.773000,set0,original-openmp,mimalloc,1
newdxx_g,BaO_nat002,64000,18643,2,2,5.660000,set0,original-openmp,mimalloc,1
newdxx_g,BaO_nat002,64000,18643,2,3,5.689000,set0,original-openmp,mimalloc,1
newdxx_g,BaO_nat002,64000,18643,2,4,5.736000,set0,original-openmp,mimalloc,1
newdxx_g,BaO_nat002,64000,18643,2,5,5.695000,set0,original-openmp,mimalloc,1
newdxx_g,BaO_nat002,64000,18643,2,6,5.736000,set0,original-openmp,mimalloc,1
newdxx_g,BaO_nat002,64000,18643,2,7,5.624000,set0,original-openmp,mimalloc,1
newdxx_g,BaO_nat002,64000,18643,2,8,5.803000,set0,original-openmp,mimalloc,1
newdxx_g,BaO_nat002,64000,18643,2,9,5.762000,set0,original-openmp,mimalloc,1
newdxx_g,BaO_nat002,64000,18643,2,10,5.735000,set0,original-openmp,mimalloc,1
newdxx_g,BaO_nat002,64000,18643,2,11,5.762000,set0,original-openmp,mimalloc,1
newdxx_g,BaO_nat002,64000,18643,2,12,5.747000,set0,original-openmp,mimalloc,1
newdxx_g,BaO_nat002,64000,18643,2,13,5.723000,set0,original-openmp,mimalloc,1
newdxx_g,BaO_nat002,64000,18643,2,14,5.754000,set0,original-openmp,mimalloc,1
newdxx_g,BaO_nat002,64000,18643,2,15,5.726000,set0,original-openmp,mimalloc,1
newdxx_g,BaO_nat002,64000,18643,2,16,5.702000,set0,original-openmp,mimalloc,1
newdxx_g,BaO_nat002,64000,18643,2,17,5.666000,set0,original-openmp,mimalloc,1
newdxx_g,BaO_nat002,64000,18643,2,18,5.694000,set0,original-openmp,mimalloc,1
newdxx_g,BaO_nat002,64000,18643,2,19,5.714000,set0,original-openmp,mimalloc,1
newdxx_g,BaO_nat002,64000,18643,4,0,5.818000,set0,original-openmp,mimalloc,1
newdxx_g,BaO_nat002,64000,18643,4,1,5.852000,set0,original-openmp,mimalloc,1
newdxx_g,BaO_nat002,64000,18643,4,2,5.779000,set0,original-openmp,mimalloc,1
newdxx_g,BaO_nat002,64000,18643,4,3,5.739000,set0,original-openmp,mimalloc,1
newdxx_g,BaO_nat002,64000,18643,4,4,6.154000,set0,original-openmp,mimalloc,1
newdxx_g,BaO_nat002,64000,18643,4,5,5.755000,set0,original-openmp,mimalloc,1
newdxx_g,BaO_nat002,64000,18643,4,6,5.736000,set0,original-openmp,mimalloc,1
newdxx_g,BaO_nat002,64000,18643,4,7,5.737000,set0,original-openmp,mimalloc,1
newdxx_g,BaO_nat002,64000,18643,4,8,5.697000,set0,original-openmp,mimalloc,1
newdxx_g,BaO_nat002,64000,18643,4,9,5.921000,set0,original-openmp,mimalloc,1
newdxx_g,BaO_nat002,64000,18643,4,10,5.765000,set0,original-openmp,mimalloc,1
newdxx_g,BaO_nat002,64000,18643,4,11,5.724000,set0,original-openmp,mimalloc,1
newdxx_g,BaO_nat002,64000,18643,4,12,5.796000,set0,original-openmp,mimalloc,1
newdxx_g,BaO_nat002,64000,18643,4,13,5.820000,set0,original-openmp,mimalloc,1
newdxx_g,BaO_nat002,64000,18643,4,14,5.668000,set0,original-openmp,mimalloc,1
newdxx_g,BaO_nat002,64000,18643,4,15,5.676000,set0,original-openmp,mimalloc,1
newdxx_g,BaO_nat002,64000,18643,4,16,5.671000,set0,original-openmp,mimalloc,1
newdxx_g,BaO_nat002,64000,18643,4,17,5.930000,set0,original-openmp,mimalloc,1
newdxx_g,BaO_nat002,64000,18643,4,18,5.655000,set0,original-openmp,mimalloc,1
newdxx_g,BaO_nat002,64000,18643,4,19,5.728000,set0,original-openmp,mimalloc,1
newdxx_g,BaO_nat002,64000,18643,8,0,5.795000,set0,original-openmp,mimalloc,1
newdxx_g,BaO_nat002,64000,18643,8,1,5.844000,set0,original-openmp,mimalloc,1
newdxx_g,BaO_nat002,64000,18643,8,2,5.778000,set0,original-openmp,mimalloc,1
newdxx_g,BaO_nat002,64000,18643,8,3,5.774000,set0,original-openmp,mimalloc,1
newdxx_g,BaO_nat002,64000,18643,8,4,5.768000,set0,original-openmp,mimalloc,1
newdxx_g,BaO_nat002,64000,18643,8,5,5.750000,set0,original-openmp,mimalloc,1
newdxx_g,BaO_nat002,64000,18643,8,6,5.690000,set0,original-openmp,mimalloc,1
newdxx_g,BaO_nat002,64000,18643,8,7,5.761000,set0,original-openmp,mimalloc,1
newdxx_g,BaO_nat002,64000,18643,8,8,5.723000,set0,original-openmp,mimalloc,1
newdxx_g,BaO_nat002,64000,18643,8,9,5.703000,set0,original-openmp,mimalloc,1
newdxx_g,BaO_nat002,64000,18643,8,10,5.734000,set0,original-openmp,mimalloc,1
newdxx_g,BaO_nat002,64000,18643,8,11,5.716000,set0,original-openmp,mimalloc,1
newdxx_g,BaO_nat002,64000,18643,8,12,5.654000,set0,original-openmp,mimalloc,1
newdxx_g,BaO_nat002,64000,18643,8,13,5.737000,set0,original-openmp,mimalloc,1
newdxx_g,BaO_nat002,64000,18643,8,14,5.701000,set0,original-openmp,mimalloc,1
newdxx_g,BaO_nat002,64000,18643,8,15,5.673000,set0,original-openmp,mimalloc,1
newdxx_g,BaO_nat002,64000,18643,8,16,5.668000,set0,original-openmp,mimalloc,1
newdxx_g,BaO_nat002,64000,18643,8,17,5.698000,set0,original-openmp,mimalloc,1
newdxx_g,BaO_nat002,64000,18643,8,18,5.745000,set0,original-openmp,mimalloc,1
newdxx_g,BaO_nat002,64000,18643,8,19,5.684000,set0,original-openmp,mimalloc,1
newdxx_g,BaO_nat002,64000,18643,16,0,5.917000,set0,original-openmp,mimalloc,1
newdxx_g,BaO_nat002,64000,18643,16,1,5.803000,set0,original-openmp,mimalloc,1
newdxx_g,BaO_nat002,64000,18643,16,2,5.789000,set0,original-openmp,mimalloc,1
newdxx_g,BaO_nat002,64000,18643,16,3,5.780000,set0,original-openmp,mimalloc,1
newdxx_g,BaO_nat002,64000,18643,16,4,5.695000,set0,original-openmp,mimalloc,1
newdxx_g,BaO_nat002,64000,18643,16,5,5.764000,set0,original-openmp,mimalloc,1
newdxx_g,BaO_nat002,64000,18643,16,6,5.715000,set0,original-openmp,mimalloc,1
newdxx_g,BaO_nat002,64000,18643,16,7,5.908000,set0,original-openmp,mimalloc,1
newdxx_g,BaO_nat002,64000,18643,16,8,5.779000,set0,original-openmp,mimalloc,1
newdxx_g,BaO_nat002,64000,18643,16,9,5.712000,set0,original-openmp,mimalloc,1
newdxx_g,BaO_nat002,64000,18643,16,10,5.691000,set0,original-openmp,mimalloc,1
newdxx_g,BaO_nat002,64000,18643,16,11,5.724000,set0,original-openmp,mimalloc,1
newdxx_g,BaO_nat002,64000,18643,16,12,5.726000,set0,original-openmp,mimalloc,1
newdxx_g,BaO_nat002,64000,18643,16,13,5.781000,set0,original-openmp,mimalloc,1
newdxx_g,BaO_nat002,64000,18643,16,14,5.705000,set0,original-openmp,mimalloc,1
newdxx_g,BaO_nat002,64000,18643,16,15,5.799000,set0,original-openmp,mimalloc,1
newdxx_g,BaO_nat002,64000,18643,16,16,5.781000,set0,original-openmp,mimalloc,1
newdxx_g,BaO_nat002,64000,18643,16,17,5.958000,set0,original-openmp,mimalloc,1
newdxx_g,BaO_nat002,64000,18643,16,18,5.752000,set0,original-openmp,mimalloc,1
newdxx_g,BaO_nat002,64000,18643,16,19,5.670000,set0,original-openmp,mimalloc,1
newdxx_g,BaO_nat002,64000,18643,32,0,5.826000,set0,original-openmp,mimalloc,1
newdxx_g,BaO_nat002,64000,18643,32,1,5.855000,set0,original-openmp,mimalloc,1
newdxx_g,BaO_nat002,64000,18643,32,2,5.758000,set0,original-openmp,mimalloc,1
newdxx_g,BaO_nat002,64000,18643,32,3,5.832000,set0,original-openmp,mimalloc,1
newdxx_g,BaO_nat002,64000,18643,32,4,5.775000,set0,original-openmp,mimalloc,1
newdxx_g,BaO_nat002,64000,18643,32,5,5.747000,set0,original-openmp,mimalloc,1
newdxx_g,BaO_nat002,64000,18643,32,6,5.732000,set0,original-openmp,mimalloc,1
newdxx_g,BaO_nat002,64000,18643,32,7,5.708000,set0,original-openmp,mimalloc,1
newdxx_g,BaO_nat002,64000,18643,32,8,5.806000,set0,original-openmp,mimalloc,1
newdxx_g,BaO_nat002,64000,18643,32,9,5.745000,set0,original-openmp,mimalloc,1
newdxx_g,BaO_nat002,64000,18643,32,10,5.757000,set0,original-openmp,mimalloc,1
newdxx_g,BaO_nat002,64000,18643,32,11,5.748000,set0,original-openmp,mimalloc,1
newdxx_g,BaO_nat002,64000,18643,32,12,5.736000,set0,original-openmp,mimalloc,1
newdxx_g,BaO_nat002,64000,18643,32,13,5.805000,set0,original-openmp,mimalloc,1
newdxx_g,BaO_nat002,64000,18643,32,14,5.786000,set0,original-openmp,mimalloc,1
newdxx_g,BaO_nat002,64000,18643,32,15,5.735000,set0,original-openmp,mimalloc,1
newdxx_g,BaO_nat002,64000,18643,32,16,5.752000,set0,original-openmp,mimalloc,1
newdxx_g,BaO_nat002,64000,18643,32,17,5.726000,set0,original-openmp,mimalloc,1
newdxx_g,BaO_nat002,64000,18643,32,18,5.686000,set0,original-openmp,mimalloc,1
newdxx_g,BaO_nat002,64000,18643,32,19,5.752000,set0,original-openmp,mimalloc,1
newdxx_g,BaO_nat002,64000,18643,64,0,5.967000,set0,original-openmp,mimalloc,1
newdxx_g,BaO_nat002,64000,18643,64,1,6.093000,set0,original-openmp,mimalloc,1
newdxx_g,BaO_nat002,64000,18643,64,2,6.113000,set0,original-openmp,mimalloc,1
newdxx_g,BaO_nat002,64000,18643,64,3,5.850000,set0,original-openmp,mimalloc,1
newdxx_g,BaO_nat002,64000,18643,64,4,6.100000,set0,original-openmp,mimalloc,1
newdxx_g,BaO_nat002,64000,18643,64,5,5.831000,set0,original-openmp,mimalloc,1
newdxx_g,BaO_nat002,64000,18643,64,6,5.830000,set0,original-openmp,mimalloc,1
newdxx_g,BaO_nat002,64000,18643,64,7,5.727000,set0,original-openmp,mimalloc,1
newdxx_g,BaO_nat002,64000,18643,64,8,5.789000,set0,original-openmp,mimalloc,1
newdxx_g,BaO_nat002,64000,18643,64,9,5.774000,set0,original-openmp,mimalloc,1
newdxx_g,BaO_nat002,64000,18643,64,10,5.809000,set0,original-openmp,mimalloc,1
newdxx_g,BaO_nat002,64000,18643,64,11,5.956000,set0,original-openmp,mimalloc,1
newdxx_g,BaO_nat002,64000,18643,64,12,5.764000,set0,original-openmp,mimalloc,1
newdxx_g,BaO_nat002,64000,18643,64,13,6.012000,set0,original-openmp,mimalloc,1
newdxx_g,BaO_nat002,64000,18643,64,14,5.744000,set0,original-openmp,mimalloc,1
newdxx_g,BaO_nat002,64000,18643,64,15,5.780000,set0,original-openmp,mimalloc,1
newdxx_g,BaO_nat002,64000,18643,64,16,5.747000,set0,original-openmp,mimalloc,1
newdxx_g,BaO_nat002,64000,18643,64,17,5.850000,set0,original-openmp,mimalloc,1
newdxx_g,BaO_nat002,64000,18643,64,18,5.879000,set0,original-openmp,mimalloc,1
newdxx_g,BaO_nat002,64000,18643,64,19,5.773000,set0,original-openmp,mimalloc,1
newdxx_g,BaO_nat002,64000,18643,72,0,5.918000,set0,original-openmp,mimalloc,1
newdxx_g,BaO_nat002,64000,18643,72,1,5.872000,set0,original-openmp,mimalloc,1
newdxx_g,BaO_nat002,64000,18643,72,2,5.771000,set0,original-openmp,mimalloc,1
newdxx_g,BaO_nat002,64000,18643,72,3,5.939000,set0,original-openmp,mimalloc,1
newdxx_g,BaO_nat002,64000,18643,72,4,5.796000,set0,original-openmp,mimalloc,1
newdxx_g,BaO_nat002,64000,18643,72,5,7.341000,set0,original-openmp,mimalloc,1
newdxx_g,BaO_nat002,64000,18643,72,6,5.790000,set0,original-openmp,mimalloc,1
newdxx_g,BaO_nat002,64000,18643,72,7,5.663000,set0,original-openmp,mimalloc,1
newdxx_g,BaO_nat002,64000,18643,72,8,5.888000,set0,original-openmp,mimalloc,1
newdxx_g,BaO_nat002,64000,18643,72,9,5.708000,set0,original-openmp,mimalloc,1
newdxx_g,BaO_nat002,64000,18643,72,10,5.718000,set0,original-openmp,mimalloc,1
newdxx_g,BaO_nat002,64000,18643,72,11,6.349000,set0,original-openmp,mimalloc,1
newdxx_g,BaO_nat002,64000,18643,72,12,5.750000,set0,original-openmp,mimalloc,1
newdxx_g,BaO_nat002,64000,18643,72,13,5.791000,set0,original-openmp,mimalloc,1
newdxx_g,BaO_nat002,64000,18643,72,14,5.720000,set0,original-openmp,mimalloc,1
newdxx_g,BaO_nat002,64000,18643,72,15,7.410000,set0,original-openmp,mimalloc,1
newdxx_g,BaO_nat002,64000,18643,72,16,5.884000,set0,original-openmp,mimalloc,1
newdxx_g,BaO_nat002,64000,18643,72,17,5.723000,set0,original-openmp,mimalloc,1
newdxx_g,BaO_nat002,64000,18643,72,18,5.686000,set0,original-openmp,mimalloc,1
newdxx_g,BaO_nat002,64000,18643,72,19,5.721000,set0,original-openmp,mimalloc,1
newdxx_g,BaO_nat002,64000,18643,1,0,371.237000,set0_rep64,original-openmp,mimalloc,64
newdxx_g,BaO_nat002,64000,18643,1,1,368.633000,set0_rep64,original-openmp,mimalloc,64
newdxx_g,BaO_nat002,64000,18643,1,2,366.268000,set0_rep64,original-openmp,mimalloc,64
newdxx_g,BaO_nat002,64000,18643,1,3,366.696000,set0_rep64,original-openmp,mimalloc,64
newdxx_g,BaO_nat002,64000,18643,1,4,369.913000,set0_rep64,original-openmp,mimalloc,64
newdxx_g,BaO_nat002,64000,18643,1,5,367.420000,set0_rep64,original-openmp,mimalloc,64
newdxx_g,BaO_nat002,64000,18643,1,6,367.654000,set0_rep64,original-openmp,mimalloc,64
newdxx_g,BaO_nat002,64000,18643,1,7,369.078000,set0_rep64,original-openmp,mimalloc,64
newdxx_g,BaO_nat002,64000,18643,1,8,368.395000,set0_rep64,original-openmp,mimalloc,64
newdxx_g,BaO_nat002,64000,18643,1,9,367.944000,set0_rep64,original-openmp,mimalloc,64
newdxx_g,BaO_nat002,64000,18643,1,10,366.560000,set0_rep64,original-openmp,mimalloc,64
newdxx_g,BaO_nat002,64000,18643,1,11,367.494000,set0_rep64,original-openmp,mimalloc,64
newdxx_g,BaO_nat002,64000,18643,1,12,368.501000,set0_rep64,original-openmp,mimalloc,64
newdxx_g,BaO_nat002,64000,18643,1,13,367.029000,set0_rep64,original-openmp,mimalloc,64
newdxx_g,BaO_nat002,64000,18643,1,14,366.933000,set0_rep64,original-openmp,mimalloc,64
newdxx_g,BaO_nat002,64000,18643,1,15,367.984000,set0_rep64,original-openmp,mimalloc,64
newdxx_g,BaO_nat002,64000,18643,1,16,367.734000,set0_rep64,original-openmp,mimalloc,64
newdxx_g,BaO_nat002,64000,18643,1,17,365.559000,set0_rep64,original-openmp,mimalloc,64
newdxx_g,BaO_nat002,64000,18643,1,18,367.501000,set0_rep64,original-openmp,mimalloc,64
newdxx_g,BaO_nat002,64000,18643,1,19,366.965000,set0_rep64,original-openmp,mimalloc,64
newdxx_g,BaO_nat002,64000,18643,2,0,199.857000,set0_rep64,original-openmp,mimalloc,64
newdxx_g,BaO_nat002,64000,18643,2,1,200.479000,set0_rep64,original-openmp,mimalloc,64
newdxx_g,BaO_nat002,64000,18643,2,2,199.629000,set0_rep64,original-openmp,mimalloc,64
newdxx_g,BaO_nat002,64000,18643,2,3,199.988000,set0_rep64,original-openmp,mimalloc,64
newdxx_g,BaO_nat002,64000,18643,2,4,199.551000,set0_rep64,original-openmp,mimalloc,64
newdxx_g,BaO_nat002,64000,18643,2,5,199.272000,set0_rep64,original-openmp,mimalloc,64
newdxx_g,BaO_nat002,64000,18643,2,6,198.973000,set0_rep64,original-openmp,mimalloc,64
newdxx_g,BaO_nat002,64000,18643,2,7,198.813000,set0_rep64,original-openmp,mimalloc,64
newdxx_g,BaO_nat002,64000,18643,2,8,199.558000,set0_rep64,original-openmp,mimalloc,64
newdxx_g,BaO_nat002,64000,18643,2,9,198.934000,set0_rep64,original-openmp,mimalloc,64
newdxx_g,BaO_nat002,64000,18643,2,10,199.886000,set0_rep64,original-openmp,mimalloc,64
newdxx_g,BaO_nat002,64000,18643,2,11,199.547000,set0_rep64,original-openmp,mimalloc,64
newdxx_g,BaO_nat002,64000,18643,2,12,201.321000,set0_rep64,original-openmp,mimalloc,64
newdxx_g,BaO_nat002,64000,18643,2,13,199.322000,set0_rep64,original-openmp,mimalloc,64
newdxx_g,BaO_nat002,64000,18643,2,14,198.804000,set0_rep64,original-openmp,mimalloc,64
newdxx_g,BaO_nat002,64000,18643,2,15,199.612000,set0_rep64,original-openmp,mimalloc,64
newdxx_g,BaO_nat002,64000,18643,2,16,200.958000,set0_rep64,original-openmp,mimalloc,64
newdxx_g,BaO_nat002,64000,18643,2,17,200.457000,set0_rep64,original-openmp,mimalloc,64
newdxx_g,BaO_nat002,64000,18643,2,18,198.729000,set0_rep64,original-openmp,mimalloc,64
newdxx_g,BaO_nat002,64000,18643,2,19,199.236000,set0_rep64,original-openmp,mimalloc,64
newdxx_g,BaO_nat002,64000,18643,4,0,99.314000,set0_rep64,original-openmp,mimalloc,64
newdxx_g,BaO_nat002,64000,18643,4,1,100.020000,set0_rep64,original-openmp,mimalloc,64
newdxx_g,BaO_nat002,64000,18643,4,2,100.308000,set0_rep64,original-openmp,mimalloc,64
newdxx_g,BaO_nat002,64000,18643,4,3,100.824000,set0_rep64,original-openmp,mimalloc,64
newdxx_g,BaO_nat002,64000,18643,4,4,100.491000,set0_rep64,original-openmp,mimalloc,64
newdxx_g,BaO_nat002,64000,18643,4,5,100.713000,set0_rep64,original-openmp,mimalloc,64
newdxx_g,BaO_nat002,64000,18643,4,6,100.210000,set0_rep64,original-openmp,mimalloc,64
newdxx_g,BaO_nat002,64000,18643,4,7,99.956000,set0_rep64,original-openmp,mimalloc,64
newdxx_g,BaO_nat002,64000,18643,4,8,100.834000,set0_rep64,original-openmp,mimalloc,64
newdxx_g,BaO_nat002,64000,18643,4,9,100.403000,set0_rep64,original-openmp,mimalloc,64
newdxx_g,BaO_nat002,64000,18643,4,10,99.944000,set0_rep64,original-openmp,mimalloc,64
newdxx_g,BaO_nat002,64000,18643,4,11,99.994000,set0_rep64,original-openmp,mimalloc,64
newdxx_g,BaO_nat002,64000,18643,4,12,100.001000,set0_rep64,original-openmp,mimalloc,64
newdxx_g,BaO_nat002,64000,18643,4,13,100.009000,set0_rep64,original-openmp,mimalloc,64
newdxx_g,BaO_nat002,64000,18643,4,14,100.559000,set0_rep64,original-openmp,mimalloc,64
newdxx_g,BaO_nat002,64000,18643,4,15,100.698000,set0_rep64,original-openmp,mimalloc,64
newdxx_g,BaO_nat002,64000,18643,4,16,100.762000,set0_rep64,original-openmp,mimalloc,64
newdxx_g,BaO_nat002,64000,18643,4,17,100.094000,set0_rep64,original-openmp,mimalloc,64
newdxx_g,BaO_nat002,64000,18643,4,18,100.201000,set0_rep64,original-openmp,mimalloc,64
newdxx_g,BaO_nat002,64000,18643,4,19,100.737000,set0_rep64,original-openmp,mimalloc,64
newdxx_g,BaO_nat002,64000,18643,8,0,51.199000,set0_rep64,original-openmp,mimalloc,64
newdxx_g,BaO_nat002,64000,18643,8,1,51.074000,set0_rep64,original-openmp,mimalloc,64
newdxx_g,BaO_nat002,64000,18643,8,2,51.024000,set0_rep64,original-openmp,mimalloc,64
newdxx_g,BaO_nat002,64000,18643,8,3,50.530000,set0_rep64,original-openmp,mimalloc,64
newdxx_g,BaO_nat002,64000,18643,8,4,50.717000,set0_rep64,original-openmp,mimalloc,64
newdxx_g,BaO_nat002,64000,18643,8,5,50.804000,set0_rep64,original-openmp,mimalloc,64
newdxx_g,BaO_nat002,64000,18643,8,6,50.763000,set0_rep64,original-openmp,mimalloc,64
newdxx_g,BaO_nat002,64000,18643,8,7,50.662000,set0_rep64,original-openmp,mimalloc,64
newdxx_g,BaO_nat002,64000,18643,8,8,50.631000,set0_rep64,original-openmp,mimalloc,64
newdxx_g,BaO_nat002,64000,18643,8,9,50.995000,set0_rep64,original-openmp,mimalloc,64
newdxx_g,BaO_nat002,64000,18643,8,10,50.963000,set0_rep64,original-openmp,mimalloc,64
newdxx_g,BaO_nat002,64000,18643,8,11,50.847000,set0_rep64,original-openmp,mimalloc,64
newdxx_g,BaO_nat002,64000,18643,8,12,50.862000,set0_rep64,original-openmp,mimalloc,64
newdxx_g,BaO_nat002,64000,18643,8,13,50.864000,set0_rep64,original-openmp,mimalloc,64
newdxx_g,BaO_nat002,64000,18643,8,14,50.800000,set0_rep64,original-openmp,mimalloc,64
newdxx_g,BaO_nat002,64000,18643,8,15,50.715000,set0_rep64,original-openmp,mimalloc,64
newdxx_g,BaO_nat002,64000,18643,8,16,51.080000,set0_rep64,original-openmp,mimalloc,64
newdxx_g,BaO_nat002,64000,18643,8,17,50.685000,set0_rep64,original-openmp,mimalloc,64
newdxx_g,BaO_nat002,64000,18643,8,18,50.600000,set0_rep64,original-openmp,mimalloc,64
newdxx_g,BaO_nat002,64000,18643,8,19,50.813000,set0_rep64,original-openmp,mimalloc,64
newdxx_g,BaO_nat002,64000,18643,16,0,26.150000,set0_rep64,original-openmp,mimalloc,64
newdxx_g,BaO_nat002,64000,18643,16,1,25.937000,set0_rep64,original-openmp,mimalloc,64
newdxx_g,BaO_nat002,64000,18643,16,2,25.932000,set0_rep64,original-openmp,mimalloc,64
newdxx_g,BaO_nat002,64000,18643,16,3,25.959000,set0_rep64,original-openmp,mimalloc,64
newdxx_g,BaO_nat002,64000,18643,16,4,25.974000,set0_rep64,original-openmp,mimalloc,64
newdxx_g,BaO_nat002,64000,18643,16,5,25.967000,set0_rep64,original-openmp,mimalloc,64
newdxx_g,BaO_nat002,64000,18643,16,6,25.992000,set0_rep64,original-openmp,mimalloc,64
newdxx_g,BaO_nat002,64000,18643,16,7,25.929000,set0_rep64,original-openmp,mimalloc,64
newdxx_g,BaO_nat002,64000,18643,16,8,26.142000,set0_rep64,original-openmp,mimalloc,64
newdxx_g,BaO_nat002,64000,18643,16,9,26.089000,set0_rep64,original-openmp,mimalloc,64
newdxx_g,BaO_nat002,64000,18643,16,10,26.008000,set0_rep64,original-openmp,mimalloc,64
newdxx_g,BaO_nat002,64000,18643,16,11,26.035000,set0_rep64,original-openmp,mimalloc,64
newdxx_g,BaO_nat002,64000,18643,16,12,26.050000,set0_rep64,original-openmp,mimalloc,64
newdxx_g,BaO_nat002,64000,18643,16,13,25.982000,set0_rep64,original-openmp,mimalloc,64
newdxx_g,BaO_nat002,64000,18643,16,14,25.952000,set0_rep64,original-openmp,mimalloc,64
newdxx_g,BaO_nat002,64000,18643,16,15,26.028000,set0_rep64,original-openmp,mimalloc,64
newdxx_g,BaO_nat002,64000,18643,16,16,26.318000,set0_rep64,original-openmp,mimalloc,64
newdxx_g,BaO_nat002,64000,18643,16,17,26.152000,set0_rep64,original-openmp,mimalloc,64
newdxx_g,BaO_nat002,64000,18643,16,18,26.234000,set0_rep64,original-openmp,mimalloc,64
newdxx_g,BaO_nat002,64000,18643,16,19,26.014000,set0_rep64,original-openmp,mimalloc,64
newdxx_g,BaO_nat002,64000,18643,32,0,14.040000,set0_rep64,original-openmp,mimalloc,64
newdxx_g,BaO_nat002,64000,18643,32,1,13.971000,set0_rep64,original-openmp,mimalloc,64
newdxx_g,BaO_nat002,64000,18643,32,2,13.833000,set0_rep64,original-openmp,mimalloc,64
newdxx_g,BaO_nat002,64000,18643,32,3,13.848000,set0_rep64,original-openmp,mimalloc,64
newdxx_g,BaO_nat002,64000,18643,32,4,14.083000,set0_rep64,original-openmp,mimalloc,64
newdxx_g,BaO_nat002,64000,18643,32,5,13.986000,set0_rep64,original-openmp,mimalloc,64
newdxx_g,BaO_nat002,64000,18643,32,6,14.015000,set0_rep64,original-openmp,mimalloc,64
newdxx_g,BaO_nat002,64000,18643,32,7,13.958000,set0_rep64,original-openmp,mimalloc,64
newdxx_g,BaO_nat002,64000,18643,32,8,13.933000,set0_rep64,original-openmp,mimalloc,64
newdxx_g,BaO_nat002,64000,18643,32,9,13.962000,set0_rep64,original-openmp,mimalloc,64
newdxx_g,BaO_nat002,64000,18643,32,10,13.979000,set0_rep64,original-openmp,mimalloc,64
newdxx_g,BaO_nat002,64000,18643,32,11,13.894000,set0_rep64,original-openmp,mimalloc,64
newdxx_g,BaO_nat002,64000,18643,32,12,13.937000,set0_rep64,original-openmp,mimalloc,64
newdxx_g,BaO_nat002,64000,18643,32,13,14.079000,set0_rep64,original-openmp,mimalloc,64
newdxx_g,BaO_nat002,64000,18643,32,14,13.944000,set0_rep64,original-openmp,mimalloc,64
newdxx_g,BaO_nat002,64000,18643,32,15,13.961000,set0_rep64,original-openmp,mimalloc,64
newdxx_g,BaO_nat002,64000,18643,32,16,13.847000,set0_rep64,original-openmp,mimalloc,64
newdxx_g,BaO_nat002,64000,18643,32,17,13.986000,set0_rep64,original-openmp,mimalloc,64
newdxx_g,BaO_nat002,64000,18643,32,18,13.912000,set0_rep64,original-openmp,mimalloc,64
newdxx_g,BaO_nat002,64000,18643,32,19,13.839000,set0_rep64,original-openmp,mimalloc,64
newdxx_g,BaO_nat002,64000,18643,64,0,7.420000,set0_rep64,original-openmp,mimalloc,64
newdxx_g,BaO_nat002,64000,18643,64,1,8.358000,set0_rep64,original-openmp,mimalloc,64
newdxx_g,BaO_nat002,64000,18643,64,2,7.438000,set0_rep64,original-openmp,mimalloc,64
newdxx_g,BaO_nat002,64000,18643,64,3,7.475000,set0_rep64,original-openmp,mimalloc,64
newdxx_g,BaO_nat002,64000,18643,64,4,7.563000,set0_rep64,original-openmp,mimalloc,64
newdxx_g,BaO_nat002,64000,18643,64,5,7.457000,set0_rep64,original-openmp,mimalloc,64
newdxx_g,BaO_nat002,64000,18643,64,6,7.382000,set0_rep64,original-openmp,mimalloc,64
newdxx_g,BaO_nat002,64000,18643,64,7,7.185000,set0_rep64,original-openmp,mimalloc,64
newdxx_g,BaO_nat002,64000,18643,64,8,7.155000,set0_rep64,original-openmp,mimalloc,64
newdxx_g,BaO_nat002,64000,18643,64,9,7.185000,set0_rep64,original-openmp,mimalloc,64
newdxx_g,BaO_nat002,64000,18643,64,10,8.976000,set0_rep64,original-openmp,mimalloc,64
newdxx_g,BaO_nat002,64000,18643,64,11,7.548000,set0_rep64,original-openmp,mimalloc,64
newdxx_g,BaO_nat002,64000,18643,64,12,7.362000,set0_rep64,original-openmp,mimalloc,64
newdxx_g,BaO_nat002,64000,18643,64,13,8.059000,set0_rep64,original-openmp,mimalloc,64
newdxx_g,BaO_nat002,64000,18643,64,14,8.355000,set0_rep64,original-openmp,mimalloc,64
newdxx_g,BaO_nat002,64000,18643,64,15,7.239000,set0_rep64,original-openmp,mimalloc,64
newdxx_g,BaO_nat002,64000,18643,64,16,7.123000,set0_rep64,original-openmp,mimalloc,64
newdxx_g,BaO_nat002,64000,18643,64,17,7.168000,set0_rep64,original-openmp,mimalloc,64
newdxx_g,BaO_nat002,64000,18643,64,18,7.332000,set0_rep64,original-openmp,mimalloc,64
newdxx_g,BaO_nat002,64000,18643,64,19,7.131000,set0_rep64,original-openmp,mimalloc,64
newdxx_g,BaO_nat002,64000,18643,72,0,7.310000,set0_rep64,original-openmp,mimalloc,64
newdxx_g,BaO_nat002,64000,18643,72,1,7.315000,set0_rep64,original-openmp,mimalloc,64
newdxx_g,BaO_nat002,64000,18643,72,2,7.112000,set0_rep64,original-openmp,mimalloc,64
newdxx_g,BaO_nat002,64000,18643,72,3,7.191000,set0_rep64,original-openmp,mimalloc,64
newdxx_g,BaO_nat002,64000,18643,72,4,7.257000,set0_rep64,original-openmp,mimalloc,64
newdxx_g,BaO_nat002,64000,18643,72,5,8.867000,set0_rep64,original-openmp,mimalloc,64
newdxx_g,BaO_nat002,64000,18643,72,6,8.109000,set0_rep64,original-openmp,mimalloc,64
newdxx_g,BaO_nat002,64000,18643,72,7,7.029000,set0_rep64,original-openmp,mimalloc,64
newdxx_g,BaO_nat002,64000,18643,72,8,8.019000,set0_rep64,original-openmp,mimalloc,64
newdxx_g,BaO_nat002,64000,18643,72,9,8.310000,set0_rep64,original-openmp,mimalloc,64
newdxx_g,BaO_nat002,64000,18643,72,10,6.860000,set0_rep64,original-openmp,mimalloc,64
newdxx_g,BaO_nat002,64000,18643,72,11,7.053000,set0_rep64,original-openmp,mimalloc,64
newdxx_g,BaO_nat002,64000,18643,72,12,6.953000,set0_rep64,original-openmp,mimalloc,64
newdxx_g,BaO_nat002,64000,18643,72,13,7.124000,set0_rep64,original-openmp,mimalloc,64
newdxx_g,BaO_nat002,64000,18643,72,14,7.012000,set0_rep64,original-openmp,mimalloc,64
newdxx_g,BaO_nat002,64000,18643,72,15,7.382000,set0_rep64,original-openmp,mimalloc,64
newdxx_g,BaO_nat002,64000,18643,72,16,7.028000,set0_rep64,original-openmp,mimalloc,64
newdxx_g,BaO_nat002,64000,18643,72,17,6.960000,set0_rep64,original-openmp,mimalloc,64
newdxx_g,BaO_nat002,64000,18643,72,18,7.003000,set0_rep64,original-openmp,mimalloc,64
newdxx_g,BaO_nat002,64000,18643,72,19,7.506000,set0_rep64,original-openmp,mimalloc,64
newdxx_g,BaO_nat002,64000,18643,1,0,7.134000,set1,original-openmp,mimalloc,1
newdxx_g,BaO_nat002,64000,18643,1,1,7.083000,set1,original-openmp,mimalloc,1
newdxx_g,BaO_nat002,64000,18643,1,2,7.022000,set1,original-openmp,mimalloc,1
newdxx_g,BaO_nat002,64000,18643,1,3,7.028000,set1,original-openmp,mimalloc,1
newdxx_g,BaO_nat002,64000,18643,1,4,7.028000,set1,original-openmp,mimalloc,1
newdxx_g,BaO_nat002,64000,18643,1,5,7.022000,set1,original-openmp,mimalloc,1
newdxx_g,BaO_nat002,64000,18643,1,6,7.128000,set1,original-openmp,mimalloc,1
newdxx_g,BaO_nat002,64000,18643,1,7,6.959000,set1,original-openmp,mimalloc,1
newdxx_g,BaO_nat002,64000,18643,1,8,6.962000,set1,original-openmp,mimalloc,1
newdxx_g,BaO_nat002,64000,18643,1,9,6.972000,set1,original-openmp,mimalloc,1
newdxx_g,BaO_nat002,64000,18643,1,10,6.952000,set1,original-openmp,mimalloc,1
newdxx_g,BaO_nat002,64000,18643,1,11,6.939000,set1,original-openmp,mimalloc,1
newdxx_g,BaO_nat002,64000,18643,1,12,6.984000,set1,original-openmp,mimalloc,1
newdxx_g,BaO_nat002,64000,18643,1,13,6.886000,set1,original-openmp,mimalloc,1
newdxx_g,BaO_nat002,64000,18643,1,14,6.941000,set1,original-openmp,mimalloc,1
newdxx_g,BaO_nat002,64000,18643,1,15,6.889000,set1,original-openmp,mimalloc,1
newdxx_g,BaO_nat002,64000,18643,1,16,7.247000,set1,original-openmp,mimalloc,1
newdxx_g,BaO_nat002,64000,18643,1,17,6.949000,set1,original-openmp,mimalloc,1
newdxx_g,BaO_nat002,64000,18643,1,18,6.909000,set1,original-openmp,mimalloc,1
newdxx_g,BaO_nat002,64000,18643,1,19,6.904000,set1,original-openmp,mimalloc,1
newdxx_g,BaO_nat002,64000,18643,2,0,6.062000,set1,original-openmp,mimalloc,1
newdxx_g,BaO_nat002,64000,18643,2,1,5.925000,set1,original-openmp,mimalloc,1
newdxx_g,BaO_nat002,64000,18643,2,2,5.908000,set1,original-openmp,mimalloc,1
newdxx_g,BaO_nat002,64000,18643,2,3,5.887000,set1,original-openmp,mimalloc,1
newdxx_g,BaO_nat002,64000,18643,2,4,5.746000,set1,original-openmp,mimalloc,1
newdxx_g,BaO_nat002,64000,18643,2,5,5.653000,set1,original-openmp,mimalloc,1
newdxx_g,BaO_nat002,64000,18643,2,6,5.599000,set1,original-openmp,mimalloc,1
newdxx_g,BaO_nat002,64000,18643,2,7,5.465000,set1,original-openmp,mimalloc,1
newdxx_g,BaO_nat002,64000,18643,2,8,5.547000,set1,original-openmp,mimalloc,1
newdxx_g,BaO_nat002,64000,18643,2,9,5.625000,set1,original-openmp,mimalloc,1
newdxx_g,BaO_nat002,64000,18643,2,10,5.882000,set1,original-openmp,mimalloc,1
newdxx_g,BaO_nat002,64000,18643,2,11,5.756000,set1,original-openmp,mimalloc,1
newdxx_g,BaO_nat002,64000,18643,2,12,5.640000,set1,original-openmp,mimalloc,1
newdxx_g,BaO_nat002,64000,18643,2,13,5.743000,set1,original-openmp,mimalloc,1
newdxx_g,BaO_nat002,64000,18643,2,14,5.610000,set1,original-openmp,mimalloc,1
newdxx_g,BaO_nat002,64000,18643,2,15,5.793000,set1,original-openmp,mimalloc,1
newdxx_g,BaO_nat002,64000,18643,2,16,5.721000,set1,original-openmp,mimalloc,1
newdxx_g,BaO_nat002,64000,18643,2,17,5.662000,set1,original-openmp,mimalloc,1
newdxx_g,BaO_nat002,64000,18643,2,18,5.900000,set1,original-openmp,mimalloc,1
newdxx_g,BaO_nat002,64000,18643,2,19,5.703000,set1,original-openmp,mimalloc,1
newdxx_g,BaO_nat002,64000,18643,4,0,5.957000,set1,original-openmp,mimalloc,1
newdxx_g,BaO_nat002,64000,18643,4,1,5.876000,set1,original-openmp,mimalloc,1
newdxx_g,BaO_nat002,64000,18643,4,2,5.827000,set1,original-openmp,mimalloc,1
newdxx_g,BaO_nat002,64000,18643,4,3,5.800000,set1,original-openmp,mimalloc,1
newdxx_g,BaO_nat002,64000,18643,4,4,5.772000,set1,original-openmp,mimalloc,1
newdxx_g,BaO_nat002,64000,18643,4,5,5.733000,set1,original-openmp,mimalloc,1
newdxx_g,BaO_nat002,64000,18643,4,6,6.292000,set1,original-openmp,mimalloc,1
newdxx_g,BaO_nat002,64000,18643,4,7,5.852000,set1,original-openmp,mimalloc,1
newdxx_g,BaO_nat002,64000,18643,4,8,5.619000,set1,original-openmp,mimalloc,1
newdxx_g,BaO_nat002,64000,18643,4,9,5.842000,set1,original-openmp,mimalloc,1
newdxx_g,BaO_nat002,64000,18643,4,10,5.715000,set1,original-openmp,mimalloc,1
newdxx_g,BaO_nat002,64000,18643,4,11,5.966000,set1,original-openmp,mimalloc,1
newdxx_g,BaO_nat002,64000,18643,4,12,5.705000,set1,original-openmp,mimalloc,1
newdxx_g,BaO_nat002,64000,18643,4,13,5.931000,set1,original-openmp,mimalloc,1
newdxx_g,BaO_nat002,64000,18643,4,14,5.743000,set1,original-openmp,mimalloc,1
newdxx_g,BaO_nat002,64000,18643,4,15,5.665000,set1,original-openmp,mimalloc,1
newdxx_g,BaO_nat002,64000,18643,4,16,5.706000,set1,original-openmp,mimalloc,1
newdxx_g,BaO_nat002,64000,18643,4,17,5.767000,set1,original-openmp,mimalloc,1
newdxx_g,BaO_nat002,64000,18643,4,18,5.688000,set1,original-openmp,mimalloc,1
newdxx_g,BaO_nat002,64000,18643,4,19,5.661000,set1,original-openmp,mimalloc,1
newdxx_g,BaO_nat002,64000,18643,8,0,6.228000,set1,original-openmp,mimalloc,1
newdxx_g,BaO_nat002,64000,18643,8,1,5.895000,set1,original-openmp,mimalloc,1
newdxx_g,BaO_nat002,64000,18643,8,2,6.110000,set1,original-openmp,mimalloc,1
newdxx_g,BaO_nat002,64000,18643,8,3,5.804000,set1,original-openmp,mimalloc,1
newdxx_g,BaO_nat002,64000,18643,8,4,5.840000,set1,original-openmp,mimalloc,1
newdxx_g,BaO_nat002,64000,18643,8,5,5.765000,set1,original-openmp,mimalloc,1
newdxx_g,BaO_nat002,64000,18643,8,6,5.774000,set1,original-openmp,mimalloc,1
newdxx_g,BaO_nat002,64000,18643,8,7,5.715000,set1,original-openmp,mimalloc,1
newdxx_g,BaO_nat002,64000,18643,8,8,5.748000,set1,original-openmp,mimalloc,1
newdxx_g,BaO_nat002,64000,18643,8,9,5.761000,set1,original-openmp,mimalloc,1
newdxx_g,BaO_nat002,64000,18643,8,10,5.713000,set1,original-openmp,mimalloc,1
newdxx_g,BaO_nat002,64000,18643,8,11,5.721000,set1,original-openmp,mimalloc,1
newdxx_g,BaO_nat002,64000,18643,8,12,5.705000,set1,original-openmp,mimalloc,1
newdxx_g,BaO_nat002,64000,18643,8,13,5.747000,set1,original-openmp,mimalloc,1
newdxx_g,BaO_nat002,64000,18643,8,14,5.639000,set1,original-openmp,mimalloc,1
newdxx_g,BaO_nat002,64000,18643,8,15,5.715000,set1,original-openmp,mimalloc,1
newdxx_g,BaO_nat002,64000,18643,8,16,5.752000,set1,original-openmp,mimalloc,1
newdxx_g,BaO_nat002,64000,18643,8,17,5.665000,set1,original-openmp,mimalloc,1
newdxx_g,BaO_nat002,64000,18643,8,18,5.825000,set1,original-openmp,mimalloc,1
newdxx_g,BaO_nat002,64000,18643,8,19,5.932000,set1,original-openmp,mimalloc,1
newdxx_g,BaO_nat002,64000,18643,16,0,5.476000,set1,original-openmp,mimalloc,1
newdxx_g,BaO_nat002,64000,18643,16,1,5.622000,set1,original-openmp,mimalloc,1
newdxx_g,BaO_nat002,64000,18643,16,2,5.766000,set1,original-openmp,mimalloc,1
newdxx_g,BaO_nat002,64000,18643,16,3,5.707000,set1,original-openmp,mimalloc,1
newdxx_g,BaO_nat002,64000,18643,16,4,5.709000,set1,original-openmp,mimalloc,1
newdxx_g,BaO_nat002,64000,18643,16,5,5.693000,set1,original-openmp,mimalloc,1
newdxx_g,BaO_nat002,64000,18643,16,6,5.668000,set1,original-openmp,mimalloc,1
newdxx_g,BaO_nat002,64000,18643,16,7,5.667000,set1,original-openmp,mimalloc,1
newdxx_g,BaO_nat002,64000,18643,16,8,5.663000,set1,original-openmp,mimalloc,1
newdxx_g,BaO_nat002,64000,18643,16,9,5.607000,set1,original-openmp,mimalloc,1
newdxx_g,BaO_nat002,64000,18643,16,10,5.665000,set1,original-openmp,mimalloc,1
newdxx_g,BaO_nat002,64000,18643,16,11,5.613000,set1,original-openmp,mimalloc,1
newdxx_g,BaO_nat002,64000,18643,16,12,5.660000,set1,original-openmp,mimalloc,1
newdxx_g,BaO_nat002,64000,18643,16,13,5.530000,set1,original-openmp,mimalloc,1
newdxx_g,BaO_nat002,64000,18643,16,14,5.608000,set1,original-openmp,mimalloc,1
newdxx_g,BaO_nat002,64000,18643,16,15,5.594000,set1,original-openmp,mimalloc,1
newdxx_g,BaO_nat002,64000,18643,16,16,5.662000,set1,original-openmp,mimalloc,1
newdxx_g,BaO_nat002,64000,18643,16,17,5.622000,set1,original-openmp,mimalloc,1
newdxx_g,BaO_nat002,64000,18643,16,18,5.600000,set1,original-openmp,mimalloc,1
newdxx_g,BaO_nat002,64000,18643,16,19,5.638000,set1,original-openmp,mimalloc,1
newdxx_g,BaO_nat002,64000,18643,32,0,5.799000,set1,original-openmp,mimalloc,1
newdxx_g,BaO_nat002,64000,18643,32,1,5.788000,set1,original-openmp,mimalloc,1
newdxx_g,BaO_nat002,64000,18643,32,2,5.796000,set1,original-openmp,mimalloc,1
newdxx_g,BaO_nat002,64000,18643,32,3,5.711000,set1,original-openmp,mimalloc,1
newdxx_g,BaO_nat002,64000,18643,32,4,5.654000,set1,original-openmp,mimalloc,1
newdxx_g,BaO_nat002,64000,18643,32,5,5.626000,set1,original-openmp,mimalloc,1
newdxx_g,BaO_nat002,64000,18643,32,6,5.741000,set1,original-openmp,mimalloc,1
newdxx_g,BaO_nat002,64000,18643,32,7,5.768000,set1,original-openmp,mimalloc,1
newdxx_g,BaO_nat002,64000,18643,32,8,5.823000,set1,original-openmp,mimalloc,1
newdxx_g,BaO_nat002,64000,18643,32,9,5.641000,set1,original-openmp,mimalloc,1
newdxx_g,BaO_nat002,64000,18643,32,10,5.553000,set1,original-openmp,mimalloc,1
newdxx_g,BaO_nat002,64000,18643,32,11,5.472000,set1,original-openmp,mimalloc,1
newdxx_g,BaO_nat002,64000,18643,32,12,5.621000,set1,original-openmp,mimalloc,1
newdxx_g,BaO_nat002,64000,18643,32,13,5.499000,set1,original-openmp,mimalloc,1
newdxx_g,BaO_nat002,64000,18643,32,14,5.539000,set1,original-openmp,mimalloc,1
newdxx_g,BaO_nat002,64000,18643,32,15,5.671000,set1,original-openmp,mimalloc,1
newdxx_g,BaO_nat002,64000,18643,32,16,5.638000,set1,original-openmp,mimalloc,1
newdxx_g,BaO_nat002,64000,18643,32,17,5.752000,set1,original-openmp,mimalloc,1
newdxx_g,BaO_nat002,64000,18643,32,18,5.644000,set1,original-openmp,mimalloc,1
newdxx_g,BaO_nat002,64000,18643,32,19,5.653000,set1,original-openmp,mimalloc,1
newdxx_g,BaO_nat002,64000,18643,64,0,7.577000,set1,original-openmp,mimalloc,1
newdxx_g,BaO_nat002,64000,18643,64,1,6.263000,set1,original-openmp,mimalloc,1
newdxx_g,BaO_nat002,64000,18643,64,2,6.190000,set1,original-openmp,mimalloc,1
newdxx_g,BaO_nat002,64000,18643,64,3,5.915000,set1,original-openmp,mimalloc,1
newdxx_g,BaO_nat002,64000,18643,64,4,5.962000,set1,original-openmp,mimalloc,1
newdxx_g,BaO_nat002,64000,18643,64,5,5.857000,set1,original-openmp,mimalloc,1
newdxx_g,BaO_nat002,64000,18643,64,6,5.727000,set1,original-openmp,mimalloc,1
newdxx_g,BaO_nat002,64000,18643,64,7,5.930000,set1,original-openmp,mimalloc,1
newdxx_g,BaO_nat002,64000,18643,64,8,5.748000,set1,original-openmp,mimalloc,1
newdxx_g,BaO_nat002,64000,18643,64,9,5.778000,set1,original-openmp,mimalloc,1
newdxx_g,BaO_nat002,64000,18643,64,10,5.635000,set1,original-openmp,mimalloc,1
newdxx_g,BaO_nat002,64000,18643,64,11,5.754000,set1,original-openmp,mimalloc,1
newdxx_g,BaO_nat002,64000,18643,64,12,5.764000,set1,original-openmp,mimalloc,1
newdxx_g,BaO_nat002,64000,18643,64,13,5.713000,set1,original-openmp,mimalloc,1
newdxx_g,BaO_nat002,64000,18643,64,14,5.846000,set1,original-openmp,mimalloc,1
newdxx_g,BaO_nat002,64000,18643,64,15,5.684000,set1,original-openmp,mimalloc,1
newdxx_g,BaO_nat002,64000,18643,64,16,5.919000,set1,original-openmp,mimalloc,1
newdxx_g,BaO_nat002,64000,18643,64,17,5.704000,set1,original-openmp,mimalloc,1
newdxx_g,BaO_nat002,64000,18643,64,18,5.725000,set1,original-openmp,mimalloc,1
newdxx_g,BaO_nat002,64000,18643,64,19,5.692000,set1,original-openmp,mimalloc,1
newdxx_g,BaO_nat002,64000,18643,72,0,5.964000,set1,original-openmp,mimalloc,1
newdxx_g,BaO_nat002,64000,18643,72,1,5.918000,set1,original-openmp,mimalloc,1
newdxx_g,BaO_nat002,64000,18643,72,2,5.882000,set1,original-openmp,mimalloc,1
newdxx_g,BaO_nat002,64000,18643,72,3,6.025000,set1,original-openmp,mimalloc,1
newdxx_g,BaO_nat002,64000,18643,72,4,5.921000,set1,original-openmp,mimalloc,1
newdxx_g,BaO_nat002,64000,18643,72,5,6.018000,set1,original-openmp,mimalloc,1
newdxx_g,BaO_nat002,64000,18643,72,6,5.821000,set1,original-openmp,mimalloc,1
newdxx_g,BaO_nat002,64000,18643,72,7,5.889000,set1,original-openmp,mimalloc,1
newdxx_g,BaO_nat002,64000,18643,72,8,6.065000,set1,original-openmp,mimalloc,1
newdxx_g,BaO_nat002,64000,18643,72,9,5.854000,set1,original-openmp,mimalloc,1
newdxx_g,BaO_nat002,64000,18643,72,10,5.817000,set1,original-openmp,mimalloc,1
newdxx_g,BaO_nat002,64000,18643,72,11,5.937000,set1,original-openmp,mimalloc,1
newdxx_g,BaO_nat002,64000,18643,72,12,5.945000,set1,original-openmp,mimalloc,1
newdxx_g,BaO_nat002,64000,18643,72,13,5.783000,set1,original-openmp,mimalloc,1
newdxx_g,BaO_nat002,64000,18643,72,14,5.674000,set1,original-openmp,mimalloc,1
newdxx_g,BaO_nat002,64000,18643,72,15,5.709000,set1,original-openmp,mimalloc,1
newdxx_g,BaO_nat002,64000,18643,72,16,5.646000,set1,original-openmp,mimalloc,1
newdxx_g,BaO_nat002,64000,18643,72,17,5.753000,set1,original-openmp,mimalloc,1
newdxx_g,BaO_nat002,64000,18643,72,18,5.724000,set1,original-openmp,mimalloc,1
newdxx_g,BaO_nat002,64000,18643,72,19,5.716000,set1,original-openmp,mimalloc,1
newdxx_g,BaO_nat002,64000,18643,1,0,369.158000,set1_rep64,original-openmp,mimalloc,64
newdxx_g,BaO_nat002,64000,18643,1,1,366.226000,set1_rep64,original-openmp,mimalloc,64
newdxx_g,BaO_nat002,64000,18643,1,2,365.199000,set1_rep64,original-openmp,mimalloc,64
newdxx_g,BaO_nat002,64000,18643,1,3,367.312000,set1_rep64,original-openmp,mimalloc,64
newdxx_g,BaO_nat002,64000,18643,1,4,369.381000,set1_rep64,original-openmp,mimalloc,64
newdxx_g,BaO_nat002,64000,18643,1,5,368.236000,set1_rep64,original-openmp,mimalloc,64
newdxx_g,BaO_nat002,64000,18643,1,6,366.310000,set1_rep64,original-openmp,mimalloc,64
newdxx_g,BaO_nat002,64000,18643,1,7,366.704000,set1_rep64,original-openmp,mimalloc,64
newdxx_g,BaO_nat002,64000,18643,1,8,365.427000,set1_rep64,original-openmp,mimalloc,64
newdxx_g,BaO_nat002,64000,18643,1,9,365.147000,set1_rep64,original-openmp,mimalloc,64
newdxx_g,BaO_nat002,64000,18643,1,10,364.699000,set1_rep64,original-openmp,mimalloc,64
newdxx_g,BaO_nat002,64000,18643,1,11,366.480000,set1_rep64,original-openmp,mimalloc,64
newdxx_g,BaO_nat002,64000,18643,1,12,372.877000,set1_rep64,original-openmp,mimalloc,64
newdxx_g,BaO_nat002,64000,18643,1,13,374.243000,set1_rep64,original-openmp,mimalloc,64
newdxx_g,BaO_nat002,64000,18643,1,14,376.999000,set1_rep64,original-openmp,mimalloc,64
newdxx_g,BaO_nat002,64000,18643,1,15,367.735000,set1_rep64,original-openmp,mimalloc,64
newdxx_g,BaO_nat002,64000,18643,1,16,368.509000,set1_rep64,original-openmp,mimalloc,64
newdxx_g,BaO_nat002,64000,18643,1,17,365.409000,set1_rep64,original-openmp,mimalloc,64
newdxx_g,BaO_nat002,64000,18643,1,18,367.947000,set1_rep64,original-openmp,mimalloc,64
newdxx_g,BaO_nat002,64000,18643,1,19,366.310000,set1_rep64,original-openmp,mimalloc,64
newdxx_g,BaO_nat002,64000,18643,2,0,199.866000,set1_rep64,original-openmp,mimalloc,64
newdxx_g,BaO_nat002,64000,18643,2,1,198.327000,set1_rep64,original-openmp,mimalloc,64
newdxx_g,BaO_nat002,64000,18643,2,2,199.261000,set1_rep64,original-openmp,mimalloc,64
newdxx_g,BaO_nat002,64000,18643,2,3,199.125000,set1_rep64,original-openmp,mimalloc,64
newdxx_g,BaO_nat002,64000,18643,2,4,200.983000,set1_rep64,original-openmp,mimalloc,64
newdxx_g,BaO_nat002,64000,18643,2,5,200.925000,set1_rep64,original-openmp,mimalloc,64
newdxx_g,BaO_nat002,64000,18643,2,6,199.450000,set1_rep64,original-openmp,mimalloc,64
newdxx_g,BaO_nat002,64000,18643,2,7,203.706000,set1_rep64,original-openmp,mimalloc,64
newdxx_g,BaO_nat002,64000,18643,2,8,202.593000,set1_rep64,original-openmp,mimalloc,64
newdxx_g,BaO_nat002,64000,18643,2,9,201.829000,set1_rep64,original-openmp,mimalloc,64
newdxx_g,BaO_nat002,64000,18643,2,10,201.392000,set1_rep64,original-openmp,mimalloc,64
newdxx_g,BaO_nat002,64000,18643,2,11,204.780000,set1_rep64,original-openmp,mimalloc,64
newdxx_g,BaO_nat002,64000,18643,2,12,201.019000,set1_rep64,original-openmp,mimalloc,64
newdxx_g,BaO_nat002,64000,18643,2,13,198.903000,set1_rep64,original-openmp,mimalloc,64
newdxx_g,BaO_nat002,64000,18643,2,14,198.054000,set1_rep64,original-openmp,mimalloc,64
newdxx_g,BaO_nat002,64000,18643,2,15,198.309000,set1_rep64,original-openmp,mimalloc,64
newdxx_g,BaO_nat002,64000,18643,2,16,197.637000,set1_rep64,original-openmp,mimalloc,64
newdxx_g,BaO_nat002,64000,18643,2,17,197.387000,set1_rep64,original-openmp,mimalloc,64
newdxx_g,BaO_nat002,64000,18643,2,18,197.938000,set1_rep64,original-openmp,mimalloc,64
newdxx_g,BaO_nat002,64000,18643,2,19,198.754000,set1_rep64,original-openmp,mimalloc,64
newdxx_g,BaO_nat002,64000,18643,4,0,100.100000,set1_rep64,original-openmp,mimalloc,64
newdxx_g,BaO_nat002,64000,18643,4,1,100.570000,set1_rep64,original-openmp,mimalloc,64
newdxx_g,BaO_nat002,64000,18643,4,2,100.506000,set1_rep64,original-openmp,mimalloc,64
newdxx_g,BaO_nat002,64000,18643,4,3,100.315000,set1_rep64,original-openmp,mimalloc,64
newdxx_g,BaO_nat002,64000,18643,4,4,100.763000,set1_rep64,original-openmp,mimalloc,64
newdxx_g,BaO_nat002,64000,18643,4,5,100.839000,set1_rep64,original-openmp,mimalloc,64
newdxx_g,BaO_nat002,64000,18643,4,6,100.966000,set1_rep64,original-openmp,mimalloc,64
newdxx_g,BaO_nat002,64000,18643,4,7,100.533000,set1_rep64,original-openmp,mimalloc,64
newdxx_g,BaO_nat002,64000,18643,4,8,100.499000,set1_rep64,original-openmp,mimalloc,64
newdxx_g,BaO_nat002,64000,18643,4,9,100.746000,set1_rep64,original-openmp,mimalloc,64
newdxx_g,BaO_nat002,64000,18643,4,10,100.920000,set1_rep64,original-openmp,mimalloc,64
newdxx_g,BaO_nat002,64000,18643,4,11,100.827000,set1_rep64,original-openmp,mimalloc,64
newdxx_g,BaO_nat002,64000,18643,4,12,101.177000,set1_rep64,original-openmp,mimalloc,64
newdxx_g,BaO_nat002,64000,18643,4,13,100.896000,set1_rep64,original-openmp,mimalloc,64
newdxx_g,BaO_nat002,64000,18643,4,14,100.729000,set1_rep64,original-openmp,mimalloc,64
newdxx_g,BaO_nat002,64000,18643,4,15,100.456000,set1_rep64,original-openmp,mimalloc,64
newdxx_g,BaO_nat002,64000,18643,4,16,100.702000,set1_rep64,original-openmp,mimalloc,64
newdxx_g,BaO_nat002,64000,18643,4,17,101.212000,set1_rep64,original-openmp,mimalloc,64
newdxx_g,BaO_nat002,64000,18643,4,18,101.036000,set1_rep64,original-openmp,mimalloc,64
newdxx_g,BaO_nat002,64000,18643,4,19,100.649000,set1_rep64,original-openmp,mimalloc,64
newdxx_g,BaO_nat002,64000,18643,8,0,51.367000,set1_rep64,original-openmp,mimalloc,64
newdxx_g,BaO_nat002,64000,18643,8,1,51.317000,set1_rep64,original-openmp,mimalloc,64
newdxx_g,BaO_nat002,64000,18643,8,2,51.137000,set1_rep64,original-openmp,mimalloc,64
newdxx_g,BaO_nat002,64000,18643,8,3,51.224000,set1_rep64,original-openmp,mimalloc,64
newdxx_g,BaO_nat002,64000,18643,8,4,51.236000,set1_rep64,original-openmp,mimalloc,64
newdxx_g,BaO_nat002,64000,18643,8,5,51.266000,set1_rep64,original-openmp,mimalloc,64
newdxx_g,BaO_nat002,64000,18643,8,6,51.304000,set1_rep64,original-openmp,mimalloc,64
newdxx_g,BaO_nat002,64000,18643,8,7,51.261000,set1_rep64,original-openmp,mimalloc,64
newdxx_g,BaO_nat002,64000,18643,8,8,51.239000,set1_rep64,original-openmp,mimalloc,64
newdxx_g,BaO_nat002,64000,18643,8,9,51.290000,set1_rep64,original-openmp,mimalloc,64
newdxx_g,BaO_nat002,64000,18643,8,10,51.306000,set1_rep64,original-openmp,mimalloc,64
newdxx_g,BaO_nat002,64000,18643,8,11,51.277000,set1_rep64,original-openmp,mimalloc,64
newdxx_g,BaO_nat002,64000,18643,8,12,51.304000,set1_rep64,original-openmp,mimalloc,64
newdxx_g,BaO_nat002,64000,18643,8,13,51.585000,set1_rep64,original-openmp,mimalloc,64
newdxx_g,BaO_nat002,64000,18643,8,14,51.378000,set1_rep64,original-openmp,mimalloc,64
newdxx_g,BaO_nat002,64000,18643,8,15,51.065000,set1_rep64,original-openmp,mimalloc,64
newdxx_g,BaO_nat002,64000,18643,8,16,51.067000,set1_rep64,original-openmp,mimalloc,64
newdxx_g,BaO_nat002,64000,18643,8,17,50.936000,set1_rep64,original-openmp,mimalloc,64
newdxx_g,BaO_nat002,64000,18643,8,18,50.567000,set1_rep64,original-openmp,mimalloc,64
newdxx_g,BaO_nat002,64000,18643,8,19,50.649000,set1_rep64,original-openmp,mimalloc,64
newdxx_g,BaO_nat002,64000,18643,16,0,27.029000,set1_rep64,original-openmp,mimalloc,64
newdxx_g,BaO_nat002,64000,18643,16,1,27.414000,set1_rep64,original-openmp,mimalloc,64
newdxx_g,BaO_nat002,64000,18643,16,2,27.154000,set1_rep64,original-openmp,mimalloc,64
newdxx_g,BaO_nat002,64000,18643,16,3,27.017000,set1_rep64,original-openmp,mimalloc,64
newdxx_g,BaO_nat002,64000,18643,16,4,27.131000,set1_rep64,original-openmp,mimalloc,64
newdxx_g,BaO_nat002,64000,18643,16,5,27.125000,set1_rep64,original-openmp,mimalloc,64
newdxx_g,BaO_nat002,64000,18643,16,6,27.092000,set1_rep64,original-openmp,mimalloc,64
newdxx_g,BaO_nat002,64000,18643,16,7,26.937000,set1_rep64,original-openmp,mimalloc,64
newdxx_g,BaO_nat002,64000,18643,16,8,27.024000,set1_rep64,original-openmp,mimalloc,64
newdxx_g,BaO_nat002,64000,18643,16,9,27.122000,set1_rep64,original-openmp,mimalloc,64
newdxx_g,BaO_nat002,64000,18643,16,10,27.200000,set1_rep64,original-openmp,mimalloc,64
newdxx_g,BaO_nat002,64000,18643,16,11,27.278000,set1_rep64,original-openmp,mimalloc,64
newdxx_g,BaO_nat002,64000,18643,16,12,27.318000,set1_rep64,original-openmp,mimalloc,64
newdxx_g,BaO_nat002,64000,18643,16,13,27.199000,set1_rep64,original-openmp,mimalloc,64
newdxx_g,BaO_nat002,64000,18643,16,14,27.096000,set1_rep64,original-openmp,mimalloc,64
newdxx_g,BaO_nat002,64000,18643,16,15,27.263000,set1_rep64,original-openmp,mimalloc,64
newdxx_g,BaO_nat002,64000,18643,16,16,27.062000,set1_rep64,original-openmp,mimalloc,64
newdxx_g,BaO_nat002,64000,18643,16,17,26.986000,set1_rep64,original-openmp,mimalloc,64
newdxx_g,BaO_nat002,64000,18643,16,18,27.225000,set1_rep64,original-openmp,mimalloc,64
newdxx_g,BaO_nat002,64000,18643,16,19,27.026000,set1_rep64,original-openmp,mimalloc,64
newdxx_g,BaO_nat002,64000,18643,32,0,14.340000,set1_rep64,original-openmp,mimalloc,64
newdxx_g,BaO_nat002,64000,18643,32,1,14.251000,set1_rep64,original-openmp,mimalloc,64
newdxx_g,BaO_nat002,64000,18643,32,2,14.214000,set1_rep64,original-openmp,mimalloc,64
newdxx_g,BaO_nat002,64000,18643,32,3,14.210000,set1_rep64,original-openmp,mimalloc,64
newdxx_g,BaO_nat002,64000,18643,32,4,14.216000,set1_rep64,original-openmp,mimalloc,64
newdxx_g,BaO_nat002,64000,18643,32,5,14.281000,set1_rep64,original-openmp,mimalloc,64
newdxx_g,BaO_nat002,64000,18643,32,6,14.248000,set1_rep64,original-openmp,mimalloc,64
newdxx_g,BaO_nat002,64000,18643,32,7,14.194000,set1_rep64,original-openmp,mimalloc,64
newdxx_g,BaO_nat002,64000,18643,32,8,14.259000,set1_rep64,original-openmp,mimalloc,64
newdxx_g,BaO_nat002,64000,18643,32,9,14.251000,set1_rep64,original-openmp,mimalloc,64
newdxx_g,BaO_nat002,64000,18643,32,10,14.201000,set1_rep64,original-openmp,mimalloc,64
newdxx_g,BaO_nat002,64000,18643,32,11,14.161000,set1_rep64,original-openmp,mimalloc,64
newdxx_g,BaO_nat002,64000,18643,32,12,14.245000,set1_rep64,original-openmp,mimalloc,64
newdxx_g,BaO_nat002,64000,18643,32,13,14.214000,set1_rep64,original-openmp,mimalloc,64
newdxx_g,BaO_nat002,64000,18643,32,14,14.258000,set1_rep64,original-openmp,mimalloc,64
newdxx_g,BaO_nat002,64000,18643,32,15,14.223000,set1_rep64,original-openmp,mimalloc,64
newdxx_g,BaO_nat002,64000,18643,32,16,14.246000,set1_rep64,original-openmp,mimalloc,64
newdxx_g,BaO_nat002,64000,18643,32,17,14.262000,set1_rep64,original-openmp,mimalloc,64
newdxx_g,BaO_nat002,64000,18643,32,18,14.150000,set1_rep64,original-openmp,mimalloc,64
newdxx_g,BaO_nat002,64000,18643,32,19,14.130000,set1_rep64,original-openmp,mimalloc,64
newdxx_g,BaO_nat002,64000,18643,64,0,7.457000,set1_rep64,original-openmp,mimalloc,64
newdxx_g,BaO_nat002,64000,18643,64,1,8.455000,set1_rep64,original-openmp,mimalloc,64
newdxx_g,BaO_nat002,64000,18643,64,2,7.320000,set1_rep64,original-openmp,mimalloc,64
newdxx_g,BaO_nat002,64000,18643,64,3,7.587000,set1_rep64,original-openmp,mimalloc,64
newdxx_g,BaO_nat002,64000,18643,64,4,7.468000,set1_rep64,original-openmp,mimalloc,64
newdxx_g,BaO_nat002,64000,18643,64,5,7.499000,set1_rep64,original-openmp,mimalloc,64
newdxx_g,BaO_nat002,64000,18643,64,6,7.514000,set1_rep64,original-openmp,mimalloc,64
newdxx_g,BaO_nat002,64000,18643,64,7,7.524000,set1_rep64,original-openmp,mimalloc,64
newdxx_g,BaO_nat002,64000,18643,64,8,7.437000,set1_rep64,original-openmp,mimalloc,64
newdxx_g,BaO_nat002,64000,18643,64,9,7.448000,set1_rep64,original-openmp,mimalloc,64
newdxx_g,BaO_nat002,64000,18643,64,10,9.273000,set1_rep64,original-openmp,mimalloc,64
newdxx_g,BaO_nat002,64000,18643,64,11,7.303000,set1_rep64,original-openmp,mimalloc,64
newdxx_g,BaO_nat002,64000,18643,64,12,7.349000,set1_rep64,original-openmp,mimalloc,64
newdxx_g,BaO_nat002,64000,18643,64,13,8.128000,set1_rep64,original-openmp,mimalloc,64
newdxx_g,BaO_nat002,64000,18643,64,14,7.286000,set1_rep64,original-openmp,mimalloc,64
newdxx_g,BaO_nat002,64000,18643,64,15,8.356000,set1_rep64,original-openmp,mimalloc,64
newdxx_g,BaO_nat002,64000,18643,64,16,7.093000,set1_rep64,original-openmp,mimalloc,64
newdxx_g,BaO_nat002,64000,18643,64,17,7.153000,set1_rep64,original-openmp,mimalloc,64
newdxx_g,BaO_nat002,64000,18643,64,18,7.212000,set1_rep64,original-openmp,mimalloc,64
newdxx_g,BaO_nat002,64000,18643,64,19,7.203000,set1_rep64,original-openmp,mimalloc,64
newdxx_g,BaO_nat002,64000,18643,72,0,7.274000,set1_rep64,original-openmp,mimalloc,64
newdxx_g,BaO_nat002,64000,18643,72,1,7.088000,set1_rep64,original-openmp,mimalloc,64
newdxx_g,BaO_nat002,64000,18643,72,2,6.988000,set1_rep64,original-openmp,mimalloc,64
newdxx_g,BaO_nat002,64000,18643,72,3,7.074000,set1_rep64,original-openmp,mimalloc,64
newdxx_g,BaO_nat002,64000,18643,72,4,9.719000,set1_rep64,original-openmp,mimalloc,64
newdxx_g,BaO_nat002,64000,18643,72,5,6.857000,set1_rep64,original-openmp,mimalloc,64
newdxx_g,BaO_nat002,64000,18643,72,6,6.955000,set1_rep64,original-openmp,mimalloc,64
newdxx_g,BaO_nat002,64000,18643,72,7,7.380000,set1_rep64,original-openmp,mimalloc,64
newdxx_g,BaO_nat002,64000,18643,72,8,8.020000,set1_rep64,original-openmp,mimalloc,64
newdxx_g,BaO_nat002,64000,18643,72,9,8.361000,set1_rep64,original-openmp,mimalloc,64
newdxx_g,BaO_nat002,64000,18643,72,10,6.879000,set1_rep64,original-openmp,mimalloc,64
newdxx_g,BaO_nat002,64000,18643,72,11,6.993000,set1_rep64,original-openmp,mimalloc,64
newdxx_g,BaO_nat002,64000,18643,72,12,7.033000,set1_rep64,original-openmp,mimalloc,64
newdxx_g,BaO_nat002,64000,18643,72,13,6.997000,set1_rep64,original-openmp,mimalloc,64
newdxx_g,BaO_nat002,64000,18643,72,14,7.248000,set1_rep64,original-openmp,mimalloc,64
newdxx_g,BaO_nat002,64000,18643,72,15,7.056000,set1_rep64,original-openmp,mimalloc,64
newdxx_g,BaO_nat002,64000,18643,72,16,7.070000,set1_rep64,original-openmp,mimalloc,64
newdxx_g,BaO_nat002,64000,18643,72,17,7.088000,set1_rep64,original-openmp,mimalloc,64
newdxx_g,BaO_nat002,64000,18643,72,18,9.508000,set1_rep64,original-openmp,mimalloc,64
newdxx_g,BaO_nat002,64000,18643,72,19,6.833000,set1_rep64,original-openmp,mimalloc,64
newdxx_g,BaTiO3_nat005,64000,27609,1,0,26.981000,set0,original-openmp,mimalloc,1
newdxx_g,BaTiO3_nat005,64000,27609,1,1,26.726000,set0,original-openmp,mimalloc,1
newdxx_g,BaTiO3_nat005,64000,27609,1,2,26.691000,set0,original-openmp,mimalloc,1
newdxx_g,BaTiO3_nat005,64000,27609,1,3,26.678000,set0,original-openmp,mimalloc,1
newdxx_g,BaTiO3_nat005,64000,27609,1,4,26.592000,set0,original-openmp,mimalloc,1
newdxx_g,BaTiO3_nat005,64000,27609,1,5,26.675000,set0,original-openmp,mimalloc,1
newdxx_g,BaTiO3_nat005,64000,27609,1,6,26.694000,set0,original-openmp,mimalloc,1
newdxx_g,BaTiO3_nat005,64000,27609,1,7,26.742000,set0,original-openmp,mimalloc,1
newdxx_g,BaTiO3_nat005,64000,27609,1,8,26.709000,set0,original-openmp,mimalloc,1
newdxx_g,BaTiO3_nat005,64000,27609,1,9,26.818000,set0,original-openmp,mimalloc,1
newdxx_g,BaTiO3_nat005,64000,27609,1,10,26.824000,set0,original-openmp,mimalloc,1
newdxx_g,BaTiO3_nat005,64000,27609,1,11,26.670000,set0,original-openmp,mimalloc,1
newdxx_g,BaTiO3_nat005,64000,27609,1,12,26.697000,set0,original-openmp,mimalloc,1
newdxx_g,BaTiO3_nat005,64000,27609,1,13,26.539000,set0,original-openmp,mimalloc,1
newdxx_g,BaTiO3_nat005,64000,27609,1,14,26.829000,set0,original-openmp,mimalloc,1
newdxx_g,BaTiO3_nat005,64000,27609,1,15,26.623000,set0,original-openmp,mimalloc,1
newdxx_g,BaTiO3_nat005,64000,27609,1,16,26.921000,set0,original-openmp,mimalloc,1
newdxx_g,BaTiO3_nat005,64000,27609,1,17,26.599000,set0,original-openmp,mimalloc,1
newdxx_g,BaTiO3_nat005,64000,27609,1,18,26.736000,set0,original-openmp,mimalloc,1
newdxx_g,BaTiO3_nat005,64000,27609,1,19,26.727000,set0,original-openmp,mimalloc,1
newdxx_g,BaTiO3_nat005,64000,27609,2,0,23.804000,set0,original-openmp,mimalloc,1
newdxx_g,BaTiO3_nat005,64000,27609,2,1,23.726000,set0,original-openmp,mimalloc,1
newdxx_g,BaTiO3_nat005,64000,27609,2,2,23.714000,set0,original-openmp,mimalloc,1
newdxx_g,BaTiO3_nat005,64000,27609,2,3,23.683000,set0,original-openmp,mimalloc,1
newdxx_g,BaTiO3_nat005,64000,27609,2,4,23.630000,set0,original-openmp,mimalloc,1
newdxx_g,BaTiO3_nat005,64000,27609,2,5,23.717000,set0,original-openmp,mimalloc,1
newdxx_g,BaTiO3_nat005,64000,27609,2,6,23.917000,set0,original-openmp,mimalloc,1
newdxx_g,BaTiO3_nat005,64000,27609,2,7,23.857000,set0,original-openmp,mimalloc,1
newdxx_g,BaTiO3_nat005,64000,27609,2,8,23.766000,set0,original-openmp,mimalloc,1
newdxx_g,BaTiO3_nat005,64000,27609,2,9,23.905000,set0,original-openmp,mimalloc,1
newdxx_g,BaTiO3_nat005,64000,27609,2,10,23.831000,set0,original-openmp,mimalloc,1
newdxx_g,BaTiO3_nat005,64000,27609,2,11,23.977000,set0,original-openmp,mimalloc,1
newdxx_g,BaTiO3_nat005,64000,27609,2,12,24.013000,set0,original-openmp,mimalloc,1
newdxx_g,BaTiO3_nat005,64000,27609,2,13,23.708000,set0,original-openmp,mimalloc,1
newdxx_g,BaTiO3_nat005,64000,27609,2,14,23.800000,set0,original-openmp,mimalloc,1
newdxx_g,BaTiO3_nat005,64000,27609,2,15,23.947000,set0,original-openmp,mimalloc,1
newdxx_g,BaTiO3_nat005,64000,27609,2,16,23.813000,set0,original-openmp,mimalloc,1
newdxx_g,BaTiO3_nat005,64000,27609,2,17,23.872000,set0,original-openmp,mimalloc,1
newdxx_g,BaTiO3_nat005,64000,27609,2,18,23.738000,set0,original-openmp,mimalloc,1
newdxx_g,BaTiO3_nat005,64000,27609,2,19,23.573000,set0,original-openmp,mimalloc,1
newdxx_g,BaTiO3_nat005,64000,27609,4,0,21.990000,set0,original-openmp,mimalloc,1
newdxx_g,BaTiO3_nat005,64000,27609,4,1,22.057000,set0,original-openmp,mimalloc,1
newdxx_g,BaTiO3_nat005,64000,27609,4,2,21.950000,set0,original-openmp,mimalloc,1
newdxx_g,BaTiO3_nat005,64000,27609,4,3,21.928000,set0,original-openmp,mimalloc,1
newdxx_g,BaTiO3_nat005,64000,27609,4,4,21.935000,set0,original-openmp,mimalloc,1
newdxx_g,BaTiO3_nat005,64000,27609,4,5,22.099000,set0,original-openmp,mimalloc,1
newdxx_g,BaTiO3_nat005,64000,27609,4,6,21.965000,set0,original-openmp,mimalloc,1
newdxx_g,BaTiO3_nat005,64000,27609,4,7,21.814000,set0,original-openmp,mimalloc,1
newdxx_g,BaTiO3_nat005,64000,27609,4,8,21.936000,set0,original-openmp,mimalloc,1
newdxx_g,BaTiO3_nat005,64000,27609,4,9,21.927000,set0,original-openmp,mimalloc,1
newdxx_g,BaTiO3_nat005,64000,27609,4,10,22.038000,set0,original-openmp,mimalloc,1
newdxx_g,BaTiO3_nat005,64000,27609,4,11,22.058000,set0,original-openmp,mimalloc,1
newdxx_g,BaTiO3_nat005,64000,27609,4,12,21.824000,set0,original-openmp,mimalloc,1
newdxx_g,BaTiO3_nat005,64000,27609,4,13,21.917000,set0,original-openmp,mimalloc,1
newdxx_g,BaTiO3_nat005,64000,27609,4,14,21.863000,set0,original-openmp,mimalloc,1
newdxx_g,BaTiO3_nat005,64000,27609,4,15,22.118000,set0,original-openmp,mimalloc,1
newdxx_g,BaTiO3_nat005,64000,27609,4,16,21.985000,set0,original-openmp,mimalloc,1
newdxx_g,BaTiO3_nat005,64000,27609,4,17,21.993000,set0,original-openmp,mimalloc,1
newdxx_g,BaTiO3_nat005,64000,27609,4,18,22.020000,set0,original-openmp,mimalloc,1
newdxx_g,BaTiO3_nat005,64000,27609,4,19,21.953000,set0,original-openmp,mimalloc,1
newdxx_g,BaTiO3_nat005,64000,27609,8,0,11.836000,set0,original-openmp,mimalloc,1
newdxx_g,BaTiO3_nat005,64000,27609,8,1,11.800000,set0,original-openmp,mimalloc,1
newdxx_g,BaTiO3_nat005,64000,27609,8,2,11.692000,set0,original-openmp,mimalloc,1
newdxx_g,BaTiO3_nat005,64000,27609,8,3,11.833000,set0,original-openmp,mimalloc,1
newdxx_g,BaTiO3_nat005,64000,27609,8,4,11.739000,set0,original-openmp,mimalloc,1
newdxx_g,BaTiO3_nat005,64000,27609,8,5,11.852000,set0,original-openmp,mimalloc,1
newdxx_g,BaTiO3_nat005,64000,27609,8,6,11.772000,set0,original-openmp,mimalloc,1
newdxx_g,BaTiO3_nat005,64000,27609,8,7,11.807000,set0,original-openmp,mimalloc,1
newdxx_g,BaTiO3_nat005,64000,27609,8,8,11.720000,set0,original-openmp,mimalloc,1
newdxx_g,BaTiO3_nat005,64000,27609,8,9,11.677000,set0,original-openmp,mimalloc,1
newdxx_g,BaTiO3_nat005,64000,27609,8,10,11.706000,set0,original-openmp,mimalloc,1
newdxx_g,BaTiO3_nat005,64000,27609,8,11,11.695000,set0,original-openmp,mimalloc,1
newdxx_g,BaTiO3_nat005,64000,27609,8,12,11.693000,set0,original-openmp,mimalloc,1
newdxx_g,BaTiO3_nat005,64000,27609,8,13,11.589000,set0,original-openmp,mimalloc,1
newdxx_g,BaTiO3_nat005,64000,27609,8,14,11.508000,set0,original-openmp,mimalloc,1
newdxx_g,BaTiO3_nat005,64000,27609,8,15,11.550000,set0,original-openmp,mimalloc,1
newdxx_g,BaTiO3_nat005,64000,27609,8,16,11.632000,set0,original-openmp,mimalloc,1
newdxx_g,BaTiO3_nat005,64000,27609,8,17,11.597000,set0,original-openmp,mimalloc,1
newdxx_g,BaTiO3_nat005,64000,27609,8,18,11.586000,set0,original-openmp,mimalloc,1
newdxx_g,BaTiO3_nat005,64000,27609,8,19,11.758000,set0,original-openmp,mimalloc,1
newdxx_g,BaTiO3_nat005,64000,27609,16,0,11.784000,set0,original-openmp,mimalloc,1
newdxx_g,BaTiO3_nat005,64000,27609,16,1,11.952000,set0,original-openmp,mimalloc,1
newdxx_g,BaTiO3_nat005,64000,27609,16,2,11.748000,set0,original-openmp,mimalloc,1
newdxx_g,BaTiO3_nat005,64000,27609,16,3,11.886000,set0,original-openmp,mimalloc,1
newdxx_g,BaTiO3_nat005,64000,27609,16,4,11.823000,set0,original-openmp,mimalloc,1
newdxx_g,BaTiO3_nat005,64000,27609,16,5,11.840000,set0,original-openmp,mimalloc,1
newdxx_g,BaTiO3_nat005,64000,27609,16,6,11.737000,set0,original-openmp,mimalloc,1
newdxx_g,BaTiO3_nat005,64000,27609,16,7,11.672000,set0,original-openmp,mimalloc,1
newdxx_g,BaTiO3_nat005,64000,27609,16,8,11.793000,set0,original-openmp,mimalloc,1
newdxx_g,BaTiO3_nat005,64000,27609,16,9,11.798000,set0,original-openmp,mimalloc,1
newdxx_g,BaTiO3_nat005,64000,27609,16,10,11.686000,set0,original-openmp,mimalloc,1
newdxx_g,BaTiO3_nat005,64000,27609,16,11,11.728000,set0,original-openmp,mimalloc,1
newdxx_g,BaTiO3_nat005,64000,27609,16,12,11.829000,set0,original-openmp,mimalloc,1
newdxx_g,BaTiO3_nat005,64000,27609,16,13,11.960000,set0,original-openmp,mimalloc,1
newdxx_g,BaTiO3_nat005,64000,27609,16,14,11.696000,set0,original-openmp,mimalloc,1
newdxx_g,BaTiO3_nat005,64000,27609,16,15,11.770000,set0,original-openmp,mimalloc,1
newdxx_g,BaTiO3_nat005,64000,27609,16,16,11.777000,set0,original-openmp,mimalloc,1
newdxx_g,BaTiO3_nat005,64000,27609,16,17,11.831000,set0,original-openmp,mimalloc,1
newdxx_g,BaTiO3_nat005,64000,27609,16,18,11.796000,set0,original-openmp,mimalloc,1
newdxx_g,BaTiO3_nat005,64000,27609,16,19,11.741000,set0,original-openmp,mimalloc,1
newdxx_g,BaTiO3_nat005,64000,27609,32,0,11.988000,set0,original-openmp,mimalloc,1
newdxx_g,BaTiO3_nat005,64000,27609,32,1,14.006000,set0,original-openmp,mimalloc,1
newdxx_g,BaTiO3_nat005,64000,27609,32,2,11.760000,set0,original-openmp,mimalloc,1
newdxx_g,BaTiO3_nat005,64000,27609,32,3,11.698000,set0,original-openmp,mimalloc,1
newdxx_g,BaTiO3_nat005,64000,27609,32,4,11.684000,set0,original-openmp,mimalloc,1
newdxx_g,BaTiO3_nat005,64000,27609,32,5,13.359000,set0,original-openmp,mimalloc,1
newdxx_g,BaTiO3_nat005,64000,27609,32,6,11.601000,set0,original-openmp,mimalloc,1
newdxx_g,BaTiO3_nat005,64000,27609,32,7,11.621000,set0,original-openmp,mimalloc,1
newdxx_g,BaTiO3_nat005,64000,27609,32,8,11.913000,set0,original-openmp,mimalloc,1
newdxx_g,BaTiO3_nat005,64000,27609,32,9,11.759000,set0,original-openmp,mimalloc,1
newdxx_g,BaTiO3_nat005,64000,27609,32,10,11.556000,set0,original-openmp,mimalloc,1
newdxx_g,BaTiO3_nat005,64000,27609,32,11,11.576000,set0,original-openmp,mimalloc,1
newdxx_g,BaTiO3_nat005,64000,27609,32,12,11.600000,set0,original-openmp,mimalloc,1
newdxx_g,BaTiO3_nat005,64000,27609,32,13,11.640000,set0,original-openmp,mimalloc,1
newdxx_g,BaTiO3_nat005,64000,27609,32,14,11.577000,set0,original-openmp,mimalloc,1
newdxx_g,BaTiO3_nat005,64000,27609,32,15,11.609000,set0,original-openmp,mimalloc,1
newdxx_g,BaTiO3_nat005,64000,27609,32,16,11.564000,set0,original-openmp,mimalloc,1
newdxx_g,BaTiO3_nat005,64000,27609,32,17,11.665000,set0,original-openmp,mimalloc,1
newdxx_g,BaTiO3_nat005,64000,27609,32,18,12.542000,set0,original-openmp,mimalloc,1
newdxx_g,BaTiO3_nat005,64000,27609,32,19,12.191000,set0,original-openmp,mimalloc,1
newdxx_g,BaTiO3_nat005,64000,27609,64,0,12.083000,set0,original-openmp,mimalloc,1
newdxx_g,BaTiO3_nat005,64000,27609,64,1,11.871000,set0,original-openmp,mimalloc,1
newdxx_g,BaTiO3_nat005,64000,27609,64,2,11.917000,set0,original-openmp,mimalloc,1
newdxx_g,BaTiO3_nat005,64000,27609,64,3,11.918000,set0,original-openmp,mimalloc,1
newdxx_g,BaTiO3_nat005,64000,27609,64,4,11.868000,set0,original-openmp,mimalloc,1
newdxx_g,BaTiO3_nat005,64000,27609,64,5,11.861000,set0,original-openmp,mimalloc,1
newdxx_g,BaTiO3_nat005,64000,27609,64,6,11.749000,set0,original-openmp,mimalloc,1
newdxx_g,BaTiO3_nat005,64000,27609,64,7,11.890000,set0,original-openmp,mimalloc,1
newdxx_g,BaTiO3_nat005,64000,27609,64,8,11.878000,set0,original-openmp,mimalloc,1
newdxx_g,BaTiO3_nat005,64000,27609,64,9,12.017000,set0,original-openmp,mimalloc,1
newdxx_g,BaTiO3_nat005,64000,27609,64,10,12.195000,set0,original-openmp,mimalloc,1
newdxx_g,BaTiO3_nat005,64000,27609,64,11,12.054000,set0,original-openmp,mimalloc,1
newdxx_g,BaTiO3_nat005,64000,27609,64,12,11.781000,set0,original-openmp,mimalloc,1
newdxx_g,BaTiO3_nat005,64000,27609,64,13,11.834000,set0,original-openmp,mimalloc,1
newdxx_g,BaTiO3_nat005,64000,27609,64,14,11.813000,set0,original-openmp,mimalloc,1
newdxx_g,BaTiO3_nat005,64000,27609,64,15,11.945000,set0,original-openmp,mimalloc,1
newdxx_g,BaTiO3_nat005,64000,27609,64,16,11.802000,set0,original-openmp,mimalloc,1
newdxx_g,BaTiO3_nat005,64000,27609,64,17,11.979000,set0,original-openmp,mimalloc,1
newdxx_g,BaTiO3_nat005,64000,27609,64,18,12.070000,set0,original-openmp,mimalloc,1
newdxx_g,BaTiO3_nat005,64000,27609,64,19,11.953000,set0,original-openmp,mimalloc,1
newdxx_g,BaTiO3_nat005,64000,27609,72,0,12.044000,set0,original-openmp,mimalloc,1
newdxx_g,BaTiO3_nat005,64000,27609,72,1,12.008000,set0,original-openmp,mimalloc,1
newdxx_g,BaTiO3_nat005,64000,27609,72,2,12.094000,set0,original-openmp,mimalloc,1
newdxx_g,BaTiO3_nat005,64000,27609,72,3,11.949000,set0,original-openmp,mimalloc,1
newdxx_g,BaTiO3_nat005,64000,27609,72,4,12.015000,set0,original-openmp,mimalloc,1
newdxx_g,BaTiO3_nat005,64000,27609,72,5,11.953000,set0,original-openmp,mimalloc,1
newdxx_g,BaTiO3_nat005,64000,27609,72,6,11.961000,set0,original-openmp,mimalloc,1
newdxx_g,BaTiO3_nat005,64000,27609,72,7,11.879000,set0,original-openmp,mimalloc,1
newdxx_g,BaTiO3_nat005,64000,27609,72,8,12.149000,set0,original-openmp,mimalloc,1
newdxx_g,BaTiO3_nat005,64000,27609,72,9,11.868000,set0,original-openmp,mimalloc,1
newdxx_g,BaTiO3_nat005,64000,27609,72,10,11.954000,set0,original-openmp,mimalloc,1
newdxx_g,BaTiO3_nat005,64000,27609,72,11,11.997000,set0,original-openmp,mimalloc,1
newdxx_g,BaTiO3_nat005,64000,27609,72,12,11.815000,set0,original-openmp,mimalloc,1
newdxx_g,BaTiO3_nat005,64000,27609,72,13,11.998000,set0,original-openmp,mimalloc,1
newdxx_g,BaTiO3_nat005,64000,27609,72,14,11.968000,set0,original-openmp,mimalloc,1
newdxx_g,BaTiO3_nat005,64000,27609,72,15,11.921000,set0,original-openmp,mimalloc,1
newdxx_g,BaTiO3_nat005,64000,27609,72,16,12.159000,set0,original-openmp,mimalloc,1
newdxx_g,BaTiO3_nat005,64000,27609,72,17,11.967000,set0,original-openmp,mimalloc,1
newdxx_g,BaTiO3_nat005,64000,27609,72,18,11.838000,set0,original-openmp,mimalloc,1
newdxx_g,BaTiO3_nat005,64000,27609,72,19,11.935000,set0,original-openmp,mimalloc,1
newdxx_g,BaTiO3_nat005,64000,27609,1,0,1143.083000,set0_rep64,original-openmp,mimalloc,64
newdxx_g,BaTiO3_nat005,64000,27609,1,1,1140.936000,set0_rep64,original-openmp,mimalloc,64
newdxx_g,BaTiO3_nat005,64000,27609,1,2,1140.017000,set0_rep64,original-openmp,mimalloc,64
newdxx_g,BaTiO3_nat005,64000,27609,1,3,1138.481000,set0_rep64,original-openmp,mimalloc,64
newdxx_g,BaTiO3_nat005,64000,27609,1,4,1140.057000,set0_rep64,original-openmp,mimalloc,64
newdxx_g,BaTiO3_nat005,64000,27609,1,5,1140.951000,set0_rep64,original-openmp,mimalloc,64
newdxx_g,BaTiO3_nat005,64000,27609,1,6,1138.449000,set0_rep64,original-openmp,mimalloc,64
newdxx_g,BaTiO3_nat005,64000,27609,1,7,1138.991000,set0_rep64,original-openmp,mimalloc,64
newdxx_g,BaTiO3_nat005,64000,27609,1,8,1138.178000,set0_rep64,original-openmp,mimalloc,64
newdxx_g,BaTiO3_nat005,64000,27609,1,9,1138.574000,set0_rep64,original-openmp,mimalloc,64
newdxx_g,BaTiO3_nat005,64000,27609,1,10,1137.673000,set0_rep64,original-openmp,mimalloc,64
newdxx_g,BaTiO3_nat005,64000,27609,1,11,1137.324000,set0_rep64,original-openmp,mimalloc,64
newdxx_g,BaTiO3_nat005,64000,27609,1,12,1145.551000,set0_rep64,original-openmp,mimalloc,64
newdxx_g,BaTiO3_nat005,64000,27609,1,13,1137.543000,set0_rep64,original-openmp,mimalloc,64
newdxx_g,BaTiO3_nat005,64000,27609,1,14,1137.907000,set0_rep64,original-openmp,mimalloc,64
newdxx_g,BaTiO3_nat005,64000,27609,1,15,1137.678000,set0_rep64,original-openmp,mimalloc,64
newdxx_g,BaTiO3_nat005,64000,27609,1,16,1138.047000,set0_rep64,original-openmp,mimalloc,64
newdxx_g,BaTiO3_nat005,64000,27609,1,17,1139.649000,set0_rep64,original-openmp,mimalloc,64
newdxx_g,BaTiO3_nat005,64000,27609,1,18,1141.179000,set0_rep64,original-openmp,mimalloc,64
newdxx_g,BaTiO3_nat005,64000,27609,1,19,1137.943000,set0_rep64,original-openmp,mimalloc,64
newdxx_g,BaTiO3_nat005,64000,27609,2,0,594.658000,set0_rep64,original-openmp,mimalloc,64
newdxx_g,BaTiO3_nat005,64000,27609,2,1,593.194000,set0_rep64,original-openmp,mimalloc,64
newdxx_g,BaTiO3_nat005,64000,27609,2,2,594.786000,set0_rep64,original-openmp,mimalloc,64
newdxx_g,BaTiO3_nat005,64000,27609,2,3,593.505000,set0_rep64,original-openmp,mimalloc,64
newdxx_g,BaTiO3_nat005,64000,27609,2,4,592.546000,set0_rep64,original-openmp,mimalloc,64
newdxx_g,BaTiO3_nat005,64000,27609,2,5,592.535000,set0_rep64,original-openmp,mimalloc,64
newdxx_g,BaTiO3_nat005,64000,27609,2,6,593.079000,set0_rep64,original-openmp,mimalloc,64
newdxx_g,BaTiO3_nat005,64000,27609,2,7,594.461000,set0_rep64,original-openmp,mimalloc,64
newdxx_g,BaTiO3_nat005,64000,27609,2,8,593.128000,set0_rep64,original-openmp,mimalloc,64
newdxx_g,BaTiO3_nat005,64000,27609,2,9,593.022000,set0_rep64,original-openmp,mimalloc,64
newdxx_g,BaTiO3_nat005,64000,27609,2,10,593.876000,set0_rep64,original-openmp,mimalloc,64
newdxx_g,BaTiO3_nat005,64000,27609,2,11,594.908000,set0_rep64,original-openmp,mimalloc,64
newdxx_g,BaTiO3_nat005,64000,27609,2,12,593.546000,set0_rep64,original-openmp,mimalloc,64
newdxx_g,BaTiO3_nat005,64000,27609,2,13,593.604000,set0_rep64,original-openmp,mimalloc,64
newdxx_g,BaTiO3_nat005,64000,27609,2,14,593.550000,set0_rep64,original-openmp,mimalloc,64
newdxx_g,BaTiO3_nat005,64000,27609,2,15,594.332000,set0_rep64,original-openmp,mimalloc,64
newdxx_g,BaTiO3_nat005,64000,27609,2,16,593.490000,set0_rep64,original-openmp,mimalloc,64
newdxx_g,BaTiO3_nat005,64000,27609,2,17,593.644000,set0_rep64,original-openmp,mimalloc,64
newdxx_g,BaTiO3_nat005,64000,27609,2,18,593.248000,set0_rep64,original-openmp,mimalloc,64
newdxx_g,BaTiO3_nat005,64000,27609,2,19,594.632000,set0_rep64,original-openmp,mimalloc,64
newdxx_g,BaTiO3_nat005,64000,27609,4,0,298.005000,set0_rep64,original-openmp,mimalloc,64
newdxx_g,BaTiO3_nat005,64000,27609,4,1,297.165000,set0_rep64,original-openmp,mimalloc,64
newdxx_g,BaTiO3_nat005,64000,27609,4,2,297.830000,set0_rep64,original-openmp,mimalloc,64
newdxx_g,BaTiO3_nat005,64000,27609,4,3,297.027000,set0_rep64,original-openmp,mimalloc,64
newdxx_g,BaTiO3_nat005,64000,27609,4,4,297.368000,set0_rep64,original-openmp,mimalloc,64
newdxx_g,BaTiO3_nat005,64000,27609,4,5,297.271000,set0_rep64,original-openmp,mimalloc,64
newdxx_g,BaTiO3_nat005,64000,27609,4,6,296.954000,set0_rep64,original-openmp,mimalloc,64
newdxx_g,BaTiO3_nat005,64000,27609,4,7,296.793000,set0_rep64,original-openmp,mimalloc,64
newdxx_g,BaTiO3_nat005,64000,27609,4,8,297.623000,set0_rep64,original-openmp,mimalloc,64
newdxx_g,BaTiO3_nat005,64000,27609,4,9,296.600000,set0_rep64,original-openmp,mimalloc,64
newdxx_g,BaTiO3_nat005,64000,27609,4,10,296.613000,set0_rep64,original-openmp,mimalloc,64
newdxx_g,BaTiO3_nat005,64000,27609,4,11,296.682000,set0_rep64,original-openmp,mimalloc,64
newdxx_g,BaTiO3_nat005,64000,27609,4,12,296.954000,set0_rep64,original-openmp,mimalloc,64
newdxx_g,BaTiO3_nat005,64000,27609,4,13,298.308000,set0_rep64,original-openmp,mimalloc,64
newdxx_g,BaTiO3_nat005,64000,27609,4,14,296.843000,set0_rep64,original-openmp,mimalloc,64
newdxx_g,BaTiO3_nat005,64000,27609,4,15,299.341000,set0_rep64,original-openmp,mimalloc,64
newdxx_g,BaTiO3_nat005,64000,27609,4,16,297.945000,set0_rep64,original-openmp,mimalloc,64
newdxx_g,BaTiO3_nat005,64000,27609,4,17,297.591000,set0_rep64,original-openmp,mimalloc,64
newdxx_g,BaTiO3_nat005,64000,27609,4,18,296.356000,set0_rep64,original-openmp,mimalloc,64
newdxx_g,BaTiO3_nat005,64000,27609,4,19,295.556000,set0_rep64,original-openmp,mimalloc,64
newdxx_g,BaTiO3_nat005,64000,27609,8,0,152.775000,set0_rep64,original-openmp,mimalloc,64
newdxx_g,BaTiO3_nat005,64000,27609,8,1,151.918000,set0_rep64,original-openmp,mimalloc,64
newdxx_g,BaTiO3_nat005,64000,27609,8,2,152.593000,set0_rep64,original-openmp,mimalloc,64
newdxx_g,BaTiO3_nat005,64000,27609,8,3,152.190000,set0_rep64,original-openmp,mimalloc,64
newdxx_g,BaTiO3_nat005,64000,27609,8,4,154.024000,set0_rep64,original-openmp,mimalloc,64
newdxx_g,BaTiO3_nat005,64000,27609,8,5,151.916000,set0_rep64,original-openmp,mimalloc,64
newdxx_g,BaTiO3_nat005,64000,27609,8,6,152.553000,set0_rep64,original-openmp,mimalloc,64
newdxx_g,BaTiO3_nat005,64000,27609,8,7,151.987000,set0_rep64,original-openmp,mimalloc,64
newdxx_g,BaTiO3_nat005,64000,27609,8,8,151.967000,set0_rep64,original-openmp,mimalloc,64
newdxx_g,BaTiO3_nat005,64000,27609,8,9,152.103000,set0_rep64,original-openmp,mimalloc,64
newdxx_g,BaTiO3_nat005,64000,27609,8,10,152.791000,set0_rep64,original-openmp,mimalloc,64
newdxx_g,BaTiO3_nat005,64000,27609,8,11,152.391000,set0_rep64,original-openmp,mimalloc,64
newdxx_g,BaTiO3_nat005,64000,27609,8,12,152.210000,set0_rep64,original-openmp,mimalloc,64
newdxx_g,BaTiO3_nat005,64000,27609,8,13,151.258000,set0_rep64,original-openmp,mimalloc,64
newdxx_g,BaTiO3_nat005,64000,27609,8,14,152.178000,set0_rep64,original-openmp,mimalloc,64
newdxx_g,BaTiO3_nat005,64000,27609,8,15,152.080000,set0_rep64,original-openmp,mimalloc,64
newdxx_g,BaTiO3_nat005,64000,27609,8,16,151.749000,set0_rep64,original-openmp,mimalloc,64
newdxx_g,BaTiO3_nat005,64000,27609,8,17,151.172000,set0_rep64,original-openmp,mimalloc,64
newdxx_g,BaTiO3_nat005,64000,27609,8,18,151.989000,set0_rep64,original-openmp,mimalloc,64
newdxx_g,BaTiO3_nat005,64000,27609,8,19,152.748000,set0_rep64,original-openmp,mimalloc,64
newdxx_g,BaTiO3_nat005,64000,27609,16,0,82.018000,set0_rep64,original-openmp,mimalloc,64
newdxx_g,BaTiO3_nat005,64000,27609,16,1,81.686000,set0_rep64,original-openmp,mimalloc,64
newdxx_g,BaTiO3_nat005,64000,27609,16,2,81.702000,set0_rep64,original-openmp,mimalloc,64
newdxx_g,BaTiO3_nat005,64000,27609,16,3,81.671000,set0_rep64,original-openmp,mimalloc,64
newdxx_g,BaTiO3_nat005,64000,27609,16,4,81.612000,set0_rep64,original-openmp,mimalloc,64
newdxx_g,BaTiO3_nat005,64000,27609,16,5,81.357000,set0_rep64,original-openmp,mimalloc,64
newdxx_g,BaTiO3_nat005,64000,27609,16,6,81.327000,set0_rep64,original-openmp,mimalloc,64
newdxx_g,BaTiO3_nat005,64000,27609,16,7,81.431000,set0_rep64,original-openmp,mimalloc,64
newdxx_g,BaTiO3_nat005,64000,27609,16,8,81.091000,set0_rep64,original-openmp,mimalloc,64
newdxx_g,BaTiO3_nat005,64000,27609,16,9,81.302000,set0_rep64,original-openmp,mimalloc,64
newdxx_g,BaTiO3_nat005,64000,27609,16,10,81.021000,set0_rep64,original-openmp,mimalloc,64
newdxx_g,BaTiO3_nat005,64000,27609,16,11,81.581000,set0_rep64,original-openmp,mimalloc,64
newdxx_g,BaTiO3_nat005,64000,27609,16,12,81.393000,set0_rep64,original-openmp,mimalloc,64
newdxx_g,BaTiO3_nat005,64000,27609,16,13,81.117000,set0_rep64,original-openmp,mimalloc,64
newdxx_g,BaTiO3_nat005,64000,27609,16,14,81.248000,set0_rep64,original-openmp,mimalloc,64
newdxx_g,BaTiO3_nat005,64000,27609,16,15,81.271000,set0_rep64,original-openmp,mimalloc,64
newdxx_g,BaTiO3_nat005,64000,27609,16,16,81.626000,set0_rep64,original-openmp,mimalloc,64
newdxx_g,BaTiO3_nat005,64000,27609,16,17,81.107000,set0_rep64,original-openmp,mimalloc,64
newdxx_g,BaTiO3_nat005,64000,27609,16,18,81.287000,set0_rep64,original-openmp,mimalloc,64
newdxx_g,BaTiO3_nat005,64000,27609,16,19,81.325000,set0_rep64,original-openmp,mimalloc,64
newdxx_g,BaTiO3_nat005,64000,27609,32,0,43.310000,set0_rep64,original-openmp,mimalloc,64
newdxx_g,BaTiO3_nat005,64000,27609,32,1,43.160000,set0_rep64,original-openmp,mimalloc,64
newdxx_g,BaTiO3_nat005,64000,27609,32,2,43.054000,set0_rep64,original-openmp,mimalloc,64
newdxx_g,BaTiO3_nat005,64000,27609,32,3,42.486000,set0_rep64,original-openmp,mimalloc,64
newdxx_g,BaTiO3_nat005,64000,27609,32,4,42.797000,set0_rep64,original-openmp,mimalloc,64
newdxx_g,BaTiO3_nat005,64000,27609,32,5,42.845000,set0_rep64,original-openmp,mimalloc,64
newdxx_g,BaTiO3_nat005,64000,27609,32,6,42.775000,set0_rep64,original-openmp,mimalloc,64
newdxx_g,BaTiO3_nat005,64000,27609,32,7,42.925000,set0_rep64,original-openmp,mimalloc,64
newdxx_g,BaTiO3_nat005,64000,27609,32,8,42.979000,set0_rep64,original-openmp,mimalloc,64
newdxx_g,BaTiO3_nat005,64000,27609,32,9,42.681000,set0_rep64,original-openmp,mimalloc,64
newdxx_g,BaTiO3_nat005,64000,27609,32,10,42.489000,set0_rep64,original-openmp,mimalloc,64
newdxx_g,BaTiO3_nat005,64000,27609,32,11,43.076000,set0_rep64,original-openmp,mimalloc,64
newdxx_g,BaTiO3_nat005,64000,27609,32,12,42.592000,set0_rep64,original-openmp,mimalloc,64
newdxx_g,BaTiO3_nat005,64000,27609,32,13,42.885000,set0_rep64,original-openmp,mimalloc,64
newdxx_g,BaTiO3_nat005,64000,27609,32,14,43.183000,set0_rep64,original-openmp,mimalloc,64
newdxx_g,BaTiO3_nat005,64000,27609,32,15,42.828000,set0_rep64,original-openmp,mimalloc,64
newdxx_g,BaTiO3_nat005,64000,27609,32,16,42.715000,set0_rep64,original-openmp,mimalloc,64
newdxx_g,BaTiO3_nat005,64000,27609,32,17,43.067000,set0_rep64,original-openmp,mimalloc,64
newdxx_g,BaTiO3_nat005,64000,27609,32,18,43.250000,set0_rep64,original-openmp,mimalloc,64
newdxx_g,BaTiO3_nat005,64000,27609,32,19,42.789000,set0_rep64,original-openmp,mimalloc,64
newdxx_g,BaTiO3_nat005,64000,27609,64,0,23.716000,set0_rep64,original-openmp,mimalloc,64
newdxx_g,BaTiO3_nat005,64000,27609,64,1,23.383000,set0_rep64,original-openmp,mimalloc,64
newdxx_g,BaTiO3_nat005,64000,27609,64,2,23.656000,set0_rep64,original-openmp,mimalloc,64
newdxx_g,BaTiO3_nat005,64000,27609,64,3,23.739000,set0_rep64,original-openmp,mimalloc,64
newdxx_g,BaTiO3_nat005,64000,27609,64,4,26.289000,set0_rep64,original-openmp,mimalloc,64
newdxx_g,BaTiO3_nat005,64000,27609,64,5,23.430000,set0_rep64,original-openmp,mimalloc,64
newdxx_g,BaTiO3_nat005,64000,27609,64,6,23.741000,set0_rep64,original-openmp,mimalloc,64
newdxx_g,BaTiO3_nat005,64000,27609,64,7,25.573000,set0_rep64,original-openmp,mimalloc,64
newdxx_g,BaTiO3_nat005,64000,27609,64,8,23.655000,set0_rep64,original-openmp,mimalloc,64
newdxx_g,BaTiO3_nat005,64000,27609,64,9,23.616000,set0_rep64,original-openmp,mimalloc,64
newdxx_g,BaTiO3_nat005,64000,27609,64,10,23.505000,set0_rep64,original-openmp,mimalloc,64
newdxx_g,BaTiO3_nat005,64000,27609,64,11,23.554000,set0_rep64,original-openmp,mimalloc,64
newdxx_g,BaTiO3_nat005,64000,27609,64,12,26.380000,set0_rep64,original-openmp,mimalloc,64
newdxx_g,BaTiO3_nat005,64000,27609,64,13,23.612000,set0_rep64,original-openmp,mimalloc,64
newdxx_g,BaTiO3_nat005,64000,27609,64,14,23.619000,set0_rep64,original-openmp,mimalloc,64
newdxx_g,BaTiO3_nat005,64000,27609,64,15,24.145000,set0_rep64,original-openmp,mimalloc,64
newdxx_g,BaTiO3_nat005,64000,27609,64,16,23.478000,set0_rep64,original-openmp,mimalloc,64
newdxx_g,BaTiO3_nat005,64000,27609,64,17,24.389000,set0_rep64,original-openmp,mimalloc,64
newdxx_g,BaTiO3_nat005,64000,27609,64,18,23.377000,set0_rep64,original-openmp,mimalloc,64
newdxx_g,BaTiO3_nat005,64000,27609,64,19,23.460000,set0_rep64,original-openmp,mimalloc,64
newdxx_g,BaTiO3_nat005,64000,27609,72,0,23.145000,set0_rep64,original-openmp,mimalloc,64
newdxx_g,BaTiO3_nat005,64000,27609,72,1,23.122000,set0_rep64,original-openmp,mimalloc,64
newdxx_g,BaTiO3_nat005,64000,27609,72,2,23.098000,set0_rep64,original-openmp,mimalloc,64
newdxx_g,BaTiO3_nat005,64000,27609,72,3,25.243000,set0_rep64,original-openmp,mimalloc,64
newdxx_g,BaTiO3_nat005,64000,27609,72,4,23.045000,set0_rep64,original-openmp,mimalloc,64
newdxx_g,BaTiO3_nat005,64000,27609,72,5,23.131000,set0_rep64,original-openmp,mimalloc,64
newdxx_g,BaTiO3_nat005,64000,27609,72,6,23.003000,set0_rep64,original-openmp,mimalloc,64
newdxx_g,BaTiO3_nat005,64000,27609,72,7,24.704000,set0_rep64,original-openmp,mimalloc,64
newdxx_g,BaTiO3_nat005,64000,27609,72,8,23.175000,set0_rep64,original-openmp,mimalloc,64
newdxx_g,BaTiO3_nat005,64000,27609,72,9,23.394000,set0_rep64,original-openmp,mimalloc,64
newdxx_g,BaTiO3_nat005,64000,27609,72,10,23.167000,set0_rep64,original-openmp,mimalloc,64
newdxx_g,BaTiO3_nat005,64000,27609,72,11,22.728000,set0_rep64,original-openmp,mimalloc,64
newdxx_g,BaTiO3_nat005,64000,27609,72,12,23.206000,set0_rep64,original-openmp,mimalloc,64
newdxx_g,BaTiO3_nat005,64000,27609,72,13,26.550000,set0_rep64,original-openmp,mimalloc,64
newdxx_g,BaTiO3_nat005,64000,27609,72,14,22.992000,set0_rep64,original-openmp,mimalloc,64
newdxx_g,BaTiO3_nat005,64000,27609,72,15,22.996000,set0_rep64,original-openmp,mimalloc,64
newdxx_g,BaTiO3_nat005,64000,27609,72,16,25.883000,set0_rep64,original-openmp,mimalloc,64
newdxx_g,BaTiO3_nat005,64000,27609,72,17,22.881000,set0_rep64,original-openmp,mimalloc,64
newdxx_g,BaTiO3_nat005,64000,27609,72,18,22.680000,set0_rep64,original-openmp,mimalloc,64
newdxx_g,BaTiO3_nat005,64000,27609,72,19,22.861000,set0_rep64,original-openmp,mimalloc,64
newdxx_g,BaTiO3_nat005,64000,27609,1,0,26.805000,set1,original-openmp,mimalloc,1
newdxx_g,BaTiO3_nat005,64000,27609,1,1,26.731000,set1,original-openmp,mimalloc,1
newdxx_g,BaTiO3_nat005,64000,27609,1,2,26.742000,set1,original-openmp,mimalloc,1
newdxx_g,BaTiO3_nat005,64000,27609,1,3,26.800000,set1,original-openmp,mimalloc,1
newdxx_g,BaTiO3_nat005,64000,27609,1,4,26.697000,set1,original-openmp,mimalloc,1
newdxx_g,BaTiO3_nat005,64000,27609,1,5,26.617000,set1,original-openmp,mimalloc,1
newdxx_g,BaTiO3_nat005,64000,27609,1,6,26.587000,set1,original-openmp,mimalloc,1
newdxx_g,BaTiO3_nat005,64000,27609,1,7,26.715000,set1,original-openmp,mimalloc,1
newdxx_g,BaTiO3_nat005,64000,27609,1,8,26.541000,set1,original-openmp,mimalloc,1
newdxx_g,BaTiO3_nat005,64000,27609,1,9,26.850000,set1,original-openmp,mimalloc,1
newdxx_g,BaTiO3_nat005,64000,27609,1,10,26.700000,set1,original-openmp,mimalloc,1
newdxx_g,BaTiO3_nat005,64000,27609,1,11,26.787000,set1,original-openmp,mimalloc,1
newdxx_g,BaTiO3_nat005,64000,27609,1,12,26.605000,set1,original-openmp,mimalloc,1
newdxx_g,BaTiO3_nat005,64000,27609,1,13,26.595000,set1,original-openmp,mimalloc,1
newdxx_g,BaTiO3_nat005,64000,27609,1,14,26.653000,set1,original-openmp,mimalloc,1
newdxx_g,BaTiO3_nat005,64000,27609,1,15,26.654000,set1,original-openmp,mimalloc,1
newdxx_g,BaTiO3_nat005,64000,27609,1,16,26.716000,set1,original-openmp,mimalloc,1
newdxx_g,BaTiO3_nat005,64000,27609,1,17,26.697000,set1,original-openmp,mimalloc,1
newdxx_g,BaTiO3_nat005,64000,27609,1,18,26.632000,set1,original-openmp,mimalloc,1
newdxx_g,BaTiO3_nat005,64000,27609,1,19,26.668000,set1,original-openmp,mimalloc,1
newdxx_g,BaTiO3_nat005,64000,27609,2,0,23.983000,set1,original-openmp,mimalloc,1
newdxx_g,BaTiO3_nat005,64000,27609,2,1,23.815000,set1,original-openmp,mimalloc,1
newdxx_g,BaTiO3_nat005,64000,27609,2,2,23.713000,set1,original-openmp,mimalloc,1
newdxx_g,BaTiO3_nat005,64000,27609,2,3,23.751000,set1,original-openmp,mimalloc,1
newdxx_g,BaTiO3_nat005,64000,27609,2,4,23.740000,set1,original-openmp,mimalloc,1
newdxx_g,BaTiO3_nat005,64000,27609,2,5,23.789000,set1,original-openmp,mimalloc,1
newdxx_g,BaTiO3_nat005,64000,27609,2,6,23.724000,set1,original-openmp,mimalloc,1
newdxx_g,BaTiO3_nat005,64000,27609,2,7,23.658000,set1,original-openmp,mimalloc,1
newdxx_g,BaTiO3_nat005,64000,27609,2,8,23.560000,set1,original-openmp,mimalloc,1
newdxx_g,BaTiO3_nat005,64000,27609,2,9,23.812000,set1,original-openmp,mimalloc,1
newdxx_g,BaTiO3_nat005,64000,27609,2,10,23.755000,set1,original-openmp,mimalloc,1
newdxx_g,BaTiO3_nat005,64000,27609,2,11,23.695000,set1,original-openmp,mimalloc,1
newdxx_g,BaTiO3_nat005,64000,27609,2,12,23.799000,set1,original-openmp,mimalloc,1
newdxx_g,BaTiO3_nat005,64000,27609,2,13,23.817000,set1,original-openmp,mimalloc,1
newdxx_g,BaTiO3_nat005,64000,27609,2,14,23.835000,set1,original-openmp,mimalloc,1
newdxx_g,BaTiO3_nat005,64000,27609,2,15,23.928000,set1,original-openmp,mimalloc,1
newdxx_g,BaTiO3_nat005,64000,27609,2,16,23.869000,set1,original-openmp,mimalloc,1
newdxx_g,BaTiO3_nat005,64000,27609,2,17,23.846000,set1,original-openmp,mimalloc,1
newdxx_g,BaTiO3_nat005,64000,27609,2,18,23.749000,set1,original-openmp,mimalloc,1
newdxx_g,BaTiO3_nat005,64000,27609,2,19,23.696000,set1,original-openmp,mimalloc,1
newdxx_g,BaTiO3_nat005,64000,27609,4,0,22.012000,set1,original-openmp,mimalloc,1
newdxx_g,BaTiO3_nat005,64000,27609,4,1,21.806000,set1,original-openmp,mimalloc,1
newdxx_g,BaTiO3_nat005,64000,27609,4,2,21.876000,set1,original-openmp,mimalloc,1
newdxx_g,BaTiO3_nat005,64000,27609,4,3,21.884000,set1,original-openmp,mimalloc,1
newdxx_g,BaTiO3_nat005,64000,27609,4,4,21.804000,set1,original-openmp,mimalloc,1
newdxx_g,BaTiO3_nat005,64000,27609,4,5,22.017000,set1,original-openmp,mimalloc,1
newdxx_g,BaTiO3_nat005,64000,27609,4,6,22.103000,set1,original-openmp,mimalloc,1
newdxx_g,BaTiO3_nat005,64000,27609,4,7,21.893000,set1,original-openmp,mimalloc,1
newdxx_g,BaTiO3_nat005,64000,27609,4,8,21.834000,set1,original-openmp,mimalloc,1
newdxx_g,BaTiO3_nat005,64000,27609,4,9,22.017000,set1,original-openmp,mimalloc,1
newdxx_g,BaTiO3_nat005,64000,27609,4,10,22.034000,set1,original-openmp,mimalloc,1
newdxx_g,BaTiO3_nat005,64000,27609,4,11,21.942000,set1,original-openmp,mimalloc,1
newdxx_g,BaTiO3_nat005,64000,27609,4,12,21.896000,set1,original-openmp,mimalloc,1
newdxx_g,BaTiO3_nat005,64000,27609,4,13,21.904000,set1,original-openmp,mimalloc,1
newdxx_g,BaTiO3_nat005,64000,27609,4,14,21.989000,set1,original-openmp,mimalloc,1
newdxx_g,BaTiO3_nat005,64000,27609,4,15,22.039000,set1,original-openmp,mimalloc,1
newdxx_g,BaTiO3_nat005,64000,27609,4,16,21.907000,set1,original-openmp,mimalloc,1
newdxx_g,BaTiO3_nat005,64000,27609,4,17,21.826000,set1,original-openmp,mimalloc,1
newdxx_g,BaTiO3_nat005,64000,27609,4,18,21.965000,set1,original-openmp,mimalloc,1
newdxx_g,BaTiO3_nat005,64000,27609,4,19,21.942000,set1,original-openmp,mimalloc,1
newdxx_g,BaTiO3_nat005,64000,27609,8,0,11.684000,set1,original-openmp,mimalloc,1
newdxx_g,BaTiO3_nat005,64000,27609,8,1,11.863000,set1,original-openmp,mimalloc,1
newdxx_g,BaTiO3_nat005,64000,27609,8,2,11.757000,set1,original-openmp,mimalloc,1
newdxx_g,BaTiO3_nat005,64000,27609,8,3,11.720000,set1,original-openmp,mimalloc,1
newdxx_g,BaTiO3_nat005,64000,27609,8,4,11.614000,set1,original-openmp,mimalloc,1
newdxx_g,BaTiO3_nat005,64000,27609,8,5,11.730000,set1,original-openmp,mimalloc,1
newdxx_g,BaTiO3_nat005,64000,27609,8,6,11.912000,set1,original-openmp,mimalloc,1
newdxx_g,BaTiO3_nat005,64000,27609,8,7,11.644000,set1,original-openmp,mimalloc,1
newdxx_g,BaTiO3_nat005,64000,27609,8,8,11.651000,set1,original-openmp,mimalloc,1
newdxx_g,BaTiO3_nat005,64000,27609,8,9,11.750000,set1,original-openmp,mimalloc,1
newdxx_g,BaTiO3_nat005,64000,27609,8,10,11.939000,set1,original-openmp,mimalloc,1
newdxx_g,BaTiO3_nat005,64000,27609,8,11,12.570000,set1,original-openmp,mimalloc,1
newdxx_g,BaTiO3_nat005,64000,27609,8,12,11.676000,set1,original-openmp,mimalloc,1
newdxx_g,BaTiO3_nat005,64000,27609,8,13,11.821000,set1,original-openmp,mimalloc,1
newdxx_g,BaTiO3_nat005,64000,27609,8,14,11.782000,set1,original-openmp,mimalloc,1
newdxx_g,BaTiO3_nat005,64000,27609,8,15,11.719000,set1,original-openmp,mimalloc,1
newdxx_g,BaTiO3_nat005,64000,27609,8,16,11.867000,set1,original-openmp,mimalloc,1
newdxx_g,BaTiO3_nat005,64000,27609,8,17,11.706000,set1,original-openmp,mimalloc,1
newdxx_g,BaTiO3_nat005,64000,27609,8,18,11.753000,set1,original-openmp,mimalloc,1
newdxx_g,BaTiO3_nat005,64000,27609,8,19,11.809000,set1,original-openmp,mimalloc,1
newdxx_g,BaTiO3_nat005,64000,27609,16,0,11.759000,set1,original-openmp,mimalloc,1
newdxx_g,BaTiO3_nat005,64000,27609,16,1,11.770000,set1,original-openmp,mimalloc,1
newdxx_g,BaTiO3_nat005,64000,27609,16,2,11.715000,set1,original-openmp,mimalloc,1
newdxx_g,BaTiO3_nat005,64000,27609,16,3,11.846000,set1,original-openmp,mimalloc,1
newdxx_g,BaTiO3_nat005,64000,27609,16,4,11.733000,set1,original-openmp,mimalloc,1
newdxx_g,BaTiO3_nat005,64000,27609,16,5,11.841000,set1,original-openmp,mimalloc,1
newdxx_g,BaTiO3_nat005,64000,27609,16,6,11.725000,set1,original-openmp,mimalloc,1
newdxx_g,BaTiO3_nat005,64000,27609,16,7,11.737000,set1,original-openmp,mimalloc,1
newdxx_g,BaTiO3_nat005,64000,27609,16,8,11.795000,set1,original-openmp,mimalloc,1
newdxx_g,BaTiO3_nat005,64000,27609,16,9,11.648000,set1,original-openmp,mimalloc,1
newdxx_g,BaTiO3_nat005,64000,27609,16,10,11.750000,set1,original-openmp,mimalloc,1
newdxx_g,BaTiO3_nat005,64000,27609,16,11,11.757000,set1,original-openmp,mimalloc,1
newdxx_g,BaTiO3_nat005,64000,27609,16,12,11.762000,set1,original-openmp,mimalloc,1
newdxx_g,BaTiO3_nat005,64000,27609,16,13,11.771000,set1,original-openmp,mimalloc,1
newdxx_g,BaTiO3_nat005,64000,27609,16,14,11.814000,set1,original-openmp,mimalloc,1
newdxx_g,BaTiO3_nat005,64000,27609,16,15,11.759000,set1,original-openmp,mimalloc,1
newdxx_g,BaTiO3_nat005,64000,27609,16,16,11.636000,set1,original-openmp,mimalloc,1
newdxx_g,BaTiO3_nat005,64000,27609,16,17,11.832000,set1,original-openmp,mimalloc,1
newdxx_g,BaTiO3_nat005,64000,27609,16,18,11.773000,set1,original-openmp,mimalloc,1
newdxx_g,BaTiO3_nat005,64000,27609,16,19,11.727000,set1,original-openmp,mimalloc,1
newdxx_g,BaTiO3_nat005,64000,27609,32,0,11.842000,set1,original-openmp,mimalloc,1
newdxx_g,BaTiO3_nat005,64000,27609,32,1,11.982000,set1,original-openmp,mimalloc,1
newdxx_g,BaTiO3_nat005,64000,27609,32,2,11.900000,set1,original-openmp,mimalloc,1
newdxx_g,BaTiO3_nat005,64000,27609,32,3,11.789000,set1,original-openmp,mimalloc,1
newdxx_g,BaTiO3_nat005,64000,27609,32,4,11.696000,set1,original-openmp,mimalloc,1
newdxx_g,BaTiO3_nat005,64000,27609,32,5,11.885000,set1,original-openmp,mimalloc,1
newdxx_g,BaTiO3_nat005,64000,27609,32,6,11.668000,set1,original-openmp,mimalloc,1
newdxx_g,BaTiO3_nat005,64000,27609,32,7,11.724000,set1,original-openmp,mimalloc,1
newdxx_g,BaTiO3_nat005,64000,27609,32,8,11.955000,set1,original-openmp,mimalloc,1
newdxx_g,BaTiO3_nat005,64000,27609,32,9,11.860000,set1,original-openmp,mimalloc,1
newdxx_g,BaTiO3_nat005,64000,27609,32,10,11.819000,set1,original-openmp,mimalloc,1
newdxx_g,BaTiO3_nat005,64000,27609,32,11,11.778000,set1,original-openmp,mimalloc,1
newdxx_g,BaTiO3_nat005,64000,27609,32,12,11.789000,set1,original-openmp,mimalloc,1
newdxx_g,BaTiO3_nat005,64000,27609,32,13,11.903000,set1,original-openmp,mimalloc,1
newdxx_g,BaTiO3_nat005,64000,27609,32,14,11.857000,set1,original-openmp,mimalloc,1
newdxx_g,BaTiO3_nat005,64000,27609,32,15,11.911000,set1,original-openmp,mimalloc,1
newdxx_g,BaTiO3_nat005,64000,27609,32,16,11.822000,set1,original-openmp,mimalloc,1
newdxx_g,BaTiO3_nat005,64000,27609,32,17,11.813000,set1,original-openmp,mimalloc,1
newdxx_g,BaTiO3_nat005,64000,27609,32,18,11.835000,set1,original-openmp,mimalloc,1
newdxx_g,BaTiO3_nat005,64000,27609,32,19,11.847000,set1,original-openmp,mimalloc,1
newdxx_g,BaTiO3_nat005,64000,27609,64,0,11.844000,set1,original-openmp,mimalloc,1
newdxx_g,BaTiO3_nat005,64000,27609,64,1,11.919000,set1,original-openmp,mimalloc,1
newdxx_g,BaTiO3_nat005,64000,27609,64,2,11.982000,set1,original-openmp,mimalloc,1
newdxx_g,BaTiO3_nat005,64000,27609,64,3,11.774000,set1,original-openmp,mimalloc,1
newdxx_g,BaTiO3_nat005,64000,27609,64,4,11.782000,set1,original-openmp,mimalloc,1
newdxx_g,BaTiO3_nat005,64000,27609,64,5,11.799000,set1,original-openmp,mimalloc,1
newdxx_g,BaTiO3_nat005,64000,27609,64,6,11.821000,set1,original-openmp,mimalloc,1
newdxx_g,BaTiO3_nat005,64000,27609,64,7,11.787000,set1,original-openmp,mimalloc,1
newdxx_g,BaTiO3_nat005,64000,27609,64,8,11.795000,set1,original-openmp,mimalloc,1
newdxx_g,BaTiO3_nat005,64000,27609,64,9,11.853000,set1,original-openmp,mimalloc,1
newdxx_g,BaTiO3_nat005,64000,27609,64,10,11.813000,set1,original-openmp,mimalloc,1
newdxx_g,BaTiO3_nat005,64000,27609,64,11,11.805000,set1,original-openmp,mimalloc,1
newdxx_g,BaTiO3_nat005,64000,27609,64,12,11.745000,set1,original-openmp,mimalloc,1
newdxx_g,BaTiO3_nat005,64000,27609,64,13,11.593000,set1,original-openmp,mimalloc,1
newdxx_g,BaTiO3_nat005,64000,27609,64,14,11.722000,set1,original-openmp,mimalloc,1
newdxx_g,BaTiO3_nat005,64000,27609,64,15,11.844000,set1,original-openmp,mimalloc,1
newdxx_g,BaTiO3_nat005,64000,27609,64,16,11.763000,set1,original-openmp,mimalloc,1
newdxx_g,BaTiO3_nat005,64000,27609,64,17,11.831000,set1,original-openmp,mimalloc,1
newdxx_g,BaTiO3_nat005,64000,27609,64,18,11.795000,set1,original-openmp,mimalloc,1
newdxx_g,BaTiO3_nat005,64000,27609,64,19,11.832000,set1,original-openmp,mimalloc,1
newdxx_g,BaTiO3_nat005,64000,27609,72,0,12.091000,set1,original-openmp,mimalloc,1
newdxx_g,BaTiO3_nat005,64000,27609,72,1,12.910000,set1,original-openmp,mimalloc,1
newdxx_g,BaTiO3_nat005,64000,27609,72,2,11.831000,set1,original-openmp,mimalloc,1
newdxx_g,BaTiO3_nat005,64000,27609,72,3,11.925000,set1,original-openmp,mimalloc,1
newdxx_g,BaTiO3_nat005,64000,27609,72,4,11.811000,set1,original-openmp,mimalloc,1
newdxx_g,BaTiO3_nat005,64000,27609,72,5,11.796000,set1,original-openmp,mimalloc,1
newdxx_g,BaTiO3_nat005,64000,27609,72,6,11.854000,set1,original-openmp,mimalloc,1
newdxx_g,BaTiO3_nat005,64000,27609,72,7,11.782000,set1,original-openmp,mimalloc,1
newdxx_g,BaTiO3_nat005,64000,27609,72,8,11.803000,set1,original-openmp,mimalloc,1
newdxx_g,BaTiO3_nat005,64000,27609,72,9,11.889000,set1,original-openmp,mimalloc,1
newdxx_g,BaTiO3_nat005,64000,27609,72,10,11.746000,set1,original-openmp,mimalloc,1
newdxx_g,BaTiO3_nat005,64000,27609,72,11,11.697000,set1,original-openmp,mimalloc,1
newdxx_g,BaTiO3_nat005,64000,27609,72,12,11.899000,set1,original-openmp,mimalloc,1
newdxx_g,BaTiO3_nat005,64000,27609,72,13,11.848000,set1,original-openmp,mimalloc,1
newdxx_g,BaTiO3_nat005,64000,27609,72,14,11.723000,set1,original-openmp,mimalloc,1
newdxx_g,BaTiO3_nat005,64000,27609,72,15,11.759000,set1,original-openmp,mimalloc,1
newdxx_g,BaTiO3_nat005,64000,27609,72,16,11.724000,set1,original-openmp,mimalloc,1
newdxx_g,BaTiO3_nat005,64000,27609,72,17,11.688000,set1,original-openmp,mimalloc,1
newdxx_g,BaTiO3_nat005,64000,27609,72,18,11.628000,set1,original-openmp,mimalloc,1
newdxx_g,BaTiO3_nat005,64000,27609,72,19,11.882000,set1,original-openmp,mimalloc,1
newdxx_g,BaTiO3_nat005,64000,27609,1,0,1141.125000,set1_rep64,original-openmp,mimalloc,64
newdxx_g,BaTiO3_nat005,64000,27609,1,1,1140.746000,set1_rep64,original-openmp,mimalloc,64
newdxx_g,BaTiO3_nat005,64000,27609,1,2,1139.507000,set1_rep64,original-openmp,mimalloc,64
newdxx_g,BaTiO3_nat005,64000,27609,1,3,1138.520000,set1_rep64,original-openmp,mimalloc,64
newdxx_g,BaTiO3_nat005,64000,27609,1,4,1138.469000,set1_rep64,original-openmp,mimalloc,64
newdxx_g,BaTiO3_nat005,64000,27609,1,5,1140.204000,set1_rep64,original-openmp,mimalloc,64
newdxx_g,BaTiO3_nat005,64000,27609,1,6,1137.698000,set1_rep64,original-openmp,mimalloc,64
newdxx_g,BaTiO3_nat005,64000,27609,1,7,1137.714000,set1_rep64,original-openmp,mimalloc,64
newdxx_g,BaTiO3_nat005,64000,27609,1,8,1138.195000,set1_rep64,original-openmp,mimalloc,64
newdxx_g,BaTiO3_nat005,64000,27609,1,9,1137.145000,set1_rep64,original-openmp,mimalloc,64
newdxx_g,BaTiO3_nat005,64000,27609,1,10,1138.722000,set1_rep64,original-openmp,mimalloc,64
newdxx_g,BaTiO3_nat005,64000,27609,1,11,1137.215000,set1_rep64,original-openmp,mimalloc,64
newdxx_g,BaTiO3_nat005,64000,27609,1,12,1136.716000,set1_rep64,original-openmp,mimalloc,64
newdxx_g,BaTiO3_nat005,64000,27609,1,13,1137.155000,set1_rep64,original-openmp,mimalloc,64
newdxx_g,BaTiO3_nat005,64000,27609,1,14,1138.106000,set1_rep64,original-openmp,mimalloc,64
newdxx_g,BaTiO3_nat005,64000,27609,1,15,1137.786000,set1_rep64,original-openmp,mimalloc,64
newdxx_g,BaTiO3_nat005,64000,27609,1,16,1137.846000,set1_rep64,original-openmp,mimalloc,64
newdxx_g,BaTiO3_nat005,64000,27609,1,17,1137.514000,set1_rep64,original-openmp,mimalloc,64
newdxx_g,BaTiO3_nat005,64000,27609,1,18,1136.914000,set1_rep64,original-openmp,mimalloc,64
newdxx_g,BaTiO3_nat005,64000,27609,1,19,1137.675000,set1_rep64,original-openmp,mimalloc,64
newdxx_g,BaTiO3_nat005,64000,27609,2,0,591.773000,set1_rep64,original-openmp,mimalloc,64
newdxx_g,BaTiO3_nat005,64000,27609,2,1,591.304000,set1_rep64,original-openmp,mimalloc,64
newdxx_g,BaTiO3_nat005,64000,27609,2,2,592.277000,set1_rep64,original-openmp,mimalloc,64
newdxx_g,BaTiO3_nat005,64000,27609,2,3,591.446000,set1_rep64,original-openmp,mimalloc,64
newdxx_g,BaTiO3_nat005,64000,27609,2,4,591.993000,set1_rep64,original-openmp,mimalloc,64
newdxx_g,BaTiO3_nat005,64000,27609,2,5,591.518000,set1_rep64,original-openmp,mimalloc,64
newdxx_g,BaTiO3_nat005,64000,27609,2,6,592.041000,set1_rep64,original-openmp,mimalloc,64
newdxx_g,BaTiO3_nat005,64000,27609,2,7,593.320000,set1_rep64,original-openmp,mimalloc,64
newdxx_g,BaTiO3_nat005,64000,27609,2,8,591.307000,set1_rep64,original-openmp,mimalloc,64
newdxx_g,BaTiO3_nat005,64000,27609,2,9,590.749000,set1_rep64,original-openmp,mimalloc,64
newdxx_g,BaTiO3_nat005,64000,27609,2,10,593.605000,set1_rep64,original-openmp,mimalloc,64
newdxx_g,BaTiO3_nat005,64000,27609,2,11,591.567000,set1_rep64,original-openmp,mimalloc,64
newdxx_g,BaTiO3_nat005,64000,27609,2,12,593.739000,set1_rep64,original-openmp,mimalloc,64
newdxx_g,BaTiO3_nat005,64000,27609,2,13,590.833000,set1_rep64,original-openmp,mimalloc,64
newdxx_g,BaTiO3_nat005,64000,27609,2,14,590.438000,set1_rep64,original-openmp,mimalloc,64
newdxx_g,BaTiO3_nat005,64000,27609,2,15,592.745000,set1_rep64,original-openmp,mimalloc,64
newdxx_g,BaTiO3_nat005,64000,27609,2,16,591.708000,set1_rep64,original-openmp,mimalloc,64
newdxx_g,BaTiO3_nat005,64000,27609,2,17,591.150000,set1_rep64,original-openmp,mimalloc,64
newdxx_g,BaTiO3_nat005,64000,27609,2,18,591.196000,set1_rep64,original-openmp,mimalloc,64
newdxx_g,BaTiO3_nat005,64000,27609,2,19,592.672000,set1_rep64,original-openmp,mimalloc,64
newdxx_g,BaTiO3_nat005,64000,27609,4,0,302.337000,set1_rep64,original-openmp,mimalloc,64
newdxx_g,BaTiO3_nat005,64000,27609,4,1,301.339000,set1_rep64,original-openmp,mimalloc,64
newdxx_g,BaTiO3_nat005,64000,27609,4,2,303.024000,set1_rep64,original-openmp,mimalloc,64
newdxx_g,BaTiO3_nat005,64000,27609,4,3,301.571000,set1_rep64,original-openmp,mimalloc,64
newdxx_g,BaTiO3_nat005,64000,27609,4,4,300.917000,set1_rep64,original-openmp,mimalloc,64
newdxx_g,BaTiO3_nat005,64000,27609,4,5,302.166000,set1_rep64,original-openmp,mimalloc,64
newdxx_g,BaTiO3_nat005,64000,27609,4,6,301.919000,set1_rep64,original-openmp,mimalloc,64
newdxx_g,BaTiO3_nat005,64000,27609,4,7,301.611000,set1_rep64,original-openmp,mimalloc,64
newdxx_g,BaTiO3_nat005,64000,27609,4,8,301.204000,set1_rep64,original-openmp,mimalloc,64
newdxx_g,BaTiO3_nat005,64000,27609,4,9,300.866000,set1_rep64,original-openmp,mimalloc,64
newdxx_g,BaTiO3_nat005,64000,27609,4,10,299.600000,set1_rep64,original-openmp,mimalloc,64
newdxx_g,BaTiO3_nat005,64000,27609,4,11,298.969000,set1_rep64,original-openmp,mimalloc,64
newdxx_g,BaTiO3_nat005,64000,27609,4,12,298.423000,set1_rep64,original-openmp,mimalloc,64
newdxx_g,BaTiO3_nat005,64000,27609,4,13,298.264000,set1_rep64,original-openmp,mimalloc,64
newdxx_g,BaTiO3_nat005,64000,27609,4,14,298.044000,set1_rep64,original-openmp,mimalloc,64
newdxx_g,BaTiO3_nat005,64000,27609,4,15,297.959000,set1_rep64,original-openmp,mimalloc,64
newdxx_g,BaTiO3_nat005,64000,27609,4,16,299.054000,set1_rep64,original-openmp,mimalloc,64
newdxx_g,BaTiO3_nat005,64000,27609,4,17,297.214000,set1_rep64,original-openmp,mimalloc,64
newdxx_g,BaTiO3_nat005,64000,27609,4,18,297.894000,set1_rep64,original-openmp,mimalloc,64
newdxx_g,BaTiO3_nat005,64000,27609,4,19,297.672000,set1_rep64,original-openmp,mimalloc,64
newdxx_g,BaTiO3_nat005,64000,27609,8,0,153.891000,set1_rep64,original-openmp,mimalloc,64
newdxx_g,BaTiO3_nat005,64000,27609,8,1,154.063000,set1_rep64,original-openmp,mimalloc,64
newdxx_g,BaTiO3_nat005,64000,27609,8,2,153.795000,set1_rep64,original-openmp,mimalloc,64
newdxx_g,BaTiO3_nat005,64000,27609,8,3,154.056000,set1_rep64,original-openmp,mimalloc,64
newdxx_g,BaTiO3_nat005,64000,27609,8,4,153.750000,set1_rep64,original-openmp,mimalloc,64
newdxx_g,BaTiO3_nat005,64000,27609,8,5,154.330000,set1_rep64,original-openmp,mimalloc,64
newdxx_g,BaTiO3_nat005,64000,27609,8,6,154.127000,set1_rep64,original-openmp,mimalloc,64
newdxx_g,BaTiO3_nat005,64000,27609,8,7,154.195000,set1_rep64,original-openmp,mimalloc,64
newdxx_g,BaTiO3_nat005,64000,27609,8,8,153.745000,set1_rep64,original-openmp,mimalloc,64
newdxx_g,BaTiO3_nat005,64000,27609,8,9,153.794000,set1_rep64,original-openmp,mimalloc,64
newdxx_g,BaTiO3_nat005,64000,27609,8,10,154.029000,set1_rep64,original-openmp,mimalloc,64
newdxx_g,BaTiO3_nat005,64000,27609,8,11,154.123000,set1_rep64,original-openmp,mimalloc,64
newdxx_g,BaTiO3_nat005,64000,27609,8,12,154.073000,set1_rep64,original-openmp,mimalloc,64
newdxx_g,BaTiO3_nat005,64000,27609,8,13,153.891000,set1_rep64,original-openmp,mimalloc,64
newdxx_g,BaTiO3_nat005,64000,27609,8,14,153.852000,set1_rep64,original-openmp,mimalloc,64
newdxx_g,BaTiO3_nat005,64000,27609,8,15,153.627000,set1_rep64,original-openmp,mimalloc,64
newdxx_g,BaTiO3_nat005,64000,27609,8,16,153.506000,set1_rep64,original-openmp,mimalloc,64
newdxx_g,BaTiO3_nat005,64000,27609,8,17,153.537000,set1_rep64,original-openmp,mimalloc,64
newdxx_g,BaTiO3_nat005,64000,27609,8,18,153.489000,set1_rep64,original-openmp,mimalloc,64
newdxx_g,BaTiO3_nat005,64000,27609,8,19,153.409000,set1_rep64,original-openmp,mimalloc,64
newdxx_g,BaTiO3_nat005,64000,27609,16,0,79.704000,set1_rep64,original-openmp,mimalloc,64
newdxx_g,BaTiO3_nat005,64000,27609,16,1,79.381000,set1_rep64,original-openmp,mimalloc,64
newdxx_g,BaTiO3_nat005,64000,27609,16,2,79.470000,set1_rep64,original-openmp,mimalloc,64
newdxx_g,BaTiO3_nat005,64000,27609,16,3,79.242000,set1_rep64,original-openmp,mimalloc,64
newdxx_g,BaTiO3_nat005,64000,27609,16,4,78.639000,set1_rep64,original-openmp,mimalloc,64
newdxx_g,BaTiO3_nat005,64000,27609,16,5,77.459000,set1_rep64,original-openmp,mimalloc,64
newdxx_g,BaTiO3_nat005,64000,27609,16,6,78.428000,set1_rep64,original-openmp,mimalloc,64
newdxx_g,BaTiO3_nat005,64000,27609,16,7,78.173000,set1_rep64,original-openmp,mimalloc,64
newdxx_g,BaTiO3_nat005,64000,27609,16,8,78.854000,set1_rep64,original-openmp,mimalloc,64
newdxx_g,BaTiO3_nat005,64000,27609,16,9,78.369000,set1_rep64,original-openmp,mimalloc,64
newdxx_g,BaTiO3_nat005,64000,27609,16,10,78.838000,set1_rep64,original-openmp,mimalloc,64
newdxx_g,BaTiO3_nat005,64000,27609,16,11,79.123000,set1_rep64,original-openmp,mimalloc,64
newdxx_g,BaTiO3_nat005,64000,27609,16,12,79.119000,set1_rep64,original-openmp,mimalloc,64
newdxx_g,BaTiO3_nat005,64000,27609,16,13,78.747000,set1_rep64,original-openmp,mimalloc,64
newdxx_g,BaTiO3_nat005,64000,27609,16,14,78.063000,set1_rep64,original-openmp,mimalloc,64
newdxx_g,BaTiO3_nat005,64000,27609,16,15,77.920000,set1_rep64,original-openmp,mimalloc,64
newdxx_g,BaTiO3_nat005,64000,27609,16,16,77.947000,set1_rep64,original-openmp,mimalloc,64
newdxx_g,BaTiO3_nat005,64000,27609,16,17,77.848000,set1_rep64,original-openmp,mimalloc,64
newdxx_g,BaTiO3_nat005,64000,27609,16,18,78.047000,set1_rep64,original-openmp,mimalloc,64
newdxx_g,BaTiO3_nat005,64000,27609,16,19,78.179000,set1_rep64,original-openmp,mimalloc,64
newdxx_g,BaTiO3_nat005,64000,27609,32,0,41.979000,set1_rep64,original-openmp,mimalloc,64
newdxx_g,BaTiO3_nat005,64000,27609,32,1,41.765000,set1_rep64,original-openmp,mimalloc,64
newdxx_g,BaTiO3_nat005,64000,27609,32,2,41.584000,set1_rep64,original-openmp,mimalloc,64
newdxx_g,BaTiO3_nat005,64000,27609,32,3,41.924000,set1_rep64,original-openmp,mimalloc,64
newdxx_g,BaTiO3_nat005,64000,27609,32,4,41.866000,set1_rep64,original-openmp,mimalloc,64
newdxx_g,BaTiO3_nat005,64000,27609,32,5,41.809000,set1_rep64,original-openmp,mimalloc,64
newdxx_g,BaTiO3_nat005,64000,27609,32,6,41.680000,set1_rep64,original-openmp,mimalloc,64
newdxx_g,BaTiO3_nat005,64000,27609,32,7,42.089000,set1_rep64,original-openmp,mimalloc,64
newdxx_g,BaTiO3_nat005,64000,27609,32,8,42.240000,set1_rep64,original-openmp,mimalloc,64
newdxx_g,BaTiO3_nat005,64000,27609,32,9,41.725000,set1_rep64,original-openmp,mimalloc,64
newdxx_g,BaTiO3_nat005,64000,27609,32,10,42.076000,set1_rep64,original-openmp,mimalloc,64
newdxx_g,BaTiO3_nat005,64000,27609,32,11,41.276000,set1_rep64,original-openmp,mimalloc,64
newdxx_g,BaTiO3_nat005,64000,27609,32,12,42.118000,set1_rep64,original-openmp,mimalloc,64
newdxx_g,BaTiO3_nat005,64000,27609,32,13,42.094000,set1_rep64,original-openmp,mimalloc,64
newdxx_g,BaTiO3_nat005,64000,27609,32,14,41.604000,set1_rep64,original-openmp,mimalloc,64
newdxx_g,BaTiO3_nat005,64000,27609,32,15,41.586000,set1_rep64,original-openmp,mimalloc,64
newdxx_g,BaTiO3_nat005,64000,27609,32,16,41.516000,set1_rep64,original-openmp,mimalloc,64
newdxx_g,BaTiO3_nat005,64000,27609,32,17,41.641000,set1_rep64,original-openmp,mimalloc,64
newdxx_g,BaTiO3_nat005,64000,27609,32,18,41.965000,set1_rep64,original-openmp,mimalloc,64
newdxx_g,BaTiO3_nat005,64000,27609,32,19,41.536000,set1_rep64,original-openmp,mimalloc,64
newdxx_g,BaTiO3_nat005,64000,27609,64,0,25.554000,set1_rep64,original-openmp,mimalloc,64
newdxx_g,BaTiO3_nat005,64000,27609,64,1,22.984000,set1_rep64,original-openmp,mimalloc,64
newdxx_g,BaTiO3_nat005,64000,27609,64,2,22.963000,set1_rep64,original-openmp,mimalloc,64
newdxx_g,BaTiO3_nat005,64000,27609,64,3,24.406000,set1_rep64,original-openmp,mimalloc,64
newdxx_g,BaTiO3_nat005,64000,27609,64,4,23.791000,set1_rep64,original-openmp,mimalloc,64
newdxx_g,BaTiO3_nat005,64000,27609,64,5,22.907000,set1_rep64,original-openmp,mimalloc,64
newdxx_g,BaTiO3_nat005,64000,27609,64,6,22.916000,set1_rep64,original-openmp,mimalloc,64
newdxx_g,BaTiO3_nat005,64000,27609,64,7,23.182000,set1_rep64,original-openmp,mimalloc,64
newdxx_g,BaTiO3_nat005,64000,27609,64,8,23.210000,set1_rep64,original-openmp,mimalloc,64
newdxx_g,BaTiO3_nat005,64000,27609,64,9,25.351000,set1_rep64,original-openmp,mimalloc,64
newdxx_g,BaTiO3_nat005,64000,27609,64,10,22.913000,set1_rep64,original-openmp,mimalloc,64
newdxx_g,BaTiO3_nat005,64000,27609,64,11,22.738000,set1_rep64,original-openmp,mimalloc,64
newdxx_g,BaTiO3_nat005,64000,27609,64,12,25.424000,set1_rep64,original-openmp,mimalloc,64
newdxx_g,BaTiO3_nat005,64000,27609,64,13,23.755000,set1_rep64,original-openmp,mimalloc,64
newdxx_g,BaTiO3_nat005,64000,27609,64,14,23.162000,set1_rep64,original-openmp,mimalloc,64
newdxx_g,BaTiO3_nat005,64000,27609,64,15,22.936000,set1_rep64,original-openmp,mimalloc,64
newdxx_g,BaTiO3_nat005,64000,27609,64,16,23.167000,set1_rep64,original-openmp,mimalloc,64
newdxx_g,BaTiO3_nat005,64000,27609,64,17,23.897000,set1_rep64,original-openmp,mimalloc,64
newdxx_g,BaTiO3_nat005,64000,27609,64,18,26.943000,set1_rep64,original-openmp,mimalloc,64
newdxx_g,BaTiO3_nat005,64000,27609,64,19,22.868000,set1_rep64,original-openmp,mimalloc,64
newdxx_g,BaTiO3_nat005,64000,27609,72,0,27.140000,set1_rep64,original-openmp,mimalloc,64
newdxx_g,BaTiO3_nat005,64000,27609,72,1,22.695000,set1_rep64,original-openmp,mimalloc,64
newdxx_g,BaTiO3_nat005,64000,27609,72,2,22.932000,set1_rep64,original-openmp,mimalloc,64
newdxx_g,BaTiO3_nat005,64000,27609,72,3,26.871000,set1_rep64,original-openmp,mimalloc,64
newdxx_g,BaTiO3_nat005,64000,27609,72,4,23.779000,set1_rep64,original-openmp,mimalloc,64
newdxx_g,BaTiO3_nat005,64000,27609,72,5,22.677000,set1_rep64,original-openmp,mimalloc,64
newdxx_g,BaTiO3_nat005,64000,27609,72,6,23.064000,set1_rep64,original-openmp,mimalloc,64
newdxx_g,BaTiO3_nat005,64000,27609,72,7,24.546000,set1_rep64,original-openmp,mimalloc,64
newdxx_g,BaTiO3_nat005,64000,27609,72,8,22.930000,set1_rep64,original-openmp,mimalloc,64
newdxx_g,BaTiO3_nat005,64000,27609,72,9,23.066000,set1_rep64,original-openmp,mimalloc,64
newdxx_g,BaTiO3_nat005,64000,27609,72,10,23.299000,set1_rep64,original-openmp,mimalloc,64
newdxx_g,BaTiO3_nat005,64000,27609,72,11,23.110000,set1_rep64,original-openmp,mimalloc,64
newdxx_g,BaTiO3_nat005,64000,27609,72,12,27.313000,set1_rep64,original-openmp,mimalloc,64
newdxx_g,BaTiO3_nat005,64000,27609,72,13,23.873000,set1_rep64,original-openmp,mimalloc,64
newdxx_g,BaTiO3_nat005,64000,27609,72,14,23.226000,set1_rep64,original-openmp,mimalloc,64
newdxx_g,BaTiO3_nat005,64000,27609,72,15,22.865000,set1_rep64,original-openmp,mimalloc,64
newdxx_g,BaTiO3_nat005,64000,27609,72,16,24.044000,set1_rep64,original-openmp,mimalloc,64
newdxx_g,BaTiO3_nat005,64000,27609,72,17,23.511000,set1_rep64,original-openmp,mimalloc,64
newdxx_g,BaTiO3_nat005,64000,27609,72,18,23.310000,set1_rep64,original-openmp,mimalloc,64
newdxx_g,BaTiO3_nat005,64000,27609,72,19,23.221000,set1_rep64,original-openmp,mimalloc,64
newdxx_g,BaO_nat002,64000,18643,1,0,10.133000,set0,flang-openmp,mimalloc,1
newdxx_g,BaO_nat002,64000,18643,1,1,10.315000,set0,flang-openmp,mimalloc,1
newdxx_g,BaO_nat002,64000,18643,1,2,10.197000,set0,flang-openmp,mimalloc,1
newdxx_g,BaO_nat002,64000,18643,1,3,10.232000,set0,flang-openmp,mimalloc,1
newdxx_g,BaO_nat002,64000,18643,1,4,10.163000,set0,flang-openmp,mimalloc,1
newdxx_g,BaO_nat002,64000,18643,1,5,10.055000,set0,flang-openmp,mimalloc,1
newdxx_g,BaO_nat002,64000,18643,1,6,10.083000,set0,flang-openmp,mimalloc,1
newdxx_g,BaO_nat002,64000,18643,1,7,10.214000,set0,flang-openmp,mimalloc,1
newdxx_g,BaO_nat002,64000,18643,1,8,10.062000,set0,flang-openmp,mimalloc,1
newdxx_g,BaO_nat002,64000,18643,1,9,10.231000,set0,flang-openmp,mimalloc,1
newdxx_g,BaO_nat002,64000,18643,1,10,10.149000,set0,flang-openmp,mimalloc,1
newdxx_g,BaO_nat002,64000,18643,1,11,10.158000,set0,flang-openmp,mimalloc,1
newdxx_g,BaO_nat002,64000,18643,1,12,10.189000,set0,flang-openmp,mimalloc,1
newdxx_g,BaO_nat002,64000,18643,1,13,10.154000,set0,flang-openmp,mimalloc,1
newdxx_g,BaO_nat002,64000,18643,1,14,10.133000,set0,flang-openmp,mimalloc,1
newdxx_g,BaO_nat002,64000,18643,1,15,10.117000,set0,flang-openmp,mimalloc,1
newdxx_g,BaO_nat002,64000,18643,1,16,10.137000,set0,flang-openmp,mimalloc,1
newdxx_g,BaO_nat002,64000,18643,1,17,10.157000,set0,flang-openmp,mimalloc,1
newdxx_g,BaO_nat002,64000,18643,1,18,10.107000,set0,flang-openmp,mimalloc,1
newdxx_g,BaO_nat002,64000,18643,1,19,10.093000,set0,flang-openmp,mimalloc,1
newdxx_g,BaO_nat002,64000,18643,2,0,8.404000,set0,flang-openmp,mimalloc,1
newdxx_g,BaO_nat002,64000,18643,2,1,8.367000,set0,flang-openmp,mimalloc,1
newdxx_g,BaO_nat002,64000,18643,2,2,8.378000,set0,flang-openmp,mimalloc,1
newdxx_g,BaO_nat002,64000,18643,2,3,8.323000,set0,flang-openmp,mimalloc,1
newdxx_g,BaO_nat002,64000,18643,2,4,8.386000,set0,flang-openmp,mimalloc,1
newdxx_g,BaO_nat002,64000,18643,2,5,8.309000,set0,flang-openmp,mimalloc,1
newdxx_g,BaO_nat002,64000,18643,2,6,8.294000,set0,flang-openmp,mimalloc,1
newdxx_g,BaO_nat002,64000,18643,2,7,8.348000,set0,flang-openmp,mimalloc,1
newdxx_g,BaO_nat002,64000,18643,2,8,8.394000,set0,flang-openmp,mimalloc,1
newdxx_g,BaO_nat002,64000,18643,2,9,8.276000,set0,flang-openmp,mimalloc,1
newdxx_g,BaO_nat002,64000,18643,2,10,8.250000,set0,flang-openmp,mimalloc,1
newdxx_g,BaO_nat002,64000,18643,2,11,8.263000,set0,flang-openmp,mimalloc,1
newdxx_g,BaO_nat002,64000,18643,2,12,8.265000,set0,flang-openmp,mimalloc,1
newdxx_g,BaO_nat002,64000,18643,2,13,8.299000,set0,flang-openmp,mimalloc,1
newdxx_g,BaO_nat002,64000,18643,2,14,8.303000,set0,flang-openmp,mimalloc,1
newdxx_g,BaO_nat002,64000,18643,2,15,8.204000,set0,flang-openmp,mimalloc,1
newdxx_g,BaO_nat002,64000,18643,2,16,8.275000,set0,flang-openmp,mimalloc,1
newdxx_g,BaO_nat002,64000,18643,2,17,8.301000,set0,flang-openmp,mimalloc,1
newdxx_g,BaO_nat002,64000,18643,2,18,8.259000,set0,flang-openmp,mimalloc,1
newdxx_g,BaO_nat002,64000,18643,2,19,8.266000,set0,flang-openmp,mimalloc,1
newdxx_g,BaO_nat002,64000,18643,4,0,8.769000,set0,flang-openmp,mimalloc,1
newdxx_g,BaO_nat002,64000,18643,4,1,8.446000,set0,flang-openmp,mimalloc,1
newdxx_g,BaO_nat002,64000,18643,4,2,8.360000,set0,flang-openmp,mimalloc,1
newdxx_g,BaO_nat002,64000,18643,4,3,8.389000,set0,flang-openmp,mimalloc,1
newdxx_g,BaO_nat002,64000,18643,4,4,8.309000,set0,flang-openmp,mimalloc,1
newdxx_g,BaO_nat002,64000,18643,4,5,8.365000,set0,flang-openmp,mimalloc,1
newdxx_g,BaO_nat002,64000,18643,4,6,8.355000,set0,flang-openmp,mimalloc,1
newdxx_g,BaO_nat002,64000,18643,4,7,8.521000,set0,flang-openmp,mimalloc,1
newdxx_g,BaO_nat002,64000,18643,4,8,8.355000,set0,flang-openmp,mimalloc,1
newdxx_g,BaO_nat002,64000,18643,4,9,8.369000,set0,flang-openmp,mimalloc,1
newdxx_g,BaO_nat002,64000,18643,4,10,8.401000,set0,flang-openmp,mimalloc,1
newdxx_g,BaO_nat002,64000,18643,4,11,8.407000,set0,flang-openmp,mimalloc,1
newdxx_g,BaO_nat002,64000,18643,4,12,8.344000,set0,flang-openmp,mimalloc,1
newdxx_g,BaO_nat002,64000,18643,4,13,8.607000,set0,flang-openmp,mimalloc,1
newdxx_g,BaO_nat002,64000,18643,4,14,8.366000,set0,flang-openmp,mimalloc,1
newdxx_g,BaO_nat002,64000,18643,4,15,8.328000,set0,flang-openmp,mimalloc,1
newdxx_g,BaO_nat002,64000,18643,4,16,8.315000,set0,flang-openmp,mimalloc,1
newdxx_g,BaO_nat002,64000,18643,4,17,8.287000,set0,flang-openmp,mimalloc,1
newdxx_g,BaO_nat002,64000,18643,4,18,8.320000,set0,flang-openmp,mimalloc,1
newdxx_g,BaO_nat002,64000,18643,4,19,8.336000,set0,flang-openmp,mimalloc,1
newdxx_g,BaO_nat002,64000,18643,8,0,8.382000,set0,flang-openmp,mimalloc,1
newdxx_g,BaO_nat002,64000,18643,8,1,8.570000,set0,flang-openmp,mimalloc,1
newdxx_g,BaO_nat002,64000,18643,8,2,8.645000,set0,flang-openmp,mimalloc,1
newdxx_g,BaO_nat002,64000,18643,8,3,8.417000,set0,flang-openmp,mimalloc,1
newdxx_g,BaO_nat002,64000,18643,8,4,8.480000,set0,flang-openmp,mimalloc,1
newdxx_g,BaO_nat002,64000,18643,8,5,8.498000,set0,flang-openmp,mimalloc,1
newdxx_g,BaO_nat002,64000,18643,8,6,8.307000,set0,flang-openmp,mimalloc,1
newdxx_g,BaO_nat002,64000,18643,8,7,8.340000,set0,flang-openmp,mimalloc,1
newdxx_g,BaO_nat002,64000,18643,8,8,8.242000,set0,flang-openmp,mimalloc,1
newdxx_g,BaO_nat002,64000,18643,8,9,8.390000,set0,flang-openmp,mimalloc,1
newdxx_g,BaO_nat002,64000,18643,8,10,8.273000,set0,flang-openmp,mimalloc,1
newdxx_g,BaO_nat002,64000,18643,8,11,8.461000,set0,flang-openmp,mimalloc,1
newdxx_g,BaO_nat002,64000,18643,8,12,8.357000,set0,flang-openmp,mimalloc,1
newdxx_g,BaO_nat002,64000,18643,8,13,11.426000,set0,flang-openmp,mimalloc,1
newdxx_g,BaO_nat002,64000,18643,8,14,13.814000,set0,flang-openmp,mimalloc,1
newdxx_g,BaO_nat002,64000,18643,8,15,11.782000,set0,flang-openmp,mimalloc,1
newdxx_g,BaO_nat002,64000,18643,8,16,8.310000,set0,flang-openmp,mimalloc,1
newdxx_g,BaO_nat002,64000,18643,8,17,8.272000,set0,flang-openmp,mimalloc,1
newdxx_g,BaO_nat002,64000,18643,8,18,8.290000,set0,flang-openmp,mimalloc,1
newdxx_g,BaO_nat002,64000,18643,8,19,8.299000,set0,flang-openmp,mimalloc,1
newdxx_g,BaO_nat002,64000,18643,16,0,8.482000,set0,flang-openmp,mimalloc,1
newdxx_g,BaO_nat002,64000,18643,16,1,8.454000,set0,flang-openmp,mimalloc,1
newdxx_g,BaO_nat002,64000,18643,16,2,8.441000,set0,flang-openmp,mimalloc,1
newdxx_g,BaO_nat002,64000,18643,16,3,8.455000,set0,flang-openmp,mimalloc,1
newdxx_g,BaO_nat002,64000,18643,16,4,8.378000,set0,flang-openmp,mimalloc,1
newdxx_g,BaO_nat002,64000,18643,16,5,8.452000,set0,flang-openmp,mimalloc,1
newdxx_g,BaO_nat002,64000,18643,16,6,8.365000,set0,flang-openmp,mimalloc,1
newdxx_g,BaO_nat002,64000,18643,16,7,8.303000,set0,flang-openmp,mimalloc,1
newdxx_g,BaO_nat002,64000,18643,16,8,8.306000,set0,flang-openmp,mimalloc,1
newdxx_g,BaO_nat002,64000,18643,16,9,8.344000,set0,flang-openmp,mimalloc,1
newdxx_g,BaO_nat002,64000,18643,16,10,8.340000,set0,flang-openmp,mimalloc,1
newdxx_g,BaO_nat002,64000,18643,16,11,8.350000,set0,flang-openmp,mimalloc,1
newdxx_g,BaO_nat002,64000,18643,16,12,8.693000,set0,flang-openmp,mimalloc,1
newdxx_g,BaO_nat002,64000,18643,16,13,8.768000,set0,flang-openmp,mimalloc,1
newdxx_g,BaO_nat002,64000,18643,16,14,8.359000,set0,flang-openmp,mimalloc,1
newdxx_g,BaO_nat002,64000,18643,16,15,8.459000,set0,flang-openmp,mimalloc,1
newdxx_g,BaO_nat002,64000,18643,16,16,8.279000,set0,flang-openmp,mimalloc,1
newdxx_g,BaO_nat002,64000,18643,16,17,8.579000,set0,flang-openmp,mimalloc,1
newdxx_g,BaO_nat002,64000,18643,16,18,8.298000,set0,flang-openmp,mimalloc,1
newdxx_g,BaO_nat002,64000,18643,16,19,8.468000,set0,flang-openmp,mimalloc,1
newdxx_g,BaO_nat002,64000,18643,32,0,8.343000,set0,flang-openmp,mimalloc,1
newdxx_g,BaO_nat002,64000,18643,32,1,8.938000,set0,flang-openmp,mimalloc,1
newdxx_g,BaO_nat002,64000,18643,32,2,8.709000,set0,flang-openmp,mimalloc,1
newdxx_g,BaO_nat002,64000,18643,32,3,8.328000,set0,flang-openmp,mimalloc,1
newdxx_g,BaO_nat002,64000,18643,32,4,8.305000,set0,flang-openmp,mimalloc,1
newdxx_g,BaO_nat002,64000,18643,32,5,8.366000,set0,flang-openmp,mimalloc,1
newdxx_g,BaO_nat002,64000,18643,32,6,8.358000,set0,flang-openmp,mimalloc,1
newdxx_g,BaO_nat002,64000,18643,32,7,8.389000,set0,flang-openmp,mimalloc,1
newdxx_g,BaO_nat002,64000,18643,32,8,8.411000,set0,flang-openmp,mimalloc,1
newdxx_g,BaO_nat002,64000,18643,32,9,8.383000,set0,flang-openmp,mimalloc,1
newdxx_g,BaO_nat002,64000,18643,32,10,8.355000,set0,flang-openmp,mimalloc,1
newdxx_g,BaO_nat002,64000,18643,32,11,8.317000,set0,flang-openmp,mimalloc,1
newdxx_g,BaO_nat002,64000,18643,32,12,8.257000,set0,flang-openmp,mimalloc,1
newdxx_g,BaO_nat002,64000,18643,32,13,8.368000,set0,flang-openmp,mimalloc,1
newdxx_g,BaO_nat002,64000,18643,32,14,8.323000,set0,flang-openmp,mimalloc,1
newdxx_g,BaO_nat002,64000,18643,32,15,8.359000,set0,flang-openmp,mimalloc,1
newdxx_g,BaO_nat002,64000,18643,32,16,8.297000,set0,flang-openmp,mimalloc,1
newdxx_g,BaO_nat002,64000,18643,32,17,8.299000,set0,flang-openmp,mimalloc,1
newdxx_g,BaO_nat002,64000,18643,32,18,8.275000,set0,flang-openmp,mimalloc,1
newdxx_g,BaO_nat002,64000,18643,32,19,8.305000,set0,flang-openmp,mimalloc,1
newdxx_g,BaO_nat002,64000,18643,64,0,8.448000,set0,flang-openmp,mimalloc,1
newdxx_g,BaO_nat002,64000,18643,64,1,8.478000,set0,flang-openmp,mimalloc,1
newdxx_g,BaO_nat002,64000,18643,64,2,8.471000,set0,flang-openmp,mimalloc,1
newdxx_g,BaO_nat002,64000,18643,64,3,8.409000,set0,flang-openmp,mimalloc,1
newdxx_g,BaO_nat002,64000,18643,64,4,8.439000,set0,flang-openmp,mimalloc,1
newdxx_g,BaO_nat002,64000,18643,64,5,8.405000,set0,flang-openmp,mimalloc,1
newdxx_g,BaO_nat002,64000,18643,64,6,8.296000,set0,flang-openmp,mimalloc,1
newdxx_g,BaO_nat002,64000,18643,64,7,8.348000,set0,flang-openmp,mimalloc,1
newdxx_g,BaO_nat002,64000,18643,64,8,8.334000,set0,flang-openmp,mimalloc,1
newdxx_g,BaO_nat002,64000,18643,64,9,8.326000,set0,flang-openmp,mimalloc,1
newdxx_g,BaO_nat002,64000,18643,64,10,8.294000,set0,flang-openmp,mimalloc,1
newdxx_g,BaO_nat002,64000,18643,64,11,8.236000,set0,flang-openmp,mimalloc,1
newdxx_g,BaO_nat002,64000,18643,64,12,8.338000,set0,flang-openmp,mimalloc,1
newdxx_g,BaO_nat002,64000,18643,64,13,8.359000,set0,flang-openmp,mimalloc,1
newdxx_g,BaO_nat002,64000,18643,64,14,8.513000,set0,flang-openmp,mimalloc,1
newdxx_g,BaO_nat002,64000,18643,64,15,8.375000,set0,flang-openmp,mimalloc,1
newdxx_g,BaO_nat002,64000,18643,64,16,8.134000,set0,flang-openmp,mimalloc,1
newdxx_g,BaO_nat002,64000,18643,64,17,8.391000,set0,flang-openmp,mimalloc,1
newdxx_g,BaO_nat002,64000,18643,64,18,8.464000,set0,flang-openmp,mimalloc,1
newdxx_g,BaO_nat002,64000,18643,64,19,8.407000,set0,flang-openmp,mimalloc,1
newdxx_g,BaO_nat002,64000,18643,72,0,8.547000,set0,flang-openmp,mimalloc,1
newdxx_g,BaO_nat002,64000,18643,72,1,8.329000,set0,flang-openmp,mimalloc,1
newdxx_g,BaO_nat002,64000,18643,72,2,8.326000,set0,flang-openmp,mimalloc,1
newdxx_g,BaO_nat002,64000,18643,72,3,8.381000,set0,flang-openmp,mimalloc,1
newdxx_g,BaO_nat002,64000,18643,72,4,8.305000,set0,flang-openmp,mimalloc,1
newdxx_g,BaO_nat002,64000,18643,72,5,8.259000,set0,flang-openmp,mimalloc,1
newdxx_g,BaO_nat002,64000,18643,72,6,8.195000,set0,flang-openmp,mimalloc,1
newdxx_g,BaO_nat002,64000,18643,72,7,8.308000,set0,flang-openmp,mimalloc,1
newdxx_g,BaO_nat002,64000,18643,72,8,8.303000,set0,flang-openmp,mimalloc,1
newdxx_g,BaO_nat002,64000,18643,72,9,8.304000,set0,flang-openmp,mimalloc,1
newdxx_g,BaO_nat002,64000,18643,72,10,8.279000,set0,flang-openmp,mimalloc,1
newdxx_g,BaO_nat002,64000,18643,72,11,8.261000,set0,flang-openmp,mimalloc,1
newdxx_g,BaO_nat002,64000,18643,72,12,8.281000,set0,flang-openmp,mimalloc,1
newdxx_g,BaO_nat002,64000,18643,72,13,8.295000,set0,flang-openmp,mimalloc,1
newdxx_g,BaO_nat002,64000,18643,72,14,8.243000,set0,flang-openmp,mimalloc,1
newdxx_g,BaO_nat002,64000,18643,72,15,8.252000,set0,flang-openmp,mimalloc,1
newdxx_g,BaO_nat002,64000,18643,72,16,8.300000,set0,flang-openmp,mimalloc,1
newdxx_g,BaO_nat002,64000,18643,72,17,8.265000,set0,flang-openmp,mimalloc,1
newdxx_g,BaO_nat002,64000,18643,72,18,8.254000,set0,flang-openmp,mimalloc,1
newdxx_g,BaO_nat002,64000,18643,72,19,8.325000,set0,flang-openmp,mimalloc,1
newdxx_g,BaO_nat002,64000,18643,1,0,552.600000,set0_rep64,flang-openmp,mimalloc,64
newdxx_g,BaO_nat002,64000,18643,1,1,553.139000,set0_rep64,flang-openmp,mimalloc,64
newdxx_g,BaO_nat002,64000,18643,1,2,550.722000,set0_rep64,flang-openmp,mimalloc,64
newdxx_g,BaO_nat002,64000,18643,1,3,553.256000,set0_rep64,flang-openmp,mimalloc,64
newdxx_g,BaO_nat002,64000,18643,1,4,551.865000,set0_rep64,flang-openmp,mimalloc,64
newdxx_g,BaO_nat002,64000,18643,1,5,552.639000,set0_rep64,flang-openmp,mimalloc,64
newdxx_g,BaO_nat002,64000,18643,1,6,554.409000,set0_rep64,flang-openmp,mimalloc,64
newdxx_g,BaO_nat002,64000,18643,1,7,554.490000,set0_rep64,flang-openmp,mimalloc,64
newdxx_g,BaO_nat002,64000,18643,1,8,556.871000,set0_rep64,flang-openmp,mimalloc,64
newdxx_g,BaO_nat002,64000,18643,1,9,559.122000,set0_rep64,flang-openmp,mimalloc,64
newdxx_g,BaO_nat002,64000,18643,1,10,556.018000,set0_rep64,flang-openmp,mimalloc,64
newdxx_g,BaO_nat002,64000,18643,1,11,563.914000,set0_rep64,flang-openmp,mimalloc,64
newdxx_g,BaO_nat002,64000,18643,1,12,569.726000,set0_rep64,flang-openmp,mimalloc,64
newdxx_g,BaO_nat002,64000,18643,1,13,553.706000,set0_rep64,flang-openmp,mimalloc,64
newdxx_g,BaO_nat002,64000,18643,1,14,551.365000,set0_rep64,flang-openmp,mimalloc,64
newdxx_g,BaO_nat002,64000,18643,1,15,551.984000,set0_rep64,flang-openmp,mimalloc,64
newdxx_g,BaO_nat002,64000,18643,1,16,554.119000,set0_rep64,flang-openmp,mimalloc,64
newdxx_g,BaO_nat002,64000,18643,1,17,552.500000,set0_rep64,flang-openmp,mimalloc,64
newdxx_g,BaO_nat002,64000,18643,1,18,552.338000,set0_rep64,flang-openmp,mimalloc,64
newdxx_g,BaO_nat002,64000,18643,1,19,554.503000,set0_rep64,flang-openmp,mimalloc,64
newdxx_g,BaO_nat002,64000,18643,2,0,295.818000,set0_rep64,flang-openmp,mimalloc,64
newdxx_g,BaO_nat002,64000,18643,2,1,292.619000,set0_rep64,flang-openmp,mimalloc,64
newdxx_g,BaO_nat002,64000,18643,2,2,292.173000,set0_rep64,flang-openmp,mimalloc,64
newdxx_g,BaO_nat002,64000,18643,2,3,291.595000,set0_rep64,flang-openmp,mimalloc,64
newdxx_g,BaO_nat002,64000,18643,2,4,291.331000,set0_rep64,flang-openmp,mimalloc,64
newdxx_g,BaO_nat002,64000,18643,2,5,291.707000,set0_rep64,flang-openmp,mimalloc,64
newdxx_g,BaO_nat002,64000,18643,2,6,291.441000,set0_rep64,flang-openmp,mimalloc,64
newdxx_g,BaO_nat002,64000,18643,2,7,293.327000,set0_rep64,flang-openmp,mimalloc,64
newdxx_g,BaO_nat002,64000,18643,2,8,293.570000,set0_rep64,flang-openmp,mimalloc,64
newdxx_g,BaO_nat002,64000,18643,2,9,294.125000,set0_rep64,flang-openmp,mimalloc,64
newdxx_g,BaO_nat002,64000,18643,2,10,293.961000,set0_rep64,flang-openmp,mimalloc,64
newdxx_g,BaO_nat002,64000,18643,2,11,294.445000,set0_rep64,flang-openmp,mimalloc,64
newdxx_g,BaO_nat002,64000,18643,2,12,293.099000,set0_rep64,flang-openmp,mimalloc,64
newdxx_g,BaO_nat002,64000,18643,2,13,293.071000,set0_rep64,flang-openmp,mimalloc,64
newdxx_g,BaO_nat002,64000,18643,2,14,293.047000,set0_rep64,flang-openmp,mimalloc,64
newdxx_g,BaO_nat002,64000,18643,2,15,292.689000,set0_rep64,flang-openmp,mimalloc,64
newdxx_g,BaO_nat002,64000,18643,2,16,293.280000,set0_rep64,flang-openmp,mimalloc,64
newdxx_g,BaO_nat002,64000,18643,2,17,294.102000,set0_rep64,flang-openmp,mimalloc,64
newdxx_g,BaO_nat002,64000,18643,2,18,292.546000,set0_rep64,flang-openmp,mimalloc,64
newdxx_g,BaO_nat002,64000,18643,2,19,293.131000,set0_rep64,flang-openmp,mimalloc,64
newdxx_g,BaO_nat002,64000,18643,4,0,139.366000,set0_rep64,flang-openmp,mimalloc,64
newdxx_g,BaO_nat002,64000,18643,4,1,139.396000,set0_rep64,flang-openmp,mimalloc,64
newdxx_g,BaO_nat002,64000,18643,4,2,140.099000,set0_rep64,flang-openmp,mimalloc,64
newdxx_g,BaO_nat002,64000,18643,4,3,139.569000,set0_rep64,flang-openmp,mimalloc,64
newdxx_g,BaO_nat002,64000,18643,4,4,139.240000,set0_rep64,flang-openmp,mimalloc,64
newdxx_g,BaO_nat002,64000,18643,4,5,139.404000,set0_rep64,flang-openmp,mimalloc,64
newdxx_g,BaO_nat002,64000,18643,4,6,139.402000,set0_rep64,flang-openmp,mimalloc,64
newdxx_g,BaO_nat002,64000,18643,4,7,139.958000,set0_rep64,flang-openmp,mimalloc,64
newdxx_g,BaO_nat002,64000,18643,4,8,140.079000,set0_rep64,flang-openmp,mimalloc,64
newdxx_g,BaO_nat002,64000,18643,4,9,140.084000,set0_rep64,flang-openmp,mimalloc,64
newdxx_g,BaO_nat002,64000,18643,4,10,139.678000,set0_rep64,flang-openmp,mimalloc,64
newdxx_g,BaO_nat002,64000,18643,4,11,139.741000,set0_rep64,flang-openmp,mimalloc,64
newdxx_g,BaO_nat002,64000,18643,4,12,139.507000,set0_rep64,flang-openmp,mimalloc,64
newdxx_g,BaO_nat002,64000,18643,4,13,139.546000,set0_rep64,flang-openmp,mimalloc,64
newdxx_g,BaO_nat002,64000,18643,4,14,139.306000,set0_rep64,flang-openmp,mimalloc,64
newdxx_g,BaO_nat002,64000,18643,4,15,139.166000,set0_rep64,flang-openmp,mimalloc,64
newdxx_g,BaO_nat002,64000,18643,4,16,139.031000,set0_rep64,flang-openmp,mimalloc,64
newdxx_g,BaO_nat002,64000,18643,4,17,139.896000,set0_rep64,flang-openmp,mimalloc,64
newdxx_g,BaO_nat002,64000,18643,4,18,139.096000,set0_rep64,flang-openmp,mimalloc,64
newdxx_g,BaO_nat002,64000,18643,4,19,139.200000,set0_rep64,flang-openmp,mimalloc,64
newdxx_g,BaO_nat002,64000,18643,8,0,69.971000,set0_rep64,flang-openmp,mimalloc,64
newdxx_g,BaO_nat002,64000,18643,8,1,69.925000,set0_rep64,flang-openmp,mimalloc,64
newdxx_g,BaO_nat002,64000,18643,8,2,70.130000,set0_rep64,flang-openmp,mimalloc,64
newdxx_g,BaO_nat002,64000,18643,8,3,70.054000,set0_rep64,flang-openmp,mimalloc,64
newdxx_g,BaO_nat002,64000,18643,8,4,69.819000,set0_rep64,flang-openmp,mimalloc,64
newdxx_g,BaO_nat002,64000,18643,8,5,70.572000,set0_rep64,flang-openmp,mimalloc,64
newdxx_g,BaO_nat002,64000,18643,8,6,70.036000,set0_rep64,flang-openmp,mimalloc,64
newdxx_g,BaO_nat002,64000,18643,8,7,69.716000,set0_rep64,flang-openmp,mimalloc,64
newdxx_g,BaO_nat002,64000,18643,8,8,69.669000,set0_rep64,flang-openmp,mimalloc,64
newdxx_g,BaO_nat002,64000,18643,8,9,69.979000,set0_rep64,flang-openmp,mimalloc,64
newdxx_g,BaO_nat002,64000,18643,8,10,70.193000,set0_rep64,flang-openmp,mimalloc,64
newdxx_g,BaO_nat002,64000,18643,8,11,70.863000,set0_rep64,flang-openmp,mimalloc,64
newdxx_g,BaO_nat002,64000,18643,8,12,69.919000,set0_rep64,flang-openmp,mimalloc,64
newdxx_g,BaO_nat002,64000,18643,8,13,69.411000,set0_rep64,flang-openmp,mimalloc,64
newdxx_g,BaO_nat002,64000,18643,8,14,69.659000,set0_rep64,flang-openmp,mimalloc,64
newdxx_g,BaO_nat002,64000,18643,8,15,70.001000,set0_rep64,flang-openmp,mimalloc,64
newdxx_g,BaO_nat002,64000,18643,8,16,69.930000,set0_rep64,flang-openmp,mimalloc,64
newdxx_g,BaO_nat002,64000,18643,8,17,69.803000,set0_rep64,flang-openmp,mimalloc,64
newdxx_g,BaO_nat002,64000,18643,8,18,69.920000,set0_rep64,flang-openmp,mimalloc,64
newdxx_g,BaO_nat002,64000,18643,8,19,69.980000,set0_rep64,flang-openmp,mimalloc,64
newdxx_g,BaO_nat002,64000,18643,16,0,36.821000,set0_rep64,flang-openmp,mimalloc,64
newdxx_g,BaO_nat002,64000,18643,16,1,37.545000,set0_rep64,flang-openmp,mimalloc,64
newdxx_g,BaO_nat002,64000,18643,16,2,36.849000,set0_rep64,flang-openmp,mimalloc,64
newdxx_g,BaO_nat002,64000,18643,16,3,37.101000,set0_rep64,flang-openmp,mimalloc,64
newdxx_g,BaO_nat002,64000,18643,16,4,36.887000,set0_rep64,flang-openmp,mimalloc,64
newdxx_g,BaO_nat002,64000,18643,16,5,37.184000,set0_rep64,flang-openmp,mimalloc,64
newdxx_g,BaO_nat002,64000,18643,16,6,36.985000,set0_rep64,flang-openmp,mimalloc,64
newdxx_g,BaO_nat002,64000,18643,16,7,37.507000,set0_rep64,flang-openmp,mimalloc,64
newdxx_g,BaO_nat002,64000,18643,16,8,36.915000,set0_rep64,flang-openmp,mimalloc,64
newdxx_g,BaO_nat002,64000,18643,16,9,37.455000,set0_rep64,flang-openmp,mimalloc,64
newdxx_g,BaO_nat002,64000,18643,16,10,36.659000,set0_rep64,flang-openmp,mimalloc,64
newdxx_g,BaO_nat002,64000,18643,16,11,38.165000,set0_rep64,flang-openmp,mimalloc,64
newdxx_g,BaO_nat002,64000,18643,16,12,37.783000,set0_rep64,flang-openmp,mimalloc,64
newdxx_g,BaO_nat002,64000,18643,16,13,37.034000,set0_rep64,flang-openmp,mimalloc,64
newdxx_g,BaO_nat002,64000,18643,16,14,37.187000,set0_rep64,flang-openmp,mimalloc,64
newdxx_g,BaO_nat002,64000,18643,16,15,37.057000,set0_rep64,flang-openmp,mimalloc,64
newdxx_g,BaO_nat002,64000,18643,16,16,37.195000,set0_rep64,flang-openmp,mimalloc,64
newdxx_g,BaO_nat002,64000,18643,16,17,37.388000,set0_rep64,flang-openmp,mimalloc,64
newdxx_g,BaO_nat002,64000,18643,16,18,36.824000,set0_rep64,flang-openmp,mimalloc,64
newdxx_g,BaO_nat002,64000,18643,16,19,37.114000,set0_rep64,flang-openmp,mimalloc,64
newdxx_g,BaO_nat002,64000,18643,32,0,19.426000,set0_rep64,flang-openmp,mimalloc,64
newdxx_g,BaO_nat002,64000,18643,32,1,19.508000,set0_rep64,flang-openmp,mimalloc,64
newdxx_g,BaO_nat002,64000,18643,32,2,19.399000,set0_rep64,flang-openmp,mimalloc,64
newdxx_g,BaO_nat002,64000,18643,32,3,19.257000,set0_rep64,flang-openmp,mimalloc,64
newdxx_g,BaO_nat002,64000,18643,32,4,18.997000,set0_rep64,flang-openmp,mimalloc,64
newdxx_g,BaO_nat002,64000,18643,32,5,19.606000,set0_rep64,flang-openmp,mimalloc,64
newdxx_g,BaO_nat002,64000,18643,32,6,19.519000,set0_rep64,flang-openmp,mimalloc,64
newdxx_g,BaO_nat002,64000,18643,32,7,19.297000,set0_rep64,flang-openmp,mimalloc,64
newdxx_g,BaO_nat002,64000,18643,32,8,19.586000,set0_rep64,flang-openmp,mimalloc,64
newdxx_g,BaO_nat002,64000,18643,32,9,19.403000,set0_rep64,flang-openmp,mimalloc,64
newdxx_g,BaO_nat002,64000,18643,32,10,19.956000,set0_rep64,flang-openmp,mimalloc,64
newdxx_g,BaO_nat002,64000,18643,32,11,19.418000,set0_rep64,flang-openmp,mimalloc,64
newdxx_g,BaO_nat002,64000,18643,32,12,19.029000,set0_rep64,flang-openmp,mimalloc,64
newdxx_g,BaO_nat002,64000,18643,32,13,19.317000,set0_rep64,flang-openmp,mimalloc,64
newdxx_g,BaO_nat002,64000,18643,32,14,19.223000,set0_rep64,flang-openmp,mimalloc,64
newdxx_g,BaO_nat002,64000,18643,32,15,19.309000,set0_rep64,flang-openmp,mimalloc,64
newdxx_g,BaO_nat002,64000,18643,32,16,19.381000,set0_rep64,flang-openmp,mimalloc,64
newdxx_g,BaO_nat002,64000,18643,32,17,19.899000,set0_rep64,flang-openmp,mimalloc,64
newdxx_g,BaO_nat002,64000,18643,32,18,19.256000,set0_rep64,flang-openmp,mimalloc,64
newdxx_g,BaO_nat002,64000,18643,32,19,19.136000,set0_rep64,flang-openmp,mimalloc,64
newdxx_g,BaO_nat002,64000,18643,64,0,10.216000,set0_rep64,flang-openmp,mimalloc,64
newdxx_g,BaO_nat002,64000,18643,64,1,10.456000,set0_rep64,flang-openmp,mimalloc,64
newdxx_g,BaO_nat002,64000,18643,64,2,10.450000,set0_rep64,flang-openmp,mimalloc,64
newdxx_g,BaO_nat002,64000,18643,64,3,10.308000,set0_rep64,flang-openmp,mimalloc,64
newdxx_g,BaO_nat002,64000,18643,64,4,10.176000,set0_rep64,flang-openmp,mimalloc,64
newdxx_g,BaO_nat002,64000,18643,64,5,10.665000,set0_rep64,flang-openmp,mimalloc,64
newdxx_g,BaO_nat002,64000,18643,64,6,10.271000,set0_rep64,flang-openmp,mimalloc,64
newdxx_g,BaO_nat002,64000,18643,64,7,10.251000,set0_rep64,flang-openmp,mimalloc,64
newdxx_g,BaO_nat002,64000,18643,64,8,10.275000,set0_rep64,flang-openmp,mimalloc,64
newdxx_g,BaO_nat002,64000,18643,64,9,10.168000,set0_rep64,flang-openmp,mimalloc,64
newdxx_g,BaO_nat002,64000,18643,64,10,10.263000,set0_rep64,flang-openmp,mimalloc,64
newdxx_g,BaO_nat002,64000,18643,64,11,10.195000,set0_rep64,flang-openmp,mimalloc,64
newdxx_g,BaO_nat002,64000,18643,64,12,10.146000,set0_rep64,flang-openmp,mimalloc,64
newdxx_g,BaO_nat002,64000,18643,64,13,10.327000,set0_rep64,flang-openmp,mimalloc,64
newdxx_g,BaO_nat002,64000,18643,64,14,10.308000,set0_rep64,flang-openmp,mimalloc,64
newdxx_g,BaO_nat002,64000,18643,64,15,10.228000,set0_rep64,flang-openmp,mimalloc,64
newdxx_g,BaO_nat002,64000,18643,64,16,10.156000,set0_rep64,flang-openmp,mimalloc,64
newdxx_g,BaO_nat002,64000,18643,64,17,10.224000,set0_rep64,flang-openmp,mimalloc,64
newdxx_g,BaO_nat002,64000,18643,64,18,10.239000,set0_rep64,flang-openmp,mimalloc,64
newdxx_g,BaO_nat002,64000,18643,64,19,10.115000,set0_rep64,flang-openmp,mimalloc,64
newdxx_g,BaO_nat002,64000,18643,72,0,10.189000,set0_rep64,flang-openmp,mimalloc,64
newdxx_g,BaO_nat002,64000,18643,72,1,10.351000,set0_rep64,flang-openmp,mimalloc,64
newdxx_g,BaO_nat002,64000,18643,72,2,10.192000,set0_rep64,flang-openmp,mimalloc,64
newdxx_g,BaO_nat002,64000,18643,72,3,10.195000,set0_rep64,flang-openmp,mimalloc,64
newdxx_g,BaO_nat002,64000,18643,72,4,10.254000,set0_rep64,flang-openmp,mimalloc,64
newdxx_g,BaO_nat002,64000,18643,72,5,10.205000,set0_rep64,flang-openmp,mimalloc,64
newdxx_g,BaO_nat002,64000,18643,72,6,10.405000,set0_rep64,flang-openmp,mimalloc,64
newdxx_g,BaO_nat002,64000,18643,72,7,10.295000,set0_rep64,flang-openmp,mimalloc,64
newdxx_g,BaO_nat002,64000,18643,72,8,10.142000,set0_rep64,flang-openmp,mimalloc,64
newdxx_g,BaO_nat002,64000,18643,72,9,10.077000,set0_rep64,flang-openmp,mimalloc,64
newdxx_g,BaO_nat002,64000,18643,72,10,10.351000,set0_rep64,flang-openmp,mimalloc,64
newdxx_g,BaO_nat002,64000,18643,72,11,10.244000,set0_rep64,flang-openmp,mimalloc,64
newdxx_g,BaO_nat002,64000,18643,72,12,10.370000,set0_rep64,flang-openmp,mimalloc,64
newdxx_g,BaO_nat002,64000,18643,72,13,10.467000,set0_rep64,flang-openmp,mimalloc,64
newdxx_g,BaO_nat002,64000,18643,72,14,10.529000,set0_rep64,flang-openmp,mimalloc,64
newdxx_g,BaO_nat002,64000,18643,72,15,10.355000,set0_rep64,flang-openmp,mimalloc,64
newdxx_g,BaO_nat002,64000,18643,72,16,10.593000,set0_rep64,flang-openmp,mimalloc,64
newdxx_g,BaO_nat002,64000,18643,72,17,10.340000,set0_rep64,flang-openmp,mimalloc,64
newdxx_g,BaO_nat002,64000,18643,72,18,10.652000,set0_rep64,flang-openmp,mimalloc,64
newdxx_g,BaO_nat002,64000,18643,72,19,10.315000,set0_rep64,flang-openmp,mimalloc,64
newdxx_g,BaO_nat002,64000,18643,1,0,10.329000,set1,flang-openmp,mimalloc,1
newdxx_g,BaO_nat002,64000,18643,1,1,10.459000,set1,flang-openmp,mimalloc,1
newdxx_g,BaO_nat002,64000,18643,1,2,10.236000,set1,flang-openmp,mimalloc,1
newdxx_g,BaO_nat002,64000,18643,1,3,10.225000,set1,flang-openmp,mimalloc,1
newdxx_g,BaO_nat002,64000,18643,1,4,10.248000,set1,flang-openmp,mimalloc,1
newdxx_g,BaO_nat002,64000,18643,1,5,10.233000,set1,flang-openmp,mimalloc,1
newdxx_g,BaO_nat002,64000,18643,1,6,10.086000,set1,flang-openmp,mimalloc,1
newdxx_g,BaO_nat002,64000,18643,1,7,10.075000,set1,flang-openmp,mimalloc,1
newdxx_g,BaO_nat002,64000,18643,1,8,10.123000,set1,flang-openmp,mimalloc,1
newdxx_g,BaO_nat002,64000,18643,1,9,10.106000,set1,flang-openmp,mimalloc,1
newdxx_g,BaO_nat002,64000,18643,1,10,10.048000,set1,flang-openmp,mimalloc,1
newdxx_g,BaO_nat002,64000,18643,1,11,10.068000,set1,flang-openmp,mimalloc,1
newdxx_g,BaO_nat002,64000,18643,1,12,10.122000,set1,flang-openmp,mimalloc,1
newdxx_g,BaO_nat002,64000,18643,1,13,10.002000,set1,flang-openmp,mimalloc,1
newdxx_g,BaO_nat002,64000,18643,1,14,10.088000,set1,flang-openmp,mimalloc,1
newdxx_g,BaO_nat002,64000,18643,1,15,9.891000,set1,flang-openmp,mimalloc,1
newdxx_g,BaO_nat002,64000,18643,1,16,10.026000,set1,flang-openmp,mimalloc,1
newdxx_g,BaO_nat002,64000,18643,1,17,9.959000,set1,flang-openmp,mimalloc,1
newdxx_g,BaO_nat002,64000,18643,1,18,9.826000,set1,flang-openmp,mimalloc,1
newdxx_g,BaO_nat002,64000,18643,1,19,9.896000,set1,flang-openmp,mimalloc,1
newdxx_g,BaO_nat002,64000,18643,2,0,8.443000,set1,flang-openmp,mimalloc,1
newdxx_g,BaO_nat002,64000,18643,2,1,8.490000,set1,flang-openmp,mimalloc,1
newdxx_g,BaO_nat002,64000,18643,2,2,8.470000,set1,flang-openmp,mimalloc,1
newdxx_g,BaO_nat002,64000,18643,2,3,8.347000,set1,flang-openmp,mimalloc,1
newdxx_g,BaO_nat002,64000,18643,2,4,8.454000,set1,flang-openmp,mimalloc,1
newdxx_g,BaO_nat002,64000,18643,2,5,8.319000,set1,flang-openmp,mimalloc,1
newdxx_g,BaO_nat002,64000,18643,2,6,8.326000,set1,flang-openmp,mimalloc,1
newdxx_g,BaO_nat002,64000,18643,2,7,8.329000,set1,flang-openmp,mimalloc,1
newdxx_g,BaO_nat002,64000,18643,2,8,8.293000,set1,flang-openmp,mimalloc,1
newdxx_g,BaO_nat002,64000,18643,2,9,8.262000,set1,flang-openmp,mimalloc,1
newdxx_g,BaO_nat002,64000,18643,2,10,8.304000,set1,flang-openmp,mimalloc,1
newdxx_g,BaO_nat002,64000,18643,2,11,8.303000,set1,flang-openmp,mimalloc,1
newdxx_g,BaO_nat002,64000,18643,2,12,8.334000,set1,flang-openmp,mimalloc,1
newdxx_g,BaO_nat002,64000,18643,2,13,8.300000,set1,flang-openmp,mimalloc,1
newdxx_g,BaO_nat002,64000,18643,2,14,8.137000,set1,flang-openmp,mimalloc,1
newdxx_g,BaO_nat002,64000,18643,2,15,8.378000,set1,flang-openmp,mimalloc,1
newdxx_g,BaO_nat002,64000,18643,2,16,8.257000,set1,flang-openmp,mimalloc,1
newdxx_g,BaO_nat002,64000,18643,2,17,8.196000,set1,flang-openmp,mimalloc,1
newdxx_g,BaO_nat002,64000,18643,2,18,8.301000,set1,flang-openmp,mimalloc,1
newdxx_g,BaO_nat002,64000,18643,2,19,8.524000,set1,flang-openmp,mimalloc,1
newdxx_g,BaO_nat002,64000,18643,4,0,8.554000,set1,flang-openmp,mimalloc,1
newdxx_g,BaO_nat002,64000,18643,4,1,8.557000,set1,flang-openmp,mimalloc,1
newdxx_g,BaO_nat002,64000,18643,4,2,8.608000,set1,flang-openmp,mimalloc,1
newdxx_g,BaO_nat002,64000,18643,4,3,8.420000,set1,flang-openmp,mimalloc,1
newdxx_g,BaO_nat002,64000,18643,4,4,8.451000,set1,flang-openmp,mimalloc,1
newdxx_g,BaO_nat002,64000,18643,4,5,8.698000,set1,flang-openmp,mimalloc,1
newdxx_g,BaO_nat002,64000,18643,4,6,8.646000,set1,flang-openmp,mimalloc,1
newdxx_g,BaO_nat002,64000,18643,4,7,8.416000,set1,flang-openmp,mimalloc,1
newdxx_g,BaO_nat002,64000,18643,4,8,8.363000,set1,flang-openmp,mimalloc,1
newdxx_g,BaO_nat002,64000,18643,4,9,8.394000,set1,flang-openmp,mimalloc,1
newdxx_g,BaO_nat002,64000,18643,4,10,8.433000,set1,flang-openmp,mimalloc,1
newdxx_g,BaO_nat002,64000,18643,4,11,8.361000,set1,flang-openmp,mimalloc,1
newdxx_g,BaO_nat002,64000,18643,4,12,8.378000,set1,flang-openmp,mimalloc,1
newdxx_g,BaO_nat002,64000,18643,4,13,8.383000,set1,flang-openmp,mimalloc,1
newdxx_g,BaO_nat002,64000,18643,4,14,8.486000,set1,flang-openmp,mimalloc,1
newdxx_g,BaO_nat002,64000,18643,4,15,8.629000,set1,flang-openmp,mimalloc,1
newdxx_g,BaO_nat002,64000,18643,4,16,8.414000,set1,flang-openmp,mimalloc,1
newdxx_g,BaO_nat002,64000,18643,4,17,8.386000,set1,flang-openmp,mimalloc,1
newdxx_g,BaO_nat002,64000,18643,4,18,8.385000,set1,flang-openmp,mimalloc,1
newdxx_g,BaO_nat002,64000,18643,4,19,9.029000,set1,flang-openmp,mimalloc,1
newdxx_g,BaO_nat002,64000,18643,8,0,8.489000,set1,flang-openmp,mimalloc,1
newdxx_g,BaO_nat002,64000,18643,8,1,8.459000,set1,flang-openmp,mimalloc,1
newdxx_g,BaO_nat002,64000,18643,8,2,8.373000,set1,flang-openmp,mimalloc,1
newdxx_g,BaO_nat002,64000,18643,8,3,8.584000,set1,flang-openmp,mimalloc,1
newdxx_g,BaO_nat002,64000,18643,8,4,8.357000,set1,flang-openmp,mimalloc,1
newdxx_g,BaO_nat002,64000,18643,8,5,8.349000,set1,flang-openmp,mimalloc,1
newdxx_g,BaO_nat002,64000,18643,8,6,8.416000,set1,flang-openmp,mimalloc,1
newdxx_g,BaO_nat002,64000,18643,8,7,8.374000,set1,flang-openmp,mimalloc,1
newdxx_g,BaO_nat002,64000,18643,8,8,8.349000,set1,flang-openmp,mimalloc,1
newdxx_g,BaO_nat002,64000,18643,8,9,8.299000,set1,flang-openmp,mimalloc,1
newdxx_g,BaO_nat002,64000,18643,8,10,8.237000,set1,flang-openmp,mimalloc,1
newdxx_g,BaO_nat002,64000,18643,8,11,7.979000,set1,flang-openmp,mimalloc,1
newdxx_g,BaO_nat002,64000,18643,8,12,8.182000,set1,flang-openmp,mimalloc,1
newdxx_g,BaO_nat002,64000,18643,8,13,8.351000,set1,flang-openmp,mimalloc,1
newdxx_g,BaO_nat002,64000,18643,8,14,8.229000,set1,flang-openmp,mimalloc,1
newdxx_g,BaO_nat002,64000,18643,8,15,8.164000,set1,flang-openmp,mimalloc,1
newdxx_g,BaO_nat002,64000,18643,8,16,8.417000,set1,flang-openmp,mimalloc,1
newdxx_g,BaO_nat002,64000,18643,8,17,8.410000,set1,flang-openmp,mimalloc,1
newdxx_g,BaO_nat002,64000,18643,8,18,8.279000,set1,flang-openmp,mimalloc,1
newdxx_g,BaO_nat002,64000,18643,8,19,8.193000,set1,flang-openmp,mimalloc,1
newdxx_g,BaO_nat002,64000,18643,16,0,8.461000,set1,flang-openmp,mimalloc,1
newdxx_g,BaO_nat002,64000,18643,16,1,8.421000,set1,flang-openmp,mimalloc,1
newdxx_g,BaO_nat002,64000,18643,16,2,8.514000,set1,flang-openmp,mimalloc,1
newdxx_g,BaO_nat002,64000,18643,16,3,8.273000,set1,flang-openmp,mimalloc,1
newdxx_g,BaO_nat002,64000,18643,16,4,8.288000,set1,flang-openmp,mimalloc,1
newdxx_g,BaO_nat002,64000,18643,16,5,8.286000,set1,flang-openmp,mimalloc,1
newdxx_g,BaO_nat002,64000,18643,16,6,9.044000,set1,flang-openmp,mimalloc,1
newdxx_g,BaO_nat002,64000,18643,16,7,8.306000,set1,flang-openmp,mimalloc,1
newdxx_g,BaO_nat002,64000,18643,16,8,8.217000,set1,flang-openmp,mimalloc,1
newdxx_g,BaO_nat002,64000,18643,16,9,8.659000,set1,flang-openmp,mimalloc,1
newdxx_g,BaO_nat002,64000,18643,16,10,8.362000,set1,flang-openmp,mimalloc,1
newdxx_g,BaO_nat002,64000,18643,16,11,8.095000,set1,flang-openmp,mimalloc,1
newdxx_g,BaO_nat002,64000,18643,16,12,9.554000,set1,flang-openmp,mimalloc,1
newdxx_g,BaO_nat002,64000,18643,16,13,13.588000,set1,flang-openmp,mimalloc,1
newdxx_g,BaO_nat002,64000,18643,16,14,13.589000,set1,flang-openmp,mimalloc,1
newdxx_g,BaO_nat002,64000,18643,16,15,8.813000,set1,flang-openmp,mimalloc,1
newdxx_g,BaO_nat002,64000,18643,16,16,8.611000,set1,flang-openmp,mimalloc,1
newdxx_g,BaO_nat002,64000,18643,16,17,8.154000,set1,flang-openmp,mimalloc,1
newdxx_g,BaO_nat002,64000,18643,16,18,8.298000,set1,flang-openmp,mimalloc,1
newdxx_g,BaO_nat002,64000,18643,16,19,8.342000,set1,flang-openmp,mimalloc,1
newdxx_g,BaO_nat002,64000,18643,32,0,8.302000,set1,flang-openmp,mimalloc,1
newdxx_g,BaO_nat002,64000,18643,32,1,8.410000,set1,flang-openmp,mimalloc,1
newdxx_g,BaO_nat002,64000,18643,32,2,8.320000,set1,flang-openmp,mimalloc,1
newdxx_g,BaO_nat002,64000,18643,32,3,8.324000,set1,flang-openmp,mimalloc,1
newdxx_g,BaO_nat002,64000,18643,32,4,8.439000,set1,flang-openmp,mimalloc,1
newdxx_g,BaO_nat002,64000,18643,32,5,8.356000,set1,flang-openmp,mimalloc,1
newdxx_g,BaO_nat002,64000,18643,32,6,8.703000,set1,flang-openmp,mimalloc,1
newdxx_g,BaO_nat002,64000,18643,32,7,8.664000,set1,flang-openmp,mimalloc,1
newdxx_g,BaO_nat002,64000,18643,32,8,8.300000,set1,flang-openmp,mimalloc,1
newdxx_g,BaO_nat002,64000,18643,32,9,8.227000,set1,flang-openmp,mimalloc,1
newdxx_g,BaO_nat002,64000,18643,32,10,8.446000,set1,flang-openmp,mimalloc,1
newdxx_g,BaO_nat002,64000,18643,32,11,8.607000,set1,flang-openmp,mimalloc,1
newdxx_g,BaO_nat002,64000,18643,32,12,8.394000,set1,flang-openmp,mimalloc,1
newdxx_g,BaO_nat002,64000,18643,32,13,8.308000,set1,flang-openmp,mimalloc,1
newdxx_g,BaO_nat002,64000,18643,32,14,8.263000,set1,flang-openmp,mimalloc,1
newdxx_g,BaO_nat002,64000,18643,32,15,8.202000,set1,flang-openmp,mimalloc,1
newdxx_g,BaO_nat002,64000,18643,32,16,8.218000,set1,flang-openmp,mimalloc,1
newdxx_g,BaO_nat002,64000,18643,32,17,8.247000,set1,flang-openmp,mimalloc,1
newdxx_g,BaO_nat002,64000,18643,32,18,8.246000,set1,flang-openmp,mimalloc,1
newdxx_g,BaO_nat002,64000,18643,32,19,8.296000,set1,flang-openmp,mimalloc,1
newdxx_g,BaO_nat002,64000,18643,64,0,8.553000,set1,flang-openmp,mimalloc,1
newdxx_g,BaO_nat002,64000,18643,64,1,8.619000,set1,flang-openmp,mimalloc,1
newdxx_g,BaO_nat002,64000,18643,64,2,8.935000,set1,flang-openmp,mimalloc,1
newdxx_g,BaO_nat002,64000,18643,64,3,8.535000,set1,flang-openmp,mimalloc,1
newdxx_g,BaO_nat002,64000,18643,64,4,9.030000,set1,flang-openmp,mimalloc,1
newdxx_g,BaO_nat002,64000,18643,64,5,8.824000,set1,flang-openmp,mimalloc,1
newdxx_g,BaO_nat002,64000,18643,64,6,8.311000,set1,flang-openmp,mimalloc,1
newdxx_g,BaO_nat002,64000,18643,64,7,8.416000,set1,flang-openmp,mimalloc,1
newdxx_g,BaO_nat002,64000,18643,64,8,8.359000,set1,flang-openmp,mimalloc,1
newdxx_g,BaO_nat002,64000,18643,64,9,8.396000,set1,flang-openmp,mimalloc,1
newdxx_g,BaO_nat002,64000,18643,64,10,8.376000,set1,flang-openmp,mimalloc,1
newdxx_g,BaO_nat002,64000,18643,64,11,8.194000,set1,flang-openmp,mimalloc,1
newdxx_g,BaO_nat002,64000,18643,64,12,8.259000,set1,flang-openmp,mimalloc,1
newdxx_g,BaO_nat002,64000,18643,64,13,8.333000,set1,flang-openmp,mimalloc,1
newdxx_g,BaO_nat002,64000,18643,64,14,8.304000,set1,flang-openmp,mimalloc,1
newdxx_g,BaO_nat002,64000,18643,64,15,8.316000,set1,flang-openmp,mimalloc,1
newdxx_g,BaO_nat002,64000,18643,64,16,8.163000,set1,flang-openmp,mimalloc,1
newdxx_g,BaO_nat002,64000,18643,64,17,8.524000,set1,flang-openmp,mimalloc,1
newdxx_g,BaO_nat002,64000,18643,64,18,8.372000,set1,flang-openmp,mimalloc,1
newdxx_g,BaO_nat002,64000,18643,64,19,8.349000,set1,flang-openmp,mimalloc,1
newdxx_g,BaO_nat002,64000,18643,72,0,8.434000,set1,flang-openmp,mimalloc,1
newdxx_g,BaO_nat002,64000,18643,72,1,8.278000,set1,flang-openmp,mimalloc,1
newdxx_g,BaO_nat002,64000,18643,72,2,8.238000,set1,flang-openmp,mimalloc,1
newdxx_g,BaO_nat002,64000,18643,72,3,8.282000,set1,flang-openmp,mimalloc,1
newdxx_g,BaO_nat002,64000,18643,72,4,8.336000,set1,flang-openmp,mimalloc,1
newdxx_g,BaO_nat002,64000,18643,72,5,8.336000,set1,flang-openmp,mimalloc,1
newdxx_g,BaO_nat002,64000,18643,72,6,8.328000,set1,flang-openmp,mimalloc,1
newdxx_g,BaO_nat002,64000,18643,72,7,8.283000,set1,flang-openmp,mimalloc,1
newdxx_g,BaO_nat002,64000,18643,72,8,8.271000,set1,flang-openmp,mimalloc,1
newdxx_g,BaO_nat002,64000,18643,72,9,8.274000,set1,flang-openmp,mimalloc,1
newdxx_g,BaO_nat002,64000,18643,72,10,8.363000,set1,flang-openmp,mimalloc,1
newdxx_g,BaO_nat002,64000,18643,72,11,8.243000,set1,flang-openmp,mimalloc,1
newdxx_g,BaO_nat002,64000,18643,72,12,8.258000,set1,flang-openmp,mimalloc,1
newdxx_g,BaO_nat002,64000,18643,72,13,8.249000,set1,flang-openmp,mimalloc,1
newdxx_g,BaO_nat002,64000,18643,72,14,8.181000,set1,flang-openmp,mimalloc,1
newdxx_g,BaO_nat002,64000,18643,72,15,8.286000,set1,flang-openmp,mimalloc,1
newdxx_g,BaO_nat002,64000,18643,72,16,8.247000,set1,flang-openmp,mimalloc,1
newdxx_g,BaO_nat002,64000,18643,72,17,8.207000,set1,flang-openmp,mimalloc,1
newdxx_g,BaO_nat002,64000,18643,72,18,8.268000,set1,flang-openmp,mimalloc,1
newdxx_g,BaO_nat002,64000,18643,72,19,8.273000,set1,flang-openmp,mimalloc,1
newdxx_g,BaO_nat002,64000,18643,1,0,553.663000,set1_rep64,flang-openmp,mimalloc,64
newdxx_g,BaO_nat002,64000,18643,1,1,554.854000,set1_rep64,flang-openmp,mimalloc,64
newdxx_g,BaO_nat002,64000,18643,1,2,552.780000,set1_rep64,flang-openmp,mimalloc,64
newdxx_g,BaO_nat002,64000,18643,1,3,551.462000,set1_rep64,flang-openmp,mimalloc,64
newdxx_g,BaO_nat002,64000,18643,1,4,551.201000,set1_rep64,flang-openmp,mimalloc,64
newdxx_g,BaO_nat002,64000,18643,1,5,550.966000,set1_rep64,flang-openmp,mimalloc,64
newdxx_g,BaO_nat002,64000,18643,1,6,553.320000,set1_rep64,flang-openmp,mimalloc,64
newdxx_g,BaO_nat002,64000,18643,1,7,557.858000,set1_rep64,flang-openmp,mimalloc,64
newdxx_g,BaO_nat002,64000,18643,1,8,551.462000,set1_rep64,flang-openmp,mimalloc,64
newdxx_g,BaO_nat002,64000,18643,1,9,552.342000,set1_rep64,flang-openmp,mimalloc,64
newdxx_g,BaO_nat002,64000,18643,1,10,554.546000,set1_rep64,flang-openmp,mimalloc,64
newdxx_g,BaO_nat002,64000,18643,1,11,551.470000,set1_rep64,flang-openmp,mimalloc,64
newdxx_g,BaO_nat002,64000,18643,1,12,583.429000,set1_rep64,flang-openmp,mimalloc,64
newdxx_g,BaO_nat002,64000,18643,1,13,554.901000,set1_rep64,flang-openmp,mimalloc,64
newdxx_g,BaO_nat002,64000,18643,1,14,554.733000,set1_rep64,flang-openmp,mimalloc,64
newdxx_g,BaO_nat002,64000,18643,1,15,557.416000,set1_rep64,flang-openmp,mimalloc,64
newdxx_g,BaO_nat002,64000,18643,1,16,559.721000,set1_rep64,flang-openmp,mimalloc,64
newdxx_g,BaO_nat002,64000,18643,1,17,549.424000,set1_rep64,flang-openmp,mimalloc,64
newdxx_g,BaO_nat002,64000,18643,1,18,549.828000,set1_rep64,flang-openmp,mimalloc,64
newdxx_g,BaO_nat002,64000,18643,1,19,553.824000,set1_rep64,flang-openmp,mimalloc,64
newdxx_g,BaO_nat002,64000,18643,2,0,293.570000,set1_rep64,flang-openmp,mimalloc,64
newdxx_g,BaO_nat002,64000,18643,2,1,293.579000,set1_rep64,flang-openmp,mimalloc,64
newdxx_g,BaO_nat002,64000,18643,2,2,293.141000,set1_rep64,flang-openmp,mimalloc,64
newdxx_g,BaO_nat002,64000,18643,2,3,294.496000,set1_rep64,flang-openmp,mimalloc,64
newdxx_g,BaO_nat002,64000,18643,2,4,294.409000,set1_rep64,flang-openmp,mimalloc,64
newdxx_g,BaO_nat002,64000,18643,2,5,295.355000,set1_rep64,flang-openmp,mimalloc,64
newdxx_g,BaO_nat002,64000,18643,2,6,293.394000,set1_rep64,flang-openmp,mimalloc,64
newdxx_g,BaO_nat002,64000,18643,2,7,295.064000,set1_rep64,flang-openmp,mimalloc,64
newdxx_g,BaO_nat002,64000,18643,2,8,294.987000,set1_rep64,flang-openmp,mimalloc,64
newdxx_g,BaO_nat002,64000,18643,2,9,294.115000,set1_rep64,flang-openmp,mimalloc,64
newdxx_g,BaO_nat002,64000,18643,2,10,294.604000,set1_rep64,flang-openmp,mimalloc,64
newdxx_g,BaO_nat002,64000,18643,2,11,294.286000,set1_rep64,flang-openmp,mimalloc,64
newdxx_g,BaO_nat002,64000,18643,2,12,293.486000,set1_rep64,flang-openmp,mimalloc,64
newdxx_g,BaO_nat002,64000,18643,2,13,294.367000,set1_rep64,flang-openmp,mimalloc,64
newdxx_g,BaO_nat002,64000,18643,2,14,294.352000,set1_rep64,flang-openmp,mimalloc,64
newdxx_g,BaO_nat002,64000,18643,2,15,294.312000,set1_rep64,flang-openmp,mimalloc,64
newdxx_g,BaO_nat002,64000,18643,2,16,294.934000,set1_rep64,flang-openmp,mimalloc,64
newdxx_g,BaO_nat002,64000,18643,2,17,294.329000,set1_rep64,flang-openmp,mimalloc,64
newdxx_g,BaO_nat002,64000,18643,2,18,294.147000,set1_rep64,flang-openmp,mimalloc,64
newdxx_g,BaO_nat002,64000,18643,2,19,293.436000,set1_rep64,flang-openmp,mimalloc,64
newdxx_g,BaO_nat002,64000,18643,4,0,147.218000,set1_rep64,flang-openmp,mimalloc,64
newdxx_g,BaO_nat002,64000,18643,4,1,148.730000,set1_rep64,flang-openmp,mimalloc,64
newdxx_g,BaO_nat002,64000,18643,4,2,149.642000,set1_rep64,flang-openmp,mimalloc,64
newdxx_g,BaO_nat002,64000,18643,4,3,142.711000,set1_rep64,flang-openmp,mimalloc,64
newdxx_g,BaO_nat002,64000,18643,4,4,143.650000,set1_rep64,flang-openmp,mimalloc,64
newdxx_g,BaO_nat002,64000,18643,4,5,143.516000,set1_rep64,flang-openmp,mimalloc,64
newdxx_g,BaO_nat002,64000,18643,4,6,143.296000,set1_rep64,flang-openmp,mimalloc,64
newdxx_g,BaO_nat002,64000,18643,4,7,144.200000,set1_rep64,flang-openmp,mimalloc,64
newdxx_g,BaO_nat002,64000,18643,4,8,143.656000,set1_rep64,flang-openmp,mimalloc,64
newdxx_g,BaO_nat002,64000,18643,4,9,143.405000,set1_rep64,flang-openmp,mimalloc,64
newdxx_g,BaO_nat002,64000,18643,4,10,143.156000,set1_rep64,flang-openmp,mimalloc,64
newdxx_g,BaO_nat002,64000,18643,4,11,143.872000,set1_rep64,flang-openmp,mimalloc,64
newdxx_g,BaO_nat002,64000,18643,4,12,143.528000,set1_rep64,flang-openmp,mimalloc,64
newdxx_g,BaO_nat002,64000,18643,4,13,143.750000,set1_rep64,flang-openmp,mimalloc,64
newdxx_g,BaO_nat002,64000,18643,4,14,144.262000,set1_rep64,flang-openmp,mimalloc,64
newdxx_g,BaO_nat002,64000,18643,4,15,143.200000,set1_rep64,flang-openmp,mimalloc,64
newdxx_g,BaO_nat002,64000,18643,4,16,143.460000,set1_rep64,flang-openmp,mimalloc,64
newdxx_g,BaO_nat002,64000,18643,4,17,140.237000,set1_rep64,flang-openmp,mimalloc,64
newdxx_g,BaO_nat002,64000,18643,4,18,139.833000,set1_rep64,flang-openmp,mimalloc,64
newdxx_g,BaO_nat002,64000,18643,4,19,139.964000,set1_rep64,flang-openmp,mimalloc,64
newdxx_g,BaO_nat002,64000,18643,8,0,69.637000,set1_rep64,flang-openmp,mimalloc,64
newdxx_g,BaO_nat002,64000,18643,8,1,70.127000,set1_rep64,flang-openmp,mimalloc,64
newdxx_g,BaO_nat002,64000,18643,8,2,69.826000,set1_rep64,flang-openmp,mimalloc,64
newdxx_g,BaO_nat002,64000,18643,8,3,70.081000,set1_rep64,flang-openmp,mimalloc,64
newdxx_g,BaO_nat002,64000,18643,8,4,70.039000,set1_rep64,flang-openmp,mimalloc,64
newdxx_g,BaO_nat002,64000,18643,8,5,70.294000,set1_rep64,flang-openmp,mimalloc,64
newdxx_g,BaO_nat002,64000,18643,8,6,69.877000,set1_rep64,flang-openmp,mimalloc,64
newdxx_g,BaO_nat002,64000,18643,8,7,69.924000,set1_rep64,flang-openmp,mimalloc,64
newdxx_g,BaO_nat002,64000,18643,8,8,69.786000,set1_rep64,flang-openmp,mimalloc,64
newdxx_g,BaO_nat002,64000,18643,8,9,69.929000,set1_rep64,flang-openmp,mimalloc,64
newdxx_g,BaO_nat002,64000,18643,8,10,69.903000,set1_rep64,flang-openmp,mimalloc,64
newdxx_g,BaO_nat002,64000,18643,8,11,69.899000,set1_rep64,flang-openmp,mimalloc,64
newdxx_g,BaO_nat002,64000,18643,8,12,69.851000,set1_rep64,flang-openmp,mimalloc,64
newdxx_g,BaO_nat002,64000,18643,8,13,70.029000,set1_rep64,flang-openmp,mimalloc,64
newdxx_g,BaO_nat002,64000,18643,8,14,69.879000,set1_rep64,flang-openmp,mimalloc,64
newdxx_g,BaO_nat002,64000,18643,8,15,69.639000,set1_rep64,flang-openmp,mimalloc,64
newdxx_g,BaO_nat002,64000,18643,8,16,69.825000,set1_rep64,flang-openmp,mimalloc,64
newdxx_g,BaO_nat002,64000,18643,8,17,70.026000,set1_rep64,flang-openmp,mimalloc,64
newdxx_g,BaO_nat002,64000,18643,8,18,70.024000,set1_rep64,flang-openmp,mimalloc,64
newdxx_g,BaO_nat002,64000,18643,8,19,69.986000,set1_rep64,flang-openmp,mimalloc,64
newdxx_g,BaO_nat002,64000,18643,16,0,36.437000,set1_rep64,flang-openmp,mimalloc,64
newdxx_g,BaO_nat002,64000,18643,16,1,36.933000,set1_rep64,flang-openmp,mimalloc,64
newdxx_g,BaO_nat002,64000,18643,16,2,36.412000,set1_rep64,flang-openmp,mimalloc,64
newdxx_g,BaO_nat002,64000,18643,16,3,36.865000,set1_rep64,flang-openmp,mimalloc,64
newdxx_g,BaO_nat002,64000,18643,16,4,36.700000,set1_rep64,flang-openmp,mimalloc,64
newdxx_g,BaO_nat002,64000,18643,16,5,36.664000,set1_rep64,flang-openmp,mimalloc,64
newdxx_g,BaO_nat002,64000,18643,16,6,36.533000,set1_rep64,flang-openmp,mimalloc,64
newdxx_g,BaO_nat002,64000,18643,16,7,36.603000,set1_rep64,flang-openmp,mimalloc,64
newdxx_g,BaO_nat002,64000,18643,16,8,36.867000,set1_rep64,flang-openmp,mimalloc,64
newdxx_g,BaO_nat002,64000,18643,16,9,36.600000,set1_rep64,flang-openmp,mimalloc,64
newdxx_g,BaO_nat002,64000,18643,16,10,36.311000,set1_rep64,flang-openmp,mimalloc,64
newdxx_g,BaO_nat002,64000,18643,16,11,36.698000,set1_rep64,flang-openmp,mimalloc,64
newdxx_g,BaO_nat002,64000,18643,16,12,36.543000,set1_rep64,flang-openmp,mimalloc,64
newdxx_g,BaO_nat002,64000,18643,16,13,36.473000,set1_rep64,flang-openmp,mimalloc,64
newdxx_g,BaO_nat002,64000,18643,16,14,36.773000,set1_rep64,flang-openmp,mimalloc,64
newdxx_g,BaO_nat002,64000,18643,16,15,36.481000,set1_rep64,flang-openmp,mimalloc,64
newdxx_g,BaO_nat002,64000,18643,16,16,36.842000,set1_rep64,flang-openmp,mimalloc,64
newdxx_g,BaO_nat002,64000,18643,16,17,36.583000,set1_rep64,flang-openmp,mimalloc,64
newdxx_g,BaO_nat002,64000,18643,16,18,36.523000,set1_rep64,flang-openmp,mimalloc,64
newdxx_g,BaO_nat002,64000,18643,16,19,36.809000,set1_rep64,flang-openmp,mimalloc,64
newdxx_g,BaO_nat002,64000,18643,32,0,19.224000,set1_rep64,flang-openmp,mimalloc,64
newdxx_g,BaO_nat002,64000,18643,32,1,19.252000,set1_rep64,flang-openmp,mimalloc,64
newdxx_g,BaO_nat002,64000,18643,32,2,19.020000,set1_rep64,flang-openmp,mimalloc,64
newdxx_g,BaO_nat002,64000,18643,32,3,19.367000,set1_rep64,flang-openmp,mimalloc,64
newdxx_g,BaO_nat002,64000,18643,32,4,19.131000,set1_rep64,flang-openmp,mimalloc,64
newdxx_g,BaO_nat002,64000,18643,32,5,19.411000,set1_rep64,flang-openmp,mimalloc,64
newdxx_g,BaO_nat002,64000,18643,32,6,19.113000,set1_rep64,flang-openmp,mimalloc,64
newdxx_g,BaO_nat002,64000,18643,32,7,19.112000,set1_rep64,flang-openmp,mimalloc,64
newdxx_g,BaO_nat002,64000,18643,32,8,19.053000,set1_rep64,flang-openmp,mimalloc,64
newdxx_g,BaO_nat002,64000,18643,32,9,19.121000,set1_rep64,flang-openmp,mimalloc,64
newdxx_g,BaO_nat002,64000,18643,32,10,18.977000,set1_rep64,flang-openmp,mimalloc,64
newdxx_g,BaO_nat002,64000,18643,32,11,19.270000,set1_rep64,flang-openmp,mimalloc,64
newdxx_g,BaO_nat002,64000,18643,32,12,19.246000,set1_rep64,flang-openmp,mimalloc,64
newdxx_g,BaO_nat002,64000,18643,32,13,19.103000,set1_rep64,flang-openmp,mimalloc,64
newdxx_g,BaO_nat002,64000,18643,32,14,19.166000,set1_rep64,flang-openmp,mimalloc,64
newdxx_g,BaO_nat002,64000,18643,32,15,18.970000,set1_rep64,flang-openmp,mimalloc,64
newdxx_g,BaO_nat002,64000,18643,32,16,19.140000,set1_rep64,flang-openmp,mimalloc,64
newdxx_g,BaO_nat002,64000,18643,32,17,19.019000,set1_rep64,flang-openmp,mimalloc,64
newdxx_g,BaO_nat002,64000,18643,32,18,19.206000,set1_rep64,flang-openmp,mimalloc,64
newdxx_g,BaO_nat002,64000,18643,32,19,19.221000,set1_rep64,flang-openmp,mimalloc,64
newdxx_g,BaO_nat002,64000,18643,64,0,10.235000,set1_rep64,flang-openmp,mimalloc,64
newdxx_g,BaO_nat002,64000,18643,64,1,10.192000,set1_rep64,flang-openmp,mimalloc,64
newdxx_g,BaO_nat002,64000,18643,64,2,10.348000,set1_rep64,flang-openmp,mimalloc,64
newdxx_g,BaO_nat002,64000,18643,64,3,10.302000,set1_rep64,flang-openmp,mimalloc,64
newdxx_g,BaO_nat002,64000,18643,64,4,10.280000,set1_rep64,flang-openmp,mimalloc,64
newdxx_g,BaO_nat002,64000,18643,64,5,10.202000,set1_rep64,flang-openmp,mimalloc,64
newdxx_g,BaO_nat002,64000,18643,64,6,10.292000,set1_rep64,flang-openmp,mimalloc,64
newdxx_g,BaO_nat002,64000,18643,64,7,10.366000,set1_rep64,flang-openmp,mimalloc,64
newdxx_g,BaO_nat002,64000,18643,64,8,10.088000,set1_rep64,flang-openmp,mimalloc,64
newdxx_g,BaO_nat002,64000,18643,64,9,10.422000,set1_rep64,flang-openmp,mimalloc,64
newdxx_g,BaO_nat002,64000,18643,64,10,10.134000,set1_rep64,flang-openmp,mimalloc,64
newdxx_g,BaO_nat002,64000,18643,64,11,10.150000,set1_rep64,flang-openmp,mimalloc,64
newdxx_g,BaO_nat002,64000,18643,64,12,10.125000,set1_rep64,flang-openmp,mimalloc,64
newdxx_g,BaO_nat002,64000,18643,64,13,10.267000,set1_rep64,flang-openmp,mimalloc,64
newdxx_g,BaO_nat002,64000,18643,64,14,10.566000,set1_rep64,flang-openmp,mimalloc,64
newdxx_g,BaO_nat002,64000,18643,64,15,10.225000,set1_rep64,flang-openmp,mimalloc,64
newdxx_g,BaO_nat002,64000,18643,64,16,10.173000,set1_rep64,flang-openmp,mimalloc,64
newdxx_g,BaO_nat002,64000,18643,64,17,10.390000,set1_rep64,flang-openmp,mimalloc,64
newdxx_g,BaO_nat002,64000,18643,64,18,10.026000,set1_rep64,flang-openmp,mimalloc,64
newdxx_g,BaO_nat002,64000,18643,64,19,10.299000,set1_rep64,flang-openmp,mimalloc,64
newdxx_g,BaO_nat002,64000,18643,72,0,10.353000,set1_rep64,flang-openmp,mimalloc,64
newdxx_g,BaO_nat002,64000,18643,72,1,10.453000,set1_rep64,flang-openmp,mimalloc,64
newdxx_g,BaO_nat002,64000,18643,72,2,10.321000,set1_rep64,flang-openmp,mimalloc,64
newdxx_g,BaO_nat002,64000,18643,72,3,10.365000,set1_rep64,flang-openmp,mimalloc,64
newdxx_g,BaO_nat002,64000,18643,72,4,10.339000,set1_rep64,flang-openmp,mimalloc,64
newdxx_g,BaO_nat002,64000,18643,72,5,10.393000,set1_rep64,flang-openmp,mimalloc,64
newdxx_g,BaO_nat002,64000,18643,72,6,10.423000,set1_rep64,flang-openmp,mimalloc,64
newdxx_g,BaO_nat002,64000,18643,72,7,10.340000,set1_rep64,flang-openmp,mimalloc,64
newdxx_g,BaO_nat002,64000,18643,72,8,10.454000,set1_rep64,flang-openmp,mimalloc,64
newdxx_g,BaO_nat002,64000,18643,72,9,10.274000,set1_rep64,flang-openmp,mimalloc,64
newdxx_g,BaO_nat002,64000,18643,72,10,10.266000,set1_rep64,flang-openmp,mimalloc,64
newdxx_g,BaO_nat002,64000,18643,72,11,10.794000,set1_rep64,flang-openmp,mimalloc,64
newdxx_g,BaO_nat002,64000,18643,72,12,10.283000,set1_rep64,flang-openmp,mimalloc,64
newdxx_g,BaO_nat002,64000,18643,72,13,10.276000,set1_rep64,flang-openmp,mimalloc,64
newdxx_g,BaO_nat002,64000,18643,72,14,10.391000,set1_rep64,flang-openmp,mimalloc,64
newdxx_g,BaO_nat002,64000,18643,72,15,10.366000,set1_rep64,flang-openmp,mimalloc,64
newdxx_g,BaO_nat002,64000,18643,72,16,10.393000,set1_rep64,flang-openmp,mimalloc,64
newdxx_g,BaO_nat002,64000,18643,72,17,10.355000,set1_rep64,flang-openmp,mimalloc,64
newdxx_g,BaO_nat002,64000,18643,72,18,10.386000,set1_rep64,flang-openmp,mimalloc,64
newdxx_g,BaO_nat002,64000,18643,72,19,10.488000,set1_rep64,flang-openmp,mimalloc,64
newdxx_g,BaTiO3_nat005,64000,27609,1,0,36.350000,set0,flang-openmp,mimalloc,1
newdxx_g,BaTiO3_nat005,64000,27609,1,1,36.249000,set0,flang-openmp,mimalloc,1
newdxx_g,BaTiO3_nat005,64000,27609,1,2,36.146000,set0,flang-openmp,mimalloc,1
newdxx_g,BaTiO3_nat005,64000,27609,1,3,36.146000,set0,flang-openmp,mimalloc,1
newdxx_g,BaTiO3_nat005,64000,27609,1,4,35.826000,set0,flang-openmp,mimalloc,1
newdxx_g,BaTiO3_nat005,64000,27609,1,5,35.928000,set0,flang-openmp,mimalloc,1
newdxx_g,BaTiO3_nat005,64000,27609,1,6,35.975000,set0,flang-openmp,mimalloc,1
newdxx_g,BaTiO3_nat005,64000,27609,1,7,35.910000,set0,flang-openmp,mimalloc,1
newdxx_g,BaTiO3_nat005,64000,27609,1,8,36.074000,set0,flang-openmp,mimalloc,1
newdxx_g,BaTiO3_nat005,64000,27609,1,9,36.238000,set0,flang-openmp,mimalloc,1
newdxx_g,BaTiO3_nat005,64000,27609,1,10,35.996000,set0,flang-openmp,mimalloc,1
newdxx_g,BaTiO3_nat005,64000,27609,1,11,36.119000,set0,flang-openmp,mimalloc,1
newdxx_g,BaTiO3_nat005,64000,27609,1,12,36.239000,set0,flang-openmp,mimalloc,1
newdxx_g,BaTiO3_nat005,64000,27609,1,13,36.144000,set0,flang-openmp,mimalloc,1
newdxx_g,BaTiO3_nat005,64000,27609,1,14,36.115000,set0,flang-openmp,mimalloc,1
newdxx_g,BaTiO3_nat005,64000,27609,1,15,36.502000,set0,flang-openmp,mimalloc,1
newdxx_g,BaTiO3_nat005,64000,27609,1,16,36.113000,set0,flang-openmp,mimalloc,1
newdxx_g,BaTiO3_nat005,64000,27609,1,17,35.946000,set0,flang-openmp,mimalloc,1
newdxx_g,BaTiO3_nat005,64000,27609,1,18,36.034000,set0,flang-openmp,mimalloc,1
newdxx_g,BaTiO3_nat005,64000,27609,1,19,36.020000,set0,flang-openmp,mimalloc,1
newdxx_g,BaTiO3_nat005,64000,27609,2,0,32.781000,set0,flang-openmp,mimalloc,1
newdxx_g,BaTiO3_nat005,64000,27609,2,1,32.594000,set0,flang-openmp,mimalloc,1
newdxx_g,BaTiO3_nat005,64000,27609,2,2,32.780000,set0,flang-openmp,mimalloc,1
newdxx_g,BaTiO3_nat005,64000,27609,2,3,32.851000,set0,flang-openmp,mimalloc,1
newdxx_g,BaTiO3_nat005,64000,27609,2,4,32.641000,set0,flang-openmp,mimalloc,1
newdxx_g,BaTiO3_nat005,64000,27609,2,5,32.151000,set0,flang-openmp,mimalloc,1
newdxx_g,BaTiO3_nat005,64000,27609,2,6,32.583000,set0,flang-openmp,mimalloc,1
newdxx_g,BaTiO3_nat005,64000,27609,2,7,32.501000,set0,flang-openmp,mimalloc,1
newdxx_g,BaTiO3_nat005,64000,27609,2,8,32.780000,set0,flang-openmp,mimalloc,1
newdxx_g,BaTiO3_nat005,64000,27609,2,9,32.362000,set0,flang-openmp,mimalloc,1
newdxx_g,BaTiO3_nat005,64000,27609,2,10,32.372000,set0,flang-openmp,mimalloc,1
newdxx_g,BaTiO3_nat005,64000,27609,2,11,32.330000,set0,flang-openmp,mimalloc,1
newdxx_g,BaTiO3_nat005,64000,27609,2,12,32.609000,set0,flang-openmp,mimalloc,1
newdxx_g,BaTiO3_nat005,64000,27609,2,13,32.077000,set0,flang-openmp,mimalloc,1
newdxx_g,BaTiO3_nat005,64000,27609,2,14,32.164000,set0,flang-openmp,mimalloc,1
newdxx_g,BaTiO3_nat005,64000,27609,2,15,32.309000,set0,flang-openmp,mimalloc,1
newdxx_g,BaTiO3_nat005,64000,27609,2,16,32.333000,set0,flang-openmp,mimalloc,1
newdxx_g,BaTiO3_nat005,64000,27609,2,17,32.320000,set0,flang-openmp,mimalloc,1
newdxx_g,BaTiO3_nat005,64000,27609,2,18,32.072000,set0,flang-openmp,mimalloc,1
newdxx_g,BaTiO3_nat005,64000,27609,2,19,32.550000,set0,flang-openmp,mimalloc,1
newdxx_g,BaTiO3_nat005,64000,27609,4,0,38.621000,set0,flang-openmp,mimalloc,1
newdxx_g,BaTiO3_nat005,64000,27609,4,1,29.630000,set0,flang-openmp,mimalloc,1
newdxx_g,BaTiO3_nat005,64000,27609,4,2,29.228000,set0,flang-openmp,mimalloc,1
newdxx_g,BaTiO3_nat005,64000,27609,4,3,29.264000,set0,flang-openmp,mimalloc,1
newdxx_g,BaTiO3_nat005,64000,27609,4,4,41.088000,set0,flang-openmp,mimalloc,1
newdxx_g,BaTiO3_nat005,64000,27609,4,5,29.558000,set0,flang-openmp,mimalloc,1
newdxx_g,BaTiO3_nat005,64000,27609,4,6,29.526000,set0,flang-openmp,mimalloc,1
newdxx_g,BaTiO3_nat005,64000,27609,4,7,29.320000,set0,flang-openmp,mimalloc,1
newdxx_g,BaTiO3_nat005,64000,27609,4,8,29.226000,set0,flang-openmp,mimalloc,1
newdxx_g,BaTiO3_nat005,64000,27609,4,9,29.222000,set0,flang-openmp,mimalloc,1
newdxx_g,BaTiO3_nat005,64000,27609,4,10,29.348000,set0,flang-openmp,mimalloc,1
newdxx_g,BaTiO3_nat005,64000,27609,4,11,29.597000,set0,flang-openmp,mimalloc,1
newdxx_g,BaTiO3_nat005,64000,27609,4,12,29.524000,set0,flang-openmp,mimalloc,1
newdxx_g,BaTiO3_nat005,64000,27609,4,13,29.753000,set0,flang-openmp,mimalloc,1
newdxx_g,BaTiO3_nat005,64000,27609,4,14,29.523000,set0,flang-openmp,mimalloc,1
newdxx_g,BaTiO3_nat005,64000,27609,4,15,29.082000,set0,flang-openmp,mimalloc,1
newdxx_g,BaTiO3_nat005,64000,27609,4,16,29.376000,set0,flang-openmp,mimalloc,1
newdxx_g,BaTiO3_nat005,64000,27609,4,17,29.032000,set0,flang-openmp,mimalloc,1
newdxx_g,BaTiO3_nat005,64000,27609,4,18,29.661000,set0,flang-openmp,mimalloc,1
newdxx_g,BaTiO3_nat005,64000,27609,4,19,29.771000,set0,flang-openmp,mimalloc,1
newdxx_g,BaTiO3_nat005,64000,27609,8,0,25.241000,set0,flang-openmp,mimalloc,1
newdxx_g,BaTiO3_nat005,64000,27609,8,1,25.085000,set0,flang-openmp,mimalloc,1
newdxx_g,BaTiO3_nat005,64000,27609,8,2,25.756000,set0,flang-openmp,mimalloc,1
newdxx_g,BaTiO3_nat005,64000,27609,8,3,25.874000,set0,flang-openmp,mimalloc,1
newdxx_g,BaTiO3_nat005,64000,27609,8,4,25.030000,set0,flang-openmp,mimalloc,1
newdxx_g,BaTiO3_nat005,64000,27609,8,5,25.208000,set0,flang-openmp,mimalloc,1
newdxx_g,BaTiO3_nat005,64000,27609,8,6,25.228000,set0,flang-openmp,mimalloc,1
newdxx_g,BaTiO3_nat005,64000,27609,8,7,25.215000,set0,flang-openmp,mimalloc,1
newdxx_g,BaTiO3_nat005,64000,27609,8,8,25.701000,set0,flang-openmp,mimalloc,1
newdxx_g,BaTiO3_nat005,64000,27609,8,9,25.340000,set0,flang-openmp,mimalloc,1
newdxx_g,BaTiO3_nat005,64000,27609,8,10,25.425000,set0,flang-openmp,mimalloc,1
newdxx_g,BaTiO3_nat005,64000,27609,8,11,25.082000,set0,flang-openmp,mimalloc,1
newdxx_g,BaTiO3_nat005,64000,27609,8,12,25.210000,set0,flang-openmp,mimalloc,1
newdxx_g,BaTiO3_nat005,64000,27609,8,13,25.235000,set0,flang-openmp,mimalloc,1
newdxx_g,BaTiO3_nat005,64000,27609,8,14,25.317000,set0,flang-openmp,mimalloc,1
newdxx_g,BaTiO3_nat005,64000,27609,8,15,25.131000,set0,flang-openmp,mimalloc,1
newdxx_g,BaTiO3_nat005,64000,27609,8,16,25.287000,set0,flang-openmp,mimalloc,1
newdxx_g,BaTiO3_nat005,64000,27609,8,17,25.278000,set0,flang-openmp,mimalloc,1
newdxx_g,BaTiO3_nat005,64000,27609,8,18,24.649000,set0,flang-openmp,mimalloc,1
newdxx_g,BaTiO3_nat005,64000,27609,8,19,24.722000,set0,flang-openmp,mimalloc,1
newdxx_g,BaTiO3_nat005,64000,27609,16,0,15.672000,set0,flang-openmp,mimalloc,1
newdxx_g,BaTiO3_nat005,64000,27609,16,1,15.432000,set0,flang-openmp,mimalloc,1
newdxx_g,BaTiO3_nat005,64000,27609,16,2,15.215000,set0,flang-openmp,mimalloc,1
newdxx_g,BaTiO3_nat005,64000,27609,16,3,15.580000,set0,flang-openmp,mimalloc,1
newdxx_g,BaTiO3_nat005,64000,27609,16,4,15.356000,set0,flang-openmp,mimalloc,1
newdxx_g,BaTiO3_nat005,64000,27609,16,5,15.480000,set0,flang-openmp,mimalloc,1
newdxx_g,BaTiO3_nat005,64000,27609,16,6,15.570000,set0,flang-openmp,mimalloc,1
newdxx_g,BaTiO3_nat005,64000,27609,16,7,15.290000,set0,flang-openmp,mimalloc,1
newdxx_g,BaTiO3_nat005,64000,27609,16,8,15.370000,set0,flang-openmp,mimalloc,1
newdxx_g,BaTiO3_nat005,64000,27609,16,9,15.107000,set0,flang-openmp,mimalloc,1
newdxx_g,BaTiO3_nat005,64000,27609,16,10,14.974000,set0,flang-openmp,mimalloc,1
newdxx_g,BaTiO3_nat005,64000,27609,16,11,15.467000,set0,flang-openmp,mimalloc,1
newdxx_g,BaTiO3_nat005,64000,27609,16,12,15.080000,set0,flang-openmp,mimalloc,1
newdxx_g,BaTiO3_nat005,64000,27609,16,13,15.360000,set0,flang-openmp,mimalloc,1
newdxx_g,BaTiO3_nat005,64000,27609,16,14,15.637000,set0,flang-openmp,mimalloc,1
newdxx_g,BaTiO3_nat005,64000,27609,16,15,15.696000,set0,flang-openmp,mimalloc,1
newdxx_g,BaTiO3_nat005,64000,27609,16,16,15.385000,set0,flang-openmp,mimalloc,1
newdxx_g,BaTiO3_nat005,64000,27609,16,17,15.049000,set0,flang-openmp,mimalloc,1
newdxx_g,BaTiO3_nat005,64000,27609,16,18,15.000000,set0,flang-openmp,mimalloc,1
newdxx_g,BaTiO3_nat005,64000,27609,16,19,15.119000,set0,flang-openmp,mimalloc,1
newdxx_g,BaTiO3_nat005,64000,27609,32,0,25.271000,set0,flang-openmp,mimalloc,1
newdxx_g,BaTiO3_nat005,64000,27609,32,1,25.496000,set0,flang-openmp,mimalloc,1
newdxx_g,BaTiO3_nat005,64000,27609,32,2,25.216000,set0,flang-openmp,mimalloc,1
newdxx_g,BaTiO3_nat005,64000,27609,32,3,25.217000,set0,flang-openmp,mimalloc,1
newdxx_g,BaTiO3_nat005,64000,27609,32,4,25.578000,set0,flang-openmp,mimalloc,1
newdxx_g,BaTiO3_nat005,64000,27609,32,5,25.390000,set0,flang-openmp,mimalloc,1
newdxx_g,BaTiO3_nat005,64000,27609,32,6,25.007000,set0,flang-openmp,mimalloc,1
newdxx_g,BaTiO3_nat005,64000,27609,32,7,25.586000,set0,flang-openmp,mimalloc,1
newdxx_g,BaTiO3_nat005,64000,27609,32,8,25.876000,set0,flang-openmp,mimalloc,1
newdxx_g,BaTiO3_nat005,64000,27609,32,9,25.281000,set0,flang-openmp,mimalloc,1
newdxx_g,BaTiO3_nat005,64000,27609,32,10,25.666000,set0,flang-openmp,mimalloc,1
newdxx_g,BaTiO3_nat005,64000,27609,32,11,25.465000,set0,flang-openmp,mimalloc,1
newdxx_g,BaTiO3_nat005,64000,27609,32,12,25.355000,set0,flang-openmp,mimalloc,1
newdxx_g,BaTiO3_nat005,64000,27609,32,13,25.938000,set0,flang-openmp,mimalloc,1
newdxx_g,BaTiO3_nat005,64000,27609,32,14,25.398000,set0,flang-openmp,mimalloc,1
newdxx_g,BaTiO3_nat005,64000,27609,32,15,25.187000,set0,flang-openmp,mimalloc,1
newdxx_g,BaTiO3_nat005,64000,27609,32,16,25.729000,set0,flang-openmp,mimalloc,1
newdxx_g,BaTiO3_nat005,64000,27609,32,17,25.102000,set0,flang-openmp,mimalloc,1
newdxx_g,BaTiO3_nat005,64000,27609,32,18,25.094000,set0,flang-openmp,mimalloc,1
newdxx_g,BaTiO3_nat005,64000,27609,32,19,25.544000,set0,flang-openmp,mimalloc,1
newdxx_g,BaTiO3_nat005,64000,27609,64,0,15.517000,set0,flang-openmp,mimalloc,1
newdxx_g,BaTiO3_nat005,64000,27609,64,1,15.642000,set0,flang-openmp,mimalloc,1
newdxx_g,BaTiO3_nat005,64000,27609,64,2,15.506000,set0,flang-openmp,mimalloc,1
newdxx_g,BaTiO3_nat005,64000,27609,64,3,15.722000,set0,flang-openmp,mimalloc,1
newdxx_g,BaTiO3_nat005,64000,27609,64,4,15.562000,set0,flang-openmp,mimalloc,1
newdxx_g,BaTiO3_nat005,64000,27609,64,5,15.526000,set0,flang-openmp,mimalloc,1
newdxx_g,BaTiO3_nat005,64000,27609,64,6,15.694000,set0,flang-openmp,mimalloc,1
newdxx_g,BaTiO3_nat005,64000,27609,64,7,15.748000,set0,flang-openmp,mimalloc,1
newdxx_g,BaTiO3_nat005,64000,27609,64,8,15.452000,set0,flang-openmp,mimalloc,1
newdxx_g,BaTiO3_nat005,64000,27609,64,9,15.354000,set0,flang-openmp,mimalloc,1
newdxx_g,BaTiO3_nat005,64000,27609,64,10,15.347000,set0,flang-openmp,mimalloc,1
newdxx_g,BaTiO3_nat005,64000,27609,64,11,15.610000,set0,flang-openmp,mimalloc,1
newdxx_g,BaTiO3_nat005,64000,27609,64,12,15.429000,set0,flang-openmp,mimalloc,1
newdxx_g,BaTiO3_nat005,64000,27609,64,13,15.430000,set0,flang-openmp,mimalloc,1
newdxx_g,BaTiO3_nat005,64000,27609,64,14,15.461000,set0,flang-openmp,mimalloc,1
newdxx_g,BaTiO3_nat005,64000,27609,64,15,15.439000,set0,flang-openmp,mimalloc,1
newdxx_g,BaTiO3_nat005,64000,27609,64,16,15.545000,set0,flang-openmp,mimalloc,1
newdxx_g,BaTiO3_nat005,64000,27609,64,17,15.261000,set0,flang-openmp,mimalloc,1
newdxx_g,BaTiO3_nat005,64000,27609,64,18,15.238000,set0,flang-openmp,mimalloc,1
newdxx_g,BaTiO3_nat005,64000,27609,64,19,15.579000,set0,flang-openmp,mimalloc,1
newdxx_g,BaTiO3_nat005,64000,27609,72,0,15.601000,set0,flang-openmp,mimalloc,1
newdxx_g,BaTiO3_nat005,64000,27609,72,1,16.119000,set0,flang-openmp,mimalloc,1
newdxx_g,BaTiO3_nat005,64000,27609,72,2,15.610000,set0,flang-openmp,mimalloc,1
newdxx_g,BaTiO3_nat005,64000,27609,72,3,15.619000,set0,flang-openmp,mimalloc,1
newdxx_g,BaTiO3_nat005,64000,27609,72,4,15.923000,set0,flang-openmp,mimalloc,1
newdxx_g,BaTiO3_nat005,64000,27609,72,5,15.598000,set0,flang-openmp,mimalloc,1
newdxx_g,BaTiO3_nat005,64000,27609,72,6,15.783000,set0,flang-openmp,mimalloc,1
newdxx_g,BaTiO3_nat005,64000,27609,72,7,15.619000,set0,flang-openmp,mimalloc,1
newdxx_g,BaTiO3_nat005,64000,27609,72,8,15.477000,set0,flang-openmp,mimalloc,1
newdxx_g,BaTiO3_nat005,64000,27609,72,9,15.557000,set0,flang-openmp,mimalloc,1
newdxx_g,BaTiO3_nat005,64000,27609,72,10,15.633000,set0,flang-openmp,mimalloc,1
newdxx_g,BaTiO3_nat005,64000,27609,72,11,15.578000,set0,flang-openmp,mimalloc,1
newdxx_g,BaTiO3_nat005,64000,27609,72,12,15.498000,set0,flang-openmp,mimalloc,1
newdxx_g,BaTiO3_nat005,64000,27609,72,13,15.815000,set0,flang-openmp,mimalloc,1
newdxx_g,BaTiO3_nat005,64000,27609,72,14,15.508000,set0,flang-openmp,mimalloc,1
newdxx_g,BaTiO3_nat005,64000,27609,72,15,15.677000,set0,flang-openmp,mimalloc,1
newdxx_g,BaTiO3_nat005,64000,27609,72,16,15.675000,set0,flang-openmp,mimalloc,1
newdxx_g,BaTiO3_nat005,64000,27609,72,17,16.076000,set0,flang-openmp,mimalloc,1
newdxx_g,BaTiO3_nat005,64000,27609,72,18,15.411000,set0,flang-openmp,mimalloc,1
newdxx_g,BaTiO3_nat005,64000,27609,72,19,15.561000,set0,flang-openmp,mimalloc,1
newdxx_g,BaTiO3_nat005,64000,27609,1,0,1777.700000,set0_rep64,flang-openmp,mimalloc,64
newdxx_g,BaTiO3_nat005,64000,27609,1,1,1723.987000,set0_rep64,flang-openmp,mimalloc,64
newdxx_g,BaTiO3_nat005,64000,27609,1,2,1740.470000,set0_rep64,flang-openmp,mimalloc,64
newdxx_g,BaTiO3_nat005,64000,27609,1,3,1721.870000,set0_rep64,flang-openmp,mimalloc,64
newdxx_g,BaTiO3_nat005,64000,27609,1,4,1725.886000,set0_rep64,flang-openmp,mimalloc,64
newdxx_g,BaTiO3_nat005,64000,27609,1,5,1727.797000,set0_rep64,flang-openmp,mimalloc,64
newdxx_g,BaTiO3_nat005,64000,27609,1,6,1720.073000,set0_rep64,flang-openmp,mimalloc,64
newdxx_g,BaTiO3_nat005,64000,27609,1,7,1719.107000,set0_rep64,flang-openmp,mimalloc,64
newdxx_g,BaTiO3_nat005,64000,27609,1,8,1724.656000,set0_rep64,flang-openmp,mimalloc,64
newdxx_g,BaTiO3_nat005,64000,27609,1,9,1723.228000,set0_rep64,flang-openmp,mimalloc,64
newdxx_g,BaTiO3_nat005,64000,27609,1,10,1722.126000,set0_rep64,flang-openmp,mimalloc,64
newdxx_g,BaTiO3_nat005,64000,27609,1,11,1725.233000,set0_rep64,flang-openmp,mimalloc,64
newdxx_g,BaTiO3_nat005,64000,27609,1,12,1728.289000,set0_rep64,flang-openmp,mimalloc,64
newdxx_g,BaTiO3_nat005,64000,27609,1,13,1719.204000,set0_rep64,flang-openmp,mimalloc,64
newdxx_g,BaTiO3_nat005,64000,27609,1,14,1727.691000,set0_rep64,flang-openmp,mimalloc,64
newdxx_g,BaTiO3_nat005,64000,27609,1,15,1720.555000,set0_rep64,flang-openmp,mimalloc,64
newdxx_g,BaTiO3_nat005,64000,27609,1,16,1724.056000,set0_rep64,flang-openmp,mimalloc,64
newdxx_g,BaTiO3_nat005,64000,27609,1,17,1749.160000,set0_rep64,flang-openmp,mimalloc,64
newdxx_g,BaTiO3_nat005,64000,27609,1,18,1726.723000,set0_rep64,flang-openmp,mimalloc,64
newdxx_g,BaTiO3_nat005,64000,27609,1,19,1720.063000,set0_rep64,flang-openmp,mimalloc,64
newdxx_g,BaTiO3_nat005,64000,27609,2,0,879.811000,set0_rep64,flang-openmp,mimalloc,64
newdxx_g,BaTiO3_nat005,64000,27609,2,1,876.650000,set0_rep64,flang-openmp,mimalloc,64
newdxx_g,BaTiO3_nat005,64000,27609,2,2,874.068000,set0_rep64,flang-openmp,mimalloc,64
newdxx_g,BaTiO3_nat005,64000,27609,2,3,873.677000,set0_rep64,flang-openmp,mimalloc,64
newdxx_g,BaTiO3_nat005,64000,27609,2,4,874.647000,set0_rep64,flang-openmp,mimalloc,64
newdxx_g,BaTiO3_nat005,64000,27609,2,5,872.491000,set0_rep64,flang-openmp,mimalloc,64
newdxx_g,BaTiO3_nat005,64000,27609,2,6,877.548000,set0_rep64,flang-openmp,mimalloc,64
newdxx_g,BaTiO3_nat005,64000,27609,2,7,876.108000,set0_rep64,flang-openmp,mimalloc,64
newdxx_g,BaTiO3_nat005,64000,27609,2,8,873.874000,set0_rep64,flang-openmp,mimalloc,64
newdxx_g,BaTiO3_nat005,64000,27609,2,9,873.929000,set0_rep64,flang-openmp,mimalloc,64
newdxx_g,BaTiO3_nat005,64000,27609,2,10,876.626000,set0_rep64,flang-openmp,mimalloc,64
newdxx_g,BaTiO3_nat005,64000,27609,2,11,875.599000,set0_rep64,flang-openmp,mimalloc,64
newdxx_g,BaTiO3_nat005,64000,27609,2,12,874.759000,set0_rep64,flang-openmp,mimalloc,64
newdxx_g,BaTiO3_nat005,64000,27609,2,13,874.255000,set0_rep64,flang-openmp,mimalloc,64
newdxx_g,BaTiO3_nat005,64000,27609,2,14,874.400000,set0_rep64,flang-openmp,mimalloc,64
newdxx_g,BaTiO3_nat005,64000,27609,2,15,887.213000,set0_rep64,flang-openmp,mimalloc,64
newdxx_g,BaTiO3_nat005,64000,27609,2,16,873.452000,set0_rep64,flang-openmp,mimalloc,64
newdxx_g,BaTiO3_nat005,64000,27609,2,17,876.373000,set0_rep64,flang-openmp,mimalloc,64
newdxx_g,BaTiO3_nat005,64000,27609,2,18,877.847000,set0_rep64,flang-openmp,mimalloc,64
newdxx_g,BaTiO3_nat005,64000,27609,2,19,878.803000,set0_rep64,flang-openmp,mimalloc,64
newdxx_g,BaTiO3_nat005,64000,27609,4,0,439.417000,set0_rep64,flang-openmp,mimalloc,64
newdxx_g,BaTiO3_nat005,64000,27609,4,1,438.065000,set0_rep64,flang-openmp,mimalloc,64
newdxx_g,BaTiO3_nat005,64000,27609,4,2,438.410000,set0_rep64,flang-openmp,mimalloc,64
newdxx_g,BaTiO3_nat005,64000,27609,4,3,438.807000,set0_rep64,flang-openmp,mimalloc,64
newdxx_g,BaTiO3_nat005,64000,27609,4,4,438.279000,set0_rep64,flang-openmp,mimalloc,64
newdxx_g,BaTiO3_nat005,64000,27609,4,5,438.432000,set0_rep64,flang-openmp,mimalloc,64
newdxx_g,BaTiO3_nat005,64000,27609,4,6,438.652000,set0_rep64,flang-openmp,mimalloc,64
newdxx_g,BaTiO3_nat005,64000,27609,4,7,437.425000,set0_rep64,flang-openmp,mimalloc,64
newdxx_g,BaTiO3_nat005,64000,27609,4,8,437.600000,set0_rep64,flang-openmp,mimalloc,64
newdxx_g,BaTiO3_nat005,64000,27609,4,9,455.842000,set0_rep64,flang-openmp,mimalloc,64
newdxx_g,BaTiO3_nat005,64000,27609,4,10,437.568000,set0_rep64,flang-openmp,mimalloc,64
newdxx_g,BaTiO3_nat005,64000,27609,4,11,438.783000,set0_rep64,flang-openmp,mimalloc,64
newdxx_g,BaTiO3_nat005,64000,27609,4,12,439.089000,set0_rep64,flang-openmp,mimalloc,64
newdxx_g,BaTiO3_nat005,64000,27609,4,13,438.390000,set0_rep64,flang-openmp,mimalloc,64
newdxx_g,BaTiO3_nat005,64000,27609,4,14,437.972000,set0_rep64,flang-openmp,mimalloc,64
newdxx_g,BaTiO3_nat005,64000,27609,4,15,439.266000,set0_rep64,flang-openmp,mimalloc,64
newdxx_g,BaTiO3_nat005,64000,27609,4,16,437.874000,set0_rep64,flang-openmp,mimalloc,64
newdxx_g,BaTiO3_nat005,64000,27609,4,17,438.721000,set0_rep64,flang-openmp,mimalloc,64
newdxx_g,BaTiO3_nat005,64000,27609,4,18,439.145000,set0_rep64,flang-openmp,mimalloc,64
newdxx_g,BaTiO3_nat005,64000,27609,4,19,438.214000,set0_rep64,flang-openmp,mimalloc,64
newdxx_g,BaTiO3_nat005,64000,27609,8,0,418.874000,set0_rep64,flang-openmp,mimalloc,64
newdxx_g,BaTiO3_nat005,64000,27609,8,1,417.671000,set0_rep64,flang-openmp,mimalloc,64
newdxx_g,BaTiO3_nat005,64000,27609,8,2,420.555000,set0_rep64,flang-openmp,mimalloc,64
newdxx_g,BaTiO3_nat005,64000,27609,8,3,419.294000,set0_rep64,flang-openmp,mimalloc,64
newdxx_g,BaTiO3_nat005,64000,27609,8,4,419.871000,set0_rep64,flang-openmp,mimalloc,64
newdxx_g,BaTiO3_nat005,64000,27609,8,5,419.397000,set0_rep64,flang-openmp,mimalloc,64
newdxx_g,BaTiO3_nat005,64000,27609,8,6,417.808000,set0_rep64,flang-openmp,mimalloc,64
newdxx_g,BaTiO3_nat005,64000,27609,8,7,419.905000,set0_rep64,flang-openmp,mimalloc,64
newdxx_g,BaTiO3_nat005,64000,27609,8,8,418.287000,set0_rep64,flang-openmp,mimalloc,64
newdxx_g,BaTiO3_nat005,64000,27609,8,9,418.644000,set0_rep64,flang-openmp,mimalloc,64
newdxx_g,BaTiO3_nat005,64000,27609,8,10,418.558000,set0_rep64,flang-openmp,mimalloc,64
newdxx_g,BaTiO3_nat005,64000,27609,8,11,418.264000,set0_rep64,flang-openmp,mimalloc,64
newdxx_g,BaTiO3_nat005,64000,27609,8,12,419.116000,set0_rep64,flang-openmp,mimalloc,64
newdxx_g,BaTiO3_nat005,64000,27609,8,13,418.595000,set0_rep64,flang-openmp,mimalloc,64
newdxx_g,BaTiO3_nat005,64000,27609,8,14,417.922000,set0_rep64,flang-openmp,mimalloc,64
newdxx_g,BaTiO3_nat005,64000,27609,8,15,420.641000,set0_rep64,flang-openmp,mimalloc,64
newdxx_g,BaTiO3_nat005,64000,27609,8,16,417.403000,set0_rep64,flang-openmp,mimalloc,64
newdxx_g,BaTiO3_nat005,64000,27609,8,17,419.580000,set0_rep64,flang-openmp,mimalloc,64
newdxx_g,BaTiO3_nat005,64000,27609,8,18,418.949000,set0_rep64,flang-openmp,mimalloc,64
newdxx_g,BaTiO3_nat005,64000,27609,8,19,417.528000,set0_rep64,flang-openmp,mimalloc,64
newdxx_g,BaTiO3_nat005,64000,27609,16,0,112.420000,set0_rep64,flang-openmp,mimalloc,64
newdxx_g,BaTiO3_nat005,64000,27609,16,1,112.310000,set0_rep64,flang-openmp,mimalloc,64
newdxx_g,BaTiO3_nat005,64000,27609,16,2,111.578000,set0_rep64,flang-openmp,mimalloc,64
newdxx_g,BaTiO3_nat005,64000,27609,16,3,111.774000,set0_rep64,flang-openmp,mimalloc,64
newdxx_g,BaTiO3_nat005,64000,27609,16,4,112.036000,set0_rep64,flang-openmp,mimalloc,64
newdxx_g,BaTiO3_nat005,64000,27609,16,5,111.923000,set0_rep64,flang-openmp,mimalloc,64
newdxx_g,BaTiO3_nat005,64000,27609,16,6,111.981000,set0_rep64,flang-openmp,mimalloc,64
newdxx_g,BaTiO3_nat005,64000,27609,16,7,112.072000,set0_rep64,flang-openmp,mimalloc,64
newdxx_g,BaTiO3_nat005,64000,27609,16,8,112.531000,set0_rep64,flang-openmp,mimalloc,64
newdxx_g,BaTiO3_nat005,64000,27609,16,9,112.211000,set0_rep64,flang-openmp,mimalloc,64
newdxx_g,BaTiO3_nat005,64000,27609,16,10,111.526000,set0_rep64,flang-openmp,mimalloc,64
newdxx_g,BaTiO3_nat005,64000,27609,16,11,111.580000,set0_rep64,flang-openmp,mimalloc,64
newdxx_g,BaTiO3_nat005,64000,27609,16,12,111.555000,set0_rep64,flang-openmp,mimalloc,64
newdxx_g,BaTiO3_nat005,64000,27609,16,13,113.698000,set0_rep64,flang-openmp,mimalloc,64
newdxx_g,BaTiO3_nat005,64000,27609,16,14,111.713000,set0_rep64,flang-openmp,mimalloc,64
newdxx_g,BaTiO3_nat005,64000,27609,16,15,112.321000,set0_rep64,flang-openmp,mimalloc,64
newdxx_g,BaTiO3_nat005,64000,27609,16,16,114.444000,set0_rep64,flang-openmp,mimalloc,64
newdxx_g,BaTiO3_nat005,64000,27609,16,17,114.426000,set0_rep64,flang-openmp,mimalloc,64
newdxx_g,BaTiO3_nat005,64000,27609,16,18,115.058000,set0_rep64,flang-openmp,mimalloc,64
newdxx_g,BaTiO3_nat005,64000,27609,16,19,115.861000,set0_rep64,flang-openmp,mimalloc,64
newdxx_g,BaTiO3_nat005,64000,27609,32,0,111.325000,set0_rep64,flang-openmp,mimalloc,64
newdxx_g,BaTiO3_nat005,64000,27609,32,1,111.948000,set0_rep64,flang-openmp,mimalloc,64
newdxx_g,BaTiO3_nat005,64000,27609,32,2,111.633000,set0_rep64,flang-openmp,mimalloc,64
newdxx_g,BaTiO3_nat005,64000,27609,32,3,112.053000,set0_rep64,flang-openmp,mimalloc,64
newdxx_g,BaTiO3_nat005,64000,27609,32,4,111.206000,set0_rep64,flang-openmp,mimalloc,64
newdxx_g,BaTiO3_nat005,64000,27609,32,5,112.146000,set0_rep64,flang-openmp,mimalloc,64
newdxx_g,BaTiO3_nat005,64000,27609,32,6,111.615000,set0_rep64,flang-openmp,mimalloc,64
newdxx_g,BaTiO3_nat005,64000,27609,32,7,111.802000,set0_rep64,flang-openmp,mimalloc,64
newdxx_g,BaTiO3_nat005,64000,27609,32,8,112.286000,set0_rep64,flang-openmp,mimalloc,64
newdxx_g,BaTiO3_nat005,64000,27609,32,9,112.442000,set0_rep64,flang-openmp,mimalloc,64
newdxx_g,BaTiO3_nat005,64000,27609,32,10,111.026000,set0_rep64,flang-openmp,mimalloc,64
newdxx_g,BaTiO3_nat005,64000,27609,32,11,111.704000,set0_rep64,flang-openmp,mimalloc,64
newdxx_g,BaTiO3_nat005,64000,27609,32,12,111.242000,set0_rep64,flang-openmp,mimalloc,64
newdxx_g,BaTiO3_nat005,64000,27609,32,13,110.861000,set0_rep64,flang-openmp,mimalloc,64
newdxx_g,BaTiO3_nat005,64000,27609,32,14,111.770000,set0_rep64,flang-openmp,mimalloc,64
newdxx_g,BaTiO3_nat005,64000,27609,32,15,111.917000,set0_rep64,flang-openmp,mimalloc,64
newdxx_g,BaTiO3_nat005,64000,27609,32,16,110.850000,set0_rep64,flang-openmp,mimalloc,64
newdxx_g,BaTiO3_nat005,64000,27609,32,17,111.375000,set0_rep64,flang-openmp,mimalloc,64
newdxx_g,BaTiO3_nat005,64000,27609,32,18,111.872000,set0_rep64,flang-openmp,mimalloc,64
newdxx_g,BaTiO3_nat005,64000,27609,32,19,110.701000,set0_rep64,flang-openmp,mimalloc,64
newdxx_g,BaTiO3_nat005,64000,27609,64,0,30.846000,set0_rep64,flang-openmp,mimalloc,64
newdxx_g,BaTiO3_nat005,64000,27609,64,1,30.586000,set0_rep64,flang-openmp,mimalloc,64
newdxx_g,BaTiO3_nat005,64000,27609,64,2,30.599000,set0_rep64,flang-openmp,mimalloc,64
newdxx_g,BaTiO3_nat005,64000,27609,64,3,30.916000,set0_rep64,flang-openmp,mimalloc,64
newdxx_g,BaTiO3_nat005,64000,27609,64,4,30.317000,set0_rep64,flang-openmp,mimalloc,64
newdxx_g,BaTiO3_nat005,64000,27609,64,5,30.179000,set0_rep64,flang-openmp,mimalloc,64
newdxx_g,BaTiO3_nat005,64000,27609,64,6,30.218000,set0_rep64,flang-openmp,mimalloc,64
newdxx_g,BaTiO3_nat005,64000,27609,64,7,31.071000,set0_rep64,flang-openmp,mimalloc,64
newdxx_g,BaTiO3_nat005,64000,27609,64,8,30.756000,set0_rep64,flang-openmp,mimalloc,64
newdxx_g,BaTiO3_nat005,64000,27609,64,9,30.636000,set0_rep64,flang-openmp,mimalloc,64
newdxx_g,BaTiO3_nat005,64000,27609,64,10,30.550000,set0_rep64,flang-openmp,mimalloc,64
newdxx_g,BaTiO3_nat005,64000,27609,64,11,30.327000,set0_rep64,flang-openmp,mimalloc,64
newdxx_g,BaTiO3_nat005,64000,27609,64,12,30.235000,set0_rep64,flang-openmp,mimalloc,64
newdxx_g,BaTiO3_nat005,64000,27609,64,13,43.975000,set0_rep64,flang-openmp,mimalloc,64
newdxx_g,BaTiO3_nat005,64000,27609,64,14,30.373000,set0_rep64,flang-openmp,mimalloc,64
newdxx_g,BaTiO3_nat005,64000,27609,64,15,30.580000,set0_rep64,flang-openmp,mimalloc,64
newdxx_g,BaTiO3_nat005,64000,27609,64,16,30.602000,set0_rep64,flang-openmp,mimalloc,64
newdxx_g,BaTiO3_nat005,64000,27609,64,17,30.738000,set0_rep64,flang-openmp,mimalloc,64
newdxx_g,BaTiO3_nat005,64000,27609,64,18,30.391000,set0_rep64,flang-openmp,mimalloc,64
newdxx_g,BaTiO3_nat005,64000,27609,64,19,31.035000,set0_rep64,flang-openmp,mimalloc,64
newdxx_g,BaTiO3_nat005,64000,27609,72,0,31.258000,set0_rep64,flang-openmp,mimalloc,64
newdxx_g,BaTiO3_nat005,64000,27609,72,1,30.875000,set0_rep64,flang-openmp,mimalloc,64
newdxx_g,BaTiO3_nat005,64000,27609,72,2,31.083000,set0_rep64,flang-openmp,mimalloc,64
newdxx_g,BaTiO3_nat005,64000,27609,72,3,30.756000,set0_rep64,flang-openmp,mimalloc,64
newdxx_g,BaTiO3_nat005,64000,27609,72,4,31.199000,set0_rep64,flang-openmp,mimalloc,64
newdxx_g,BaTiO3_nat005,64000,27609,72,5,31.135000,set0_rep64,flang-openmp,mimalloc,64
newdxx_g,BaTiO3_nat005,64000,27609,72,6,30.865000,set0_rep64,flang-openmp,mimalloc,64
newdxx_g,BaTiO3_nat005,64000,27609,72,7,31.021000,set0_rep64,flang-openmp,mimalloc,64
newdxx_g,BaTiO3_nat005,64000,27609,72,8,31.078000,set0_rep64,flang-openmp,mimalloc,64
newdxx_g,BaTiO3_nat005,64000,27609,72,9,31.307000,set0_rep64,flang-openmp,mimalloc,64
newdxx_g,BaTiO3_nat005,64000,27609,72,10,30.924000,set0_rep64,flang-openmp,mimalloc,64
newdxx_g,BaTiO3_nat005,64000,27609,72,11,30.754000,set0_rep64,flang-openmp,mimalloc,64
newdxx_g,BaTiO3_nat005,64000,27609,72,12,30.722000,set0_rep64,flang-openmp,mimalloc,64
newdxx_g,BaTiO3_nat005,64000,27609,72,13,31.304000,set0_rep64,flang-openmp,mimalloc,64
newdxx_g,BaTiO3_nat005,64000,27609,72,14,31.117000,set0_rep64,flang-openmp,mimalloc,64
newdxx_g,BaTiO3_nat005,64000,27609,72,15,30.870000,set0_rep64,flang-openmp,mimalloc,64
newdxx_g,BaTiO3_nat005,64000,27609,72,16,31.218000,set0_rep64,flang-openmp,mimalloc,64
newdxx_g,BaTiO3_nat005,64000,27609,72,17,30.811000,set0_rep64,flang-openmp,mimalloc,64
newdxx_g,BaTiO3_nat005,64000,27609,72,18,31.709000,set0_rep64,flang-openmp,mimalloc,64
newdxx_g,BaTiO3_nat005,64000,27609,72,19,31.042000,set0_rep64,flang-openmp,mimalloc,64
newdxx_g,BaTiO3_nat005,64000,27609,1,0,36.170000,set1,flang-openmp,mimalloc,1
newdxx_g,BaTiO3_nat005,64000,27609,1,1,36.011000,set1,flang-openmp,mimalloc,1
newdxx_g,BaTiO3_nat005,64000,27609,1,2,35.891000,set1,flang-openmp,mimalloc,1
newdxx_g,BaTiO3_nat005,64000,27609,1,3,35.933000,set1,flang-openmp,mimalloc,1
newdxx_g,BaTiO3_nat005,64000,27609,1,4,36.059000,set1,flang-openmp,mimalloc,1
newdxx_g,BaTiO3_nat005,64000,27609,1,5,35.861000,set1,flang-openmp,mimalloc,1
newdxx_g,BaTiO3_nat005,64000,27609,1,6,35.887000,set1,flang-openmp,mimalloc,1
newdxx_g,BaTiO3_nat005,64000,27609,1,7,35.690000,set1,flang-openmp,mimalloc,1
newdxx_g,BaTiO3_nat005,64000,27609,1,8,36.054000,set1,flang-openmp,mimalloc,1
newdxx_g,BaTiO3_nat005,64000,27609,1,9,35.702000,set1,flang-openmp,mimalloc,1
newdxx_g,BaTiO3_nat005,64000,27609,1,10,35.883000,set1,flang-openmp,mimalloc,1
newdxx_g,BaTiO3_nat005,64000,27609,1,11,35.816000,set1,flang-openmp,mimalloc,1
newdxx_g,BaTiO3_nat005,64000,27609,1,12,35.958000,set1,flang-openmp,mimalloc,1
newdxx_g,BaTiO3_nat005,64000,27609,1,13,35.954000,set1,flang-openmp,mimalloc,1
newdxx_g,BaTiO3_nat005,64000,27609,1,14,35.858000,set1,flang-openmp,mimalloc,1
newdxx_g,BaTiO3_nat005,64000,27609,1,15,36.072000,set1,flang-openmp,mimalloc,1
newdxx_g,BaTiO3_nat005,64000,27609,1,16,36.014000,set1,flang-openmp,mimalloc,1
newdxx_g,BaTiO3_nat005,64000,27609,1,17,36.083000,set1,flang-openmp,mimalloc,1
newdxx_g,BaTiO3_nat005,64000,27609,1,18,36.076000,set1,flang-openmp,mimalloc,1
newdxx_g,BaTiO3_nat005,64000,27609,1,19,36.133000,set1,flang-openmp,mimalloc,1
newdxx_g,BaTiO3_nat005,64000,27609,2,0,32.528000,set1,flang-openmp,mimalloc,1
newdxx_g,BaTiO3_nat005,64000,27609,2,1,32.956000,set1,flang-openmp,mimalloc,1
newdxx_g,BaTiO3_nat005,64000,27609,2,2,32.348000,set1,flang-openmp,mimalloc,1
newdxx_g,BaTiO3_nat005,64000,27609,2,3,32.688000,set1,flang-openmp,mimalloc,1
newdxx_g,BaTiO3_nat005,64000,27609,2,4,32.880000,set1,flang-openmp,mimalloc,1
newdxx_g,BaTiO3_nat005,64000,27609,2,5,32.112000,set1,flang-openmp,mimalloc,1
newdxx_g,BaTiO3_nat005,64000,27609,2,6,32.310000,set1,flang-openmp,mimalloc,1
newdxx_g,BaTiO3_nat005,64000,27609,2,7,31.696000,set1,flang-openmp,mimalloc,1
newdxx_g,BaTiO3_nat005,64000,27609,2,8,32.288000,set1,flang-openmp,mimalloc,1
newdxx_g,BaTiO3_nat005,64000,27609,2,9,32.287000,set1,flang-openmp,mimalloc,1
newdxx_g,BaTiO3_nat005,64000,27609,2,10,31.818000,set1,flang-openmp,mimalloc,1
newdxx_g,BaTiO3_nat005,64000,27609,2,11,32.046000,set1,flang-openmp,mimalloc,1
newdxx_g,BaTiO3_nat005,64000,27609,2,12,32.527000,set1,flang-openmp,mimalloc,1
newdxx_g,BaTiO3_nat005,64000,27609,2,13,32.319000,set1,flang-openmp,mimalloc,1
newdxx_g,BaTiO3_nat005,64000,27609,2,14,32.012000,set1,flang-openmp,mimalloc,1
newdxx_g,BaTiO3_nat005,64000,27609,2,15,32.094000,set1,flang-openmp,mimalloc,1
newdxx_g,BaTiO3_nat005,64000,27609,2,16,31.917000,set1,flang-openmp,mimalloc,1
newdxx_g,BaTiO3_nat005,64000,27609,2,17,32.163000,set1,flang-openmp,mimalloc,1
newdxx_g,BaTiO3_nat005,64000,27609,2,18,32.411000,set1,flang-openmp,mimalloc,1
newdxx_g,BaTiO3_nat005,64000,27609,2,19,32.513000,set1,flang-openmp,mimalloc,1
newdxx_g,BaTiO3_nat005,64000,27609,4,0,29.624000,set1,flang-openmp,mimalloc,1
newdxx_g,BaTiO3_nat005,64000,27609,4,1,29.539000,set1,flang-openmp,mimalloc,1
newdxx_g,BaTiO3_nat005,64000,27609,4,2,29.675000,set1,flang-openmp,mimalloc,1
newdxx_g,BaTiO3_nat005,64000,27609,4,3,29.570000,set1,flang-openmp,mimalloc,1
newdxx_g,BaTiO3_nat005,64000,27609,4,4,29.608000,set1,flang-openmp,mimalloc,1
newdxx_g,BaTiO3_nat005,64000,27609,4,5,29.245000,set1,flang-openmp,mimalloc,1
newdxx_g,BaTiO3_nat005,64000,27609,4,6,29.375000,set1,flang-openmp,mimalloc,1
newdxx_g,BaTiO3_nat005,64000,27609,4,7,29.545000,set1,flang-openmp,mimalloc,1
newdxx_g,BaTiO3_nat005,64000,27609,4,8,30.002000,set1,flang-openmp,mimalloc,1
newdxx_g,BaTiO3_nat005,64000,27609,4,9,29.448000,set1,flang-openmp,mimalloc,1
newdxx_g,BaTiO3_nat005,64000,27609,4,10,29.386000,set1,flang-openmp,mimalloc,1
newdxx_g,BaTiO3_nat005,64000,27609,4,11,29.816000,set1,flang-openmp,mimalloc,1
newdxx_g,BaTiO3_nat005,64000,27609,4,12,29.744000,set1,flang-openmp,mimalloc,1
newdxx_g,BaTiO3_nat005,64000,27609,4,13,29.789000,set1,flang-openmp,mimalloc,1
newdxx_g,BaTiO3_nat005,64000,27609,4,14,29.719000,set1,flang-openmp,mimalloc,1
newdxx_g,BaTiO3_nat005,64000,27609,4,15,29.640000,set1,flang-openmp,mimalloc,1
newdxx_g,BaTiO3_nat005,64000,27609,4,16,29.714000,set1,flang-openmp,mimalloc,1
newdxx_g,BaTiO3_nat005,64000,27609,4,17,29.711000,set1,flang-openmp,mimalloc,1
newdxx_g,BaTiO3_nat005,64000,27609,4,18,29.496000,set1,flang-openmp,mimalloc,1
newdxx_g,BaTiO3_nat005,64000,27609,4,19,29.639000,set1,flang-openmp,mimalloc,1
newdxx_g,BaTiO3_nat005,64000,27609,8,0,25.458000,set1,flang-openmp,mimalloc,1
newdxx_g,BaTiO3_nat005,64000,27609,8,1,25.564000,set1,flang-openmp,mimalloc,1
newdxx_g,BaTiO3_nat005,64000,27609,8,2,25.580000,set1,flang-openmp,mimalloc,1
newdxx_g,BaTiO3_nat005,64000,27609,8,3,25.509000,set1,flang-openmp,mimalloc,1
newdxx_g,BaTiO3_nat005,64000,27609,8,4,25.555000,set1,flang-openmp,mimalloc,1
newdxx_g,BaTiO3_nat005,64000,27609,8,5,25.482000,set1,flang-openmp,mimalloc,1
newdxx_g,BaTiO3_nat005,64000,27609,8,6,25.247000,set1,flang-openmp,mimalloc,1
newdxx_g,BaTiO3_nat005,64000,27609,8,7,25.817000,set1,flang-openmp,mimalloc,1
newdxx_g,BaTiO3_nat005,64000,27609,8,8,25.858000,set1,flang-openmp,mimalloc,1
newdxx_g,BaTiO3_nat005,64000,27609,8,9,25.724000,set1,flang-openmp,mimalloc,1
newdxx_g,BaTiO3_nat005,64000,27609,8,10,25.419000,set1,flang-openmp,mimalloc,1
newdxx_g,BaTiO3_nat005,64000,27609,8,11,25.437000,set1,flang-openmp,mimalloc,1
newdxx_g,BaTiO3_nat005,64000,27609,8,12,25.403000,set1,flang-openmp,mimalloc,1
newdxx_g,BaTiO3_nat005,64000,27609,8,13,25.509000,set1,flang-openmp,mimalloc,1
newdxx_g,BaTiO3_nat005,64000,27609,8,14,25.288000,set1,flang-openmp,mimalloc,1
newdxx_g,BaTiO3_nat005,64000,27609,8,15,25.315000,set1,flang-openmp,mimalloc,1
newdxx_g,BaTiO3_nat005,64000,27609,8,16,25.339000,set1,flang-openmp,mimalloc,1
newdxx_g,BaTiO3_nat005,64000,27609,8,17,25.498000,set1,flang-openmp,mimalloc,1
newdxx_g,BaTiO3_nat005,64000,27609,8,18,25.552000,set1,flang-openmp,mimalloc,1
newdxx_g,BaTiO3_nat005,64000,27609,8,19,25.425000,set1,flang-openmp,mimalloc,1
newdxx_g,BaTiO3_nat005,64000,27609,16,0,15.631000,set1,flang-openmp,mimalloc,1
newdxx_g,BaTiO3_nat005,64000,27609,16,1,15.453000,set1,flang-openmp,mimalloc,1
newdxx_g,BaTiO3_nat005,64000,27609,16,2,15.256000,set1,flang-openmp,mimalloc,1
newdxx_g,BaTiO3_nat005,64000,27609,16,3,15.626000,set1,flang-openmp,mimalloc,1
newdxx_g,BaTiO3_nat005,64000,27609,16,4,15.138000,set1,flang-openmp,mimalloc,1
newdxx_g,BaTiO3_nat005,64000,27609,16,5,15.721000,set1,flang-openmp,mimalloc,1
newdxx_g,BaTiO3_nat005,64000,27609,16,6,15.308000,set1,flang-openmp,mimalloc,1
newdxx_g,BaTiO3_nat005,64000,27609,16,7,15.403000,set1,flang-openmp,mimalloc,1
newdxx_g,BaTiO3_nat005,64000,27609,16,8,15.336000,set1,flang-openmp,mimalloc,1
newdxx_g,BaTiO3_nat005,64000,27609,16,9,15.309000,set1,flang-openmp,mimalloc,1
newdxx_g,BaTiO3_nat005,64000,27609,16,10,15.149000,set1,flang-openmp,mimalloc,1
newdxx_g,BaTiO3_nat005,64000,27609,16,11,15.050000,set1,flang-openmp,mimalloc,1
newdxx_g,BaTiO3_nat005,64000,27609,16,12,15.208000,set1,flang-openmp,mimalloc,1
newdxx_g,BaTiO3_nat005,64000,27609,16,13,15.810000,set1,flang-openmp,mimalloc,1
newdxx_g,BaTiO3_nat005,64000,27609,16,14,15.433000,set1,flang-openmp,mimalloc,1
newdxx_g,BaTiO3_nat005,64000,27609,16,15,15.188000,set1,flang-openmp,mimalloc,1
newdxx_g,BaTiO3_nat005,64000,27609,16,16,15.576000,set1,flang-openmp,mimalloc,1
newdxx_g,BaTiO3_nat005,64000,27609,16,17,15.084000,set1,flang-openmp,mimalloc,1
newdxx_g,BaTiO3_nat005,64000,27609,16,18,15.162000,set1,flang-openmp,mimalloc,1
newdxx_g,BaTiO3_nat005,64000,27609,16,19,15.142000,set1,flang-openmp,mimalloc,1
newdxx_g,BaTiO3_nat005,64000,27609,32,0,25.925000,set1,flang-openmp,mimalloc,1
newdxx_g,BaTiO3_nat005,64000,27609,32,1,26.153000,set1,flang-openmp,mimalloc,1
newdxx_g,BaTiO3_nat005,64000,27609,32,2,25.518000,set1,flang-openmp,mimalloc,1
newdxx_g,BaTiO3_nat005,64000,27609,32,3,25.869000,set1,flang-openmp,mimalloc,1
newdxx_g,BaTiO3_nat005,64000,27609,32,4,25.721000,set1,flang-openmp,mimalloc,1
newdxx_g,BaTiO3_nat005,64000,27609,32,5,25.758000,set1,flang-openmp,mimalloc,1
newdxx_g,BaTiO3_nat005,64000,27609,32,6,25.864000,set1,flang-openmp,mimalloc,1
newdxx_g,BaTiO3_nat005,64000,27609,32,7,25.788000,set1,flang-openmp,mimalloc,1
newdxx_g,BaTiO3_nat005,64000,27609,32,8,25.716000,set1,flang-openmp,mimalloc,1
newdxx_g,BaTiO3_nat005,64000,27609,32,9,25.728000,set1,flang-openmp,mimalloc,1
newdxx_g,BaTiO3_nat005,64000,27609,32,10,25.892000,set1,flang-openmp,mimalloc,1
newdxx_g,BaTiO3_nat005,64000,27609,32,11,25.551000,set1,flang-openmp,mimalloc,1
newdxx_g,BaTiO3_nat005,64000,27609,32,12,25.796000,set1,flang-openmp,mimalloc,1
newdxx_g,BaTiO3_nat005,64000,27609,32,13,25.553000,set1,flang-openmp,mimalloc,1
newdxx_g,BaTiO3_nat005,64000,27609,32,14,25.779000,set1,flang-openmp,mimalloc,1
newdxx_g,BaTiO3_nat005,64000,27609,32,15,25.782000,set1,flang-openmp,mimalloc,1
newdxx_g,BaTiO3_nat005,64000,27609,32,16,25.545000,set1,flang-openmp,mimalloc,1
newdxx_g,BaTiO3_nat005,64000,27609,32,17,26.009000,set1,flang-openmp,mimalloc,1
newdxx_g,BaTiO3_nat005,64000,27609,32,18,25.862000,set1,flang-openmp,mimalloc,1
newdxx_g,BaTiO3_nat005,64000,27609,32,19,25.876000,set1,flang-openmp,mimalloc,1
newdxx_g,BaTiO3_nat005,64000,27609,64,0,15.896000,set1,flang-openmp,mimalloc,1
newdxx_g,BaTiO3_nat005,64000,27609,64,1,15.534000,set1,flang-openmp,mimalloc,1
newdxx_g,BaTiO3_nat005,64000,27609,64,2,15.687000,set1,flang-openmp,mimalloc,1
newdxx_g,BaTiO3_nat005,64000,27609,64,3,15.451000,set1,flang-openmp,mimalloc,1
newdxx_g,BaTiO3_nat005,64000,27609,64,4,14.877000,set1,flang-openmp,mimalloc,1
newdxx_g,BaTiO3_nat005,64000,27609,64,5,15.593000,set1,flang-openmp,mimalloc,1
newdxx_g,BaTiO3_nat005,64000,27609,64,6,15.538000,set1,flang-openmp,mimalloc,1
newdxx_g,BaTiO3_nat005,64000,27609,64,7,15.553000,set1,flang-openmp,mimalloc,1
newdxx_g,BaTiO3_nat005,64000,27609,64,8,15.560000,set1,flang-openmp,mimalloc,1
newdxx_g,BaTiO3_nat005,64000,27609,64,9,15.440000,set1,flang-openmp,mimalloc,1
newdxx_g,BaTiO3_nat005,64000,27609,64,10,15.539000,set1,flang-openmp,mimalloc,1
newdxx_g,BaTiO3_nat005,64000,27609,64,11,15.601000,set1,flang-openmp,mimalloc,1
newdxx_g,BaTiO3_nat005,64000,27609,64,12,14.987000,set1,flang-openmp,mimalloc,1
newdxx_g,BaTiO3_nat005,64000,27609,64,13,15.311000,set1,flang-openmp,mimalloc,1
newdxx_g,BaTiO3_nat005,64000,27609,64,14,15.425000,set1,flang-openmp,mimalloc,1
newdxx_g,BaTiO3_nat005,64000,27609,64,15,15.412000,set1,flang-openmp,mimalloc,1
newdxx_g,BaTiO3_nat005,64000,27609,64,16,15.786000,set1,flang-openmp,mimalloc,1
newdxx_g,BaTiO3_nat005,64000,27609,64,17,15.354000,set1,flang-openmp,mimalloc,1
newdxx_g,BaTiO3_nat005,64000,27609,64,18,15.739000,set1,flang-openmp,mimalloc,1
newdxx_g,BaTiO3_nat005,64000,27609,64,19,15.561000,set1,flang-openmp,mimalloc,1
newdxx_g,BaTiO3_nat005,64000,27609,72,0,15.774000,set1,flang-openmp,mimalloc,1
newdxx_g,BaTiO3_nat005,64000,27609,72,1,15.635000,set1,flang-openmp,mimalloc,1
newdxx_g,BaTiO3_nat005,64000,27609,72,2,15.766000,set1,flang-openmp,mimalloc,1
newdxx_g,BaTiO3_nat005,64000,27609,72,3,15.422000,set1,flang-openmp,mimalloc,1
newdxx_g,BaTiO3_nat005,64000,27609,72,4,15.633000,set1,flang-openmp,mimalloc,1
newdxx_g,BaTiO3_nat005,64000,27609,72,5,15.403000,set1,flang-openmp,mimalloc,1
newdxx_g,BaTiO3_nat005,64000,27609,72,6,15.448000,set1,flang-openmp,mimalloc,1
newdxx_g,BaTiO3_nat005,64000,27609,72,7,15.547000,set1,flang-openmp,mimalloc,1
newdxx_g,BaTiO3_nat005,64000,27609,72,8,15.642000,set1,flang-openmp,mimalloc,1
newdxx_g,BaTiO3_nat005,64000,27609,72,9,15.473000,set1,flang-openmp,mimalloc,1
newdxx_g,BaTiO3_nat005,64000,27609,72,10,15.917000,set1,flang-openmp,mimalloc,1
newdxx_g,BaTiO3_nat005,64000,27609,72,11,15.421000,set1,flang-openmp,mimalloc,1
newdxx_g,BaTiO3_nat005,64000,27609,72,12,15.536000,set1,flang-openmp,mimalloc,1
newdxx_g,BaTiO3_nat005,64000,27609,72,13,15.434000,set1,flang-openmp,mimalloc,1
newdxx_g,BaTiO3_nat005,64000,27609,72,14,15.370000,set1,flang-openmp,mimalloc,1
newdxx_g,BaTiO3_nat005,64000,27609,72,15,15.612000,set1,flang-openmp,mimalloc,1
newdxx_g,BaTiO3_nat005,64000,27609,72,16,15.579000,set1,flang-openmp,mimalloc,1
newdxx_g,BaTiO3_nat005,64000,27609,72,17,15.654000,set1,flang-openmp,mimalloc,1
newdxx_g,BaTiO3_nat005,64000,27609,72,18,15.552000,set1,flang-openmp,mimalloc,1
newdxx_g,BaTiO3_nat005,64000,27609,72,19,15.882000,set1,flang-openmp,mimalloc,1
newdxx_g,BaTiO3_nat005,64000,27609,1,0,1723.621000,set1_rep64,flang-openmp,mimalloc,64
newdxx_g,BaTiO3_nat005,64000,27609,1,1,1723.369000,set1_rep64,flang-openmp,mimalloc,64
newdxx_g,BaTiO3_nat005,64000,27609,1,2,1742.168000,set1_rep64,flang-openmp,mimalloc,64
newdxx_g,BaTiO3_nat005,64000,27609,1,3,1719.621000,set1_rep64,flang-openmp,mimalloc,64
newdxx_g,BaTiO3_nat005,64000,27609,1,4,1720.604000,set1_rep64,flang-openmp,mimalloc,64
newdxx_g,BaTiO3_nat005,64000,27609,1,5,1724.076000,set1_rep64,flang-openmp,mimalloc,64
newdxx_g,BaTiO3_nat005,64000,27609,1,6,1712.453000,set1_rep64,flang-openmp,mimalloc,64
newdxx_g,BaTiO3_nat005,64000,27609,1,7,1719.128000,set1_rep64,flang-openmp,mimalloc,64
newdxx_g,BaTiO3_nat005,64000,27609,1,8,1724.489000,set1_rep64,flang-openmp,mimalloc,64
newdxx_g,BaTiO3_nat005,64000,27609,1,9,1716.420000,set1_rep64,flang-openmp,mimalloc,64
newdxx_g,BaTiO3_nat005,64000,27609,1,10,1738.067000,set1_rep64,flang-openmp,mimalloc,64
newdxx_g,BaTiO3_nat005,64000,27609,1,11,1725.133000,set1_rep64,flang-openmp,mimalloc,64
newdxx_g,BaTiO3_nat005,64000,27609,1,12,1716.838000,set1_rep64,flang-openmp,mimalloc,64
newdxx_g,BaTiO3_nat005,64000,27609,1,13,1716.935000,set1_rep64,flang-openmp,mimalloc,64
newdxx_g,BaTiO3_nat005,64000,27609,1,14,1728.325000,set1_rep64,flang-openmp,mimalloc,64
newdxx_g,BaTiO3_nat005,64000,27609,1,15,1729.282000,set1_rep64,flang-openmp,mimalloc,64
newdxx_g,BaTiO3_nat005,64000,27609,1,16,1747.122000,set1_rep64,flang-openmp,mimalloc,64
newdxx_g,BaTiO3_nat005,64000,27609,1,17,1721.655000,set1_rep64,flang-openmp,mimalloc,64
newdxx_g,BaTiO3_nat005,64000,27609,1,18,1719.925000,set1_rep64,flang-openmp,mimalloc,64
newdxx_g,BaTiO3_nat005,64000,27609,1,19,1717.681000,set1_rep64,flang-openmp,mimalloc,64
newdxx_g,BaTiO3_nat005,64000,27609,2,0,877.907000,set1_rep64,flang-openmp,mimalloc,64
newdxx_g,BaTiO3_nat005,64000,27609,2,1,876.790000,set1_rep64,flang-openmp,mimalloc,64
newdxx_g,BaTiO3_nat005,64000,27609,2,2,877.610000,set1_rep64,flang-openmp,mimalloc,64
newdxx_g,BaTiO3_nat005,64000,27609,2,3,881.303000,set1_rep64,flang-openmp,mimalloc,64
newdxx_g,BaTiO3_nat005,64000,27609,2,4,873.791000,set1_rep64,flang-openmp,mimalloc,64
newdxx_g,BaTiO3_nat005,64000,27609,2,5,873.641000,set1_rep64,flang-openmp,mimalloc,64
newdxx_g,BaTiO3_nat005,64000,27609,2,6,880.307000,set1_rep64,flang-openmp,mimalloc,64
newdxx_g,BaTiO3_nat005,64000,27609,2,7,877.250000,set1_rep64,flang-openmp,mimalloc,64
newdxx_g,BaTiO3_nat005,64000,27609,2,8,879.337000,set1_rep64,flang-openmp,mimalloc,64
newdxx_g,BaTiO3_nat005,64000,27609,2,9,878.639000,set1_rep64,flang-openmp,mimalloc,64
newdxx_g,BaTiO3_nat005,64000,27609,2,10,876.107000,set1_rep64,flang-openmp,mimalloc,64
newdxx_g,BaTiO3_nat005,64000,27609,2,11,876.776000,set1_rep64,flang-openmp,mimalloc,64
newdxx_g,BaTiO3_nat005,64000,27609,2,12,878.712000,set1_rep64,flang-openmp,mimalloc,64
newdxx_g,BaTiO3_nat005,64000,27609,2,13,878.239000,set1_rep64,flang-openmp,mimalloc,64
newdxx_g,BaTiO3_nat005,64000,27609,2,14,875.525000,set1_rep64,flang-openmp,mimalloc,64
newdxx_g,BaTiO3_nat005,64000,27609,2,15,877.637000,set1_rep64,flang-openmp,mimalloc,64
newdxx_g,BaTiO3_nat005,64000,27609,2,16,878.677000,set1_rep64,flang-openmp,mimalloc,64
newdxx_g,BaTiO3_nat005,64000,27609,2,17,874.734000,set1_rep64,flang-openmp,mimalloc,64
newdxx_g,BaTiO3_nat005,64000,27609,2,18,881.716000,set1_rep64,flang-openmp,mimalloc,64
newdxx_g,BaTiO3_nat005,64000,27609,2,19,873.952000,set1_rep64,flang-openmp,mimalloc,64
newdxx_g,BaTiO3_nat005,64000,27609,4,0,438.839000,set1_rep64,flang-openmp,mimalloc,64
newdxx_g,BaTiO3_nat005,64000,27609,4,1,438.588000,set1_rep64,flang-openmp,mimalloc,64
newdxx_g,BaTiO3_nat005,64000,27609,4,2,447.301000,set1_rep64,flang-openmp,mimalloc,64
newdxx_g,BaTiO3_nat005,64000,27609,4,3,450.772000,set1_rep64,flang-openmp,mimalloc,64
newdxx_g,BaTiO3_nat005,64000,27609,4,4,437.791000,set1_rep64,flang-openmp,mimalloc,64
newdxx_g,BaTiO3_nat005,64000,27609,4,5,438.063000,set1_rep64,flang-openmp,mimalloc,64
newdxx_g,BaTiO3_nat005,64000,27609,4,6,438.475000,set1_rep64,flang-openmp,mimalloc,64
newdxx_g,BaTiO3_nat005,64000,27609,4,7,438.576000,set1_rep64,flang-openmp,mimalloc,64
newdxx_g,BaTiO3_nat005,64000,27609,4,8,438.360000,set1_rep64,flang-openmp,mimalloc,64
newdxx_g,BaTiO3_nat005,64000,27609,4,9,439.085000,set1_rep64,flang-openmp,mimalloc,64
newdxx_g,BaTiO3_nat005,64000,27609,4,10,438.437000,set1_rep64,flang-openmp,mimalloc,64
newdxx_g,BaTiO3_nat005,64000,27609,4,11,437.919000,set1_rep64,flang-openmp,mimalloc,64
newdxx_g,BaTiO3_nat005,64000,27609,4,12,439.401000,set1_rep64,flang-openmp,mimalloc,64
newdxx_g,BaTiO3_nat005,64000,27609,4,13,438.111000,set1_rep64,flang-openmp,mimalloc,64
newdxx_g,BaTiO3_nat005,64000,27609,4,14,438.012000,set1_rep64,flang-openmp,mimalloc,64
newdxx_g,BaTiO3_nat005,64000,27609,4,15,438.283000,set1_rep64,flang-openmp,mimalloc,64
newdxx_g,BaTiO3_nat005,64000,27609,4,16,437.552000,set1_rep64,flang-openmp,mimalloc,64
newdxx_g,BaTiO3_nat005,64000,27609,4,17,438.911000,set1_rep64,flang-openmp,mimalloc,64
newdxx_g,BaTiO3_nat005,64000,27609,4,18,438.516000,set1_rep64,flang-openmp,mimalloc,64
newdxx_g,BaTiO3_nat005,64000,27609,4,19,437.668000,set1_rep64,flang-openmp,mimalloc,64
newdxx_g,BaTiO3_nat005,64000,27609,8,0,420.666000,set1_rep64,flang-openmp,mimalloc,64
newdxx_g,BaTiO3_nat005,64000,27609,8,1,420.020000,set1_rep64,flang-openmp,mimalloc,64
newdxx_g,BaTiO3_nat005,64000,27609,8,2,419.919000,set1_rep64,flang-openmp,mimalloc,64
newdxx_g,BaTiO3_nat005,64000,27609,8,3,419.991000,set1_rep64,flang-openmp,mimalloc,64
newdxx_g,BaTiO3_nat005,64000,27609,8,4,419.985000,set1_rep64,flang-openmp,mimalloc,64
newdxx_g,BaTiO3_nat005,64000,27609,8,5,420.299000,set1_rep64,flang-openmp,mimalloc,64
newdxx_g,BaTiO3_nat005,64000,27609,8,6,417.277000,set1_rep64,flang-openmp,mimalloc,64
newdxx_g,BaTiO3_nat005,64000,27609,8,7,418.537000,set1_rep64,flang-openmp,mimalloc,64
newdxx_g,BaTiO3_nat005,64000,27609,8,8,417.699000,set1_rep64,flang-openmp,mimalloc,64
newdxx_g,BaTiO3_nat005,64000,27609,8,9,415.749000,set1_rep64,flang-openmp,mimalloc,64
newdxx_g,BaTiO3_nat005,64000,27609,8,10,416.876000,set1_rep64,flang-openmp,mimalloc,64
newdxx_g,BaTiO3_nat005,64000,27609,8,11,416.461000,set1_rep64,flang-openmp,mimalloc,64
newdxx_g,BaTiO3_nat005,64000,27609,8,12,417.641000,set1_rep64,flang-openmp,mimalloc,64
newdxx_g,BaTiO3_nat005,64000,27609,8,13,417.187000,set1_rep64,flang-openmp,mimalloc,64
newdxx_g,BaTiO3_nat005,64000,27609,8,14,418.370000,set1_rep64,flang-openmp,mimalloc,64
newdxx_g,BaTiO3_nat005,64000,27609,8,15,418.325000,set1_rep64,flang-openmp,mimalloc,64
newdxx_g,BaTiO3_nat005,64000,27609,8,16,415.905000,set1_rep64,flang-openmp,mimalloc,64
newdxx_g,BaTiO3_nat005,64000,27609,8,17,417.470000,set1_rep64,flang-openmp,mimalloc,64
newdxx_g,BaTiO3_nat005,64000,27609,8,18,416.850000,set1_rep64,flang-openmp,mimalloc,64
newdxx_g,BaTiO3_nat005,64000,27609,8,19,416.339000,set1_rep64,flang-openmp,mimalloc,64
newdxx_g,BaTiO3_nat005,64000,27609,16,0,114.004000,set1_rep64,flang-openmp,mimalloc,64
newdxx_g,BaTiO3_nat005,64000,27609,16,1,113.905000,set1_rep64,flang-openmp,mimalloc,64
newdxx_g,BaTiO3_nat005,64000,27609,16,2,114.049000,set1_rep64,flang-openmp,mimalloc,64
newdxx_g,BaTiO3_nat005,64000,27609,16,3,114.703000,set1_rep64,flang-openmp,mimalloc,64
newdxx_g,BaTiO3_nat005,64000,27609,16,4,114.158000,set1_rep64,flang-openmp,mimalloc,64
newdxx_g,BaTiO3_nat005,64000,27609,16,5,114.653000,set1_rep64,flang-openmp,mimalloc,64
newdxx_g,BaTiO3_nat005,64000,27609,16,6,114.469000,set1_rep64,flang-openmp,mimalloc,64
newdxx_g,BaTiO3_nat005,64000,27609,16,7,112.529000,set1_rep64,flang-openmp,mimalloc,64
newdxx_g,BaTiO3_nat005,64000,27609,16,8,115.599000,set1_rep64,flang-openmp,mimalloc,64
newdxx_g,BaTiO3_nat005,64000,27609,16,9,115.914000,set1_rep64,flang-openmp,mimalloc,64
newdxx_g,BaTiO3_nat005,64000,27609,16,10,115.802000,set1_rep64,flang-openmp,mimalloc,64
newdxx_g,BaTiO3_nat005,64000,27609,16,11,115.587000,set1_rep64,flang-openmp,mimalloc,64
newdxx_g,BaTiO3_nat005,64000,27609,16,12,116.085000,set1_rep64,flang-openmp,mimalloc,64
newdxx_g,BaTiO3_nat005,64000,27609,16,13,116.050000,set1_rep64,flang-openmp,mimalloc,64
newdxx_g,BaTiO3_nat005,64000,27609,16,14,115.868000,set1_rep64,flang-openmp,mimalloc,64
newdxx_g,BaTiO3_nat005,64000,27609,16,15,116.122000,set1_rep64,flang-openmp,mimalloc,64
newdxx_g,BaTiO3_nat005,64000,27609,16,16,116.420000,set1_rep64,flang-openmp,mimalloc,64
newdxx_g,BaTiO3_nat005,64000,27609,16,17,117.901000,set1_rep64,flang-openmp,mimalloc,64
newdxx_g,BaTiO3_nat005,64000,27609,16,18,117.891000,set1_rep64,flang-openmp,mimalloc,64
newdxx_g,BaTiO3_nat005,64000,27609,16,19,118.004000,set1_rep64,flang-openmp,mimalloc,64
newdxx_g,BaTiO3_nat005,64000,27609,32,0,122.075000,set1_rep64,flang-openmp,mimalloc,64
newdxx_g,BaTiO3_nat005,64000,27609,32,1,121.964000,set1_rep64,flang-openmp,mimalloc,64
newdxx_g,BaTiO3_nat005,64000,27609,32,2,122.323000,set1_rep64,flang-openmp,mimalloc,64
newdxx_g,BaTiO3_nat005,64000,27609,32,3,121.659000,set1_rep64,flang-openmp,mimalloc,64
newdxx_g,BaTiO3_nat005,64000,27609,32,4,121.833000,set1_rep64,flang-openmp,mimalloc,64
newdxx_g,BaTiO3_nat005,64000,27609,32,5,121.823000,set1_rep64,flang-openmp,mimalloc,64
newdxx_g,BaTiO3_nat005,64000,27609,32,6,121.862000,set1_rep64,flang-openmp,mimalloc,64
newdxx_g,BaTiO3_nat005,64000,27609,32,7,121.956000,set1_rep64,flang-openmp,mimalloc,64
newdxx_g,BaTiO3_nat005,64000,27609,32,8,123.385000,set1_rep64,flang-openmp,mimalloc,64
newdxx_g,BaTiO3_nat005,64000,27609,32,9,121.974000,set1_rep64,flang-openmp,mimalloc,64
newdxx_g,BaTiO3_nat005,64000,27609,32,10,122.009000,set1_rep64,flang-openmp,mimalloc,64
newdxx_g,BaTiO3_nat005,64000,27609,32,11,122.062000,set1_rep64,flang-openmp,mimalloc,64
newdxx_g,BaTiO3_nat005,64000,27609,32,12,122.100000,set1_rep64,flang-openmp,mimalloc,64
newdxx_g,BaTiO3_nat005,64000,27609,32,13,122.405000,set1_rep64,flang-openmp,mimalloc,64
newdxx_g,BaTiO3_nat005,64000,27609,32,14,122.179000,set1_rep64,flang-openmp,mimalloc,64
newdxx_g,BaTiO3_nat005,64000,27609,32,15,122.202000,set1_rep64,flang-openmp,mimalloc,64
newdxx_g,BaTiO3_nat005,64000,27609,32,16,123.049000,set1_rep64,flang-openmp,mimalloc,64
newdxx_g,BaTiO3_nat005,64000,27609,32,17,121.892000,set1_rep64,flang-openmp,mimalloc,64
newdxx_g,BaTiO3_nat005,64000,27609,32,18,123.265000,set1_rep64,flang-openmp,mimalloc,64
newdxx_g,BaTiO3_nat005,64000,27609,32,19,121.938000,set1_rep64,flang-openmp,mimalloc,64
newdxx_g,BaTiO3_nat005,64000,27609,64,0,30.856000,set1_rep64,flang-openmp,mimalloc,64
newdxx_g,BaTiO3_nat005,64000,27609,64,1,31.522000,set1_rep64,flang-openmp,mimalloc,64
newdxx_g,BaTiO3_nat005,64000,27609,64,2,30.635000,set1_rep64,flang-openmp,mimalloc,64
newdxx_g,BaTiO3_nat005,64000,27609,64,3,31.067000,set1_rep64,flang-openmp,mimalloc,64
newdxx_g,BaTiO3_nat005,64000,27609,64,4,30.988000,set1_rep64,flang-openmp,mimalloc,64
newdxx_g,BaTiO3_nat005,64000,27609,64,5,30.303000,set1_rep64,flang-openmp,mimalloc,64
newdxx_g,BaTiO3_nat005,64000,27609,64,6,30.647000,set1_rep64,flang-openmp,mimalloc,64
newdxx_g,BaTiO3_nat005,64000,27609,64,7,30.975000,set1_rep64,flang-openmp,mimalloc,64
newdxx_g,BaTiO3_nat005,64000,27609,64,8,30.991000,set1_rep64,flang-openmp,mimalloc,64
newdxx_g,BaTiO3_nat005,64000,27609,64,9,31.101000,set1_rep64,flang-openmp,mimalloc,64
newdxx_g,BaTiO3_nat005,64000,27609,64,10,30.492000,set1_rep64,flang-openmp,mimalloc,64
newdxx_g,BaTiO3_nat005,64000,27609,64,11,30.896000,set1_rep64,flang-openmp,mimalloc,64
newdxx_g,BaTiO3_nat005,64000,27609,64,12,30.438000,set1_rep64,flang-openmp,mimalloc,64
newdxx_g,BaTiO3_nat005,64000,27609,64,13,31.283000,set1_rep64,flang-openmp,mimalloc,64
newdxx_g,BaTiO3_nat005,64000,27609,64,14,30.685000,set1_rep64,flang-openmp,mimalloc,64
newdxx_g,BaTiO3_nat005,64000,27609,64,15,30.682000,set1_rep64,flang-openmp,mimalloc,64
newdxx_g,BaTiO3_nat005,64000,27609,64,16,30.598000,set1_rep64,flang-openmp,mimalloc,64
newdxx_g,BaTiO3_nat005,64000,27609,64,17,30.801000,set1_rep64,flang-openmp,mimalloc,64
newdxx_g,BaTiO3_nat005,64000,27609,64,18,30.585000,set1_rep64,flang-openmp,mimalloc,64
newdxx_g,BaTiO3_nat005,64000,27609,64,19,30.581000,set1_rep64,flang-openmp,mimalloc,64
newdxx_g,BaTiO3_nat005,64000,27609,72,0,31.281000,set1_rep64,flang-openmp,mimalloc,64
newdxx_g,BaTiO3_nat005,64000,27609,72,1,31.039000,set1_rep64,flang-openmp,mimalloc,64
newdxx_g,BaTiO3_nat005,64000,27609,72,2,30.948000,set1_rep64,flang-openmp,mimalloc,64
newdxx_g,BaTiO3_nat005,64000,27609,72,3,30.858000,set1_rep64,flang-openmp,mimalloc,64
newdxx_g,BaTiO3_nat005,64000,27609,72,4,30.932000,set1_rep64,flang-openmp,mimalloc,64
newdxx_g,BaTiO3_nat005,64000,27609,72,5,31.064000,set1_rep64,flang-openmp,mimalloc,64
newdxx_g,BaTiO3_nat005,64000,27609,72,6,31.176000,set1_rep64,flang-openmp,mimalloc,64
newdxx_g,BaTiO3_nat005,64000,27609,72,7,31.378000,set1_rep64,flang-openmp,mimalloc,64
newdxx_g,BaTiO3_nat005,64000,27609,72,8,31.186000,set1_rep64,flang-openmp,mimalloc,64
newdxx_g,BaTiO3_nat005,64000,27609,72,9,31.138000,set1_rep64,flang-openmp,mimalloc,64
newdxx_g,BaTiO3_nat005,64000,27609,72,10,31.010000,set1_rep64,flang-openmp,mimalloc,64
newdxx_g,BaTiO3_nat005,64000,27609,72,11,31.287000,set1_rep64,flang-openmp,mimalloc,64
newdxx_g,BaTiO3_nat005,64000,27609,72,12,31.048000,set1_rep64,flang-openmp,mimalloc,64
newdxx_g,BaTiO3_nat005,64000,27609,72,13,31.039000,set1_rep64,flang-openmp,mimalloc,64
newdxx_g,BaTiO3_nat005,64000,27609,72,14,31.171000,set1_rep64,flang-openmp,mimalloc,64
newdxx_g,BaTiO3_nat005,64000,27609,72,15,30.787000,set1_rep64,flang-openmp,mimalloc,64
newdxx_g,BaTiO3_nat005,64000,27609,72,16,30.753000,set1_rep64,flang-openmp,mimalloc,64
newdxx_g,BaTiO3_nat005,64000,27609,72,17,31.075000,set1_rep64,flang-openmp,mimalloc,64
newdxx_g,BaTiO3_nat005,64000,27609,72,18,30.925000,set1_rep64,flang-openmp,mimalloc,64
newdxx_g,BaTiO3_nat005,64000,27609,72,19,31.096000,set1_rep64,flang-openmp,mimalloc,64
newdxx_g,BaO_nat002,64000,18643,1,0,12.240409,set0,dace-gcc,mimalloc,1
newdxx_g,BaO_nat002,64000,18643,1,1,10.738118,set0,dace-gcc,mimalloc,1
newdxx_g,BaO_nat002,64000,18643,1,2,12.001057,set0,dace-gcc,mimalloc,1
newdxx_g,BaO_nat002,64000,18643,1,3,12.351125,set0,dace-gcc,mimalloc,1
newdxx_g,BaO_nat002,64000,18643,1,4,12.197146,set0,dace-gcc,mimalloc,1
newdxx_g,BaO_nat002,64000,18643,1,5,12.411733,set0,dace-gcc,mimalloc,1
newdxx_g,BaO_nat002,64000,18643,1,6,12.687212,set0,dace-gcc,mimalloc,1
newdxx_g,BaO_nat002,64000,18643,1,7,12.607854,set0,dace-gcc,mimalloc,1
newdxx_g,BaO_nat002,64000,18643,1,8,12.469971,set0,dace-gcc,mimalloc,1
newdxx_g,BaO_nat002,64000,18643,1,9,12.562352,set0,dace-gcc,mimalloc,1
newdxx_g,BaO_nat002,64000,18643,1,10,12.361941,set0,dace-gcc,mimalloc,1
newdxx_g,BaO_nat002,64000,18643,1,11,12.844712,set0,dace-gcc,mimalloc,1
newdxx_g,BaO_nat002,64000,18643,1,12,12.637486,set0,dace-gcc,mimalloc,1
newdxx_g,BaO_nat002,64000,18643,1,13,12.208314,set0,dace-gcc,mimalloc,1
newdxx_g,BaO_nat002,64000,18643,1,14,11.560461,set0,dace-gcc,mimalloc,1
newdxx_g,BaO_nat002,64000,18643,1,15,11.877188,set0,dace-gcc,mimalloc,1
newdxx_g,BaO_nat002,64000,18643,1,16,11.564141,set0,dace-gcc,mimalloc,1
newdxx_g,BaO_nat002,64000,18643,1,17,11.296661,set0,dace-gcc,mimalloc,1
newdxx_g,BaO_nat002,64000,18643,1,18,11.560589,set0,dace-gcc,mimalloc,1
newdxx_g,BaO_nat002,64000,18643,1,19,10.867233,set0,dace-gcc,mimalloc,1
newdxx_g,BaO_nat002,64000,18643,2,0,6.367877,set0,dace-gcc,mimalloc,1
newdxx_g,BaO_nat002,64000,18643,2,1,5.964913,set0,dace-gcc,mimalloc,1
newdxx_g,BaO_nat002,64000,18643,2,2,5.843221,set0,dace-gcc,mimalloc,1
newdxx_g,BaO_nat002,64000,18643,2,3,5.366659,set0,dace-gcc,mimalloc,1
newdxx_g,BaO_nat002,64000,18643,2,4,5.364739,set0,dace-gcc,mimalloc,1
newdxx_g,BaO_nat002,64000,18643,2,5,5.356803,set0,dace-gcc,mimalloc,1
newdxx_g,BaO_nat002,64000,18643,2,6,5.387554,set0,dace-gcc,mimalloc,1
newdxx_g,BaO_nat002,64000,18643,2,7,5.392962,set0,dace-gcc,mimalloc,1
newdxx_g,BaO_nat002,64000,18643,2,8,5.399522,set0,dace-gcc,mimalloc,1
newdxx_g,BaO_nat002,64000,18643,2,9,5.365603,set0,dace-gcc,mimalloc,1
newdxx_g,BaO_nat002,64000,18643,2,10,5.415042,set0,dace-gcc,mimalloc,1
newdxx_g,BaO_nat002,64000,18643,2,11,5.350051,set0,dace-gcc,mimalloc,1
newdxx_g,BaO_nat002,64000,18643,2,12,5.365474,set0,dace-gcc,mimalloc,1
newdxx_g,BaO_nat002,64000,18643,2,13,5.398401,set0,dace-gcc,mimalloc,1
newdxx_g,BaO_nat002,64000,18643,2,14,5.334755,set0,dace-gcc,mimalloc,1
newdxx_g,BaO_nat002,64000,18643,2,15,5.411105,set0,dace-gcc,mimalloc,1
newdxx_g,BaO_nat002,64000,18643,2,16,5.363682,set0,dace-gcc,mimalloc,1
newdxx_g,BaO_nat002,64000,18643,2,17,5.396066,set0,dace-gcc,mimalloc,1
newdxx_g,BaO_nat002,64000,18643,2,18,5.348099,set0,dace-gcc,mimalloc,1
newdxx_g,BaO_nat002,64000,18643,2,19,5.380162,set0,dace-gcc,mimalloc,1
newdxx_g,BaO_nat002,64000,18643,4,0,3.758706,set0,dace-gcc,mimalloc,1
newdxx_g,BaO_nat002,64000,18643,4,1,3.532760,set0,dace-gcc,mimalloc,1
newdxx_g,BaO_nat002,64000,18643,4,2,3.723155,set0,dace-gcc,mimalloc,1
newdxx_g,BaO_nat002,64000,18643,4,3,3.750770,set0,dace-gcc,mimalloc,1
newdxx_g,BaO_nat002,64000,18643,4,4,3.467227,set0,dace-gcc,mimalloc,1
newdxx_g,BaO_nat002,64000,18643,4,5,3.692756,set0,dace-gcc,mimalloc,1
newdxx_g,BaO_nat002,64000,18643,4,6,3.732754,set0,dace-gcc,mimalloc,1
newdxx_g,BaO_nat002,64000,18643,4,7,3.691540,set0,dace-gcc,mimalloc,1
newdxx_g,BaO_nat002,64000,18643,4,8,3.690708,set0,dace-gcc,mimalloc,1
newdxx_g,BaO_nat002,64000,18643,4,9,3.574295,set0,dace-gcc,mimalloc,1
newdxx_g,BaO_nat002,64000,18643,4,10,3.554487,set0,dace-gcc,mimalloc,1
newdxx_g,BaO_nat002,64000,18643,4,11,3.493337,set0,dace-gcc,mimalloc,1
newdxx_g,BaO_nat002,64000,18643,4,12,3.349149,set0,dace-gcc,mimalloc,1
newdxx_g,BaO_nat002,64000,18643,4,13,3.598134,set0,dace-gcc,mimalloc,1
newdxx_g,BaO_nat002,64000,18643,4,14,3.141828,set0,dace-gcc,mimalloc,1
newdxx_g,BaO_nat002,64000,18643,4,15,3.056358,set0,dace-gcc,mimalloc,1
newdxx_g,BaO_nat002,64000,18643,4,16,3.066054,set0,dace-gcc,mimalloc,1
newdxx_g,BaO_nat002,64000,18643,4,17,3.053574,set0,dace-gcc,mimalloc,1
newdxx_g,BaO_nat002,64000,18643,4,18,3.061799,set0,dace-gcc,mimalloc,1
newdxx_g,BaO_nat002,64000,18643,4,19,3.054374,set0,dace-gcc,mimalloc,1
newdxx_g,BaO_nat002,64000,18643,8,0,2.025765,set0,dace-gcc,mimalloc,1
newdxx_g,BaO_nat002,64000,18643,8,1,2.119906,set0,dace-gcc,mimalloc,1
newdxx_g,BaO_nat002,64000,18643,8,2,2.204992,set0,dace-gcc,mimalloc,1
newdxx_g,BaO_nat002,64000,18643,8,3,2.037988,set0,dace-gcc,mimalloc,1
newdxx_g,BaO_nat002,64000,18643,8,4,2.379386,set0,dace-gcc,mimalloc,1
newdxx_g,BaO_nat002,64000,18643,8,5,2.190272,set0,dace-gcc,mimalloc,1
newdxx_g,BaO_nat002,64000,18643,8,6,2.621940,set0,dace-gcc,mimalloc,1
newdxx_g,BaO_nat002,64000,18643,8,7,2.325532,set0,dace-gcc,mimalloc,1
newdxx_g,BaO_nat002,64000,18643,8,8,2.422681,set0,dace-gcc,mimalloc,1
newdxx_g,BaO_nat002,64000,18643,8,9,2.435865,set0,dace-gcc,mimalloc,1
newdxx_g,BaO_nat002,64000,18643,8,10,2.390810,set0,dace-gcc,mimalloc,1
newdxx_g,BaO_nat002,64000,18643,8,11,2.483768,set0,dace-gcc,mimalloc,1
newdxx_g,BaO_nat002,64000,18643,8,12,2.227615,set0,dace-gcc,mimalloc,1
newdxx_g,BaO_nat002,64000,18643,8,13,2.435128,set0,dace-gcc,mimalloc,1
newdxx_g,BaO_nat002,64000,18643,8,14,2.342555,set0,dace-gcc,mimalloc,1
newdxx_g,BaO_nat002,64000,18643,8,15,2.350331,set0,dace-gcc,mimalloc,1
newdxx_g,BaO_nat002,64000,18643,8,16,2.422265,set0,dace-gcc,mimalloc,1
newdxx_g,BaO_nat002,64000,18643,8,17,2.369402,set0,dace-gcc,mimalloc,1
newdxx_g,BaO_nat002,64000,18643,8,18,2.357467,set0,dace-gcc,mimalloc,1
newdxx_g,BaO_nat002,64000,18643,8,19,2.283901,set0,dace-gcc,mimalloc,1
newdxx_g,BaO_nat002,64000,18643,16,0,1.829930,set0,dace-gcc,mimalloc,1
newdxx_g,BaO_nat002,64000,18643,16,1,1.810251,set0,dace-gcc,mimalloc,1
newdxx_g,BaO_nat002,64000,18643,16,2,1.828810,set0,dace-gcc,mimalloc,1
newdxx_g,BaO_nat002,64000,18643,16,3,1.807883,set0,dace-gcc,mimalloc,1
newdxx_g,BaO_nat002,64000,18643,16,4,1.804491,set0,dace-gcc,mimalloc,1
newdxx_g,BaO_nat002,64000,18643,16,5,1.827755,set0,dace-gcc,mimalloc,1
newdxx_g,BaO_nat002,64000,18643,16,6,1.801163,set0,dace-gcc,mimalloc,1
newdxx_g,BaO_nat002,64000,18643,16,7,1.809035,set0,dace-gcc,mimalloc,1
newdxx_g,BaO_nat002,64000,18643,16,8,1.796651,set0,dace-gcc,mimalloc,1
newdxx_g,BaO_nat002,64000,18643,16,9,1.879721,set0,dace-gcc,mimalloc,1
newdxx_g,BaO_nat002,64000,18643,16,10,1.818187,set0,dace-gcc,mimalloc,1
newdxx_g,BaO_nat002,64000,18643,16,11,1.818699,set0,dace-gcc,mimalloc,1
newdxx_g,BaO_nat002,64000,18643,16,12,1.791403,set0,dace-gcc,mimalloc,1
newdxx_g,BaO_nat002,64000,18643,16,13,1.798283,set0,dace-gcc,mimalloc,1
newdxx_g,BaO_nat002,64000,18643,16,14,1.778220,set0,dace-gcc,mimalloc,1
newdxx_g,BaO_nat002,64000,18643,16,15,1.785707,set0,dace-gcc,mimalloc,1
newdxx_g,BaO_nat002,64000,18643,16,16,1.793611,set0,dace-gcc,mimalloc,1
newdxx_g,BaO_nat002,64000,18643,16,17,1.782060,set0,dace-gcc,mimalloc,1
newdxx_g,BaO_nat002,64000,18643,16,18,1.791884,set0,dace-gcc,mimalloc,1
newdxx_g,BaO_nat002,64000,18643,16,19,1.781867,set0,dace-gcc,mimalloc,1
newdxx_g,BaO_nat002,64000,18643,32,0,1.925096,set0,dace-gcc,mimalloc,1
newdxx_g,BaO_nat002,64000,18643,32,1,1.890216,set0,dace-gcc,mimalloc,1
newdxx_g,BaO_nat002,64000,18643,32,2,1.921351,set0,dace-gcc,mimalloc,1
newdxx_g,BaO_nat002,64000,18643,32,3,1.886217,set0,dace-gcc,mimalloc,1
newdxx_g,BaO_nat002,64000,18643,32,4,2.000710,set0,dace-gcc,mimalloc,1
newdxx_g,BaO_nat002,64000,18643,32,5,1.884425,set0,dace-gcc,mimalloc,1
newdxx_g,BaO_nat002,64000,18643,32,6,1.912968,set0,dace-gcc,mimalloc,1
newdxx_g,BaO_nat002,64000,18643,32,7,1.884457,set0,dace-gcc,mimalloc,1
newdxx_g,BaO_nat002,64000,18643,32,8,1.924680,set0,dace-gcc,mimalloc,1
newdxx_g,BaO_nat002,64000,18643,32,9,1.923592,set0,dace-gcc,mimalloc,1
newdxx_g,BaO_nat002,64000,18643,32,10,1.912328,set0,dace-gcc,mimalloc,1
newdxx_g,BaO_nat002,64000,18643,32,11,1.882857,set0,dace-gcc,mimalloc,1
newdxx_g,BaO_nat002,64000,18643,32,12,1.946151,set0,dace-gcc,mimalloc,1
newdxx_g,BaO_nat002,64000,18643,32,13,1.904200,set0,dace-gcc,mimalloc,1
newdxx_g,BaO_nat002,64000,18643,32,14,1.883785,set0,dace-gcc,mimalloc,1
newdxx_g,BaO_nat002,64000,18643,32,15,1.888041,set0,dace-gcc,mimalloc,1
newdxx_g,BaO_nat002,64000,18643,32,16,1.965574,set0,dace-gcc,mimalloc,1
newdxx_g,BaO_nat002,64000,18643,32,17,1.882056,set0,dace-gcc,mimalloc,1
newdxx_g,BaO_nat002,64000,18643,32,18,1.874537,set0,dace-gcc,mimalloc,1
newdxx_g,BaO_nat002,64000,18643,32,19,1.927975,set0,dace-gcc,mimalloc,1
newdxx_g,BaO_nat002,64000,18643,64,0,2.963369,set0,dace-gcc,mimalloc,1
newdxx_g,BaO_nat002,64000,18643,64,1,2.928747,set0,dace-gcc,mimalloc,1
newdxx_g,BaO_nat002,64000,18643,64,2,2.972713,set0,dace-gcc,mimalloc,1
newdxx_g,BaO_nat002,64000,18643,64,3,2.942761,set0,dace-gcc,mimalloc,1
newdxx_g,BaO_nat002,64000,18643,64,4,2.911659,set0,dace-gcc,mimalloc,1
newdxx_g,BaO_nat002,64000,18643,64,5,2.888907,set0,dace-gcc,mimalloc,1
newdxx_g,BaO_nat002,64000,18643,64,6,2.948586,set0,dace-gcc,mimalloc,1
newdxx_g,BaO_nat002,64000,18643,64,7,2.899723,set0,dace-gcc,mimalloc,1
newdxx_g,BaO_nat002,64000,18643,64,8,2.904266,set0,dace-gcc,mimalloc,1
newdxx_g,BaO_nat002,64000,18643,64,9,2.909931,set0,dace-gcc,mimalloc,1
newdxx_g,BaO_nat002,64000,18643,64,10,2.914379,set0,dace-gcc,mimalloc,1
newdxx_g,BaO_nat002,64000,18643,64,11,2.909290,set0,dace-gcc,mimalloc,1
newdxx_g,BaO_nat002,64000,18643,64,12,2.889515,set0,dace-gcc,mimalloc,1
newdxx_g,BaO_nat002,64000,18643,64,13,2.900779,set0,dace-gcc,mimalloc,1
newdxx_g,BaO_nat002,64000,18643,64,14,2.905802,set0,dace-gcc,mimalloc,1
newdxx_g,BaO_nat002,64000,18643,64,15,2.903467,set0,dace-gcc,mimalloc,1
newdxx_g,BaO_nat002,64000,18643,64,16,2.903435,set0,dace-gcc,mimalloc,1
newdxx_g,BaO_nat002,64000,18643,64,17,2.930986,set0,dace-gcc,mimalloc,1
newdxx_g,BaO_nat002,64000,18643,64,18,2.925450,set0,dace-gcc,mimalloc,1
newdxx_g,BaO_nat002,64000,18643,64,19,2.909579,set0,dace-gcc,mimalloc,1
newdxx_g,BaO_nat002,64000,18643,72,0,3.265472,set0,dace-gcc,mimalloc,1
newdxx_g,BaO_nat002,64000,18643,72,1,3.269376,set0,dace-gcc,mimalloc,1
newdxx_g,BaO_nat002,64000,18643,72,2,3.226913,set0,dace-gcc,mimalloc,1
newdxx_g,BaO_nat002,64000,18643,72,3,3.222625,set0,dace-gcc,mimalloc,1
newdxx_g,BaO_nat002,64000,18643,72,4,3.226785,set0,dace-gcc,mimalloc,1
newdxx_g,BaO_nat002,64000,18643,72,5,3.237857,set0,dace-gcc,mimalloc,1
newdxx_g,BaO_nat002,64000,18643,72,6,3.233026,set0,dace-gcc,mimalloc,1
newdxx_g,BaO_nat002,64000,18643,72,7,3.230434,set0,dace-gcc,mimalloc,1
newdxx_g,BaO_nat002,64000,18643,72,8,3.230914,set0,dace-gcc,mimalloc,1
newdxx_g,BaO_nat002,64000,18643,72,9,3.219778,set0,dace-gcc,mimalloc,1
newdxx_g,BaO_nat002,64000,18643,72,10,3.221729,set0,dace-gcc,mimalloc,1
newdxx_g,BaO_nat002,64000,18643,72,11,3.224450,set0,dace-gcc,mimalloc,1
newdxx_g,BaO_nat002,64000,18643,72,12,3.212706,set0,dace-gcc,mimalloc,1
newdxx_g,BaO_nat002,64000,18643,72,13,3.218273,set0,dace-gcc,mimalloc,1
newdxx_g,BaO_nat002,64000,18643,72,14,3.200130,set0,dace-gcc,mimalloc,1
newdxx_g,BaO_nat002,64000,18643,72,15,3.198658,set0,dace-gcc,mimalloc,1
newdxx_g,BaO_nat002,64000,18643,72,16,3.218177,set0,dace-gcc,mimalloc,1
newdxx_g,BaO_nat002,64000,18643,72,17,3.249409,set0,dace-gcc,mimalloc,1
newdxx_g,BaO_nat002,64000,18643,72,18,3.213025,set0,dace-gcc,mimalloc,1
newdxx_g,BaO_nat002,64000,18643,72,19,3.208386,set0,dace-gcc,mimalloc,1
newdxx_g,BaO_nat002,64000,18643,1,0,12.003942,set0,dace-llvm,mimalloc,1
newdxx_g,BaO_nat002,64000,18643,1,1,12.170273,set0,dace-llvm,mimalloc,1
newdxx_g,BaO_nat002,64000,18643,1,2,12.106532,set0,dace-llvm,mimalloc,1
newdxx_g,BaO_nat002,64000,18643,1,3,12.234336,set0,dace-llvm,mimalloc,1
newdxx_g,BaO_nat002,64000,18643,1,4,12.203329,set0,dace-llvm,mimalloc,1
newdxx_g,BaO_nat002,64000,18643,1,5,12.147138,set0,dace-llvm,mimalloc,1
newdxx_g,BaO_nat002,64000,18643,1,6,11.953672,set0,dace-llvm,mimalloc,1
newdxx_g,BaO_nat002,64000,18643,1,7,12.204640,set0,dace-llvm,mimalloc,1
newdxx_g,BaO_nat002,64000,18643,1,8,12.234559,set0,dace-llvm,mimalloc,1
newdxx_g,BaO_nat002,64000,18643,1,9,12.053477,set0,dace-llvm,mimalloc,1
newdxx_g,BaO_nat002,64000,18643,1,10,12.034149,set0,dace-llvm,mimalloc,1
newdxx_g,BaO_nat002,64000,18643,1,11,11.943336,set0,dace-llvm,mimalloc,1
newdxx_g,BaO_nat002,64000,18643,1,12,12.062948,set0,dace-llvm,mimalloc,1
newdxx_g,BaO_nat002,64000,18643,1,13,11.764301,set0,dace-llvm,mimalloc,1
newdxx_g,BaO_nat002,64000,18643,1,14,11.896713,set0,dace-llvm,mimalloc,1
newdxx_g,BaO_nat002,64000,18643,1,15,12.097987,set0,dace-llvm,mimalloc,1
newdxx_g,BaO_nat002,64000,18643,1,16,12.076740,set0,dace-llvm,mimalloc,1
newdxx_g,BaO_nat002,64000,18643,1,17,12.021798,set0,dace-llvm,mimalloc,1
newdxx_g,BaO_nat002,64000,18643,1,18,11.890441,set0,dace-llvm,mimalloc,1
newdxx_g,BaO_nat002,64000,18643,1,19,11.626353,set0,dace-llvm,mimalloc,1
newdxx_g,BaO_nat002,64000,18643,2,0,6.101041,set0,dace-llvm,mimalloc,1
newdxx_g,BaO_nat002,64000,18643,2,1,6.097137,set0,dace-llvm,mimalloc,1
newdxx_g,BaO_nat002,64000,18643,2,2,6.138671,set0,dace-llvm,mimalloc,1
newdxx_g,BaO_nat002,64000,18643,2,3,6.137615,set0,dace-llvm,mimalloc,1
newdxx_g,BaO_nat002,64000,18643,2,4,6.152879,set0,dace-llvm,mimalloc,1
newdxx_g,BaO_nat002,64000,18643,2,5,6.125135,set0,dace-llvm,mimalloc,1
newdxx_g,BaO_nat002,64000,18643,2,6,6.132176,set0,dace-llvm,mimalloc,1
newdxx_g,BaO_nat002,64000,18643,2,7,6.091985,set0,dace-llvm,mimalloc,1
newdxx_g,BaO_nat002,64000,18643,2,8,6.083569,set0,dace-llvm,mimalloc,1
newdxx_g,BaO_nat002,64000,18643,2,9,6.065841,set0,dace-llvm,mimalloc,1
newdxx_g,BaO_nat002,64000,18643,2,10,6.064816,set0,dace-llvm,mimalloc,1
newdxx_g,BaO_nat002,64000,18643,2,11,6.189290,set0,dace-llvm,mimalloc,1
newdxx_g,BaO_nat002,64000,18643,2,12,6.111085,set0,dace-llvm,mimalloc,1
newdxx_g,BaO_nat002,64000,18643,2,13,6.029103,set0,dace-llvm,mimalloc,1
newdxx_g,BaO_nat002,64000,18643,2,14,6.041646,set0,dace-llvm,mimalloc,1
newdxx_g,BaO_nat002,64000,18643,2,15,6.012079,set0,dace-llvm,mimalloc,1
newdxx_g,BaO_nat002,64000,18643,2,16,6.012592,set0,dace-llvm,mimalloc,1
newdxx_g,BaO_nat002,64000,18643,2,17,6.006896,set0,dace-llvm,mimalloc,1
newdxx_g,BaO_nat002,64000,18643,2,18,6.080366,set0,dace-llvm,mimalloc,1
newdxx_g,BaO_nat002,64000,18643,2,19,6.039631,set0,dace-llvm,mimalloc,1
newdxx_g,BaO_nat002,64000,18643,4,0,3.418108,set0,dace-llvm,mimalloc,1
newdxx_g,BaO_nat002,64000,18643,4,1,3.402172,set0,dace-llvm,mimalloc,1
newdxx_g,BaO_nat002,64000,18643,4,2,3.365405,set0,dace-llvm,mimalloc,1
newdxx_g,BaO_nat002,64000,18643,4,3,3.410940,set0,dace-llvm,mimalloc,1
newdxx_g,BaO_nat002,64000,18643,4,4,3.337502,set0,dace-llvm,mimalloc,1
newdxx_g,BaO_nat002,64000,18643,4,5,3.342654,set0,dace-llvm,mimalloc,1
newdxx_g,BaO_nat002,64000,18643,4,6,3.343006,set0,dace-llvm,mimalloc,1
newdxx_g,BaO_nat002,64000,18643,4,7,3.384861,set0,dace-llvm,mimalloc,1
newdxx_g,BaO_nat002,64000,18643,4,8,3.358365,set0,dace-llvm,mimalloc,1
newdxx_g,BaO_nat002,64000,18643,4,9,3.381213,set0,dace-llvm,mimalloc,1
newdxx_g,BaO_nat002,64000,18643,4,10,3.464251,set0,dace-llvm,mimalloc,1
newdxx_g,BaO_nat002,64000,18643,4,11,3.360317,set0,dace-llvm,mimalloc,1
newdxx_g,BaO_nat002,64000,18643,4,12,3.583638,set0,dace-llvm,mimalloc,1
newdxx_g,BaO_nat002,64000,18643,4,13,3.474203,set0,dace-llvm,mimalloc,1
newdxx_g,BaO_nat002,64000,18643,4,14,3.445691,set0,dace-llvm,mimalloc,1
newdxx_g,BaO_nat002,64000,18643,4,15,3.389597,set0,dace-llvm,mimalloc,1
newdxx_g,BaO_nat002,64000,18643,4,16,3.537464,set0,dace-llvm,mimalloc,1
newdxx_g,BaO_nat002,64000,18643,4,17,3.407836,set0,dace-llvm,mimalloc,1
newdxx_g,BaO_nat002,64000,18643,4,18,3.413724,set0,dace-llvm,mimalloc,1
newdxx_g,BaO_nat002,64000,18643,4,19,3.449467,set0,dace-llvm,mimalloc,1
newdxx_g,BaO_nat002,64000,18643,8,0,2.197568,set0,dace-llvm,mimalloc,1
newdxx_g,BaO_nat002,64000,18643,8,1,2.243390,set0,dace-llvm,mimalloc,1
newdxx_g,BaO_nat002,64000,18643,8,2,2.213727,set0,dace-llvm,mimalloc,1
newdxx_g,BaO_nat002,64000,18643,8,3,2.189344,set0,dace-llvm,mimalloc,1
newdxx_g,BaO_nat002,64000,18643,8,4,2.202975,set0,dace-llvm,mimalloc,1
newdxx_g,BaO_nat002,64000,18643,8,5,2.184672,set0,dace-llvm,mimalloc,1
newdxx_g,BaO_nat002,64000,18643,8,6,2.200928,set0,dace-llvm,mimalloc,1
newdxx_g,BaO_nat002,64000,18643,8,7,2.183488,set0,dace-llvm,mimalloc,1
newdxx_g,BaO_nat002,64000,18643,8,8,2.317980,set0,dace-llvm,mimalloc,1
newdxx_g,BaO_nat002,64000,18643,8,9,2.197760,set0,dace-llvm,mimalloc,1
newdxx_g,BaO_nat002,64000,18643,8,10,2.192352,set0,dace-llvm,mimalloc,1
newdxx_g,BaO_nat002,64000,18643,8,11,2.203584,set0,dace-llvm,mimalloc,1
newdxx_g,BaO_nat002,64000,18643,8,12,2.228670,set0,dace-llvm,mimalloc,1
newdxx_g,BaO_nat002,64000,18643,8,13,2.203903,set0,dace-llvm,mimalloc,1
newdxx_g,BaO_nat002,64000,18643,8,14,2.213471,set0,dace-llvm,mimalloc,1
newdxx_g,BaO_nat002,64000,18643,8,15,2.181888,set0,dace-llvm,mimalloc,1
newdxx_g,BaO_nat002,64000,18643,8,16,2.171904,set0,dace-llvm,mimalloc,1
newdxx_g,BaO_nat002,64000,18643,8,17,2.209887,set0,dace-llvm,mimalloc,1
newdxx_g,BaO_nat002,64000,18643,8,18,2.197984,set0,dace-llvm,mimalloc,1
newdxx_g,BaO_nat002,64000,18643,8,19,2.172448,set0,dace-llvm,mimalloc,1
newdxx_g,BaO_nat002,64000,18643,16,0,1.874601,set0,dace-llvm,mimalloc,1
newdxx_g,BaO_nat002,64000,18643,16,1,1.868617,set0,dace-llvm,mimalloc,1
newdxx_g,BaO_nat002,64000,18643,16,2,1.830730,set0,dace-llvm,mimalloc,1
newdxx_g,BaO_nat002,64000,18643,16,3,1.855625,set0,dace-llvm,mimalloc,1
newdxx_g,BaO_nat002,64000,18643,16,4,1.824650,set0,dace-llvm,mimalloc,1
newdxx_g,BaO_nat002,64000,18643,16,5,1.889288,set0,dace-llvm,mimalloc,1
newdxx_g,BaO_nat002,64000,18643,16,6,1.819467,set0,dace-llvm,mimalloc,1
newdxx_g,BaO_nat002,64000,18643,16,7,1.834954,set0,dace-llvm,mimalloc,1
newdxx_g,BaO_nat002,64000,18643,16,8,1.812042,set0,dace-llvm,mimalloc,1
newdxx_g,BaO_nat002,64000,18643,16,9,1.825994,set0,dace-llvm,mimalloc,1
newdxx_g,BaO_nat002,64000,18643,16,10,1.815178,set0,dace-llvm,mimalloc,1
newdxx_g,BaO_nat002,64000,18643,16,11,1.837962,set0,dace-llvm,mimalloc,1
newdxx_g,BaO_nat002,64000,18643,16,12,1.812875,set0,dace-llvm,mimalloc,1
newdxx_g,BaO_nat002,64000,18643,16,13,1.818539,set0,dace-llvm,mimalloc,1
newdxx_g,BaO_nat002,64000,18643,16,14,1.862281,set0,dace-llvm,mimalloc,1
newdxx_g,BaO_nat002,64000,18643,16,15,1.818571,set0,dace-llvm,mimalloc,1
newdxx_g,BaO_nat002,64000,18643,16,16,1.824075,set0,dace-llvm,mimalloc,1
newdxx_g,BaO_nat002,64000,18643,16,17,1.870025,set0,dace-llvm,mimalloc,1
newdxx_g,BaO_nat002,64000,18643,16,18,1.836331,set0,dace-llvm,mimalloc,1
newdxx_g,BaO_nat002,64000,18643,16,19,1.813515,set0,dace-llvm,mimalloc,1
newdxx_g,BaO_nat002,64000,18643,32,0,1.521427,set0,dace-llvm,mimalloc,1
newdxx_g,BaO_nat002,64000,18643,32,1,1.527859,set0,dace-llvm,mimalloc,1
newdxx_g,BaO_nat002,64000,18643,32,2,1.538515,set0,dace-llvm,mimalloc,1
newdxx_g,BaO_nat002,64000,18643,32,3,1.508115,set0,dace-llvm,mimalloc,1
newdxx_g,BaO_nat002,64000,18643,32,4,1.538483,set0,dace-llvm,mimalloc,1
newdxx_g,BaO_nat002,64000,18643,32,5,1.515220,set0,dace-llvm,mimalloc,1
newdxx_g,BaO_nat002,64000,18643,32,6,1.508468,set0,dace-llvm,mimalloc,1
newdxx_g,BaO_nat002,64000,18643,32,7,1.526707,set0,dace-llvm,mimalloc,1
newdxx_g,BaO_nat002,64000,18643,32,8,1.506612,set0,dace-llvm,mimalloc,1
newdxx_g,BaO_nat002,64000,18643,32,9,1.511700,set0,dace-llvm,mimalloc,1
newdxx_g,BaO_nat002,64000,18643,32,10,1.514036,set0,dace-llvm,mimalloc,1
newdxx_g,BaO_nat002,64000,18643,32,11,1.526387,set0,dace-llvm,mimalloc,1
newdxx_g,BaO_nat002,64000,18643,32,12,1.569842,set0,dace-llvm,mimalloc,1
newdxx_g,BaO_nat002,64000,18643,32,13,1.550450,set0,dace-llvm,mimalloc,1
newdxx_g,BaO_nat002,64000,18643,32,14,1.535891,set0,dace-llvm,mimalloc,1
newdxx_g,BaO_nat002,64000,18643,32,15,1.527411,set0,dace-llvm,mimalloc,1
newdxx_g,BaO_nat002,64000,18643,32,16,1.512404,set0,dace-llvm,mimalloc,1
newdxx_g,BaO_nat002,64000,18643,32,17,1.518740,set0,dace-llvm,mimalloc,1
newdxx_g,BaO_nat002,64000,18643,32,18,1.512596,set0,dace-llvm,mimalloc,1
newdxx_g,BaO_nat002,64000,18643,32,19,1.511156,set0,dace-llvm,mimalloc,1
newdxx_g,BaO_nat002,64000,18643,64,0,1.625456,set0,dace-llvm,mimalloc,1
newdxx_g,BaO_nat002,64000,18643,64,1,1.748365,set0,dace-llvm,mimalloc,1
newdxx_g,BaO_nat002,64000,18643,64,2,1.627984,set0,dace-llvm,mimalloc,1
newdxx_g,BaO_nat002,64000,18643,64,3,1.681359,set0,dace-llvm,mimalloc,1
newdxx_g,BaO_nat002,64000,18643,64,4,1.630417,set0,dace-llvm,mimalloc,1
newdxx_g,BaO_nat002,64000,18643,64,5,1.644688,set0,dace-llvm,mimalloc,1
newdxx_g,BaO_nat002,64000,18643,64,6,1.704142,set0,dace-llvm,mimalloc,1
newdxx_g,BaO_nat002,64000,18643,64,7,1.859242,set0,dace-llvm,mimalloc,1
newdxx_g,BaO_nat002,64000,18643,64,8,1.811755,set0,dace-llvm,mimalloc,1
newdxx_g,BaO_nat002,64000,18643,64,9,1.791724,set0,dace-llvm,mimalloc,1
newdxx_g,BaO_nat002,64000,18643,64,10,1.828522,set0,dace-llvm,mimalloc,1
newdxx_g,BaO_nat002,64000,18643,64,11,1.775788,set0,dace-llvm,mimalloc,1
newdxx_g,BaO_nat002,64000,18643,64,12,1.701774,set0,dace-llvm,mimalloc,1
newdxx_g,BaO_nat002,64000,18643,64,13,1.841802,set0,dace-llvm,mimalloc,1
newdxx_g,BaO_nat002,64000,18643,64,14,1.872233,set0,dace-llvm,mimalloc,1
newdxx_g,BaO_nat002,64000,18643,64,15,1.677775,set0,dace-llvm,mimalloc,1
newdxx_g,BaO_nat002,64000,18643,64,16,1.773548,set0,dace-llvm,mimalloc,1
newdxx_g,BaO_nat002,64000,18643,64,17,1.895625,set0,dace-llvm,mimalloc,1
newdxx_g,BaO_nat002,64000,18643,64,18,1.637040,set0,dace-llvm,mimalloc,1
newdxx_g,BaO_nat002,64000,18643,64,19,1.790540,set0,dace-llvm,mimalloc,1
newdxx_g,BaO_nat002,64000,18643,72,0,1.692942,set0,dace-llvm,mimalloc,1
newdxx_g,BaO_nat002,64000,18643,72,1,1.736717,set0,dace-llvm,mimalloc,1
newdxx_g,BaO_nat002,64000,18643,72,2,1.682927,set0,dace-llvm,mimalloc,1
newdxx_g,BaO_nat002,64000,18643,72,3,1.745517,set0,dace-llvm,mimalloc,1
newdxx_g,BaO_nat002,64000,18643,72,4,1.681583,set0,dace-llvm,mimalloc,1
newdxx_g,BaO_nat002,64000,18643,72,5,1.721678,set0,dace-llvm,mimalloc,1
newdxx_g,BaO_nat002,64000,18643,72,6,1.690159,set0,dace-llvm,mimalloc,1
newdxx_g,BaO_nat002,64000,18643,72,7,1.675631,set0,dace-llvm,mimalloc,1
newdxx_g,BaO_nat002,64000,18643,72,8,1.678575,set0,dace-llvm,mimalloc,1
newdxx_g,BaO_nat002,64000,18643,72,9,1.672591,set0,dace-llvm,mimalloc,1
newdxx_g,BaO_nat002,64000,18643,72,10,1.677935,set0,dace-llvm,mimalloc,1
newdxx_g,BaO_nat002,64000,18643,72,11,1.676495,set0,dace-llvm,mimalloc,1
newdxx_g,BaO_nat002,64000,18643,72,12,1.706989,set0,dace-llvm,mimalloc,1
newdxx_g,BaO_nat002,64000,18643,72,13,1.659951,set0,dace-llvm,mimalloc,1
newdxx_g,BaO_nat002,64000,18643,72,14,1.721005,set0,dace-llvm,mimalloc,1
newdxx_g,BaO_nat002,64000,18643,72,15,1.690223,set0,dace-llvm,mimalloc,1
newdxx_g,BaO_nat002,64000,18643,72,16,1.716782,set0,dace-llvm,mimalloc,1
newdxx_g,BaO_nat002,64000,18643,72,17,1.674511,set0,dace-llvm,mimalloc,1
newdxx_g,BaO_nat002,64000,18643,72,18,1.668783,set0,dace-llvm,mimalloc,1
newdxx_g,BaO_nat002,64000,18643,72,19,1.686191,set0,dace-llvm,mimalloc,1
