kernel,mode,nnr,ngmt,threads,rep,ms,inputs,lane,alloc,deck_rep
newdxx_g,BaO_nat002,64000,18643,1,0,10.147000,set0,flang-openmp,mimalloc,1
newdxx_g,BaO_nat002,64000,18643,1,1,10.282000,set0,flang-openmp,mimalloc,1
newdxx_g,BaO_nat002,64000,18643,1,2,10.228000,set0,flang-openmp,mimalloc,1
newdxx_g,BaO_nat002,64000,18643,1,3,10.164000,set0,flang-openmp,mimalloc,1
newdxx_g,BaO_nat002,64000,18643,1,4,10.166000,set0,flang-openmp,mimalloc,1
newdxx_g,BaO_nat002,64000,18643,1,5,10.171000,set0,flang-openmp,mimalloc,1
newdxx_g,BaO_nat002,64000,18643,1,6,10.244000,set0,flang-openmp,mimalloc,1
newdxx_g,BaO_nat002,64000,18643,1,7,10.129000,set0,flang-openmp,mimalloc,1
newdxx_g,BaO_nat002,64000,18643,1,8,10.144000,set0,flang-openmp,mimalloc,1
newdxx_g,BaO_nat002,64000,18643,1,9,10.222000,set0,flang-openmp,mimalloc,1
newdxx_g,BaO_nat002,64000,18643,1,10,10.203000,set0,flang-openmp,mimalloc,1
newdxx_g,BaO_nat002,64000,18643,1,11,10.113000,set0,flang-openmp,mimalloc,1
newdxx_g,BaO_nat002,64000,18643,1,12,10.213000,set0,flang-openmp,mimalloc,1
newdxx_g,BaO_nat002,64000,18643,1,13,10.140000,set0,flang-openmp,mimalloc,1
newdxx_g,BaO_nat002,64000,18643,1,14,10.100000,set0,flang-openmp,mimalloc,1
newdxx_g,BaO_nat002,64000,18643,1,15,10.082000,set0,flang-openmp,mimalloc,1
newdxx_g,BaO_nat002,64000,18643,1,16,10.110000,set0,flang-openmp,mimalloc,1
newdxx_g,BaO_nat002,64000,18643,1,17,10.096000,set0,flang-openmp,mimalloc,1
newdxx_g,BaO_nat002,64000,18643,1,18,10.116000,set0,flang-openmp,mimalloc,1
newdxx_g,BaO_nat002,64000,18643,1,19,10.224000,set0,flang-openmp,mimalloc,1
newdxx_g,BaO_nat002,64000,18643,2,0,8.393000,set0,flang-openmp,mimalloc,1
newdxx_g,BaO_nat002,64000,18643,2,1,8.492000,set0,flang-openmp,mimalloc,1
newdxx_g,BaO_nat002,64000,18643,2,2,8.330000,set0,flang-openmp,mimalloc,1
newdxx_g,BaO_nat002,64000,18643,2,3,8.452000,set0,flang-openmp,mimalloc,1
newdxx_g,BaO_nat002,64000,18643,2,4,8.376000,set0,flang-openmp,mimalloc,1
newdxx_g,BaO_nat002,64000,18643,2,5,8.341000,set0,flang-openmp,mimalloc,1
newdxx_g,BaO_nat002,64000,18643,2,6,8.308000,set0,flang-openmp,mimalloc,1
newdxx_g,BaO_nat002,64000,18643,2,7,8.271000,set0,flang-openmp,mimalloc,1
newdxx_g,BaO_nat002,64000,18643,2,8,8.305000,set0,flang-openmp,mimalloc,1
newdxx_g,BaO_nat002,64000,18643,2,9,8.325000,set0,flang-openmp,mimalloc,1
newdxx_g,BaO_nat002,64000,18643,2,10,8.358000,set0,flang-openmp,mimalloc,1
newdxx_g,BaO_nat002,64000,18643,2,11,8.325000,set0,flang-openmp,mimalloc,1
newdxx_g,BaO_nat002,64000,18643,2,12,8.303000,set0,flang-openmp,mimalloc,1
newdxx_g,BaO_nat002,64000,18643,2,13,8.264000,set0,flang-openmp,mimalloc,1
newdxx_g,BaO_nat002,64000,18643,2,14,8.326000,set0,flang-openmp,mimalloc,1
newdxx_g,BaO_nat002,64000,18643,2,15,8.348000,set0,flang-openmp,mimalloc,1
newdxx_g,BaO_nat002,64000,18643,2,16,8.342000,set0,flang-openmp,mimalloc,1
newdxx_g,BaO_nat002,64000,18643,2,17,8.298000,set0,flang-openmp,mimalloc,1
newdxx_g,BaO_nat002,64000,18643,2,18,8.339000,set0,flang-openmp,mimalloc,1
newdxx_g,BaO_nat002,64000,18643,2,19,8.353000,set0,flang-openmp,mimalloc,1
newdxx_g,BaO_nat002,64000,18643,4,0,8.435000,set0,flang-openmp,mimalloc,1
newdxx_g,BaO_nat002,64000,18643,4,1,8.459000,set0,flang-openmp,mimalloc,1
newdxx_g,BaO_nat002,64000,18643,4,2,8.394000,set0,flang-openmp,mimalloc,1
newdxx_g,BaO_nat002,64000,18643,4,3,8.909000,set0,flang-openmp,mimalloc,1
newdxx_g,BaO_nat002,64000,18643,4,4,8.410000,set0,flang-openmp,mimalloc,1
newdxx_g,BaO_nat002,64000,18643,4,5,8.371000,set0,flang-openmp,mimalloc,1
newdxx_g,BaO_nat002,64000,18643,4,6,8.389000,set0,flang-openmp,mimalloc,1
newdxx_g,BaO_nat002,64000,18643,4,7,8.407000,set0,flang-openmp,mimalloc,1
newdxx_g,BaO_nat002,64000,18643,4,8,8.486000,set0,flang-openmp,mimalloc,1
newdxx_g,BaO_nat002,64000,18643,4,9,8.345000,set0,flang-openmp,mimalloc,1
newdxx_g,BaO_nat002,64000,18643,4,10,8.340000,set0,flang-openmp,mimalloc,1
newdxx_g,BaO_nat002,64000,18643,4,11,8.369000,set0,flang-openmp,mimalloc,1
newdxx_g,BaO_nat002,64000,18643,4,12,8.317000,set0,flang-openmp,mimalloc,1
newdxx_g,BaO_nat002,64000,18643,4,13,8.402000,set0,flang-openmp,mimalloc,1
newdxx_g,BaO_nat002,64000,18643,4,14,8.316000,set0,flang-openmp,mimalloc,1
newdxx_g,BaO_nat002,64000,18643,4,15,8.322000,set0,flang-openmp,mimalloc,1
newdxx_g,BaO_nat002,64000,18643,4,16,8.324000,set0,flang-openmp,mimalloc,1
newdxx_g,BaO_nat002,64000,18643,4,17,8.408000,set0,flang-openmp,mimalloc,1
newdxx_g,BaO_nat002,64000,18643,4,18,8.279000,set0,flang-openmp,mimalloc,1
newdxx_g,BaO_nat002,64000,18643,4,19,8.336000,set0,flang-openmp,mimalloc,1
newdxx_g,BaO_nat002,64000,18643,8,0,8.466000,set0,flang-openmp,mimalloc,1
newdxx_g,BaO_nat002,64000,18643,8,1,8.334000,set0,flang-openmp,mimalloc,1
newdxx_g,BaO_nat002,64000,18643,8,2,8.216000,set0,flang-openmp,mimalloc,1
newdxx_g,BaO_nat002,64000,18643,8,3,8.443000,set0,flang-openmp,mimalloc,1
newdxx_g,BaO_nat002,64000,18643,8,4,8.306000,set0,flang-openmp,mimalloc,1
newdxx_g,BaO_nat002,64000,18643,8,5,8.481000,set0,flang-openmp,mimalloc,1
newdxx_g,BaO_nat002,64000,18643,8,6,8.317000,set0,flang-openmp,mimalloc,1
newdxx_g,BaO_nat002,64000,18643,8,7,8.297000,set0,flang-openmp,mimalloc,1
newdxx_g,BaO_nat002,64000,18643,8,8,8.396000,set0,flang-openmp,mimalloc,1
newdxx_g,BaO_nat002,64000,18643,8,9,8.412000,set0,flang-openmp,mimalloc,1
newdxx_g,BaO_nat002,64000,18643,8,10,8.344000,set0,flang-openmp,mimalloc,1
newdxx_g,BaO_nat002,64000,18643,8,11,8.362000,set0,flang-openmp,mimalloc,1
newdxx_g,BaO_nat002,64000,18643,8,12,8.347000,set0,flang-openmp,mimalloc,1
newdxx_g,BaO_nat002,64000,18643,8,13,8.324000,set0,flang-openmp,mimalloc,1
newdxx_g,BaO_nat002,64000,18643,8,14,8.347000,set0,flang-openmp,mimalloc,1
newdxx_g,BaO_nat002,64000,18643,8,15,8.464000,set0,flang-openmp,mimalloc,1
newdxx_g,BaO_nat002,64000,18643,8,16,8.257000,set0,flang-openmp,mimalloc,1
newdxx_g,BaO_nat002,64000,18643,8,17,8.344000,set0,flang-openmp,mimalloc,1
newdxx_g,BaO_nat002,64000,18643,8,18,8.368000,set0,flang-openmp,mimalloc,1
newdxx_g,BaO_nat002,64000,18643,8,19,8.375000,set0,flang-openmp,mimalloc,1
newdxx_g,BaO_nat002,64000,18643,16,0,8.344000,set0,flang-openmp,mimalloc,1
newdxx_g,BaO_nat002,64000,18643,16,1,8.400000,set0,flang-openmp,mimalloc,1
newdxx_g,BaO_nat002,64000,18643,16,2,8.453000,set0,flang-openmp,mimalloc,1
newdxx_g,BaO_nat002,64000,18643,16,3,8.404000,set0,flang-openmp,mimalloc,1
newdxx_g,BaO_nat002,64000,18643,16,4,8.338000,set0,flang-openmp,mimalloc,1
newdxx_g,BaO_nat002,64000,18643,16,5,8.332000,set0,flang-openmp,mimalloc,1
newdxx_g,BaO_nat002,64000,18643,16,6,8.238000,set0,flang-openmp,mimalloc,1
newdxx_g,BaO_nat002,64000,18643,16,7,8.351000,set0,flang-openmp,mimalloc,1
newdxx_g,BaO_nat002,64000,18643,16,8,8.384000,set0,flang-openmp,mimalloc,1
newdxx_g,BaO_nat002,64000,18643,16,9,8.294000,set0,flang-openmp,mimalloc,1
newdxx_g,BaO_nat002,64000,18643,16,10,8.264000,set0,flang-openmp,mimalloc,1
newdxx_g,BaO_nat002,64000,18643,16,11,8.303000,set0,flang-openmp,mimalloc,1
newdxx_g,BaO_nat002,64000,18643,16,12,8.322000,set0,flang-openmp,mimalloc,1
newdxx_g,BaO_nat002,64000,18643,16,13,8.282000,set0,flang-openmp,mimalloc,1
newdxx_g,BaO_nat002,64000,18643,16,14,8.359000,set0,flang-openmp,mimalloc,1
newdxx_g,BaO_nat002,64000,18643,16,15,8.403000,set0,flang-openmp,mimalloc,1
newdxx_g,BaO_nat002,64000,18643,16,16,8.341000,set0,flang-openmp,mimalloc,1
newdxx_g,BaO_nat002,64000,18643,16,17,8.364000,set0,flang-openmp,mimalloc,1
newdxx_g,BaO_nat002,64000,18643,16,18,8.186000,set0,flang-openmp,mimalloc,1
newdxx_g,BaO_nat002,64000,18643,16,19,8.351000,set0,flang-openmp,mimalloc,1
newdxx_g,BaO_nat002,64000,18643,32,0,8.489000,set0,flang-openmp,mimalloc,1
newdxx_g,BaO_nat002,64000,18643,32,1,8.562000,set0,flang-openmp,mimalloc,1
newdxx_g,BaO_nat002,64000,18643,32,2,8.545000,set0,flang-openmp,mimalloc,1
newdxx_g,BaO_nat002,64000,18643,32,3,8.476000,set0,flang-openmp,mimalloc,1
newdxx_g,BaO_nat002,64000,18643,32,4,8.415000,set0,flang-openmp,mimalloc,1
newdxx_g,BaO_nat002,64000,18643,32,5,8.400000,set0,flang-openmp,mimalloc,1
newdxx_g,BaO_nat002,64000,18643,32,6,8.322000,set0,flang-openmp,mimalloc,1
newdxx_g,BaO_nat002,64000,18643,32,7,8.414000,set0,flang-openmp,mimalloc,1
newdxx_g,BaO_nat002,64000,18643,32,8,8.368000,set0,flang-openmp,mimalloc,1
newdxx_g,BaO_nat002,64000,18643,32,9,8.488000,set0,flang-openmp,mimalloc,1
newdxx_g,BaO_nat002,64000,18643,32,10,8.463000,set0,flang-openmp,mimalloc,1
newdxx_g,BaO_nat002,64000,18643,32,11,8.437000,set0,flang-openmp,mimalloc,1
newdxx_g,BaO_nat002,64000,18643,32,12,8.426000,set0,flang-openmp,mimalloc,1
newdxx_g,BaO_nat002,64000,18643,32,13,8.416000,set0,flang-openmp,mimalloc,1
newdxx_g,BaO_nat002,64000,18643,32,14,8.418000,set0,flang-openmp,mimalloc,1
newdxx_g,BaO_nat002,64000,18643,32,15,8.502000,set0,flang-openmp,mimalloc,1
newdxx_g,BaO_nat002,64000,18643,32,16,8.416000,set0,flang-openmp,mimalloc,1
newdxx_g,BaO_nat002,64000,18643,32,17,8.402000,set0,flang-openmp,mimalloc,1
newdxx_g,BaO_nat002,64000,18643,32,18,8.419000,set0,flang-openmp,mimalloc,1
newdxx_g,BaO_nat002,64000,18643,32,19,8.354000,set0,flang-openmp,mimalloc,1
newdxx_g,BaO_nat002,64000,18643,64,0,8.400000,set0,flang-openmp,mimalloc,1
newdxx_g,BaO_nat002,64000,18643,64,1,8.385000,set0,flang-openmp,mimalloc,1
newdxx_g,BaO_nat002,64000,18643,64,2,8.364000,set0,flang-openmp,mimalloc,1
newdxx_g,BaO_nat002,64000,18643,64,3,8.392000,set0,flang-openmp,mimalloc,1
newdxx_g,BaO_nat002,64000,18643,64,4,8.433000,set0,flang-openmp,mimalloc,1
newdxx_g,BaO_nat002,64000,18643,64,5,8.644000,set0,flang-openmp,mimalloc,1
newdxx_g,BaO_nat002,64000,18643,64,6,8.317000,set0,flang-openmp,mimalloc,1
newdxx_g,BaO_nat002,64000,18643,64,7,8.373000,set0,flang-openmp,mimalloc,1
newdxx_g,BaO_nat002,64000,18643,64,8,8.298000,set0,flang-openmp,mimalloc,1
newdxx_g,BaO_nat002,64000,18643,64,9,8.300000,set0,flang-openmp,mimalloc,1
newdxx_g,BaO_nat002,64000,18643,64,10,8.197000,set0,flang-openmp,mimalloc,1
newdxx_g,BaO_nat002,64000,18643,64,11,8.410000,set0,flang-openmp,mimalloc,1
newdxx_g,BaO_nat002,64000,18643,64,12,8.404000,set0,flang-openmp,mimalloc,1
newdxx_g,BaO_nat002,64000,18643,64,13,8.172000,set0,flang-openmp,mimalloc,1
newdxx_g,BaO_nat002,64000,18643,64,14,8.255000,set0,flang-openmp,mimalloc,1
newdxx_g,BaO_nat002,64000,18643,64,15,8.155000,set0,flang-openmp,mimalloc,1
newdxx_g,BaO_nat002,64000,18643,64,16,8.067000,set0,flang-openmp,mimalloc,1
newdxx_g,BaO_nat002,64000,18643,64,17,8.142000,set0,flang-openmp,mimalloc,1
newdxx_g,BaO_nat002,64000,18643,64,18,8.144000,set0,flang-openmp,mimalloc,1
newdxx_g,BaO_nat002,64000,18643,64,19,8.285000,set0,flang-openmp,mimalloc,1
newdxx_g,BaO_nat002,64000,18643,72,0,8.635000,set0,flang-openmp,mimalloc,1
newdxx_g,BaO_nat002,64000,18643,72,1,8.581000,set0,flang-openmp,mimalloc,1
newdxx_g,BaO_nat002,64000,18643,72,2,8.434000,set0,flang-openmp,mimalloc,1
newdxx_g,BaO_nat002,64000,18643,72,3,8.466000,set0,flang-openmp,mimalloc,1
newdxx_g,BaO_nat002,64000,18643,72,4,8.437000,set0,flang-openmp,mimalloc,1
newdxx_g,BaO_nat002,64000,18643,72,5,8.445000,set0,flang-openmp,mimalloc,1
newdxx_g,BaO_nat002,64000,18643,72,6,8.365000,set0,flang-openmp,mimalloc,1
newdxx_g,BaO_nat002,64000,18643,72,7,8.347000,set0,flang-openmp,mimalloc,1
newdxx_g,BaO_nat002,64000,18643,72,8,8.593000,set0,flang-openmp,mimalloc,1
newdxx_g,BaO_nat002,64000,18643,72,9,8.395000,set0,flang-openmp,mimalloc,1
newdxx_g,BaO_nat002,64000,18643,72,10,8.349000,set0,flang-openmp,mimalloc,1
newdxx_g,BaO_nat002,64000,18643,72,11,8.331000,set0,flang-openmp,mimalloc,1
newdxx_g,BaO_nat002,64000,18643,72,12,8.416000,set0,flang-openmp,mimalloc,1
newdxx_g,BaO_nat002,64000,18643,72,13,8.381000,set0,flang-openmp,mimalloc,1
newdxx_g,BaO_nat002,64000,18643,72,14,8.388000,set0,flang-openmp,mimalloc,1
newdxx_g,BaO_nat002,64000,18643,72,15,8.324000,set0,flang-openmp,mimalloc,1
newdxx_g,BaO_nat002,64000,18643,72,16,8.345000,set0,flang-openmp,mimalloc,1
newdxx_g,BaO_nat002,64000,18643,72,17,8.377000,set0,flang-openmp,mimalloc,1
newdxx_g,BaO_nat002,64000,18643,72,18,8.393000,set0,flang-openmp,mimalloc,1
newdxx_g,BaO_nat002,64000,18643,72,19,8.424000,set0,flang-openmp,mimalloc,1
newdxx_g,BaO_nat002,64000,18643,1,0,622.595000,set0_rep72,flang-openmp,mimalloc,72
newdxx_g,BaO_nat002,64000,18643,1,1,622.831000,set0_rep72,flang-openmp,mimalloc,72
newdxx_g,BaO_nat002,64000,18643,1,2,623.607000,set0_rep72,flang-openmp,mimalloc,72
newdxx_g,BaO_nat002,64000,18643,1,3,623.382000,set0_rep72,flang-openmp,mimalloc,72
newdxx_g,BaO_nat002,64000,18643,1,4,622.863000,set0_rep72,flang-openmp,mimalloc,72
newdxx_g,BaO_nat002,64000,18643,1,5,622.886000,set0_rep72,flang-openmp,mimalloc,72
newdxx_g,BaO_nat002,64000,18643,1,6,623.432000,set0_rep72,flang-openmp,mimalloc,72
newdxx_g,BaO_nat002,64000,18643,1,7,624.739000,set0_rep72,flang-openmp,mimalloc,72
newdxx_g,BaO_nat002,64000,18643,1,8,624.730000,set0_rep72,flang-openmp,mimalloc,72
newdxx_g,BaO_nat002,64000,18643,1,9,624.199000,set0_rep72,flang-openmp,mimalloc,72
newdxx_g,BaO_nat002,64000,18643,1,10,625.962000,set0_rep72,flang-openmp,mimalloc,72
newdxx_g,BaO_nat002,64000,18643,1,11,624.413000,set0_rep72,flang-openmp,mimalloc,72
newdxx_g,BaO_nat002,64000,18643,1,12,625.584000,set0_rep72,flang-openmp,mimalloc,72
newdxx_g,BaO_nat002,64000,18643,1,13,626.090000,set0_rep72,flang-openmp,mimalloc,72
newdxx_g,BaO_nat002,64000,18643,1,14,624.574000,set0_rep72,flang-openmp,mimalloc,72
newdxx_g,BaO_nat002,64000,18643,1,15,627.852000,set0_rep72,flang-openmp,mimalloc,72
newdxx_g,BaO_nat002,64000,18643,1,16,627.230000,set0_rep72,flang-openmp,mimalloc,72
newdxx_g,BaO_nat002,64000,18643,1,17,626.611000,set0_rep72,flang-openmp,mimalloc,72
newdxx_g,BaO_nat002,64000,18643,1,18,628.831000,set0_rep72,flang-openmp,mimalloc,72
newdxx_g,BaO_nat002,64000,18643,1,19,627.488000,set0_rep72,flang-openmp,mimalloc,72
newdxx_g,BaO_nat002,64000,18643,2,0,328.860000,set0_rep72,flang-openmp,mimalloc,72
newdxx_g,BaO_nat002,64000,18643,2,1,327.640000,set0_rep72,flang-openmp,mimalloc,72
newdxx_g,BaO_nat002,64000,18643,2,2,326.923000,set0_rep72,flang-openmp,mimalloc,72
newdxx_g,BaO_nat002,64000,18643,2,3,328.363000,set0_rep72,flang-openmp,mimalloc,72
newdxx_g,BaO_nat002,64000,18643,2,4,327.065000,set0_rep72,flang-openmp,mimalloc,72
newdxx_g,BaO_nat002,64000,18643,2,5,327.138000,set0_rep72,flang-openmp,mimalloc,72
newdxx_g,BaO_nat002,64000,18643,2,6,327.271000,set0_rep72,flang-openmp,mimalloc,72
newdxx_g,BaO_nat002,64000,18643,2,7,327.039000,set0_rep72,flang-openmp,mimalloc,72
newdxx_g,BaO_nat002,64000,18643,2,8,326.435000,set0_rep72,flang-openmp,mimalloc,72
newdxx_g,BaO_nat002,64000,18643,2,9,329.017000,set0_rep72,flang-openmp,mimalloc,72
newdxx_g,BaO_nat002,64000,18643,2,10,327.619000,set0_rep72,flang-openmp,mimalloc,72
newdxx_g,BaO_nat002,64000,18643,2,11,326.102000,set0_rep72,flang-openmp,mimalloc,72
newdxx_g,BaO_nat002,64000,18643,2,12,329.286000,set0_rep72,flang-openmp,mimalloc,72
newdxx_g,BaO_nat002,64000,18643,2,13,326.914000,set0_rep72,flang-openmp,mimalloc,72
newdxx_g,BaO_nat002,64000,18643,2,14,326.429000,set0_rep72,flang-openmp,mimalloc,72
newdxx_g,BaO_nat002,64000,18643,2,15,329.751000,set0_rep72,flang-openmp,mimalloc,72
newdxx_g,BaO_nat002,64000,18643,2,16,327.389000,set0_rep72,flang-openmp,mimalloc,72
newdxx_g,BaO_nat002,64000,18643,2,17,327.029000,set0_rep72,flang-openmp,mimalloc,72
newdxx_g,BaO_nat002,64000,18643,2,18,329.249000,set0_rep72,flang-openmp,mimalloc,72
newdxx_g,BaO_nat002,64000,18643,2,19,326.999000,set0_rep72,flang-openmp,mimalloc,72
newdxx_g,BaO_nat002,64000,18643,4,0,167.753000,set0_rep72,flang-openmp,mimalloc,72
newdxx_g,BaO_nat002,64000,18643,4,1,166.062000,set0_rep72,flang-openmp,mimalloc,72
newdxx_g,BaO_nat002,64000,18643,4,2,164.789000,set0_rep72,flang-openmp,mimalloc,72
newdxx_g,BaO_nat002,64000,18643,4,3,166.596000,set0_rep72,flang-openmp,mimalloc,72
newdxx_g,BaO_nat002,64000,18643,4,4,164.224000,set0_rep72,flang-openmp,mimalloc,72
newdxx_g,BaO_nat002,64000,18643,4,5,165.156000,set0_rep72,flang-openmp,mimalloc,72
newdxx_g,BaO_nat002,64000,18643,4,6,165.393000,set0_rep72,flang-openmp,mimalloc,72
newdxx_g,BaO_nat002,64000,18643,4,7,165.597000,set0_rep72,flang-openmp,mimalloc,72
newdxx_g,BaO_nat002,64000,18643,4,8,166.857000,set0_rep72,flang-openmp,mimalloc,72
newdxx_g,BaO_nat002,64000,18643,4,9,165.215000,set0_rep72,flang-openmp,mimalloc,72
newdxx_g,BaO_nat002,64000,18643,4,10,166.089000,set0_rep72,flang-openmp,mimalloc,72
newdxx_g,BaO_nat002,64000,18643,4,11,166.412000,set0_rep72,flang-openmp,mimalloc,72
newdxx_g,BaO_nat002,64000,18643,4,12,165.814000,set0_rep72,flang-openmp,mimalloc,72
newdxx_g,BaO_nat002,64000,18643,4,13,164.991000,set0_rep72,flang-openmp,mimalloc,72
newdxx_g,BaO_nat002,64000,18643,4,14,165.707000,set0_rep72,flang-openmp,mimalloc,72
newdxx_g,BaO_nat002,64000,18643,4,15,164.582000,set0_rep72,flang-openmp,mimalloc,72
newdxx_g,BaO_nat002,64000,18643,4,16,164.798000,set0_rep72,flang-openmp,mimalloc,72
newdxx_g,BaO_nat002,64000,18643,4,17,162.001000,set0_rep72,flang-openmp,mimalloc,72
newdxx_g,BaO_nat002,64000,18643,4,18,162.921000,set0_rep72,flang-openmp,mimalloc,72
newdxx_g,BaO_nat002,64000,18643,4,19,164.821000,set0_rep72,flang-openmp,mimalloc,72
newdxx_g,BaO_nat002,64000,18643,8,0,82.670000,set0_rep72,flang-openmp,mimalloc,72
newdxx_g,BaO_nat002,64000,18643,8,1,82.492000,set0_rep72,flang-openmp,mimalloc,72
newdxx_g,BaO_nat002,64000,18643,8,2,80.783000,set0_rep72,flang-openmp,mimalloc,72
newdxx_g,BaO_nat002,64000,18643,8,3,79.118000,set0_rep72,flang-openmp,mimalloc,72
newdxx_g,BaO_nat002,64000,18643,8,4,79.241000,set0_rep72,flang-openmp,mimalloc,72
newdxx_g,BaO_nat002,64000,18643,8,5,79.188000,set0_rep72,flang-openmp,mimalloc,72
newdxx_g,BaO_nat002,64000,18643,8,6,79.271000,set0_rep72,flang-openmp,mimalloc,72
newdxx_g,BaO_nat002,64000,18643,8,7,79.501000,set0_rep72,flang-openmp,mimalloc,72
newdxx_g,BaO_nat002,64000,18643,8,8,78.896000,set0_rep72,flang-openmp,mimalloc,72
newdxx_g,BaO_nat002,64000,18643,8,9,79.077000,set0_rep72,flang-openmp,mimalloc,72
newdxx_g,BaO_nat002,64000,18643,8,10,79.190000,set0_rep72,flang-openmp,mimalloc,72
newdxx_g,BaO_nat002,64000,18643,8,11,79.279000,set0_rep72,flang-openmp,mimalloc,72
newdxx_g,BaO_nat002,64000,18643,8,12,79.208000,set0_rep72,flang-openmp,mimalloc,72
newdxx_g,BaO_nat002,64000,18643,8,13,79.491000,set0_rep72,flang-openmp,mimalloc,72
newdxx_g,BaO_nat002,64000,18643,8,14,79.268000,set0_rep72,flang-openmp,mimalloc,72
newdxx_g,BaO_nat002,64000,18643,8,15,78.840000,set0_rep72,flang-openmp,mimalloc,72
newdxx_g,BaO_nat002,64000,18643,8,16,78.868000,set0_rep72,flang-openmp,mimalloc,72
newdxx_g,BaO_nat002,64000,18643,8,17,79.085000,set0_rep72,flang-openmp,mimalloc,72
newdxx_g,BaO_nat002,64000,18643,8,18,79.015000,set0_rep72,flang-openmp,mimalloc,72
newdxx_g,BaO_nat002,64000,18643,8,19,79.364000,set0_rep72,flang-openmp,mimalloc,72
newdxx_g,BaO_nat002,64000,18643,16,0,45.042000,set0_rep72,flang-openmp,mimalloc,72
newdxx_g,BaO_nat002,64000,18643,16,1,45.159000,set0_rep72,flang-openmp,mimalloc,72
newdxx_g,BaO_nat002,64000,18643,16,2,45.298000,set0_rep72,flang-openmp,mimalloc,72
newdxx_g,BaO_nat002,64000,18643,16,3,44.575000,set0_rep72,flang-openmp,mimalloc,72
newdxx_g,BaO_nat002,64000,18643,16,4,44.785000,set0_rep72,flang-openmp,mimalloc,72
newdxx_g,BaO_nat002,64000,18643,16,5,44.767000,set0_rep72,flang-openmp,mimalloc,72
newdxx_g,BaO_nat002,64000,18643,16,6,44.581000,set0_rep72,flang-openmp,mimalloc,72
newdxx_g,BaO_nat002,64000,18643,16,7,45.080000,set0_rep72,flang-openmp,mimalloc,72
newdxx_g,BaO_nat002,64000,18643,16,8,45.187000,set0_rep72,flang-openmp,mimalloc,72
newdxx_g,BaO_nat002,64000,18643,16,9,45.072000,set0_rep72,flang-openmp,mimalloc,72
newdxx_g,BaO_nat002,64000,18643,16,10,45.269000,set0_rep72,flang-openmp,mimalloc,72
newdxx_g,BaO_nat002,64000,18643,16,11,45.586000,set0_rep72,flang-openmp,mimalloc,72
newdxx_g,BaO_nat002,64000,18643,16,12,44.940000,set0_rep72,flang-openmp,mimalloc,72
newdxx_g,BaO_nat002,64000,18643,16,13,45.361000,set0_rep72,flang-openmp,mimalloc,72
newdxx_g,BaO_nat002,64000,18643,16,14,45.558000,set0_rep72,flang-openmp,mimalloc,72
newdxx_g,BaO_nat002,64000,18643,16,15,44.929000,set0_rep72,flang-openmp,mimalloc,72
newdxx_g,BaO_nat002,64000,18643,16,16,44.886000,set0_rep72,flang-openmp,mimalloc,72
newdxx_g,BaO_nat002,64000,18643,16,17,44.943000,set0_rep72,flang-openmp,mimalloc,72
newdxx_g,BaO_nat002,64000,18643,16,18,44.741000,set0_rep72,flang-openmp,mimalloc,72
newdxx_g,BaO_nat002,64000,18643,16,19,44.723000,set0_rep72,flang-openmp,mimalloc,72
newdxx_g,BaO_nat002,64000,18643,32,0,27.017000,set0_rep72,flang-openmp,mimalloc,72
newdxx_g,BaO_nat002,64000,18643,32,1,26.959000,set0_rep72,flang-openmp,mimalloc,72
newdxx_g,BaO_nat002,64000,18643,32,2,27.639000,set0_rep72,flang-openmp,mimalloc,72
newdxx_g,BaO_nat002,64000,18643,32,3,27.197000,set0_rep72,flang-openmp,mimalloc,72
newdxx_g,BaO_nat002,64000,18643,32,4,27.712000,set0_rep72,flang-openmp,mimalloc,72
newdxx_g,BaO_nat002,64000,18643,32,5,27.501000,set0_rep72,flang-openmp,mimalloc,72
newdxx_g,BaO_nat002,64000,18643,32,6,27.165000,set0_rep72,flang-openmp,mimalloc,72
newdxx_g,BaO_nat002,64000,18643,32,7,26.956000,set0_rep72,flang-openmp,mimalloc,72
newdxx_g,BaO_nat002,64000,18643,32,8,26.807000,set0_rep72,flang-openmp,mimalloc,72
newdxx_g,BaO_nat002,64000,18643,32,9,26.938000,set0_rep72,flang-openmp,mimalloc,72
newdxx_g,BaO_nat002,64000,18643,32,10,26.899000,set0_rep72,flang-openmp,mimalloc,72
newdxx_g,BaO_nat002,64000,18643,32,11,26.950000,set0_rep72,flang-openmp,mimalloc,72
newdxx_g,BaO_nat002,64000,18643,32,12,26.718000,set0_rep72,flang-openmp,mimalloc,72
newdxx_g,BaO_nat002,64000,18643,32,13,27.049000,set0_rep72,flang-openmp,mimalloc,72
newdxx_g,BaO_nat002,64000,18643,32,14,26.704000,set0_rep72,flang-openmp,mimalloc,72
newdxx_g,BaO_nat002,64000,18643,32,15,26.902000,set0_rep72,flang-openmp,mimalloc,72
newdxx_g,BaO_nat002,64000,18643,32,16,27.115000,set0_rep72,flang-openmp,mimalloc,72
newdxx_g,BaO_nat002,64000,18643,32,17,26.848000,set0_rep72,flang-openmp,mimalloc,72
newdxx_g,BaO_nat002,64000,18643,32,18,26.945000,set0_rep72,flang-openmp,mimalloc,72
newdxx_g,BaO_nat002,64000,18643,32,19,26.945000,set0_rep72,flang-openmp,mimalloc,72
newdxx_g,BaO_nat002,64000,18643,64,0,17.868000,set0_rep72,flang-openmp,mimalloc,72
newdxx_g,BaO_nat002,64000,18643,64,1,17.980000,set0_rep72,flang-openmp,mimalloc,72
newdxx_g,BaO_nat002,64000,18643,64,2,17.969000,set0_rep72,flang-openmp,mimalloc,72
newdxx_g,BaO_nat002,64000,18643,64,3,17.961000,set0_rep72,flang-openmp,mimalloc,72
newdxx_g,BaO_nat002,64000,18643,64,4,17.974000,set0_rep72,flang-openmp,mimalloc,72
newdxx_g,BaO_nat002,64000,18643,64,5,17.890000,set0_rep72,flang-openmp,mimalloc,72
newdxx_g,BaO_nat002,64000,18643,64,6,17.737000,set0_rep72,flang-openmp,mimalloc,72
newdxx_g,BaO_nat002,64000,18643,64,7,17.686000,set0_rep72,flang-openmp,mimalloc,72
newdxx_g,BaO_nat002,64000,18643,64,8,17.862000,set0_rep72,flang-openmp,mimalloc,72
newdxx_g,BaO_nat002,64000,18643,64,9,17.907000,set0_rep72,flang-openmp,mimalloc,72
newdxx_g,BaO_nat002,64000,18643,64,10,18.054000,set0_rep72,flang-openmp,mimalloc,72
newdxx_g,BaO_nat002,64000,18643,64,11,17.968000,set0_rep72,flang-openmp,mimalloc,72
newdxx_g,BaO_nat002,64000,18643,64,12,17.868000,set0_rep72,flang-openmp,mimalloc,72
newdxx_g,BaO_nat002,64000,18643,64,13,18.125000,set0_rep72,flang-openmp,mimalloc,72
newdxx_g,BaO_nat002,64000,18643,64,14,17.795000,set0_rep72,flang-openmp,mimalloc,72
newdxx_g,BaO_nat002,64000,18643,64,15,17.942000,set0_rep72,flang-openmp,mimalloc,72
newdxx_g,BaO_nat002,64000,18643,64,16,17.879000,set0_rep72,flang-openmp,mimalloc,72
newdxx_g,BaO_nat002,64000,18643,64,17,17.799000,set0_rep72,flang-openmp,mimalloc,72
newdxx_g,BaO_nat002,64000,18643,64,18,17.883000,set0_rep72,flang-openmp,mimalloc,72
newdxx_g,BaO_nat002,64000,18643,64,19,17.956000,set0_rep72,flang-openmp,mimalloc,72
newdxx_g,BaO_nat002,64000,18643,72,0,10.414000,set0_rep72,flang-openmp,mimalloc,72
newdxx_g,BaO_nat002,64000,18643,72,1,10.702000,set0_rep72,flang-openmp,mimalloc,72
newdxx_g,BaO_nat002,64000,18643,72,2,10.492000,set0_rep72,flang-openmp,mimalloc,72
newdxx_g,BaO_nat002,64000,18643,72,3,10.496000,set0_rep72,flang-openmp,mimalloc,72
newdxx_g,BaO_nat002,64000,18643,72,4,12.649000,set0_rep72,flang-openmp,mimalloc,72
newdxx_g,BaO_nat002,64000,18643,72,5,10.688000,set0_rep72,flang-openmp,mimalloc,72
newdxx_g,BaO_nat002,64000,18643,72,6,10.713000,set0_rep72,flang-openmp,mimalloc,72
newdxx_g,BaO_nat002,64000,18643,72,7,10.546000,set0_rep72,flang-openmp,mimalloc,72
newdxx_g,BaO_nat002,64000,18643,72,8,10.592000,set0_rep72,flang-openmp,mimalloc,72
newdxx_g,BaO_nat002,64000,18643,72,9,10.578000,set0_rep72,flang-openmp,mimalloc,72
newdxx_g,BaO_nat002,64000,18643,72,10,10.620000,set0_rep72,flang-openmp,mimalloc,72
newdxx_g,BaO_nat002,64000,18643,72,11,10.381000,set0_rep72,flang-openmp,mimalloc,72
newdxx_g,BaO_nat002,64000,18643,72,12,10.595000,set0_rep72,flang-openmp,mimalloc,72
newdxx_g,BaO_nat002,64000,18643,72,13,12.584000,set0_rep72,flang-openmp,mimalloc,72
newdxx_g,BaO_nat002,64000,18643,72,14,11.471000,set0_rep72,flang-openmp,mimalloc,72
newdxx_g,BaO_nat002,64000,18643,72,15,10.322000,set0_rep72,flang-openmp,mimalloc,72
newdxx_g,BaO_nat002,64000,18643,72,16,10.426000,set0_rep72,flang-openmp,mimalloc,72
newdxx_g,BaO_nat002,64000,18643,72,17,10.349000,set0_rep72,flang-openmp,mimalloc,72
newdxx_g,BaO_nat002,64000,18643,72,18,10.353000,set0_rep72,flang-openmp,mimalloc,72
newdxx_g,BaO_nat002,64000,18643,72,19,10.442000,set0_rep72,flang-openmp,mimalloc,72
newdxx_g,BaO_nat002,64000,18643,1,0,10.257000,set1,flang-openmp,mimalloc,1
newdxx_g,BaO_nat002,64000,18643,1,1,10.217000,set1,flang-openmp,mimalloc,1
newdxx_g,BaO_nat002,64000,18643,1,2,10.233000,set1,flang-openmp,mimalloc,1
newdxx_g,BaO_nat002,64000,18643,1,3,10.218000,set1,flang-openmp,mimalloc,1
newdxx_g,BaO_nat002,64000,18643,1,4,10.141000,set1,flang-openmp,mimalloc,1
newdxx_g,BaO_nat002,64000,18643,1,5,10.200000,set1,flang-openmp,mimalloc,1
newdxx_g,BaO_nat002,64000,18643,1,6,10.236000,set1,flang-openmp,mimalloc,1
newdxx_g,BaO_nat002,64000,18643,1,7,10.313000,set1,flang-openmp,mimalloc,1
newdxx_g,BaO_nat002,64000,18643,1,8,10.132000,set1,flang-openmp,mimalloc,1
newdxx_g,BaO_nat002,64000,18643,1,9,10.087000,set1,flang-openmp,mimalloc,1
newdxx_g,BaO_nat002,64000,18643,1,10,10.261000,set1,flang-openmp,mimalloc,1
newdxx_g,BaO_nat002,64000,18643,1,11,10.197000,set1,flang-openmp,mimalloc,1
newdxx_g,BaO_nat002,64000,18643,1,12,10.149000,set1,flang-openmp,mimalloc,1
newdxx_g,BaO_nat002,64000,18643,1,13,10.232000,set1,flang-openmp,mimalloc,1
newdxx_g,BaO_nat002,64000,18643,1,14,10.058000,set1,flang-openmp,mimalloc,1
newdxx_g,BaO_nat002,64000,18643,1,15,9.923000,set1,flang-openmp,mimalloc,1
newdxx_g,BaO_nat002,64000,18643,1,16,10.192000,set1,flang-openmp,mimalloc,1
newdxx_g,BaO_nat002,64000,18643,1,17,10.164000,set1,flang-openmp,mimalloc,1
newdxx_g,BaO_nat002,64000,18643,1,18,10.013000,set1,flang-openmp,mimalloc,1
newdxx_g,BaO_nat002,64000,18643,1,19,9.988000,set1,flang-openmp,mimalloc,1
newdxx_g,BaO_nat002,64000,18643,2,0,8.607000,set1,flang-openmp,mimalloc,1
newdxx_g,BaO_nat002,64000,18643,2,1,8.607000,set1,flang-openmp,mimalloc,1
newdxx_g,BaO_nat002,64000,18643,2,2,8.527000,set1,flang-openmp,mimalloc,1
newdxx_g,BaO_nat002,64000,18643,2,3,8.456000,set1,flang-openmp,mimalloc,1
newdxx_g,BaO_nat002,64000,18643,2,4,8.500000,set1,flang-openmp,mimalloc,1
newdxx_g,BaO_nat002,64000,18643,2,5,8.547000,set1,flang-openmp,mimalloc,1
newdxx_g,BaO_nat002,64000,18643,2,6,8.329000,set1,flang-openmp,mimalloc,1
newdxx_g,BaO_nat002,64000,18643,2,7,8.424000,set1,flang-openmp,mimalloc,1
newdxx_g,BaO_nat002,64000,18643,2,8,8.525000,set1,flang-openmp,mimalloc,1
newdxx_g,BaO_nat002,64000,18643,2,9,8.471000,set1,flang-openmp,mimalloc,1
newdxx_g,BaO_nat002,64000,18643,2,10,8.338000,set1,flang-openmp,mimalloc,1
newdxx_g,BaO_nat002,64000,18643,2,11,8.353000,set1,flang-openmp,mimalloc,1
newdxx_g,BaO_nat002,64000,18643,2,12,8.488000,set1,flang-openmp,mimalloc,1
newdxx_g,BaO_nat002,64000,18643,2,13,8.388000,set1,flang-openmp,mimalloc,1
newdxx_g,BaO_nat002,64000,18643,2,14,8.292000,set1,flang-openmp,mimalloc,1
newdxx_g,BaO_nat002,64000,18643,2,15,8.408000,set1,flang-openmp,mimalloc,1
newdxx_g,BaO_nat002,64000,18643,2,16,8.306000,set1,flang-openmp,mimalloc,1
newdxx_g,BaO_nat002,64000,18643,2,17,8.287000,set1,flang-openmp,mimalloc,1
newdxx_g,BaO_nat002,64000,18643,2,18,8.343000,set1,flang-openmp,mimalloc,1
newdxx_g,BaO_nat002,64000,18643,2,19,8.220000,set1,flang-openmp,mimalloc,1
newdxx_g,BaO_nat002,64000,18643,4,0,8.789000,set1,flang-openmp,mimalloc,1
newdxx_g,BaO_nat002,64000,18643,4,1,8.665000,set1,flang-openmp,mimalloc,1
newdxx_g,BaO_nat002,64000,18643,4,2,8.600000,set1,flang-openmp,mimalloc,1
newdxx_g,BaO_nat002,64000,18643,4,3,8.517000,set1,flang-openmp,mimalloc,1
newdxx_g,BaO_nat002,64000,18643,4,4,8.365000,set1,flang-openmp,mimalloc,1
newdxx_g,BaO_nat002,64000,18643,4,5,8.380000,set1,flang-openmp,mimalloc,1
newdxx_g,BaO_nat002,64000,18643,4,6,8.526000,set1,flang-openmp,mimalloc,1
newdxx_g,BaO_nat002,64000,18643,4,7,8.423000,set1,flang-openmp,mimalloc,1
newdxx_g,BaO_nat002,64000,18643,4,8,8.484000,set1,flang-openmp,mimalloc,1
newdxx_g,BaO_nat002,64000,18643,4,9,8.338000,set1,flang-openmp,mimalloc,1
newdxx_g,BaO_nat002,64000,18643,4,10,8.402000,set1,flang-openmp,mimalloc,1
newdxx_g,BaO_nat002,64000,18643,4,11,8.437000,set1,flang-openmp,mimalloc,1
newdxx_g,BaO_nat002,64000,18643,4,12,8.436000,set1,flang-openmp,mimalloc,1
newdxx_g,BaO_nat002,64000,18643,4,13,8.388000,set1,flang-openmp,mimalloc,1
newdxx_g,BaO_nat002,64000,18643,4,14,8.425000,set1,flang-openmp,mimalloc,1
newdxx_g,BaO_nat002,64000,18643,4,15,8.479000,set1,flang-openmp,mimalloc,1
newdxx_g,BaO_nat002,64000,18643,4,16,8.273000,set1,flang-openmp,mimalloc,1
newdxx_g,BaO_nat002,64000,18643,4,17,8.355000,set1,flang-openmp,mimalloc,1
newdxx_g,BaO_nat002,64000,18643,4,18,8.264000,set1,flang-openmp,mimalloc,1
newdxx_g,BaO_nat002,64000,18643,4,19,8.437000,set1,flang-openmp,mimalloc,1
newdxx_g,BaO_nat002,64000,18643,8,0,8.503000,set1,flang-openmp,mimalloc,1
newdxx_g,BaO_nat002,64000,18643,8,1,8.544000,set1,flang-openmp,mimalloc,1
newdxx_g,BaO_nat002,64000,18643,8,2,8.513000,set1,flang-openmp,mimalloc,1
newdxx_g,BaO_nat002,64000,18643,8,3,8.507000,set1,flang-openmp,mimalloc,1
newdxx_g,BaO_nat002,64000,18643,8,4,8.436000,set1,flang-openmp,mimalloc,1
newdxx_g,BaO_nat002,64000,18643,8,5,8.563000,set1,flang-openmp,mimalloc,1
newdxx_g,BaO_nat002,64000,18643,8,6,8.511000,set1,flang-openmp,mimalloc,1
newdxx_g,BaO_nat002,64000,18643,8,7,8.416000,set1,flang-openmp,mimalloc,1
newdxx_g,BaO_nat002,64000,18643,8,8,8.403000,set1,flang-openmp,mimalloc,1
newdxx_g,BaO_nat002,64000,18643,8,9,8.602000,set1,flang-openmp,mimalloc,1
newdxx_g,BaO_nat002,64000,18643,8,10,8.451000,set1,flang-openmp,mimalloc,1
newdxx_g,BaO_nat002,64000,18643,8,11,8.667000,set1,flang-openmp,mimalloc,1
newdxx_g,BaO_nat002,64000,18643,8,12,8.455000,set1,flang-openmp,mimalloc,1
newdxx_g,BaO_nat002,64000,18643,8,13,8.450000,set1,flang-openmp,mimalloc,1
newdxx_g,BaO_nat002,64000,18643,8,14,8.483000,set1,flang-openmp,mimalloc,1
newdxx_g,BaO_nat002,64000,18643,8,15,8.524000,set1,flang-openmp,mimalloc,1
newdxx_g,BaO_nat002,64000,18643,8,16,8.412000,set1,flang-openmp,mimalloc,1
newdxx_g,BaO_nat002,64000,18643,8,17,8.462000,set1,flang-openmp,mimalloc,1
newdxx_g,BaO_nat002,64000,18643,8,18,8.480000,set1,flang-openmp,mimalloc,1
newdxx_g,BaO_nat002,64000,18643,8,19,8.432000,set1,flang-openmp,mimalloc,1
newdxx_g,BaO_nat002,64000,18643,16,0,8.550000,set1,flang-openmp,mimalloc,1
newdxx_g,BaO_nat002,64000,18643,16,1,8.664000,set1,flang-openmp,mimalloc,1
newdxx_g,BaO_nat002,64000,18643,16,2,8.514000,set1,flang-openmp,mimalloc,1
newdxx_g,BaO_nat002,64000,18643,16,3,8.555000,set1,flang-openmp,mimalloc,1
newdxx_g,BaO_nat002,64000,18643,16,4,8.559000,set1,flang-openmp,mimalloc,1
newdxx_g,BaO_nat002,64000,18643,16,5,8.537000,set1,flang-openmp,mimalloc,1
newdxx_g,BaO_nat002,64000,18643,16,6,8.643000,set1,flang-openmp,mimalloc,1
newdxx_g,BaO_nat002,64000,18643,16,7,8.469000,set1,flang-openmp,mimalloc,1
newdxx_g,BaO_nat002,64000,18643,16,8,8.578000,set1,flang-openmp,mimalloc,1
newdxx_g,BaO_nat002,64000,18643,16,9,8.507000,set1,flang-openmp,mimalloc,1
newdxx_g,BaO_nat002,64000,18643,16,10,8.478000,set1,flang-openmp,mimalloc,1
newdxx_g,BaO_nat002,64000,18643,16,11,8.402000,set1,flang-openmp,mimalloc,1
newdxx_g,BaO_nat002,64000,18643,16,12,8.457000,set1,flang-openmp,mimalloc,1
newdxx_g,BaO_nat002,64000,18643,16,13,8.428000,set1,flang-openmp,mimalloc,1
newdxx_g,BaO_nat002,64000,18643,16,14,8.401000,set1,flang-openmp,mimalloc,1
newdxx_g,BaO_nat002,64000,18643,16,15,8.404000,set1,flang-openmp,mimalloc,1
newdxx_g,BaO_nat002,64000,18643,16,16,8.388000,set1,flang-openmp,mimalloc,1
newdxx_g,BaO_nat002,64000,18643,16,17,8.281000,set1,flang-openmp,mimalloc,1
newdxx_g,BaO_nat002,64000,18643,16,18,8.345000,set1,flang-openmp,mimalloc,1
newdxx_g,BaO_nat002,64000,18643,16,19,8.339000,set1,flang-openmp,mimalloc,1
newdxx_g,BaO_nat002,64000,18643,32,0,8.592000,set1,flang-openmp,mimalloc,1
newdxx_g,BaO_nat002,64000,18643,32,1,8.464000,set1,flang-openmp,mimalloc,1
newdxx_g,BaO_nat002,64000,18643,32,2,8.584000,set1,flang-openmp,mimalloc,1
newdxx_g,BaO_nat002,64000,18643,32,3,8.550000,set1,flang-openmp,mimalloc,1
newdxx_g,BaO_nat002,64000,18643,32,4,8.501000,set1,flang-openmp,mimalloc,1
newdxx_g,BaO_nat002,64000,18643,32,5,8.403000,set1,flang-openmp,mimalloc,1
newdxx_g,BaO_nat002,64000,18643,32,6,8.390000,set1,flang-openmp,mimalloc,1
newdxx_g,BaO_nat002,64000,18643,32,7,8.358000,set1,flang-openmp,mimalloc,1
newdxx_g,BaO_nat002,64000,18643,32,8,8.406000,set1,flang-openmp,mimalloc,1
newdxx_g,BaO_nat002,64000,18643,32,9,8.345000,set1,flang-openmp,mimalloc,1
newdxx_g,BaO_nat002,64000,18643,32,10,8.385000,set1,flang-openmp,mimalloc,1
newdxx_g,BaO_nat002,64000,18643,32,11,8.458000,set1,flang-openmp,mimalloc,1
newdxx_g,BaO_nat002,64000,18643,32,12,8.334000,set1,flang-openmp,mimalloc,1
newdxx_g,BaO_nat002,64000,18643,32,13,8.456000,set1,flang-openmp,mimalloc,1
newdxx_g,BaO_nat002,64000,18643,32,14,8.271000,set1,flang-openmp,mimalloc,1
newdxx_g,BaO_nat002,64000,18643,32,15,8.340000,set1,flang-openmp,mimalloc,1
newdxx_g,BaO_nat002,64000,18643,32,16,8.411000,set1,flang-openmp,mimalloc,1
newdxx_g,BaO_nat002,64000,18643,32,17,8.557000,set1,flang-openmp,mimalloc,1
newdxx_g,BaO_nat002,64000,18643,32,18,8.455000,set1,flang-openmp,mimalloc,1
newdxx_g,BaO_nat002,64000,18643,32,19,8.440000,set1,flang-openmp,mimalloc,1
newdxx_g,BaO_nat002,64000,18643,64,0,8.900000,set1,flang-openmp,mimalloc,1
newdxx_g,BaO_nat002,64000,18643,64,1,8.867000,set1,flang-openmp,mimalloc,1
newdxx_g,BaO_nat002,64000,18643,64,2,8.600000,set1,flang-openmp,mimalloc,1
newdxx_g,BaO_nat002,64000,18643,64,3,8.506000,set1,flang-openmp,mimalloc,1
newdxx_g,BaO_nat002,64000,18643,64,4,8.793000,set1,flang-openmp,mimalloc,1
newdxx_g,BaO_nat002,64000,18643,64,5,8.665000,set1,flang-openmp,mimalloc,1
newdxx_g,BaO_nat002,64000,18643,64,6,8.548000,set1,flang-openmp,mimalloc,1
newdxx_g,BaO_nat002,64000,18643,64,7,8.495000,set1,flang-openmp,mimalloc,1
newdxx_g,BaO_nat002,64000,18643,64,8,8.640000,set1,flang-openmp,mimalloc,1
newdxx_g,BaO_nat002,64000,18643,64,9,8.647000,set1,flang-openmp,mimalloc,1
newdxx_g,BaO_nat002,64000,18643,64,10,8.598000,set1,flang-openmp,mimalloc,1
newdxx_g,BaO_nat002,64000,18643,64,11,8.779000,set1,flang-openmp,mimalloc,1
newdxx_g,BaO_nat002,64000,18643,64,12,8.667000,set1,flang-openmp,mimalloc,1
newdxx_g,BaO_nat002,64000,18643,64,13,8.512000,set1,flang-openmp,mimalloc,1
newdxx_g,BaO_nat002,64000,18643,64,14,8.639000,set1,flang-openmp,mimalloc,1
newdxx_g,BaO_nat002,64000,18643,64,15,8.684000,set1,flang-openmp,mimalloc,1
newdxx_g,BaO_nat002,64000,18643,64,16,8.654000,set1,flang-openmp,mimalloc,1
newdxx_g,BaO_nat002,64000,18643,64,17,8.600000,set1,flang-openmp,mimalloc,1
newdxx_g,BaO_nat002,64000,18643,64,18,8.636000,set1,flang-openmp,mimalloc,1
newdxx_g,BaO_nat002,64000,18643,64,19,8.637000,set1,flang-openmp,mimalloc,1
newdxx_g,BaO_nat002,64000,18643,72,0,8.665000,set1,flang-openmp,mimalloc,1
newdxx_g,BaO_nat002,64000,18643,72,1,8.496000,set1,flang-openmp,mimalloc,1
newdxx_g,BaO_nat002,64000,18643,72,2,8.630000,set1,flang-openmp,mimalloc,1
newdxx_g,BaO_nat002,64000,18643,72,3,8.508000,set1,flang-openmp,mimalloc,1
newdxx_g,BaO_nat002,64000,18643,72,4,8.424000,set1,flang-openmp,mimalloc,1
newdxx_g,BaO_nat002,64000,18643,72,5,8.415000,set1,flang-openmp,mimalloc,1
newdxx_g,BaO_nat002,64000,18643,72,6,8.481000,set1,flang-openmp,mimalloc,1
newdxx_g,BaO_nat002,64000,18643,72,7,8.513000,set1,flang-openmp,mimalloc,1
newdxx_g,BaO_nat002,64000,18643,72,8,8.426000,set1,flang-openmp,mimalloc,1
newdxx_g,BaO_nat002,64000,18643,72,9,8.517000,set1,flang-openmp,mimalloc,1
newdxx_g,BaO_nat002,64000,18643,72,10,8.489000,set1,flang-openmp,mimalloc,1
newdxx_g,BaO_nat002,64000,18643,72,11,8.450000,set1,flang-openmp,mimalloc,1
newdxx_g,BaO_nat002,64000,18643,72,12,8.566000,set1,flang-openmp,mimalloc,1
newdxx_g,BaO_nat002,64000,18643,72,13,8.411000,set1,flang-openmp,mimalloc,1
newdxx_g,BaO_nat002,64000,18643,72,14,8.421000,set1,flang-openmp,mimalloc,1
newdxx_g,BaO_nat002,64000,18643,72,15,8.315000,set1,flang-openmp,mimalloc,1
newdxx_g,BaO_nat002,64000,18643,72,16,8.347000,set1,flang-openmp,mimalloc,1
newdxx_g,BaO_nat002,64000,18643,72,17,8.467000,set1,flang-openmp,mimalloc,1
newdxx_g,BaO_nat002,64000,18643,72,18,8.359000,set1,flang-openmp,mimalloc,1
newdxx_g,BaO_nat002,64000,18643,72,19,8.423000,set1,flang-openmp,mimalloc,1
newdxx_g,BaO_nat002,64000,18643,1,0,630.293000,set1_rep72,flang-openmp,mimalloc,72
newdxx_g,BaO_nat002,64000,18643,1,1,629.351000,set1_rep72,flang-openmp,mimalloc,72
newdxx_g,BaO_nat002,64000,18643,1,2,628.254000,set1_rep72,flang-openmp,mimalloc,72
newdxx_g,BaO_nat002,64000,18643,1,3,630.956000,set1_rep72,flang-openmp,mimalloc,72
newdxx_g,BaO_nat002,64000,18643,1,4,630.250000,set1_rep72,flang-openmp,mimalloc,72
newdxx_g,BaO_nat002,64000,18643,1,5,629.572000,set1_rep72,flang-openmp,mimalloc,72
newdxx_g,BaO_nat002,64000,18643,1,6,631.758000,set1_rep72,flang-openmp,mimalloc,72
newdxx_g,BaO_nat002,64000,18643,1,7,630.659000,set1_rep72,flang-openmp,mimalloc,72
newdxx_g,BaO_nat002,64000,18643,1,8,630.464000,set1_rep72,flang-openmp,mimalloc,72
newdxx_g,BaO_nat002,64000,18643,1,9,630.726000,set1_rep72,flang-openmp,mimalloc,72
newdxx_g,BaO_nat002,64000,18643,1,10,630.357000,set1_rep72,flang-openmp,mimalloc,72
newdxx_g,BaO_nat002,64000,18643,1,11,630.822000,set1_rep72,flang-openmp,mimalloc,72
newdxx_g,BaO_nat002,64000,18643,1,12,631.073000,set1_rep72,flang-openmp,mimalloc,72
newdxx_g,BaO_nat002,64000,18643,1,13,632.667000,set1_rep72,flang-openmp,mimalloc,72
newdxx_g,BaO_nat002,64000,18643,1,14,630.000000,set1_rep72,flang-openmp,mimalloc,72
newdxx_g,BaO_nat002,64000,18643,1,15,630.201000,set1_rep72,flang-openmp,mimalloc,72
newdxx_g,BaO_nat002,64000,18643,1,16,631.497000,set1_rep72,flang-openmp,mimalloc,72
newdxx_g,BaO_nat002,64000,18643,1,17,630.612000,set1_rep72,flang-openmp,mimalloc,72
newdxx_g,BaO_nat002,64000,18643,1,18,630.534000,set1_rep72,flang-openmp,mimalloc,72
newdxx_g,BaO_nat002,64000,18643,1,19,631.519000,set1_rep72,flang-openmp,mimalloc,72
newdxx_g,BaO_nat002,64000,18643,2,0,326.630000,set1_rep72,flang-openmp,mimalloc,72
newdxx_g,BaO_nat002,64000,18643,2,1,328.397000,set1_rep72,flang-openmp,mimalloc,72
newdxx_g,BaO_nat002,64000,18643,2,2,327.500000,set1_rep72,flang-openmp,mimalloc,72
newdxx_g,BaO_nat002,64000,18643,2,3,327.616000,set1_rep72,flang-openmp,mimalloc,72
newdxx_g,BaO_nat002,64000,18643,2,4,327.938000,set1_rep72,flang-openmp,mimalloc,72
newdxx_g,BaO_nat002,64000,18643,2,5,326.578000,set1_rep72,flang-openmp,mimalloc,72
newdxx_g,BaO_nat002,64000,18643,2,6,327.900000,set1_rep72,flang-openmp,mimalloc,72
newdxx_g,BaO_nat002,64000,18643,2,7,328.740000,set1_rep72,flang-openmp,mimalloc,72
newdxx_g,BaO_nat002,64000,18643,2,8,327.256000,set1_rep72,flang-openmp,mimalloc,72
newdxx_g,BaO_nat002,64000,18643,2,9,328.410000,set1_rep72,flang-openmp,mimalloc,72
newdxx_g,BaO_nat002,64000,18643,2,10,328.181000,set1_rep72,flang-openmp,mimalloc,72
newdxx_g,BaO_nat002,64000,18643,2,11,326.313000,set1_rep72,flang-openmp,mimalloc,72
newdxx_g,BaO_nat002,64000,18643,2,12,327.940000,set1_rep72,flang-openmp,mimalloc,72
newdxx_g,BaO_nat002,64000,18643,2,13,327.984000,set1_rep72,flang-openmp,mimalloc,72
newdxx_g,BaO_nat002,64000,18643,2,14,327.212000,set1_rep72,flang-openmp,mimalloc,72
newdxx_g,BaO_nat002,64000,18643,2,15,327.976000,set1_rep72,flang-openmp,mimalloc,72
newdxx_g,BaO_nat002,64000,18643,2,16,327.514000,set1_rep72,flang-openmp,mimalloc,72
newdxx_g,BaO_nat002,64000,18643,2,17,328.173000,set1_rep72,flang-openmp,mimalloc,72
newdxx_g,BaO_nat002,64000,18643,2,18,328.394000,set1_rep72,flang-openmp,mimalloc,72
newdxx_g,BaO_nat002,64000,18643,2,19,326.568000,set1_rep72,flang-openmp,mimalloc,72
newdxx_g,BaO_nat002,64000,18643,4,0,165.274000,set1_rep72,flang-openmp,mimalloc,72
newdxx_g,BaO_nat002,64000,18643,4,1,163.983000,set1_rep72,flang-openmp,mimalloc,72
newdxx_g,BaO_nat002,64000,18643,4,2,163.679000,set1_rep72,flang-openmp,mimalloc,72
newdxx_g,BaO_nat002,64000,18643,4,3,165.476000,set1_rep72,flang-openmp,mimalloc,72
newdxx_g,BaO_nat002,64000,18643,4,4,158.768000,set1_rep72,flang-openmp,mimalloc,72
newdxx_g,BaO_nat002,64000,18643,4,5,158.190000,set1_rep72,flang-openmp,mimalloc,72
newdxx_g,BaO_nat002,64000,18643,4,6,158.939000,set1_rep72,flang-openmp,mimalloc,72
newdxx_g,BaO_nat002,64000,18643,4,7,159.123000,set1_rep72,flang-openmp,mimalloc,72
newdxx_g,BaO_nat002,64000,18643,4,8,158.054000,set1_rep72,flang-openmp,mimalloc,72
newdxx_g,BaO_nat002,64000,18643,4,9,158.394000,set1_rep72,flang-openmp,mimalloc,72
newdxx_g,BaO_nat002,64000,18643,4,10,159.075000,set1_rep72,flang-openmp,mimalloc,72
newdxx_g,BaO_nat002,64000,18643,4,11,158.204000,set1_rep72,flang-openmp,mimalloc,72
newdxx_g,BaO_nat002,64000,18643,4,12,158.882000,set1_rep72,flang-openmp,mimalloc,72
newdxx_g,BaO_nat002,64000,18643,4,13,158.793000,set1_rep72,flang-openmp,mimalloc,72
newdxx_g,BaO_nat002,64000,18643,4,14,158.178000,set1_rep72,flang-openmp,mimalloc,72
newdxx_g,BaO_nat002,64000,18643,4,15,158.503000,set1_rep72,flang-openmp,mimalloc,72
newdxx_g,BaO_nat002,64000,18643,4,16,159.037000,set1_rep72,flang-openmp,mimalloc,72
newdxx_g,BaO_nat002,64000,18643,4,17,158.085000,set1_rep72,flang-openmp,mimalloc,72
newdxx_g,BaO_nat002,64000,18643,4,18,158.207000,set1_rep72,flang-openmp,mimalloc,72
newdxx_g,BaO_nat002,64000,18643,4,19,159.003000,set1_rep72,flang-openmp,mimalloc,72
newdxx_g,BaO_nat002,64000,18643,8,0,82.498000,set1_rep72,flang-openmp,mimalloc,72
newdxx_g,BaO_nat002,64000,18643,8,1,81.702000,set1_rep72,flang-openmp,mimalloc,72
newdxx_g,BaO_nat002,64000,18643,8,2,81.242000,set1_rep72,flang-openmp,mimalloc,72
newdxx_g,BaO_nat002,64000,18643,8,3,81.657000,set1_rep72,flang-openmp,mimalloc,72
newdxx_g,BaO_nat002,64000,18643,8,4,81.964000,set1_rep72,flang-openmp,mimalloc,72
newdxx_g,BaO_nat002,64000,18643,8,5,82.825000,set1_rep72,flang-openmp,mimalloc,72
newdxx_g,BaO_nat002,64000,18643,8,6,83.619000,set1_rep72,flang-openmp,mimalloc,72
newdxx_g,BaO_nat002,64000,18643,8,7,83.058000,set1_rep72,flang-openmp,mimalloc,72
newdxx_g,BaO_nat002,64000,18643,8,8,83.549000,set1_rep72,flang-openmp,mimalloc,72
newdxx_g,BaO_nat002,64000,18643,8,9,83.777000,set1_rep72,flang-openmp,mimalloc,72
newdxx_g,BaO_nat002,64000,18643,8,10,82.663000,set1_rep72,flang-openmp,mimalloc,72
newdxx_g,BaO_nat002,64000,18643,8,11,82.374000,set1_rep72,flang-openmp,mimalloc,72
newdxx_g,BaO_nat002,64000,18643,8,12,82.302000,set1_rep72,flang-openmp,mimalloc,72
newdxx_g,BaO_nat002,64000,18643,8,13,80.374000,set1_rep72,flang-openmp,mimalloc,72
newdxx_g,BaO_nat002,64000,18643,8,14,80.278000,set1_rep72,flang-openmp,mimalloc,72
newdxx_g,BaO_nat002,64000,18643,8,15,80.152000,set1_rep72,flang-openmp,mimalloc,72
newdxx_g,BaO_nat002,64000,18643,8,16,78.825000,set1_rep72,flang-openmp,mimalloc,72
newdxx_g,BaO_nat002,64000,18643,8,17,79.394000,set1_rep72,flang-openmp,mimalloc,72
newdxx_g,BaO_nat002,64000,18643,8,18,79.275000,set1_rep72,flang-openmp,mimalloc,72
newdxx_g,BaO_nat002,64000,18643,8,19,79.645000,set1_rep72,flang-openmp,mimalloc,72
newdxx_g,BaO_nat002,64000,18643,16,0,43.867000,set1_rep72,flang-openmp,mimalloc,72
newdxx_g,BaO_nat002,64000,18643,16,1,44.377000,set1_rep72,flang-openmp,mimalloc,72
newdxx_g,BaO_nat002,64000,18643,16,2,43.641000,set1_rep72,flang-openmp,mimalloc,72
newdxx_g,BaO_nat002,64000,18643,16,3,44.229000,set1_rep72,flang-openmp,mimalloc,72
newdxx_g,BaO_nat002,64000,18643,16,4,44.659000,set1_rep72,flang-openmp,mimalloc,72
newdxx_g,BaO_nat002,64000,18643,16,5,44.593000,set1_rep72,flang-openmp,mimalloc,72
newdxx_g,BaO_nat002,64000,18643,16,6,44.599000,set1_rep72,flang-openmp,mimalloc,72
newdxx_g,BaO_nat002,64000,18643,16,7,44.368000,set1_rep72,flang-openmp,mimalloc,72
newdxx_g,BaO_nat002,64000,18643,16,8,44.978000,set1_rep72,flang-openmp,mimalloc,72
newdxx_g,BaO_nat002,64000,18643,16,9,44.854000,set1_rep72,flang-openmp,mimalloc,72
newdxx_g,BaO_nat002,64000,18643,16,10,44.680000,set1_rep72,flang-openmp,mimalloc,72
newdxx_g,BaO_nat002,64000,18643,16,11,44.531000,set1_rep72,flang-openmp,mimalloc,72
newdxx_g,BaO_nat002,64000,18643,16,12,44.032000,set1_rep72,flang-openmp,mimalloc,72
newdxx_g,BaO_nat002,64000,18643,16,13,44.617000,set1_rep72,flang-openmp,mimalloc,72
newdxx_g,BaO_nat002,64000,18643,16,14,44.100000,set1_rep72,flang-openmp,mimalloc,72
newdxx_g,BaO_nat002,64000,18643,16,15,44.533000,set1_rep72,flang-openmp,mimalloc,72
newdxx_g,BaO_nat002,64000,18643,16,16,44.036000,set1_rep72,flang-openmp,mimalloc,72
newdxx_g,BaO_nat002,64000,18643,16,17,44.506000,set1_rep72,flang-openmp,mimalloc,72
newdxx_g,BaO_nat002,64000,18643,16,18,44.755000,set1_rep72,flang-openmp,mimalloc,72
newdxx_g,BaO_nat002,64000,18643,16,19,44.330000,set1_rep72,flang-openmp,mimalloc,72
newdxx_g,BaO_nat002,64000,18643,32,0,26.862000,set1_rep72,flang-openmp,mimalloc,72
newdxx_g,BaO_nat002,64000,18643,32,1,26.956000,set1_rep72,flang-openmp,mimalloc,72
newdxx_g,BaO_nat002,64000,18643,32,2,27.166000,set1_rep72,flang-openmp,mimalloc,72
newdxx_g,BaO_nat002,64000,18643,32,3,26.560000,set1_rep72,flang-openmp,mimalloc,72
newdxx_g,BaO_nat002,64000,18643,32,4,26.736000,set1_rep72,flang-openmp,mimalloc,72
newdxx_g,BaO_nat002,64000,18643,32,5,27.496000,set1_rep72,flang-openmp,mimalloc,72
newdxx_g,BaO_nat002,64000,18643,32,6,26.854000,set1_rep72,flang-openmp,mimalloc,72
newdxx_g,BaO_nat002,64000,18643,32,7,26.979000,set1_rep72,flang-openmp,mimalloc,72
newdxx_g,BaO_nat002,64000,18643,32,8,26.731000,set1_rep72,flang-openmp,mimalloc,72
newdxx_g,BaO_nat002,64000,18643,32,9,26.919000,set1_rep72,flang-openmp,mimalloc,72
newdxx_g,BaO_nat002,64000,18643,32,10,27.041000,set1_rep72,flang-openmp,mimalloc,72
newdxx_g,BaO_nat002,64000,18643,32,11,26.712000,set1_rep72,flang-openmp,mimalloc,72
newdxx_g,BaO_nat002,64000,18643,32,12,26.743000,set1_rep72,flang-openmp,mimalloc,72
newdxx_g,BaO_nat002,64000,18643,32,13,26.860000,set1_rep72,flang-openmp,mimalloc,72
newdxx_g,BaO_nat002,64000,18643,32,14,27.304000,set1_rep72,flang-openmp,mimalloc,72
newdxx_g,BaO_nat002,64000,18643,32,15,26.782000,set1_rep72,flang-openmp,mimalloc,72
newdxx_g,BaO_nat002,64000,18643,32,16,26.691000,set1_rep72,flang-openmp,mimalloc,72
newdxx_g,BaO_nat002,64000,18643,32,17,26.629000,set1_rep72,flang-openmp,mimalloc,72
newdxx_g,BaO_nat002,64000,18643,32,18,26.551000,set1_rep72,flang-openmp,mimalloc,72
newdxx_g,BaO_nat002,64000,18643,32,19,26.743000,set1_rep72,flang-openmp,mimalloc,72
newdxx_g,BaO_nat002,64000,18643,64,0,17.922000,set1_rep72,flang-openmp,mimalloc,72
newdxx_g,BaO_nat002,64000,18643,64,1,17.699000,set1_rep72,flang-openmp,mimalloc,72
newdxx_g,BaO_nat002,64000,18643,64,2,17.580000,set1_rep72,flang-openmp,mimalloc,72
newdxx_g,BaO_nat002,64000,18643,64,3,17.686000,set1_rep72,flang-openmp,mimalloc,72
newdxx_g,BaO_nat002,64000,18643,64,4,17.808000,set1_rep72,flang-openmp,mimalloc,72
newdxx_g,BaO_nat002,64000,18643,64,5,17.683000,set1_rep72,flang-openmp,mimalloc,72
newdxx_g,BaO_nat002,64000,18643,64,6,17.703000,set1_rep72,flang-openmp,mimalloc,72
newdxx_g,BaO_nat002,64000,18643,64,7,17.685000,set1_rep72,flang-openmp,mimalloc,72
newdxx_g,BaO_nat002,64000,18643,64,8,17.701000,set1_rep72,flang-openmp,mimalloc,72
newdxx_g,BaO_nat002,64000,18643,64,9,17.651000,set1_rep72,flang-openmp,mimalloc,72
newdxx_g,BaO_nat002,64000,18643,64,10,17.656000,set1_rep72,flang-openmp,mimalloc,72
newdxx_g,BaO_nat002,64000,18643,64,11,17.612000,set1_rep72,flang-openmp,mimalloc,72
newdxx_g,BaO_nat002,64000,18643,64,12,17.607000,set1_rep72,flang-openmp,mimalloc,72
newdxx_g,BaO_nat002,64000,18643,64,13,17.870000,set1_rep72,flang-openmp,mimalloc,72
newdxx_g,BaO_nat002,64000,18643,64,14,17.553000,set1_rep72,flang-openmp,mimalloc,72
newdxx_g,BaO_nat002,64000,18643,64,15,17.654000,set1_rep72,flang-openmp,mimalloc,72
newdxx_g,BaO_nat002,64000,18643,64,16,17.687000,set1_rep72,flang-openmp,mimalloc,72
newdxx_g,BaO_nat002,64000,18643,64,17,17.697000,set1_rep72,flang-openmp,mimalloc,72
newdxx_g,BaO_nat002,64000,18643,64,18,17.638000,set1_rep72,flang-openmp,mimalloc,72
newdxx_g,BaO_nat002,64000,18643,64,19,17.484000,set1_rep72,flang-openmp,mimalloc,72
newdxx_g,BaO_nat002,64000,18643,72,0,10.779000,set1_rep72,flang-openmp,mimalloc,72
newdxx_g,BaO_nat002,64000,18643,72,1,10.576000,set1_rep72,flang-openmp,mimalloc,72
newdxx_g,BaO_nat002,64000,18643,72,2,10.765000,set1_rep72,flang-openmp,mimalloc,72
newdxx_g,BaO_nat002,64000,18643,72,3,10.489000,set1_rep72,flang-openmp,mimalloc,72
newdxx_g,BaO_nat002,64000,18643,72,4,10.760000,set1_rep72,flang-openmp,mimalloc,72
newdxx_g,BaO_nat002,64000,18643,72,5,13.359000,set1_rep72,flang-openmp,mimalloc,72
newdxx_g,BaO_nat002,64000,18643,72,6,13.066000,set1_rep72,flang-openmp,mimalloc,72
newdxx_g,BaO_nat002,64000,18643,72,7,10.516000,set1_rep72,flang-openmp,mimalloc,72
newdxx_g,BaO_nat002,64000,18643,72,8,10.592000,set1_rep72,flang-openmp,mimalloc,72
newdxx_g,BaO_nat002,64000,18643,72,9,10.625000,set1_rep72,flang-openmp,mimalloc,72
newdxx_g,BaO_nat002,64000,18643,72,10,10.644000,set1_rep72,flang-openmp,mimalloc,72
newdxx_g,BaO_nat002,64000,18643,72,11,10.564000,set1_rep72,flang-openmp,mimalloc,72
newdxx_g,BaO_nat002,64000,18643,72,12,10.312000,set1_rep72,flang-openmp,mimalloc,72
newdxx_g,BaO_nat002,64000,18643,72,13,10.688000,set1_rep72,flang-openmp,mimalloc,72
newdxx_g,BaO_nat002,64000,18643,72,14,10.785000,set1_rep72,flang-openmp,mimalloc,72
newdxx_g,BaO_nat002,64000,18643,72,15,13.399000,set1_rep72,flang-openmp,mimalloc,72
newdxx_g,BaO_nat002,64000,18643,72,16,12.084000,set1_rep72,flang-openmp,mimalloc,72
newdxx_g,BaO_nat002,64000,18643,72,17,10.429000,set1_rep72,flang-openmp,mimalloc,72
newdxx_g,BaO_nat002,64000,18643,72,18,10.530000,set1_rep72,flang-openmp,mimalloc,72
newdxx_g,BaO_nat002,64000,18643,72,19,10.648000,set1_rep72,flang-openmp,mimalloc,72
newdxx_g,BaTiO3_nat005,64000,27609,1,0,37.769000,set0,flang-openmp,mimalloc,1
newdxx_g,BaTiO3_nat005,64000,27609,1,1,37.650000,set0,flang-openmp,mimalloc,1
newdxx_g,BaTiO3_nat005,64000,27609,1,2,37.330000,set0,flang-openmp,mimalloc,1
newdxx_g,BaTiO3_nat005,64000,27609,1,3,37.785000,set0,flang-openmp,mimalloc,1
newdxx_g,BaTiO3_nat005,64000,27609,1,4,37.708000,set0,flang-openmp,mimalloc,1
newdxx_g,BaTiO3_nat005,64000,27609,1,5,37.940000,set0,flang-openmp,mimalloc,1
newdxx_g,BaTiO3_nat005,64000,27609,1,6,37.851000,set0,flang-openmp,mimalloc,1
newdxx_g,BaTiO3_nat005,64000,27609,1,7,37.654000,set0,flang-openmp,mimalloc,1
newdxx_g,BaTiO3_nat005,64000,27609,1,8,37.457000,set0,flang-openmp,mimalloc,1
newdxx_g,BaTiO3_nat005,64000,27609,1,9,36.908000,set0,flang-openmp,mimalloc,1
newdxx_g,BaTiO3_nat005,64000,27609,1,10,37.055000,set0,flang-openmp,mimalloc,1
newdxx_g,BaTiO3_nat005,64000,27609,1,11,37.301000,set0,flang-openmp,mimalloc,1
newdxx_g,BaTiO3_nat005,64000,27609,1,12,36.975000,set0,flang-openmp,mimalloc,1
newdxx_g,BaTiO3_nat005,64000,27609,1,13,37.447000,set0,flang-openmp,mimalloc,1
newdxx_g,BaTiO3_nat005,64000,27609,1,14,37.612000,set0,flang-openmp,mimalloc,1
newdxx_g,BaTiO3_nat005,64000,27609,1,15,37.594000,set0,flang-openmp,mimalloc,1
newdxx_g,BaTiO3_nat005,64000,27609,1,16,37.870000,set0,flang-openmp,mimalloc,1
newdxx_g,BaTiO3_nat005,64000,27609,1,17,37.723000,set0,flang-openmp,mimalloc,1
newdxx_g,BaTiO3_nat005,64000,27609,1,18,37.502000,set0,flang-openmp,mimalloc,1
newdxx_g,BaTiO3_nat005,64000,27609,1,19,37.346000,set0,flang-openmp,mimalloc,1
newdxx_g,BaTiO3_nat005,64000,27609,2,0,32.936000,set0,flang-openmp,mimalloc,1
newdxx_g,BaTiO3_nat005,64000,27609,2,1,33.318000,set0,flang-openmp,mimalloc,1
newdxx_g,BaTiO3_nat005,64000,27609,2,2,33.510000,set0,flang-openmp,mimalloc,1
newdxx_g,BaTiO3_nat005,64000,27609,2,3,33.614000,set0,flang-openmp,mimalloc,1
newdxx_g,BaTiO3_nat005,64000,27609,2,4,33.342000,set0,flang-openmp,mimalloc,1
newdxx_g,BaTiO3_nat005,64000,27609,2,5,33.745000,set0,flang-openmp,mimalloc,1
newdxx_g,BaTiO3_nat005,64000,27609,2,6,32.855000,set0,flang-openmp,mimalloc,1
newdxx_g,BaTiO3_nat005,64000,27609,2,7,33.572000,set0,flang-openmp,mimalloc,1
newdxx_g,BaTiO3_nat005,64000,27609,2,8,33.345000,set0,flang-openmp,mimalloc,1
newdxx_g,BaTiO3_nat005,64000,27609,2,9,32.948000,set0,flang-openmp,mimalloc,1
newdxx_g,BaTiO3_nat005,64000,27609,2,10,33.556000,set0,flang-openmp,mimalloc,1
newdxx_g,BaTiO3_nat005,64000,27609,2,11,32.571000,set0,flang-openmp,mimalloc,1
newdxx_g,BaTiO3_nat005,64000,27609,2,12,32.469000,set0,flang-openmp,mimalloc,1
newdxx_g,BaTiO3_nat005,64000,27609,2,13,33.041000,set0,flang-openmp,mimalloc,1
newdxx_g,BaTiO3_nat005,64000,27609,2,14,32.646000,set0,flang-openmp,mimalloc,1
newdxx_g,BaTiO3_nat005,64000,27609,2,15,32.654000,set0,flang-openmp,mimalloc,1
newdxx_g,BaTiO3_nat005,64000,27609,2,16,33.201000,set0,flang-openmp,mimalloc,1
newdxx_g,BaTiO3_nat005,64000,27609,2,17,33.382000,set0,flang-openmp,mimalloc,1
newdxx_g,BaTiO3_nat005,64000,27609,2,18,33.352000,set0,flang-openmp,mimalloc,1
newdxx_g,BaTiO3_nat005,64000,27609,2,19,32.932000,set0,flang-openmp,mimalloc,1
newdxx_g,BaTiO3_nat005,64000,27609,4,0,29.969000,set0,flang-openmp,mimalloc,1
newdxx_g,BaTiO3_nat005,64000,27609,4,1,29.535000,set0,flang-openmp,mimalloc,1
newdxx_g,BaTiO3_nat005,64000,27609,4,2,29.934000,set0,flang-openmp,mimalloc,1
newdxx_g,BaTiO3_nat005,64000,27609,4,3,30.257000,set0,flang-openmp,mimalloc,1
newdxx_g,BaTiO3_nat005,64000,27609,4,4,30.583000,set0,flang-openmp,mimalloc,1
newdxx_g,BaTiO3_nat005,64000,27609,4,5,30.463000,set0,flang-openmp,mimalloc,1
newdxx_g,BaTiO3_nat005,64000,27609,4,6,30.743000,set0,flang-openmp,mimalloc,1
newdxx_g,BaTiO3_nat005,64000,27609,4,7,30.667000,set0,flang-openmp,mimalloc,1
newdxx_g,BaTiO3_nat005,64000,27609,4,8,31.411000,set0,flang-openmp,mimalloc,1
newdxx_g,BaTiO3_nat005,64000,27609,4,9,30.167000,set0,flang-openmp,mimalloc,1
newdxx_g,BaTiO3_nat005,64000,27609,4,10,30.729000,set0,flang-openmp,mimalloc,1
newdxx_g,BaTiO3_nat005,64000,27609,4,11,30.916000,set0,flang-openmp,mimalloc,1
newdxx_g,BaTiO3_nat005,64000,27609,4,12,30.931000,set0,flang-openmp,mimalloc,1
newdxx_g,BaTiO3_nat005,64000,27609,4,13,30.661000,set0,flang-openmp,mimalloc,1
newdxx_g,BaTiO3_nat005,64000,27609,4,14,30.741000,set0,flang-openmp,mimalloc,1
newdxx_g,BaTiO3_nat005,64000,27609,4,15,30.585000,set0,flang-openmp,mimalloc,1
newdxx_g,BaTiO3_nat005,64000,27609,4,16,30.007000,set0,flang-openmp,mimalloc,1
newdxx_g,BaTiO3_nat005,64000,27609,4,17,30.044000,set0,flang-openmp,mimalloc,1
newdxx_g,BaTiO3_nat005,64000,27609,4,18,30.009000,set0,flang-openmp,mimalloc,1
newdxx_g,BaTiO3_nat005,64000,27609,4,19,29.910000,set0,flang-openmp,mimalloc,1
newdxx_g,BaTiO3_nat005,64000,27609,8,0,26.189000,set0,flang-openmp,mimalloc,1
newdxx_g,BaTiO3_nat005,64000,27609,8,1,25.845000,set0,flang-openmp,mimalloc,1
newdxx_g,BaTiO3_nat005,64000,27609,8,2,26.431000,set0,flang-openmp,mimalloc,1
newdxx_g,BaTiO3_nat005,64000,27609,8,3,25.977000,set0,flang-openmp,mimalloc,1
newdxx_g,BaTiO3_nat005,64000,27609,8,4,25.798000,set0,flang-openmp,mimalloc,1
newdxx_g,BaTiO3_nat005,64000,27609,8,5,25.944000,set0,flang-openmp,mimalloc,1
newdxx_g,BaTiO3_nat005,64000,27609,8,6,25.868000,set0,flang-openmp,mimalloc,1
newdxx_g,BaTiO3_nat005,64000,27609,8,7,25.667000,set0,flang-openmp,mimalloc,1
newdxx_g,BaTiO3_nat005,64000,27609,8,8,25.439000,set0,flang-openmp,mimalloc,1
newdxx_g,BaTiO3_nat005,64000,27609,8,9,25.567000,set0,flang-openmp,mimalloc,1
newdxx_g,BaTiO3_nat005,64000,27609,8,10,25.451000,set0,flang-openmp,mimalloc,1
newdxx_g,BaTiO3_nat005,64000,27609,8,11,25.865000,set0,flang-openmp,mimalloc,1
newdxx_g,BaTiO3_nat005,64000,27609,8,12,25.898000,set0,flang-openmp,mimalloc,1
newdxx_g,BaTiO3_nat005,64000,27609,8,13,25.083000,set0,flang-openmp,mimalloc,1
newdxx_g,BaTiO3_nat005,64000,27609,8,14,25.494000,set0,flang-openmp,mimalloc,1
newdxx_g,BaTiO3_nat005,64000,27609,8,15,25.393000,set0,flang-openmp,mimalloc,1
newdxx_g,BaTiO3_nat005,64000,27609,8,16,25.913000,set0,flang-openmp,mimalloc,1
newdxx_g,BaTiO3_nat005,64000,27609,8,17,25.863000,set0,flang-openmp,mimalloc,1
newdxx_g,BaTiO3_nat005,64000,27609,8,18,25.734000,set0,flang-openmp,mimalloc,1
newdxx_g,BaTiO3_nat005,64000,27609,8,19,25.897000,set0,flang-openmp,mimalloc,1
newdxx_g,BaTiO3_nat005,64000,27609,16,0,15.701000,set0,flang-openmp,mimalloc,1
newdxx_g,BaTiO3_nat005,64000,27609,16,1,16.123000,set0,flang-openmp,mimalloc,1
newdxx_g,BaTiO3_nat005,64000,27609,16,2,15.686000,set0,flang-openmp,mimalloc,1
newdxx_g,BaTiO3_nat005,64000,27609,16,3,15.925000,set0,flang-openmp,mimalloc,1
newdxx_g,BaTiO3_nat005,64000,27609,16,4,15.543000,set0,flang-openmp,mimalloc,1
newdxx_g,BaTiO3_nat005,64000,27609,16,5,15.871000,set0,flang-openmp,mimalloc,1
newdxx_g,BaTiO3_nat005,64000,27609,16,6,15.687000,set0,flang-openmp,mimalloc,1
newdxx_g,BaTiO3_nat005,64000,27609,16,7,15.782000,set0,flang-openmp,mimalloc,1
newdxx_g,BaTiO3_nat005,64000,27609,16,8,15.696000,set0,flang-openmp,mimalloc,1
newdxx_g,BaTiO3_nat005,64000,27609,16,9,15.834000,set0,flang-openmp,mimalloc,1
newdxx_g,BaTiO3_nat005,64000,27609,16,10,16.160000,set0,flang-openmp,mimalloc,1
newdxx_g,BaTiO3_nat005,64000,27609,16,11,15.558000,set0,flang-openmp,mimalloc,1
newdxx_g,BaTiO3_nat005,64000,27609,16,12,16.184000,set0,flang-openmp,mimalloc,1
newdxx_g,BaTiO3_nat005,64000,27609,16,13,16.252000,set0,flang-openmp,mimalloc,1
newdxx_g,BaTiO3_nat005,64000,27609,16,14,15.666000,set0,flang-openmp,mimalloc,1
newdxx_g,BaTiO3_nat005,64000,27609,16,15,15.423000,set0,flang-openmp,mimalloc,1
newdxx_g,BaTiO3_nat005,64000,27609,16,16,15.837000,set0,flang-openmp,mimalloc,1
newdxx_g,BaTiO3_nat005,64000,27609,16,17,15.906000,set0,flang-openmp,mimalloc,1
newdxx_g,BaTiO3_nat005,64000,27609,16,18,15.752000,set0,flang-openmp,mimalloc,1
newdxx_g,BaTiO3_nat005,64000,27609,16,19,15.892000,set0,flang-openmp,mimalloc,1
newdxx_g,BaTiO3_nat005,64000,27609,32,0,25.523000,set0,flang-openmp,mimalloc,1
newdxx_g,BaTiO3_nat005,64000,27609,32,1,25.592000,set0,flang-openmp,mimalloc,1
newdxx_g,BaTiO3_nat005,64000,27609,32,2,25.192000,set0,flang-openmp,mimalloc,1
newdxx_g,BaTiO3_nat005,64000,27609,32,3,25.576000,set0,flang-openmp,mimalloc,1
newdxx_g,BaTiO3_nat005,64000,27609,32,4,25.674000,set0,flang-openmp,mimalloc,1
newdxx_g,BaTiO3_nat005,64000,27609,32,5,25.587000,set0,flang-openmp,mimalloc,1
newdxx_g,BaTiO3_nat005,64000,27609,32,6,25.721000,set0,flang-openmp,mimalloc,1
newdxx_g,BaTiO3_nat005,64000,27609,32,7,25.518000,set0,flang-openmp,mimalloc,1
newdxx_g,BaTiO3_nat005,64000,27609,32,8,25.620000,set0,flang-openmp,mimalloc,1
newdxx_g,BaTiO3_nat005,64000,27609,32,9,25.410000,set0,flang-openmp,mimalloc,1
newdxx_g,BaTiO3_nat005,64000,27609,32,10,25.935000,set0,flang-openmp,mimalloc,1
newdxx_g,BaTiO3_nat005,64000,27609,32,11,25.290000,set0,flang-openmp,mimalloc,1
newdxx_g,BaTiO3_nat005,64000,27609,32,12,26.153000,set0,flang-openmp,mimalloc,1
newdxx_g,BaTiO3_nat005,64000,27609,32,13,25.920000,set0,flang-openmp,mimalloc,1
newdxx_g,BaTiO3_nat005,64000,27609,32,14,25.462000,set0,flang-openmp,mimalloc,1
newdxx_g,BaTiO3_nat005,64000,27609,32,15,25.560000,set0,flang-openmp,mimalloc,1
newdxx_g,BaTiO3_nat005,64000,27609,32,16,25.385000,set0,flang-openmp,mimalloc,1
newdxx_g,BaTiO3_nat005,64000,27609,32,17,25.718000,set0,flang-openmp,mimalloc,1
newdxx_g,BaTiO3_nat005,64000,27609,32,18,25.760000,set0,flang-openmp,mimalloc,1
newdxx_g,BaTiO3_nat005,64000,27609,32,19,25.564000,set0,flang-openmp,mimalloc,1
newdxx_g,BaTiO3_nat005,64000,27609,64,0,15.864000,set0,flang-openmp,mimalloc,1
newdxx_g,BaTiO3_nat005,64000,27609,64,1,16.156000,set0,flang-openmp,mimalloc,1
newdxx_g,BaTiO3_nat005,64000,27609,64,2,16.038000,set0,flang-openmp,mimalloc,1
newdxx_g,BaTiO3_nat005,64000,27609,64,3,16.057000,set0,flang-openmp,mimalloc,1
newdxx_g,BaTiO3_nat005,64000,27609,64,4,16.010000,set0,flang-openmp,mimalloc,1
newdxx_g,BaTiO3_nat005,64000,27609,64,5,15.818000,set0,flang-openmp,mimalloc,1
newdxx_g,BaTiO3_nat005,64000,27609,64,6,15.780000,set0,flang-openmp,mimalloc,1
newdxx_g,BaTiO3_nat005,64000,27609,64,7,16.089000,set0,flang-openmp,mimalloc,1
newdxx_g,BaTiO3_nat005,64000,27609,64,8,15.676000,set0,flang-openmp,mimalloc,1
newdxx_g,BaTiO3_nat005,64000,27609,64,9,16.225000,set0,flang-openmp,mimalloc,1
newdxx_g,BaTiO3_nat005,64000,27609,64,10,16.245000,set0,flang-openmp,mimalloc,1
newdxx_g,BaTiO3_nat005,64000,27609,64,11,15.549000,set0,flang-openmp,mimalloc,1
newdxx_g,BaTiO3_nat005,64000,27609,64,12,15.621000,set0,flang-openmp,mimalloc,1
newdxx_g,BaTiO3_nat005,64000,27609,64,13,15.996000,set0,flang-openmp,mimalloc,1
newdxx_g,BaTiO3_nat005,64000,27609,64,14,15.343000,set0,flang-openmp,mimalloc,1
newdxx_g,BaTiO3_nat005,64000,27609,64,15,16.001000,set0,flang-openmp,mimalloc,1
newdxx_g,BaTiO3_nat005,64000,27609,64,16,15.506000,set0,flang-openmp,mimalloc,1
newdxx_g,BaTiO3_nat005,64000,27609,64,17,15.924000,set0,flang-openmp,mimalloc,1
newdxx_g,BaTiO3_nat005,64000,27609,64,18,15.859000,set0,flang-openmp,mimalloc,1
newdxx_g,BaTiO3_nat005,64000,27609,64,19,16.113000,set0,flang-openmp,mimalloc,1
newdxx_g,BaTiO3_nat005,64000,27609,72,0,15.702000,set0,flang-openmp,mimalloc,1
newdxx_g,BaTiO3_nat005,64000,27609,72,1,15.399000,set0,flang-openmp,mimalloc,1
newdxx_g,BaTiO3_nat005,64000,27609,72,2,15.843000,set0,flang-openmp,mimalloc,1
newdxx_g,BaTiO3_nat005,64000,27609,72,3,15.467000,set0,flang-openmp,mimalloc,1
newdxx_g,BaTiO3_nat005,64000,27609,72,4,15.358000,set0,flang-openmp,mimalloc,1
newdxx_g,BaTiO3_nat005,64000,27609,72,5,15.558000,set0,flang-openmp,mimalloc,1
newdxx_g,BaTiO3_nat005,64000,27609,72,6,15.983000,set0,flang-openmp,mimalloc,1
newdxx_g,BaTiO3_nat005,64000,27609,72,7,15.564000,set0,flang-openmp,mimalloc,1
newdxx_g,BaTiO3_nat005,64000,27609,72,8,15.429000,set0,flang-openmp,mimalloc,1
newdxx_g,BaTiO3_nat005,64000,27609,72,9,15.881000,set0,flang-openmp,mimalloc,1
newdxx_g,BaTiO3_nat005,64000,27609,72,10,16.198000,set0,flang-openmp,mimalloc,1
newdxx_g,BaTiO3_nat005,64000,27609,72,11,15.443000,set0,flang-openmp,mimalloc,1
newdxx_g,BaTiO3_nat005,64000,27609,72,12,15.398000,set0,flang-openmp,mimalloc,1
newdxx_g,BaTiO3_nat005,64000,27609,72,13,15.767000,set0,flang-openmp,mimalloc,1
newdxx_g,BaTiO3_nat005,64000,27609,72,14,15.993000,set0,flang-openmp,mimalloc,1
newdxx_g,BaTiO3_nat005,64000,27609,72,15,15.906000,set0,flang-openmp,mimalloc,1
newdxx_g,BaTiO3_nat005,64000,27609,72,16,15.649000,set0,flang-openmp,mimalloc,1
newdxx_g,BaTiO3_nat005,64000,27609,72,17,15.807000,set0,flang-openmp,mimalloc,1
newdxx_g,BaTiO3_nat005,64000,27609,72,18,16.061000,set0,flang-openmp,mimalloc,1
newdxx_g,BaTiO3_nat005,64000,27609,72,19,15.731000,set0,flang-openmp,mimalloc,1
newdxx_g,BaTiO3_nat005,64000,27609,1,0,1984.921000,set0_rep72,flang-openmp,mimalloc,72
newdxx_g,BaTiO3_nat005,64000,27609,1,1,1989.293000,set0_rep72,flang-openmp,mimalloc,72
newdxx_g,BaTiO3_nat005,64000,27609,1,2,2022.871000,set0_rep72,flang-openmp,mimalloc,72
newdxx_g,BaTiO3_nat005,64000,27609,1,3,1980.407000,set0_rep72,flang-openmp,mimalloc,72
newdxx_g,BaTiO3_nat005,64000,27609,1,4,1979.309000,set0_rep72,flang-openmp,mimalloc,72
newdxx_g,BaTiO3_nat005,64000,27609,1,5,1986.265000,set0_rep72,flang-openmp,mimalloc,72
newdxx_g,BaTiO3_nat005,64000,27609,1,6,1976.436000,set0_rep72,flang-openmp,mimalloc,72
newdxx_g,BaTiO3_nat005,64000,27609,1,7,1979.778000,set0_rep72,flang-openmp,mimalloc,72
newdxx_g,BaTiO3_nat005,64000,27609,1,8,1981.923000,set0_rep72,flang-openmp,mimalloc,72
newdxx_g,BaTiO3_nat005,64000,27609,1,9,1977.139000,set0_rep72,flang-openmp,mimalloc,72
newdxx_g,BaTiO3_nat005,64000,27609,1,10,1974.683000,set0_rep72,flang-openmp,mimalloc,72
newdxx_g,BaTiO3_nat005,64000,27609,1,11,1979.136000,set0_rep72,flang-openmp,mimalloc,72
newdxx_g,BaTiO3_nat005,64000,27609,1,12,1973.893000,set0_rep72,flang-openmp,mimalloc,72
newdxx_g,BaTiO3_nat005,64000,27609,1,13,1975.762000,set0_rep72,flang-openmp,mimalloc,72
newdxx_g,BaTiO3_nat005,64000,27609,1,14,1970.774000,set0_rep72,flang-openmp,mimalloc,72
newdxx_g,BaTiO3_nat005,64000,27609,1,15,1966.025000,set0_rep72,flang-openmp,mimalloc,72
newdxx_g,BaTiO3_nat005,64000,27609,1,16,1968.201000,set0_rep72,flang-openmp,mimalloc,72
newdxx_g,BaTiO3_nat005,64000,27609,1,17,1966.403000,set0_rep72,flang-openmp,mimalloc,72
newdxx_g,BaTiO3_nat005,64000,27609,1,18,1954.273000,set0_rep72,flang-openmp,mimalloc,72
newdxx_g,BaTiO3_nat005,64000,27609,1,19,1961.662000,set0_rep72,flang-openmp,mimalloc,72
newdxx_g,BaTiO3_nat005,64000,27609,2,0,987.511000,set0_rep72,flang-openmp,mimalloc,72
newdxx_g,BaTiO3_nat005,64000,27609,2,1,989.327000,set0_rep72,flang-openmp,mimalloc,72
newdxx_g,BaTiO3_nat005,64000,27609,2,2,986.504000,set0_rep72,flang-openmp,mimalloc,72
newdxx_g,BaTiO3_nat005,64000,27609,2,3,988.417000,set0_rep72,flang-openmp,mimalloc,72
newdxx_g,BaTiO3_nat005,64000,27609,2,4,984.511000,set0_rep72,flang-openmp,mimalloc,72
newdxx_g,BaTiO3_nat005,64000,27609,2,5,984.678000,set0_rep72,flang-openmp,mimalloc,72
newdxx_g,BaTiO3_nat005,64000,27609,2,6,989.466000,set0_rep72,flang-openmp,mimalloc,72
newdxx_g,BaTiO3_nat005,64000,27609,2,7,985.508000,set0_rep72,flang-openmp,mimalloc,72
newdxx_g,BaTiO3_nat005,64000,27609,2,8,987.982000,set0_rep72,flang-openmp,mimalloc,72
newdxx_g,BaTiO3_nat005,64000,27609,2,9,989.256000,set0_rep72,flang-openmp,mimalloc,72
newdxx_g,BaTiO3_nat005,64000,27609,2,10,985.758000,set0_rep72,flang-openmp,mimalloc,72
newdxx_g,BaTiO3_nat005,64000,27609,2,11,986.978000,set0_rep72,flang-openmp,mimalloc,72
newdxx_g,BaTiO3_nat005,64000,27609,2,12,991.531000,set0_rep72,flang-openmp,mimalloc,72
newdxx_g,BaTiO3_nat005,64000,27609,2,13,987.228000,set0_rep72,flang-openmp,mimalloc,72
newdxx_g,BaTiO3_nat005,64000,27609,2,14,986.086000,set0_rep72,flang-openmp,mimalloc,72
newdxx_g,BaTiO3_nat005,64000,27609,2,15,986.485000,set0_rep72,flang-openmp,mimalloc,72
newdxx_g,BaTiO3_nat005,64000,27609,2,16,983.352000,set0_rep72,flang-openmp,mimalloc,72
newdxx_g,BaTiO3_nat005,64000,27609,2,17,985.273000,set0_rep72,flang-openmp,mimalloc,72
newdxx_g,BaTiO3_nat005,64000,27609,2,18,989.037000,set0_rep72,flang-openmp,mimalloc,72
newdxx_g,BaTiO3_nat005,64000,27609,2,19,984.232000,set0_rep72,flang-openmp,mimalloc,72
newdxx_g,BaTiO3_nat005,64000,27609,4,0,495.401000,set0_rep72,flang-openmp,mimalloc,72
newdxx_g,BaTiO3_nat005,64000,27609,4,1,495.902000,set0_rep72,flang-openmp,mimalloc,72
newdxx_g,BaTiO3_nat005,64000,27609,4,2,495.102000,set0_rep72,flang-openmp,mimalloc,72
newdxx_g,BaTiO3_nat005,64000,27609,4,3,495.178000,set0_rep72,flang-openmp,mimalloc,72
newdxx_g,BaTiO3_nat005,64000,27609,4,4,495.489000,set0_rep72,flang-openmp,mimalloc,72
newdxx_g,BaTiO3_nat005,64000,27609,4,5,494.505000,set0_rep72,flang-openmp,mimalloc,72
newdxx_g,BaTiO3_nat005,64000,27609,4,6,494.750000,set0_rep72,flang-openmp,mimalloc,72
newdxx_g,BaTiO3_nat005,64000,27609,4,7,494.984000,set0_rep72,flang-openmp,mimalloc,72
newdxx_g,BaTiO3_nat005,64000,27609,4,8,496.845000,set0_rep72,flang-openmp,mimalloc,72
newdxx_g,BaTiO3_nat005,64000,27609,4,9,497.158000,set0_rep72,flang-openmp,mimalloc,72
newdxx_g,BaTiO3_nat005,64000,27609,4,10,495.446000,set0_rep72,flang-openmp,mimalloc,72
newdxx_g,BaTiO3_nat005,64000,27609,4,11,494.584000,set0_rep72,flang-openmp,mimalloc,72
newdxx_g,BaTiO3_nat005,64000,27609,4,12,495.175000,set0_rep72,flang-openmp,mimalloc,72
newdxx_g,BaTiO3_nat005,64000,27609,4,13,495.977000,set0_rep72,flang-openmp,mimalloc,72
newdxx_g,BaTiO3_nat005,64000,27609,4,14,495.598000,set0_rep72,flang-openmp,mimalloc,72
newdxx_g,BaTiO3_nat005,64000,27609,4,15,496.419000,set0_rep72,flang-openmp,mimalloc,72
newdxx_g,BaTiO3_nat005,64000,27609,4,16,494.147000,set0_rep72,flang-openmp,mimalloc,72
newdxx_g,BaTiO3_nat005,64000,27609,4,17,495.018000,set0_rep72,flang-openmp,mimalloc,72
newdxx_g,BaTiO3_nat005,64000,27609,4,18,496.231000,set0_rep72,flang-openmp,mimalloc,72
newdxx_g,BaTiO3_nat005,64000,27609,4,19,495.007000,set0_rep72,flang-openmp,mimalloc,72
newdxx_g,BaTiO3_nat005,64000,27609,8,0,480.774000,set0_rep72,flang-openmp,mimalloc,72
newdxx_g,BaTiO3_nat005,64000,27609,8,1,480.739000,set0_rep72,flang-openmp,mimalloc,72
newdxx_g,BaTiO3_nat005,64000,27609,8,2,474.892000,set0_rep72,flang-openmp,mimalloc,72
newdxx_g,BaTiO3_nat005,64000,27609,8,3,481.504000,set0_rep72,flang-openmp,mimalloc,72
newdxx_g,BaTiO3_nat005,64000,27609,8,4,481.080000,set0_rep72,flang-openmp,mimalloc,72
newdxx_g,BaTiO3_nat005,64000,27609,8,5,477.871000,set0_rep72,flang-openmp,mimalloc,72
newdxx_g,BaTiO3_nat005,64000,27609,8,6,481.419000,set0_rep72,flang-openmp,mimalloc,72
newdxx_g,BaTiO3_nat005,64000,27609,8,7,479.807000,set0_rep72,flang-openmp,mimalloc,72
newdxx_g,BaTiO3_nat005,64000,27609,8,8,480.868000,set0_rep72,flang-openmp,mimalloc,72
newdxx_g,BaTiO3_nat005,64000,27609,8,9,474.733000,set0_rep72,flang-openmp,mimalloc,72
newdxx_g,BaTiO3_nat005,64000,27609,8,10,481.410000,set0_rep72,flang-openmp,mimalloc,72
newdxx_g,BaTiO3_nat005,64000,27609,8,11,481.274000,set0_rep72,flang-openmp,mimalloc,72
newdxx_g,BaTiO3_nat005,64000,27609,8,12,480.882000,set0_rep72,flang-openmp,mimalloc,72
newdxx_g,BaTiO3_nat005,64000,27609,8,13,481.473000,set0_rep72,flang-openmp,mimalloc,72
newdxx_g,BaTiO3_nat005,64000,27609,8,14,475.279000,set0_rep72,flang-openmp,mimalloc,72
newdxx_g,BaTiO3_nat005,64000,27609,8,15,480.874000,set0_rep72,flang-openmp,mimalloc,72
newdxx_g,BaTiO3_nat005,64000,27609,8,16,476.642000,set0_rep72,flang-openmp,mimalloc,72
newdxx_g,BaTiO3_nat005,64000,27609,8,17,482.160000,set0_rep72,flang-openmp,mimalloc,72
newdxx_g,BaTiO3_nat005,64000,27609,8,18,482.969000,set0_rep72,flang-openmp,mimalloc,72
newdxx_g,BaTiO3_nat005,64000,27609,8,19,481.355000,set0_rep72,flang-openmp,mimalloc,72
newdxx_g,BaTiO3_nat005,64000,27609,16,0,135.829000,set0_rep72,flang-openmp,mimalloc,72
newdxx_g,BaTiO3_nat005,64000,27609,16,1,134.886000,set0_rep72,flang-openmp,mimalloc,72
newdxx_g,BaTiO3_nat005,64000,27609,16,2,135.117000,set0_rep72,flang-openmp,mimalloc,72
newdxx_g,BaTiO3_nat005,64000,27609,16,3,134.576000,set0_rep72,flang-openmp,mimalloc,72
newdxx_g,BaTiO3_nat005,64000,27609,16,4,134.378000,set0_rep72,flang-openmp,mimalloc,72
newdxx_g,BaTiO3_nat005,64000,27609,16,5,134.653000,set0_rep72,flang-openmp,mimalloc,72
newdxx_g,BaTiO3_nat005,64000,27609,16,6,134.619000,set0_rep72,flang-openmp,mimalloc,72
newdxx_g,BaTiO3_nat005,64000,27609,16,7,134.598000,set0_rep72,flang-openmp,mimalloc,72
newdxx_g,BaTiO3_nat005,64000,27609,16,8,134.414000,set0_rep72,flang-openmp,mimalloc,72
newdxx_g,BaTiO3_nat005,64000,27609,16,9,134.270000,set0_rep72,flang-openmp,mimalloc,72
newdxx_g,BaTiO3_nat005,64000,27609,16,10,133.881000,set0_rep72,flang-openmp,mimalloc,72
newdxx_g,BaTiO3_nat005,64000,27609,16,11,134.025000,set0_rep72,flang-openmp,mimalloc,72
newdxx_g,BaTiO3_nat005,64000,27609,16,12,133.945000,set0_rep72,flang-openmp,mimalloc,72
newdxx_g,BaTiO3_nat005,64000,27609,16,13,133.510000,set0_rep72,flang-openmp,mimalloc,72
newdxx_g,BaTiO3_nat005,64000,27609,16,14,134.141000,set0_rep72,flang-openmp,mimalloc,72
newdxx_g,BaTiO3_nat005,64000,27609,16,15,134.458000,set0_rep72,flang-openmp,mimalloc,72
newdxx_g,BaTiO3_nat005,64000,27609,16,16,133.882000,set0_rep72,flang-openmp,mimalloc,72
newdxx_g,BaTiO3_nat005,64000,27609,16,17,134.224000,set0_rep72,flang-openmp,mimalloc,72
newdxx_g,BaTiO3_nat005,64000,27609,16,18,134.441000,set0_rep72,flang-openmp,mimalloc,72
newdxx_g,BaTiO3_nat005,64000,27609,16,19,133.954000,set0_rep72,flang-openmp,mimalloc,72
newdxx_g,BaTiO3_nat005,64000,27609,32,0,182.260000,set0_rep72,flang-openmp,mimalloc,72
newdxx_g,BaTiO3_nat005,64000,27609,32,1,179.620000,set0_rep72,flang-openmp,mimalloc,72
newdxx_g,BaTiO3_nat005,64000,27609,32,2,179.528000,set0_rep72,flang-openmp,mimalloc,72
newdxx_g,BaTiO3_nat005,64000,27609,32,3,182.698000,set0_rep72,flang-openmp,mimalloc,72
newdxx_g,BaTiO3_nat005,64000,27609,32,4,179.486000,set0_rep72,flang-openmp,mimalloc,72
newdxx_g,BaTiO3_nat005,64000,27609,32,5,184.381000,set0_rep72,flang-openmp,mimalloc,72
newdxx_g,BaTiO3_nat005,64000,27609,32,6,186.085000,set0_rep72,flang-openmp,mimalloc,72
newdxx_g,BaTiO3_nat005,64000,27609,32,7,179.402000,set0_rep72,flang-openmp,mimalloc,72
newdxx_g,BaTiO3_nat005,64000,27609,32,8,179.519000,set0_rep72,flang-openmp,mimalloc,72
newdxx_g,BaTiO3_nat005,64000,27609,32,9,181.811000,set0_rep72,flang-openmp,mimalloc,72
newdxx_g,BaTiO3_nat005,64000,27609,32,10,180.594000,set0_rep72,flang-openmp,mimalloc,72
newdxx_g,BaTiO3_nat005,64000,27609,32,11,179.733000,set0_rep72,flang-openmp,mimalloc,72
newdxx_g,BaTiO3_nat005,64000,27609,32,12,181.213000,set0_rep72,flang-openmp,mimalloc,72
newdxx_g,BaTiO3_nat005,64000,27609,32,13,181.981000,set0_rep72,flang-openmp,mimalloc,72
newdxx_g,BaTiO3_nat005,64000,27609,32,14,183.061000,set0_rep72,flang-openmp,mimalloc,72
newdxx_g,BaTiO3_nat005,64000,27609,32,15,183.699000,set0_rep72,flang-openmp,mimalloc,72
newdxx_g,BaTiO3_nat005,64000,27609,32,16,184.081000,set0_rep72,flang-openmp,mimalloc,72
newdxx_g,BaTiO3_nat005,64000,27609,32,17,180.307000,set0_rep72,flang-openmp,mimalloc,72
newdxx_g,BaTiO3_nat005,64000,27609,32,18,181.867000,set0_rep72,flang-openmp,mimalloc,72
newdxx_g,BaTiO3_nat005,64000,27609,32,19,179.878000,set0_rep72,flang-openmp,mimalloc,72
newdxx_g,BaTiO3_nat005,64000,27609,64,0,42.512000,set0_rep72,flang-openmp,mimalloc,72
newdxx_g,BaTiO3_nat005,64000,27609,64,1,42.746000,set0_rep72,flang-openmp,mimalloc,72
newdxx_g,BaTiO3_nat005,64000,27609,64,2,42.474000,set0_rep72,flang-openmp,mimalloc,72
newdxx_g,BaTiO3_nat005,64000,27609,64,3,42.189000,set0_rep72,flang-openmp,mimalloc,72
newdxx_g,BaTiO3_nat005,64000,27609,64,4,41.979000,set0_rep72,flang-openmp,mimalloc,72
newdxx_g,BaTiO3_nat005,64000,27609,64,5,42.388000,set0_rep72,flang-openmp,mimalloc,72
newdxx_g,BaTiO3_nat005,64000,27609,64,6,42.522000,set0_rep72,flang-openmp,mimalloc,72
newdxx_g,BaTiO3_nat005,64000,27609,64,7,42.585000,set0_rep72,flang-openmp,mimalloc,72
newdxx_g,BaTiO3_nat005,64000,27609,64,8,42.276000,set0_rep72,flang-openmp,mimalloc,72
newdxx_g,BaTiO3_nat005,64000,27609,64,9,42.359000,set0_rep72,flang-openmp,mimalloc,72
newdxx_g,BaTiO3_nat005,64000,27609,64,10,42.266000,set0_rep72,flang-openmp,mimalloc,72
newdxx_g,BaTiO3_nat005,64000,27609,64,11,41.973000,set0_rep72,flang-openmp,mimalloc,72
newdxx_g,BaTiO3_nat005,64000,27609,64,12,41.843000,set0_rep72,flang-openmp,mimalloc,72
newdxx_g,BaTiO3_nat005,64000,27609,64,13,41.965000,set0_rep72,flang-openmp,mimalloc,72
newdxx_g,BaTiO3_nat005,64000,27609,64,14,42.380000,set0_rep72,flang-openmp,mimalloc,72
newdxx_g,BaTiO3_nat005,64000,27609,64,15,42.243000,set0_rep72,flang-openmp,mimalloc,72
newdxx_g,BaTiO3_nat005,64000,27609,64,16,42.155000,set0_rep72,flang-openmp,mimalloc,72
newdxx_g,BaTiO3_nat005,64000,27609,64,17,42.476000,set0_rep72,flang-openmp,mimalloc,72
newdxx_g,BaTiO3_nat005,64000,27609,64,18,41.879000,set0_rep72,flang-openmp,mimalloc,72
newdxx_g,BaTiO3_nat005,64000,27609,64,19,43.666000,set0_rep72,flang-openmp,mimalloc,72
newdxx_g,BaTiO3_nat005,64000,27609,72,0,32.757000,set0_rep72,flang-openmp,mimalloc,72
newdxx_g,BaTiO3_nat005,64000,27609,72,1,31.782000,set0_rep72,flang-openmp,mimalloc,72
newdxx_g,BaTiO3_nat005,64000,27609,72,2,33.790000,set0_rep72,flang-openmp,mimalloc,72
newdxx_g,BaTiO3_nat005,64000,27609,72,3,32.007000,set0_rep72,flang-openmp,mimalloc,72
newdxx_g,BaTiO3_nat005,64000,27609,72,4,31.610000,set0_rep72,flang-openmp,mimalloc,72
newdxx_g,BaTiO3_nat005,64000,27609,72,5,33.905000,set0_rep72,flang-openmp,mimalloc,72
newdxx_g,BaTiO3_nat005,64000,27609,72,6,32.954000,set0_rep72,flang-openmp,mimalloc,72
newdxx_g,BaTiO3_nat005,64000,27609,72,7,32.027000,set0_rep72,flang-openmp,mimalloc,72
newdxx_g,BaTiO3_nat005,64000,27609,72,8,34.433000,set0_rep72,flang-openmp,mimalloc,72
newdxx_g,BaTiO3_nat005,64000,27609,72,9,33.032000,set0_rep72,flang-openmp,mimalloc,72
newdxx_g,BaTiO3_nat005,64000,27609,72,10,31.901000,set0_rep72,flang-openmp,mimalloc,72
newdxx_g,BaTiO3_nat005,64000,27609,72,11,31.752000,set0_rep72,flang-openmp,mimalloc,72
newdxx_g,BaTiO3_nat005,64000,27609,72,12,38.969000,set0_rep72,flang-openmp,mimalloc,72
newdxx_g,BaTiO3_nat005,64000,27609,72,13,31.341000,set0_rep72,flang-openmp,mimalloc,72
newdxx_g,BaTiO3_nat005,64000,27609,72,14,31.884000,set0_rep72,flang-openmp,mimalloc,72
newdxx_g,BaTiO3_nat005,64000,27609,72,15,35.006000,set0_rep72,flang-openmp,mimalloc,72
newdxx_g,BaTiO3_nat005,64000,27609,72,16,32.855000,set0_rep72,flang-openmp,mimalloc,72
newdxx_g,BaTiO3_nat005,64000,27609,72,17,31.645000,set0_rep72,flang-openmp,mimalloc,72
newdxx_g,BaTiO3_nat005,64000,27609,72,18,35.774000,set0_rep72,flang-openmp,mimalloc,72
newdxx_g,BaTiO3_nat005,64000,27609,72,19,32.177000,set0_rep72,flang-openmp,mimalloc,72
newdxx_g,BaTiO3_nat005,64000,27609,1,0,36.345000,set1,flang-openmp,mimalloc,1
newdxx_g,BaTiO3_nat005,64000,27609,1,1,36.353000,set1,flang-openmp,mimalloc,1
newdxx_g,BaTiO3_nat005,64000,27609,1,2,36.349000,set1,flang-openmp,mimalloc,1
newdxx_g,BaTiO3_nat005,64000,27609,1,3,36.699000,set1,flang-openmp,mimalloc,1
newdxx_g,BaTiO3_nat005,64000,27609,1,4,36.234000,set1,flang-openmp,mimalloc,1
newdxx_g,BaTiO3_nat005,64000,27609,1,5,36.188000,set1,flang-openmp,mimalloc,1
newdxx_g,BaTiO3_nat005,64000,27609,1,6,36.057000,set1,flang-openmp,mimalloc,1
newdxx_g,BaTiO3_nat005,64000,27609,1,7,36.029000,set1,flang-openmp,mimalloc,1
newdxx_g,BaTiO3_nat005,64000,27609,1,8,36.451000,set1,flang-openmp,mimalloc,1
newdxx_g,BaTiO3_nat005,64000,27609,1,9,36.267000,set1,flang-openmp,mimalloc,1
newdxx_g,BaTiO3_nat005,64000,27609,1,10,36.190000,set1,flang-openmp,mimalloc,1
newdxx_g,BaTiO3_nat005,64000,27609,1,11,36.273000,set1,flang-openmp,mimalloc,1
newdxx_g,BaTiO3_nat005,64000,27609,1,12,36.218000,set1,flang-openmp,mimalloc,1
newdxx_g,BaTiO3_nat005,64000,27609,1,13,36.174000,set1,flang-openmp,mimalloc,1
newdxx_g,BaTiO3_nat005,64000,27609,1,14,36.220000,set1,flang-openmp,mimalloc,1
newdxx_g,BaTiO3_nat005,64000,27609,1,15,36.467000,set1,flang-openmp,mimalloc,1
newdxx_g,BaTiO3_nat005,64000,27609,1,16,36.326000,set1,flang-openmp,mimalloc,1
newdxx_g,BaTiO3_nat005,64000,27609,1,17,36.408000,set1,flang-openmp,mimalloc,1
newdxx_g,BaTiO3_nat005,64000,27609,1,18,36.071000,set1,flang-openmp,mimalloc,1
newdxx_g,BaTiO3_nat005,64000,27609,1,19,36.228000,set1,flang-openmp,mimalloc,1
newdxx_g,BaTiO3_nat005,64000,27609,2,0,32.714000,set1,flang-openmp,mimalloc,1
newdxx_g,BaTiO3_nat005,64000,27609,2,1,32.457000,set1,flang-openmp,mimalloc,1
newdxx_g,BaTiO3_nat005,64000,27609,2,2,32.512000,set1,flang-openmp,mimalloc,1
newdxx_g,BaTiO3_nat005,64000,27609,2,3,32.424000,set1,flang-openmp,mimalloc,1
newdxx_g,BaTiO3_nat005,64000,27609,2,4,32.575000,set1,flang-openmp,mimalloc,1
newdxx_g,BaTiO3_nat005,64000,27609,2,5,32.445000,set1,flang-openmp,mimalloc,1
newdxx_g,BaTiO3_nat005,64000,27609,2,6,32.089000,set1,flang-openmp,mimalloc,1
newdxx_g,BaTiO3_nat005,64000,27609,2,7,32.157000,set1,flang-openmp,mimalloc,1
newdxx_g,BaTiO3_nat005,64000,27609,2,8,32.330000,set1,flang-openmp,mimalloc,1
newdxx_g,BaTiO3_nat005,64000,27609,2,9,32.025000,set1,flang-openmp,mimalloc,1
newdxx_g,BaTiO3_nat005,64000,27609,2,10,32.124000,set1,flang-openmp,mimalloc,1
newdxx_g,BaTiO3_nat005,64000,27609,2,11,32.098000,set1,flang-openmp,mimalloc,1
newdxx_g,BaTiO3_nat005,64000,27609,2,12,32.006000,set1,flang-openmp,mimalloc,1
newdxx_g,BaTiO3_nat005,64000,27609,2,13,31.990000,set1,flang-openmp,mimalloc,1
newdxx_g,BaTiO3_nat005,64000,27609,2,14,32.010000,set1,flang-openmp,mimalloc,1
newdxx_g,BaTiO3_nat005,64000,27609,2,15,31.746000,set1,flang-openmp,mimalloc,1
newdxx_g,BaTiO3_nat005,64000,27609,2,16,32.193000,set1,flang-openmp,mimalloc,1
newdxx_g,BaTiO3_nat005,64000,27609,2,17,32.019000,set1,flang-openmp,mimalloc,1
newdxx_g,BaTiO3_nat005,64000,27609,2,18,31.612000,set1,flang-openmp,mimalloc,1
newdxx_g,BaTiO3_nat005,64000,27609,2,19,32.042000,set1,flang-openmp,mimalloc,1
newdxx_g,BaTiO3_nat005,64000,27609,4,0,29.497000,set1,flang-openmp,mimalloc,1
newdxx_g,BaTiO3_nat005,64000,27609,4,1,29.798000,set1,flang-openmp,mimalloc,1
newdxx_g,BaTiO3_nat005,64000,27609,4,2,29.450000,set1,flang-openmp,mimalloc,1
newdxx_g,BaTiO3_nat005,64000,27609,4,3,29.654000,set1,flang-openmp,mimalloc,1
newdxx_g,BaTiO3_nat005,64000,27609,4,4,29.342000,set1,flang-openmp,mimalloc,1
newdxx_g,BaTiO3_nat005,64000,27609,4,5,29.429000,set1,flang-openmp,mimalloc,1
newdxx_g,BaTiO3_nat005,64000,27609,4,6,29.152000,set1,flang-openmp,mimalloc,1
newdxx_g,BaTiO3_nat005,64000,27609,4,7,29.650000,set1,flang-openmp,mimalloc,1
newdxx_g,BaTiO3_nat005,64000,27609,4,8,29.875000,set1,flang-openmp,mimalloc,1
newdxx_g,BaTiO3_nat005,64000,27609,4,9,29.576000,set1,flang-openmp,mimalloc,1
newdxx_g,BaTiO3_nat005,64000,27609,4,10,30.082000,set1,flang-openmp,mimalloc,1
newdxx_g,BaTiO3_nat005,64000,27609,4,11,29.776000,set1,flang-openmp,mimalloc,1
newdxx_g,BaTiO3_nat005,64000,27609,4,12,29.703000,set1,flang-openmp,mimalloc,1
newdxx_g,BaTiO3_nat005,64000,27609,4,13,29.799000,set1,flang-openmp,mimalloc,1
newdxx_g,BaTiO3_nat005,64000,27609,4,14,29.700000,set1,flang-openmp,mimalloc,1
newdxx_g,BaTiO3_nat005,64000,27609,4,15,29.795000,set1,flang-openmp,mimalloc,1
newdxx_g,BaTiO3_nat005,64000,27609,4,16,29.928000,set1,flang-openmp,mimalloc,1
newdxx_g,BaTiO3_nat005,64000,27609,4,17,29.930000,set1,flang-openmp,mimalloc,1
newdxx_g,BaTiO3_nat005,64000,27609,4,18,29.793000,set1,flang-openmp,mimalloc,1
newdxx_g,BaTiO3_nat005,64000,27609,4,19,29.683000,set1,flang-openmp,mimalloc,1
newdxx_g,BaTiO3_nat005,64000,27609,8,0,26.023000,set1,flang-openmp,mimalloc,1
newdxx_g,BaTiO3_nat005,64000,27609,8,1,25.622000,set1,flang-openmp,mimalloc,1
newdxx_g,BaTiO3_nat005,64000,27609,8,2,25.646000,set1,flang-openmp,mimalloc,1
newdxx_g,BaTiO3_nat005,64000,27609,8,3,25.439000,set1,flang-openmp,mimalloc,1
newdxx_g,BaTiO3_nat005,64000,27609,8,4,25.939000,set1,flang-openmp,mimalloc,1
newdxx_g,BaTiO3_nat005,64000,27609,8,5,25.746000,set1,flang-openmp,mimalloc,1
newdxx_g,BaTiO3_nat005,64000,27609,8,6,25.918000,set1,flang-openmp,mimalloc,1
newdxx_g,BaTiO3_nat005,64000,27609,8,7,25.605000,set1,flang-openmp,mimalloc,1
newdxx_g,BaTiO3_nat005,64000,27609,8,8,25.546000,set1,flang-openmp,mimalloc,1
newdxx_g,BaTiO3_nat005,64000,27609,8,9,25.384000,set1,flang-openmp,mimalloc,1
newdxx_g,BaTiO3_nat005,64000,27609,8,10,25.444000,set1,flang-openmp,mimalloc,1
newdxx_g,BaTiO3_nat005,64000,27609,8,11,25.348000,set1,flang-openmp,mimalloc,1
newdxx_g,BaTiO3_nat005,64000,27609,8,12,25.943000,set1,flang-openmp,mimalloc,1
newdxx_g,BaTiO3_nat005,64000,27609,8,13,26.142000,set1,flang-openmp,mimalloc,1
newdxx_g,BaTiO3_nat005,64000,27609,8,14,25.478000,set1,flang-openmp,mimalloc,1
newdxx_g,BaTiO3_nat005,64000,27609,8,15,25.906000,set1,flang-openmp,mimalloc,1
newdxx_g,BaTiO3_nat005,64000,27609,8,16,25.267000,set1,flang-openmp,mimalloc,1
newdxx_g,BaTiO3_nat005,64000,27609,8,17,25.653000,set1,flang-openmp,mimalloc,1
newdxx_g,BaTiO3_nat005,64000,27609,8,18,25.258000,set1,flang-openmp,mimalloc,1
newdxx_g,BaTiO3_nat005,64000,27609,8,19,25.523000,set1,flang-openmp,mimalloc,1
newdxx_g,BaTiO3_nat005,64000,27609,16,0,15.525000,set1,flang-openmp,mimalloc,1
newdxx_g,BaTiO3_nat005,64000,27609,16,1,15.399000,set1,flang-openmp,mimalloc,1
newdxx_g,BaTiO3_nat005,64000,27609,16,2,15.188000,set1,flang-openmp,mimalloc,1
newdxx_g,BaTiO3_nat005,64000,27609,16,3,15.581000,set1,flang-openmp,mimalloc,1
newdxx_g,BaTiO3_nat005,64000,27609,16,4,15.735000,set1,flang-openmp,mimalloc,1
newdxx_g,BaTiO3_nat005,64000,27609,16,5,15.473000,set1,flang-openmp,mimalloc,1
newdxx_g,BaTiO3_nat005,64000,27609,16,6,15.305000,set1,flang-openmp,mimalloc,1
newdxx_g,BaTiO3_nat005,64000,27609,16,7,15.487000,set1,flang-openmp,mimalloc,1
newdxx_g,BaTiO3_nat005,64000,27609,16,8,15.421000,set1,flang-openmp,mimalloc,1
newdxx_g,BaTiO3_nat005,64000,27609,16,9,15.185000,set1,flang-openmp,mimalloc,1
newdxx_g,BaTiO3_nat005,64000,27609,16,10,14.824000,set1,flang-openmp,mimalloc,1
newdxx_g,BaTiO3_nat005,64000,27609,16,11,15.269000,set1,flang-openmp,mimalloc,1
newdxx_g,BaTiO3_nat005,64000,27609,16,12,15.014000,set1,flang-openmp,mimalloc,1
newdxx_g,BaTiO3_nat005,64000,27609,16,13,15.264000,set1,flang-openmp,mimalloc,1
newdxx_g,BaTiO3_nat005,64000,27609,16,14,15.169000,set1,flang-openmp,mimalloc,1
newdxx_g,BaTiO3_nat005,64000,27609,16,15,15.306000,set1,flang-openmp,mimalloc,1
newdxx_g,BaTiO3_nat005,64000,27609,16,16,15.445000,set1,flang-openmp,mimalloc,1
newdxx_g,BaTiO3_nat005,64000,27609,16,17,15.249000,set1,flang-openmp,mimalloc,1
newdxx_g,BaTiO3_nat005,64000,27609,16,18,15.583000,set1,flang-openmp,mimalloc,1
newdxx_g,BaTiO3_nat005,64000,27609,16,19,15.177000,set1,flang-openmp,mimalloc,1
newdxx_g,BaTiO3_nat005,64000,27609,32,0,25.512000,set1,flang-openmp,mimalloc,1
newdxx_g,BaTiO3_nat005,64000,27609,32,1,24.807000,set1,flang-openmp,mimalloc,1
newdxx_g,BaTiO3_nat005,64000,27609,32,2,24.918000,set1,flang-openmp,mimalloc,1
newdxx_g,BaTiO3_nat005,64000,27609,32,3,24.739000,set1,flang-openmp,mimalloc,1
newdxx_g,BaTiO3_nat005,64000,27609,32,4,24.706000,set1,flang-openmp,mimalloc,1
newdxx_g,BaTiO3_nat005,64000,27609,32,5,24.731000,set1,flang-openmp,mimalloc,1
newdxx_g,BaTiO3_nat005,64000,27609,32,6,26.061000,set1,flang-openmp,mimalloc,1
newdxx_g,BaTiO3_nat005,64000,27609,32,7,24.860000,set1,flang-openmp,mimalloc,1
newdxx_g,BaTiO3_nat005,64000,27609,32,8,24.992000,set1,flang-openmp,mimalloc,1
newdxx_g,BaTiO3_nat005,64000,27609,32,9,25.155000,set1,flang-openmp,mimalloc,1
newdxx_g,BaTiO3_nat005,64000,27609,32,10,25.539000,set1,flang-openmp,mimalloc,1
newdxx_g,BaTiO3_nat005,64000,27609,32,11,25.223000,set1,flang-openmp,mimalloc,1
newdxx_g,BaTiO3_nat005,64000,27609,32,12,24.943000,set1,flang-openmp,mimalloc,1
newdxx_g,BaTiO3_nat005,64000,27609,32,13,25.004000,set1,flang-openmp,mimalloc,1
newdxx_g,BaTiO3_nat005,64000,27609,32,14,24.800000,set1,flang-openmp,mimalloc,1
newdxx_g,BaTiO3_nat005,64000,27609,32,15,24.771000,set1,flang-openmp,mimalloc,1
newdxx_g,BaTiO3_nat005,64000,27609,32,16,25.277000,set1,flang-openmp,mimalloc,1
newdxx_g,BaTiO3_nat005,64000,27609,32,17,24.970000,set1,flang-openmp,mimalloc,1
newdxx_g,BaTiO3_nat005,64000,27609,32,18,24.860000,set1,flang-openmp,mimalloc,1
newdxx_g,BaTiO3_nat005,64000,27609,32,19,25.125000,set1,flang-openmp,mimalloc,1
newdxx_g,BaTiO3_nat005,64000,27609,64,0,15.611000,set1,flang-openmp,mimalloc,1
newdxx_g,BaTiO3_nat005,64000,27609,64,1,15.584000,set1,flang-openmp,mimalloc,1
newdxx_g,BaTiO3_nat005,64000,27609,64,2,15.302000,set1,flang-openmp,mimalloc,1
newdxx_g,BaTiO3_nat005,64000,27609,64,3,15.667000,set1,flang-openmp,mimalloc,1
newdxx_g,BaTiO3_nat005,64000,27609,64,4,15.132000,set1,flang-openmp,mimalloc,1
newdxx_g,BaTiO3_nat005,64000,27609,64,5,15.347000,set1,flang-openmp,mimalloc,1
newdxx_g,BaTiO3_nat005,64000,27609,64,6,15.144000,set1,flang-openmp,mimalloc,1
newdxx_g,BaTiO3_nat005,64000,27609,64,7,15.383000,set1,flang-openmp,mimalloc,1
newdxx_g,BaTiO3_nat005,64000,27609,64,8,15.378000,set1,flang-openmp,mimalloc,1
newdxx_g,BaTiO3_nat005,64000,27609,64,9,15.083000,set1,flang-openmp,mimalloc,1
newdxx_g,BaTiO3_nat005,64000,27609,64,10,15.490000,set1,flang-openmp,mimalloc,1
newdxx_g,BaTiO3_nat005,64000,27609,64,11,14.862000,set1,flang-openmp,mimalloc,1
newdxx_g,BaTiO3_nat005,64000,27609,64,12,15.008000,set1,flang-openmp,mimalloc,1
newdxx_g,BaTiO3_nat005,64000,27609,64,13,15.687000,set1,flang-openmp,mimalloc,1
newdxx_g,BaTiO3_nat005,64000,27609,64,14,15.012000,set1,flang-openmp,mimalloc,1
newdxx_g,BaTiO3_nat005,64000,27609,64,15,15.136000,set1,flang-openmp,mimalloc,1
newdxx_g,BaTiO3_nat005,64000,27609,64,16,14.997000,set1,flang-openmp,mimalloc,1
newdxx_g,BaTiO3_nat005,64000,27609,64,17,15.359000,set1,flang-openmp,mimalloc,1
newdxx_g,BaTiO3_nat005,64000,27609,64,18,15.156000,set1,flang-openmp,mimalloc,1
newdxx_g,BaTiO3_nat005,64000,27609,64,19,15.121000,set1,flang-openmp,mimalloc,1
newdxx_g,BaTiO3_nat005,64000,27609,72,0,15.530000,set1,flang-openmp,mimalloc,1
newdxx_g,BaTiO3_nat005,64000,27609,72,1,15.139000,set1,flang-openmp,mimalloc,1
newdxx_g,BaTiO3_nat005,64000,27609,72,2,15.528000,set1,flang-openmp,mimalloc,1
newdxx_g,BaTiO3_nat005,64000,27609,72,3,15.358000,set1,flang-openmp,mimalloc,1
newdxx_g,BaTiO3_nat005,64000,27609,72,4,15.182000,set1,flang-openmp,mimalloc,1
newdxx_g,BaTiO3_nat005,64000,27609,72,5,15.148000,set1,flang-openmp,mimalloc,1
newdxx_g,BaTiO3_nat005,64000,27609,72,6,15.144000,set1,flang-openmp,mimalloc,1
newdxx_g,BaTiO3_nat005,64000,27609,72,7,15.026000,set1,flang-openmp,mimalloc,1
newdxx_g,BaTiO3_nat005,64000,27609,72,8,15.264000,set1,flang-openmp,mimalloc,1
newdxx_g,BaTiO3_nat005,64000,27609,72,9,14.902000,set1,flang-openmp,mimalloc,1
newdxx_g,BaTiO3_nat005,64000,27609,72,10,15.220000,set1,flang-openmp,mimalloc,1
newdxx_g,BaTiO3_nat005,64000,27609,72,11,15.453000,set1,flang-openmp,mimalloc,1
newdxx_g,BaTiO3_nat005,64000,27609,72,12,15.093000,set1,flang-openmp,mimalloc,1
newdxx_g,BaTiO3_nat005,64000,27609,72,13,14.962000,set1,flang-openmp,mimalloc,1
newdxx_g,BaTiO3_nat005,64000,27609,72,14,15.162000,set1,flang-openmp,mimalloc,1
newdxx_g,BaTiO3_nat005,64000,27609,72,15,15.435000,set1,flang-openmp,mimalloc,1
newdxx_g,BaTiO3_nat005,64000,27609,72,16,15.461000,set1,flang-openmp,mimalloc,1
newdxx_g,BaTiO3_nat005,64000,27609,72,17,15.283000,set1,flang-openmp,mimalloc,1
newdxx_g,BaTiO3_nat005,64000,27609,72,18,15.408000,set1,flang-openmp,mimalloc,1
newdxx_g,BaTiO3_nat005,64000,27609,72,19,15.110000,set1,flang-openmp,mimalloc,1
newdxx_g,BaTiO3_nat005,64000,27609,1,0,1938.518000,set1_rep72,flang-openmp,mimalloc,72
newdxx_g,BaTiO3_nat005,64000,27609,1,1,1939.616000,set1_rep72,flang-openmp,mimalloc,72
newdxx_g,BaTiO3_nat005,64000,27609,1,2,1944.759000,set1_rep72,flang-openmp,mimalloc,72
newdxx_g,BaTiO3_nat005,64000,27609,1,3,1934.598000,set1_rep72,flang-openmp,mimalloc,72
newdxx_g,BaTiO3_nat005,64000,27609,1,4,1935.963000,set1_rep72,flang-openmp,mimalloc,72
newdxx_g,BaTiO3_nat005,64000,27609,1,5,1941.703000,set1_rep72,flang-openmp,mimalloc,72
newdxx_g,BaTiO3_nat005,64000,27609,1,6,1929.866000,set1_rep72,flang-openmp,mimalloc,72
newdxx_g,BaTiO3_nat005,64000,27609,1,7,1934.919000,set1_rep72,flang-openmp,mimalloc,72
newdxx_g,BaTiO3_nat005,64000,27609,1,8,1941.041000,set1_rep72,flang-openmp,mimalloc,72
newdxx_g,BaTiO3_nat005,64000,27609,1,9,1936.337000,set1_rep72,flang-openmp,mimalloc,72
newdxx_g,BaTiO3_nat005,64000,27609,1,10,1933.952000,set1_rep72,flang-openmp,mimalloc,72
newdxx_g,BaTiO3_nat005,64000,27609,1,11,1938.541000,set1_rep72,flang-openmp,mimalloc,72
newdxx_g,BaTiO3_nat005,64000,27609,1,12,1933.614000,set1_rep72,flang-openmp,mimalloc,72
newdxx_g,BaTiO3_nat005,64000,27609,1,13,1933.643000,set1_rep72,flang-openmp,mimalloc,72
newdxx_g,BaTiO3_nat005,64000,27609,1,14,1937.226000,set1_rep72,flang-openmp,mimalloc,72
newdxx_g,BaTiO3_nat005,64000,27609,1,15,1932.757000,set1_rep72,flang-openmp,mimalloc,72
newdxx_g,BaTiO3_nat005,64000,27609,1,16,1930.467000,set1_rep72,flang-openmp,mimalloc,72
newdxx_g,BaTiO3_nat005,64000,27609,1,17,1943.514000,set1_rep72,flang-openmp,mimalloc,72
newdxx_g,BaTiO3_nat005,64000,27609,1,18,1933.223000,set1_rep72,flang-openmp,mimalloc,72
newdxx_g,BaTiO3_nat005,64000,27609,1,19,1933.386000,set1_rep72,flang-openmp,mimalloc,72
newdxx_g,BaTiO3_nat005,64000,27609,2,0,998.875000,set1_rep72,flang-openmp,mimalloc,72
newdxx_g,BaTiO3_nat005,64000,27609,2,1,995.267000,set1_rep72,flang-openmp,mimalloc,72
newdxx_g,BaTiO3_nat005,64000,27609,2,2,993.700000,set1_rep72,flang-openmp,mimalloc,72
newdxx_g,BaTiO3_nat005,64000,27609,2,3,994.054000,set1_rep72,flang-openmp,mimalloc,72
newdxx_g,BaTiO3_nat005,64000,27609,2,4,998.162000,set1_rep72,flang-openmp,mimalloc,72
newdxx_g,BaTiO3_nat005,64000,27609,2,5,993.538000,set1_rep72,flang-openmp,mimalloc,72
newdxx_g,BaTiO3_nat005,64000,27609,2,6,995.125000,set1_rep72,flang-openmp,mimalloc,72
newdxx_g,BaTiO3_nat005,64000,27609,2,7,992.238000,set1_rep72,flang-openmp,mimalloc,72
newdxx_g,BaTiO3_nat005,64000,27609,2,8,983.508000,set1_rep72,flang-openmp,mimalloc,72
newdxx_g,BaTiO3_nat005,64000,27609,2,9,988.622000,set1_rep72,flang-openmp,mimalloc,72
newdxx_g,BaTiO3_nat005,64000,27609,2,10,985.120000,set1_rep72,flang-openmp,mimalloc,72
newdxx_g,BaTiO3_nat005,64000,27609,2,11,981.697000,set1_rep72,flang-openmp,mimalloc,72
newdxx_g,BaTiO3_nat005,64000,27609,2,12,983.399000,set1_rep72,flang-openmp,mimalloc,72
newdxx_g,BaTiO3_nat005,64000,27609,2,13,981.829000,set1_rep72,flang-openmp,mimalloc,72
newdxx_g,BaTiO3_nat005,64000,27609,2,14,982.528000,set1_rep72,flang-openmp,mimalloc,72
newdxx_g,BaTiO3_nat005,64000,27609,2,15,988.376000,set1_rep72,flang-openmp,mimalloc,72
newdxx_g,BaTiO3_nat005,64000,27609,2,16,985.033000,set1_rep72,flang-openmp,mimalloc,72
newdxx_g,BaTiO3_nat005,64000,27609,2,17,985.826000,set1_rep72,flang-openmp,mimalloc,72
newdxx_g,BaTiO3_nat005,64000,27609,2,18,985.228000,set1_rep72,flang-openmp,mimalloc,72
newdxx_g,BaTiO3_nat005,64000,27609,2,19,985.616000,set1_rep72,flang-openmp,mimalloc,72
newdxx_g,BaTiO3_nat005,64000,27609,4,0,496.020000,set1_rep72,flang-openmp,mimalloc,72
newdxx_g,BaTiO3_nat005,64000,27609,4,1,494.649000,set1_rep72,flang-openmp,mimalloc,72
newdxx_g,BaTiO3_nat005,64000,27609,4,2,493.918000,set1_rep72,flang-openmp,mimalloc,72
newdxx_g,BaTiO3_nat005,64000,27609,4,3,496.730000,set1_rep72,flang-openmp,mimalloc,72
newdxx_g,BaTiO3_nat005,64000,27609,4,4,493.432000,set1_rep72,flang-openmp,mimalloc,72
newdxx_g,BaTiO3_nat005,64000,27609,4,5,493.388000,set1_rep72,flang-openmp,mimalloc,72
newdxx_g,BaTiO3_nat005,64000,27609,4,6,494.396000,set1_rep72,flang-openmp,mimalloc,72
newdxx_g,BaTiO3_nat005,64000,27609,4,7,493.691000,set1_rep72,flang-openmp,mimalloc,72
newdxx_g,BaTiO3_nat005,64000,27609,4,8,494.201000,set1_rep72,flang-openmp,mimalloc,72
newdxx_g,BaTiO3_nat005,64000,27609,4,9,495.015000,set1_rep72,flang-openmp,mimalloc,72
newdxx_g,BaTiO3_nat005,64000,27609,4,10,494.083000,set1_rep72,flang-openmp,mimalloc,72
newdxx_g,BaTiO3_nat005,64000,27609,4,11,493.941000,set1_rep72,flang-openmp,mimalloc,72
newdxx_g,BaTiO3_nat005,64000,27609,4,12,496.492000,set1_rep72,flang-openmp,mimalloc,72
newdxx_g,BaTiO3_nat005,64000,27609,4,13,493.765000,set1_rep72,flang-openmp,mimalloc,72
newdxx_g,BaTiO3_nat005,64000,27609,4,14,493.362000,set1_rep72,flang-openmp,mimalloc,72
newdxx_g,BaTiO3_nat005,64000,27609,4,15,495.218000,set1_rep72,flang-openmp,mimalloc,72
newdxx_g,BaTiO3_nat005,64000,27609,4,16,493.850000,set1_rep72,flang-openmp,mimalloc,72
newdxx_g,BaTiO3_nat005,64000,27609,4,17,493.200000,set1_rep72,flang-openmp,mimalloc,72
newdxx_g,BaTiO3_nat005,64000,27609,4,18,494.603000,set1_rep72,flang-openmp,mimalloc,72
newdxx_g,BaTiO3_nat005,64000,27609,4,19,493.915000,set1_rep72,flang-openmp,mimalloc,72
newdxx_g,BaTiO3_nat005,64000,27609,8,0,469.719000,set1_rep72,flang-openmp,mimalloc,72
newdxx_g,BaTiO3_nat005,64000,27609,8,1,469.229000,set1_rep72,flang-openmp,mimalloc,72
newdxx_g,BaTiO3_nat005,64000,27609,8,2,468.964000,set1_rep72,flang-openmp,mimalloc,72
newdxx_g,BaTiO3_nat005,64000,27609,8,3,469.816000,set1_rep72,flang-openmp,mimalloc,72
newdxx_g,BaTiO3_nat005,64000,27609,8,4,468.559000,set1_rep72,flang-openmp,mimalloc,72
newdxx_g,BaTiO3_nat005,64000,27609,8,5,468.859000,set1_rep72,flang-openmp,mimalloc,72
newdxx_g,BaTiO3_nat005,64000,27609,8,6,468.983000,set1_rep72,flang-openmp,mimalloc,72
newdxx_g,BaTiO3_nat005,64000,27609,8,7,469.529000,set1_rep72,flang-openmp,mimalloc,72
newdxx_g,BaTiO3_nat005,64000,27609,8,8,468.974000,set1_rep72,flang-openmp,mimalloc,72
newdxx_g,BaTiO3_nat005,64000,27609,8,9,469.436000,set1_rep72,flang-openmp,mimalloc,72
newdxx_g,BaTiO3_nat005,64000,27609,8,10,468.995000,set1_rep72,flang-openmp,mimalloc,72
newdxx_g,BaTiO3_nat005,64000,27609,8,11,470.460000,set1_rep72,flang-openmp,mimalloc,72
newdxx_g,BaTiO3_nat005,64000,27609,8,12,468.098000,set1_rep72,flang-openmp,mimalloc,72
newdxx_g,BaTiO3_nat005,64000,27609,8,13,470.259000,set1_rep72,flang-openmp,mimalloc,72
newdxx_g,BaTiO3_nat005,64000,27609,8,14,470.340000,set1_rep72,flang-openmp,mimalloc,72
newdxx_g,BaTiO3_nat005,64000,27609,8,15,468.830000,set1_rep72,flang-openmp,mimalloc,72
newdxx_g,BaTiO3_nat005,64000,27609,8,16,468.883000,set1_rep72,flang-openmp,mimalloc,72
newdxx_g,BaTiO3_nat005,64000,27609,8,17,468.953000,set1_rep72,flang-openmp,mimalloc,72
newdxx_g,BaTiO3_nat005,64000,27609,8,18,468.367000,set1_rep72,flang-openmp,mimalloc,72
newdxx_g,BaTiO3_nat005,64000,27609,8,19,469.244000,set1_rep72,flang-openmp,mimalloc,72
newdxx_g,BaTiO3_nat005,64000,27609,16,0,134.656000,set1_rep72,flang-openmp,mimalloc,72
newdxx_g,BaTiO3_nat005,64000,27609,16,1,134.590000,set1_rep72,flang-openmp,mimalloc,72
newdxx_g,BaTiO3_nat005,64000,27609,16,2,134.257000,set1_rep72,flang-openmp,mimalloc,72
newdxx_g,BaTiO3_nat005,64000,27609,16,3,134.761000,set1_rep72,flang-openmp,mimalloc,72
newdxx_g,BaTiO3_nat005,64000,27609,16,4,134.315000,set1_rep72,flang-openmp,mimalloc,72
newdxx_g,BaTiO3_nat005,64000,27609,16,5,134.149000,set1_rep72,flang-openmp,mimalloc,72
newdxx_g,BaTiO3_nat005,64000,27609,16,6,133.416000,set1_rep72,flang-openmp,mimalloc,72
newdxx_g,BaTiO3_nat005,64000,27609,16,7,133.325000,set1_rep72,flang-openmp,mimalloc,72
newdxx_g,BaTiO3_nat005,64000,27609,16,8,133.222000,set1_rep72,flang-openmp,mimalloc,72
newdxx_g,BaTiO3_nat005,64000,27609,16,9,135.037000,set1_rep72,flang-openmp,mimalloc,72
newdxx_g,BaTiO3_nat005,64000,27609,16,10,133.923000,set1_rep72,flang-openmp,mimalloc,72
newdxx_g,BaTiO3_nat005,64000,27609,16,11,133.650000,set1_rep72,flang-openmp,mimalloc,72
newdxx_g,BaTiO3_nat005,64000,27609,16,12,133.012000,set1_rep72,flang-openmp,mimalloc,72
newdxx_g,BaTiO3_nat005,64000,27609,16,13,133.561000,set1_rep72,flang-openmp,mimalloc,72
newdxx_g,BaTiO3_nat005,64000,27609,16,14,133.058000,set1_rep72,flang-openmp,mimalloc,72
newdxx_g,BaTiO3_nat005,64000,27609,16,15,132.887000,set1_rep72,flang-openmp,mimalloc,72
newdxx_g,BaTiO3_nat005,64000,27609,16,16,134.030000,set1_rep72,flang-openmp,mimalloc,72
newdxx_g,BaTiO3_nat005,64000,27609,16,17,134.070000,set1_rep72,flang-openmp,mimalloc,72
newdxx_g,BaTiO3_nat005,64000,27609,16,18,133.678000,set1_rep72,flang-openmp,mimalloc,72
newdxx_g,BaTiO3_nat005,64000,27609,16,19,133.495000,set1_rep72,flang-openmp,mimalloc,72
newdxx_g,BaTiO3_nat005,64000,27609,32,0,175.650000,set1_rep72,flang-openmp,mimalloc,72
newdxx_g,BaTiO3_nat005,64000,27609,32,1,176.875000,set1_rep72,flang-openmp,mimalloc,72
newdxx_g,BaTiO3_nat005,64000,27609,32,2,174.653000,set1_rep72,flang-openmp,mimalloc,72
newdxx_g,BaTiO3_nat005,64000,27609,32,3,174.698000,set1_rep72,flang-openmp,mimalloc,72
newdxx_g,BaTiO3_nat005,64000,27609,32,4,174.485000,set1_rep72,flang-openmp,mimalloc,72
newdxx_g,BaTiO3_nat005,64000,27609,32,5,173.139000,set1_rep72,flang-openmp,mimalloc,72
newdxx_g,BaTiO3_nat005,64000,27609,32,6,174.352000,set1_rep72,flang-openmp,mimalloc,72
newdxx_g,BaTiO3_nat005,64000,27609,32,7,178.358000,set1_rep72,flang-openmp,mimalloc,72
newdxx_g,BaTiO3_nat005,64000,27609,32,8,175.406000,set1_rep72,flang-openmp,mimalloc,72
newdxx_g,BaTiO3_nat005,64000,27609,32,9,173.206000,set1_rep72,flang-openmp,mimalloc,72
newdxx_g,BaTiO3_nat005,64000,27609,32,10,174.260000,set1_rep72,flang-openmp,mimalloc,72
newdxx_g,BaTiO3_nat005,64000,27609,32,11,174.731000,set1_rep72,flang-openmp,mimalloc,72
newdxx_g,BaTiO3_nat005,64000,27609,32,12,177.423000,set1_rep72,flang-openmp,mimalloc,72
newdxx_g,BaTiO3_nat005,64000,27609,32,13,176.217000,set1_rep72,flang-openmp,mimalloc,72
newdxx_g,BaTiO3_nat005,64000,27609,32,14,174.312000,set1_rep72,flang-openmp,mimalloc,72
newdxx_g,BaTiO3_nat005,64000,27609,32,15,175.917000,set1_rep72,flang-openmp,mimalloc,72
newdxx_g,BaTiO3_nat005,64000,27609,32,16,177.436000,set1_rep72,flang-openmp,mimalloc,72
newdxx_g,BaTiO3_nat005,64000,27609,32,17,176.582000,set1_rep72,flang-openmp,mimalloc,72
newdxx_g,BaTiO3_nat005,64000,27609,32,18,173.645000,set1_rep72,flang-openmp,mimalloc,72
newdxx_g,BaTiO3_nat005,64000,27609,32,19,174.893000,set1_rep72,flang-openmp,mimalloc,72
newdxx_g,BaTiO3_nat005,64000,27609,64,0,42.626000,set1_rep72,flang-openmp,mimalloc,72
newdxx_g,BaTiO3_nat005,64000,27609,64,1,42.355000,set1_rep72,flang-openmp,mimalloc,72
newdxx_g,BaTiO3_nat005,64000,27609,64,2,42.513000,set1_rep72,flang-openmp,mimalloc,72
newdxx_g,BaTiO3_nat005,64000,27609,64,3,42.666000,set1_rep72,flang-openmp,mimalloc,72
newdxx_g,BaTiO3_nat005,64000,27609,64,4,42.283000,set1_rep72,flang-openmp,mimalloc,72
newdxx_g,BaTiO3_nat005,64000,27609,64,5,42.601000,set1_rep72,flang-openmp,mimalloc,72
newdxx_g,BaTiO3_nat005,64000,27609,64,6,42.464000,set1_rep72,flang-openmp,mimalloc,72
newdxx_g,BaTiO3_nat005,64000,27609,64,7,42.422000,set1_rep72,flang-openmp,mimalloc,72
newdxx_g,BaTiO3_nat005,64000,27609,64,8,42.471000,set1_rep72,flang-openmp,mimalloc,72
newdxx_g,BaTiO3_nat005,64000,27609,64,9,42.927000,set1_rep72,flang-openmp,mimalloc,72
newdxx_g,BaTiO3_nat005,64000,27609,64,10,42.523000,set1_rep72,flang-openmp,mimalloc,72
newdxx_g,BaTiO3_nat005,64000,27609,64,11,42.314000,set1_rep72,flang-openmp,mimalloc,72
newdxx_g,BaTiO3_nat005,64000,27609,64,12,42.615000,set1_rep72,flang-openmp,mimalloc,72
newdxx_g,BaTiO3_nat005,64000,27609,64,13,42.193000,set1_rep72,flang-openmp,mimalloc,72
newdxx_g,BaTiO3_nat005,64000,27609,64,14,42.549000,set1_rep72,flang-openmp,mimalloc,72
newdxx_g,BaTiO3_nat005,64000,27609,64,15,42.398000,set1_rep72,flang-openmp,mimalloc,72
newdxx_g,BaTiO3_nat005,64000,27609,64,16,42.360000,set1_rep72,flang-openmp,mimalloc,72
newdxx_g,BaTiO3_nat005,64000,27609,64,17,42.472000,set1_rep72,flang-openmp,mimalloc,72
newdxx_g,BaTiO3_nat005,64000,27609,64,18,42.450000,set1_rep72,flang-openmp,mimalloc,72
newdxx_g,BaTiO3_nat005,64000,27609,64,19,42.595000,set1_rep72,flang-openmp,mimalloc,72
newdxx_g,BaTiO3_nat005,64000,27609,72,0,35.032000,set1_rep72,flang-openmp,mimalloc,72
newdxx_g,BaTiO3_nat005,64000,27609,72,1,33.714000,set1_rep72,flang-openmp,mimalloc,72
newdxx_g,BaTiO3_nat005,64000,27609,72,2,32.163000,set1_rep72,flang-openmp,mimalloc,72
newdxx_g,BaTiO3_nat005,64000,27609,72,3,34.260000,set1_rep72,flang-openmp,mimalloc,72
newdxx_g,BaTiO3_nat005,64000,27609,72,4,33.781000,set1_rep72,flang-openmp,mimalloc,72
newdxx_g,BaTiO3_nat005,64000,27609,72,5,31.957000,set1_rep72,flang-openmp,mimalloc,72
newdxx_g,BaTiO3_nat005,64000,27609,72,6,34.628000,set1_rep72,flang-openmp,mimalloc,72
newdxx_g,BaTiO3_nat005,64000,27609,72,7,32.317000,set1_rep72,flang-openmp,mimalloc,72
newdxx_g,BaTiO3_nat005,64000,27609,72,8,32.179000,set1_rep72,flang-openmp,mimalloc,72
newdxx_g,BaTiO3_nat005,64000,27609,72,9,31.574000,set1_rep72,flang-openmp,mimalloc,72
newdxx_g,BaTiO3_nat005,64000,27609,72,10,35.648000,set1_rep72,flang-openmp,mimalloc,72
newdxx_g,BaTiO3_nat005,64000,27609,72,11,31.823000,set1_rep72,flang-openmp,mimalloc,72
newdxx_g,BaTiO3_nat005,64000,27609,72,12,31.085000,set1_rep72,flang-openmp,mimalloc,72
newdxx_g,BaTiO3_nat005,64000,27609,72,13,35.209000,set1_rep72,flang-openmp,mimalloc,72
newdxx_g,BaTiO3_nat005,64000,27609,72,14,32.456000,set1_rep72,flang-openmp,mimalloc,72
newdxx_g,BaTiO3_nat005,64000,27609,72,15,31.779000,set1_rep72,flang-openmp,mimalloc,72
newdxx_g,BaTiO3_nat005,64000,27609,72,16,35.232000,set1_rep72,flang-openmp,mimalloc,72
newdxx_g,BaTiO3_nat005,64000,27609,72,17,33.751000,set1_rep72,flang-openmp,mimalloc,72
newdxx_g,BaTiO3_nat005,64000,27609,72,18,31.587000,set1_rep72,flang-openmp,mimalloc,72
newdxx_g,BaTiO3_nat005,64000,27609,72,19,35.017000,set1_rep72,flang-openmp,mimalloc,72
newdxx_g,BaO_nat002,64000,18643,1,0,6.736000,set0,original-openmp,mimalloc,1
newdxx_g,BaO_nat002,64000,18643,1,1,6.666000,set0,original-openmp,mimalloc,1
newdxx_g,BaO_nat002,64000,18643,1,2,6.844000,set0,original-openmp,mimalloc,1
newdxx_g,BaO_nat002,64000,18643,1,3,7.128000,set0,original-openmp,mimalloc,1
newdxx_g,BaO_nat002,64000,18643,1,4,7.035000,set0,original-openmp,mimalloc,1
newdxx_g,BaO_nat002,64000,18643,1,5,7.253000,set0,original-openmp,mimalloc,1
newdxx_g,BaO_nat002,64000,18643,1,6,7.013000,set0,original-openmp,mimalloc,1
newdxx_g,BaO_nat002,64000,18643,1,7,7.038000,set0,original-openmp,mimalloc,1
newdxx_g,BaO_nat002,64000,18643,1,8,7.038000,set0,original-openmp,mimalloc,1
newdxx_g,BaO_nat002,64000,18643,1,9,6.813000,set0,original-openmp,mimalloc,1
newdxx_g,BaO_nat002,64000,18643,1,10,6.898000,set0,original-openmp,mimalloc,1
newdxx_g,BaO_nat002,64000,18643,1,11,6.955000,set0,original-openmp,mimalloc,1
newdxx_g,BaO_nat002,64000,18643,1,12,6.911000,set0,original-openmp,mimalloc,1
newdxx_g,BaO_nat002,64000,18643,1,13,6.918000,set0,original-openmp,mimalloc,1
newdxx_g,BaO_nat002,64000,18643,1,14,6.999000,set0,original-openmp,mimalloc,1
newdxx_g,BaO_nat002,64000,18643,1,15,6.971000,set0,original-openmp,mimalloc,1
newdxx_g,BaO_nat002,64000,18643,1,16,6.760000,set0,original-openmp,mimalloc,1
newdxx_g,BaO_nat002,64000,18643,1,17,6.942000,set0,original-openmp,mimalloc,1
newdxx_g,BaO_nat002,64000,18643,1,18,6.794000,set0,original-openmp,mimalloc,1
newdxx_g,BaO_nat002,64000,18643,1,19,7.028000,set0,original-openmp,mimalloc,1
newdxx_g,BaO_nat002,64000,18643,2,0,5.825000,set0,original-openmp,mimalloc,1
newdxx_g,BaO_nat002,64000,18643,2,1,5.861000,set0,original-openmp,mimalloc,1
newdxx_g,BaO_nat002,64000,18643,2,2,5.698000,set0,original-openmp,mimalloc,1
newdxx_g,BaO_nat002,64000,18643,2,3,5.691000,set0,original-openmp,mimalloc,1
newdxx_g,BaO_nat002,64000,18643,2,4,5.807000,set0,original-openmp,mimalloc,1
newdxx_g,BaO_nat002,64000,18643,2,5,5.914000,set0,original-openmp,mimalloc,1
newdxx_g,BaO_nat002,64000,18643,2,6,5.902000,set0,original-openmp,mimalloc,1
newdxx_g,BaO_nat002,64000,18643,2,7,5.843000,set0,original-openmp,mimalloc,1
newdxx_g,BaO_nat002,64000,18643,2,8,5.757000,set0,original-openmp,mimalloc,1
newdxx_g,BaO_nat002,64000,18643,2,9,5.738000,set0,original-openmp,mimalloc,1
newdxx_g,BaO_nat002,64000,18643,2,10,5.636000,set0,original-openmp,mimalloc,1
newdxx_g,BaO_nat002,64000,18643,2,11,5.755000,set0,original-openmp,mimalloc,1
newdxx_g,BaO_nat002,64000,18643,2,12,5.760000,set0,original-openmp,mimalloc,1
newdxx_g,BaO_nat002,64000,18643,2,13,5.677000,set0,original-openmp,mimalloc,1
newdxx_g,BaO_nat002,64000,18643,2,14,5.966000,set0,original-openmp,mimalloc,1
newdxx_g,BaO_nat002,64000,18643,2,15,5.644000,set0,original-openmp,mimalloc,1
newdxx_g,BaO_nat002,64000,18643,2,16,5.726000,set0,original-openmp,mimalloc,1
newdxx_g,BaO_nat002,64000,18643,2,17,5.852000,set0,original-openmp,mimalloc,1
newdxx_g,BaO_nat002,64000,18643,2,18,5.761000,set0,original-openmp,mimalloc,1
newdxx_g,BaO_nat002,64000,18643,2,19,5.708000,set0,original-openmp,mimalloc,1
newdxx_g,BaO_nat002,64000,18643,4,0,5.881000,set0,original-openmp,mimalloc,1
newdxx_g,BaO_nat002,64000,18643,4,1,5.811000,set0,original-openmp,mimalloc,1
newdxx_g,BaO_nat002,64000,18643,4,2,5.741000,set0,original-openmp,mimalloc,1
newdxx_g,BaO_nat002,64000,18643,4,3,5.822000,set0,original-openmp,mimalloc,1
newdxx_g,BaO_nat002,64000,18643,4,4,5.569000,set0,original-openmp,mimalloc,1
newdxx_g,BaO_nat002,64000,18643,4,5,5.714000,set0,original-openmp,mimalloc,1
newdxx_g,BaO_nat002,64000,18643,4,6,5.663000,set0,original-openmp,mimalloc,1
newdxx_g,BaO_nat002,64000,18643,4,7,5.637000,set0,original-openmp,mimalloc,1
newdxx_g,BaO_nat002,64000,18643,4,8,5.639000,set0,original-openmp,mimalloc,1
newdxx_g,BaO_nat002,64000,18643,4,9,5.650000,set0,original-openmp,mimalloc,1
newdxx_g,BaO_nat002,64000,18643,4,10,5.713000,set0,original-openmp,mimalloc,1
newdxx_g,BaO_nat002,64000,18643,4,11,5.752000,set0,original-openmp,mimalloc,1
newdxx_g,BaO_nat002,64000,18643,4,12,5.650000,set0,original-openmp,mimalloc,1
newdxx_g,BaO_nat002,64000,18643,4,13,5.719000,set0,original-openmp,mimalloc,1
newdxx_g,BaO_nat002,64000,18643,4,14,6.003000,set0,original-openmp,mimalloc,1
newdxx_g,BaO_nat002,64000,18643,4,15,5.877000,set0,original-openmp,mimalloc,1
newdxx_g,BaO_nat002,64000,18643,4,16,6.060000,set0,original-openmp,mimalloc,1
newdxx_g,BaO_nat002,64000,18643,4,17,5.717000,set0,original-openmp,mimalloc,1
newdxx_g,BaO_nat002,64000,18643,4,18,5.708000,set0,original-openmp,mimalloc,1
newdxx_g,BaO_nat002,64000,18643,4,19,5.535000,set0,original-openmp,mimalloc,1
newdxx_g,BaO_nat002,64000,18643,8,0,5.925000,set0,original-openmp,mimalloc,1
newdxx_g,BaO_nat002,64000,18643,8,1,5.843000,set0,original-openmp,mimalloc,1
newdxx_g,BaO_nat002,64000,18643,8,2,5.831000,set0,original-openmp,mimalloc,1
newdxx_g,BaO_nat002,64000,18643,8,3,5.800000,set0,original-openmp,mimalloc,1
newdxx_g,BaO_nat002,64000,18643,8,4,5.856000,set0,original-openmp,mimalloc,1
newdxx_g,BaO_nat002,64000,18643,8,5,5.844000,set0,original-openmp,mimalloc,1
newdxx_g,BaO_nat002,64000,18643,8,6,5.702000,set0,original-openmp,mimalloc,1
newdxx_g,BaO_nat002,64000,18643,8,7,5.619000,set0,original-openmp,mimalloc,1
newdxx_g,BaO_nat002,64000,18643,8,8,5.511000,set0,original-openmp,mimalloc,1
newdxx_g,BaO_nat002,64000,18643,8,9,5.732000,set0,original-openmp,mimalloc,1
newdxx_g,BaO_nat002,64000,18643,8,10,5.683000,set0,original-openmp,mimalloc,1
newdxx_g,BaO_nat002,64000,18643,8,11,5.681000,set0,original-openmp,mimalloc,1
newdxx_g,BaO_nat002,64000,18643,8,12,5.741000,set0,original-openmp,mimalloc,1
newdxx_g,BaO_nat002,64000,18643,8,13,5.673000,set0,original-openmp,mimalloc,1
newdxx_g,BaO_nat002,64000,18643,8,14,5.822000,set0,original-openmp,mimalloc,1
newdxx_g,BaO_nat002,64000,18643,8,15,5.734000,set0,original-openmp,mimalloc,1
newdxx_g,BaO_nat002,64000,18643,8,16,5.908000,set0,original-openmp,mimalloc,1
newdxx_g,BaO_nat002,64000,18643,8,17,5.848000,set0,original-openmp,mimalloc,1
newdxx_g,BaO_nat002,64000,18643,8,18,5.795000,set0,original-openmp,mimalloc,1
newdxx_g,BaO_nat002,64000,18643,8,19,5.756000,set0,original-openmp,mimalloc,1
newdxx_g,BaO_nat002,64000,18643,16,0,6.037000,set0,original-openmp,mimalloc,1
newdxx_g,BaO_nat002,64000,18643,16,1,5.970000,set0,original-openmp,mimalloc,1
newdxx_g,BaO_nat002,64000,18643,16,2,5.864000,set0,original-openmp,mimalloc,1
newdxx_g,BaO_nat002,64000,18643,16,3,5.871000,set0,original-openmp,mimalloc,1
newdxx_g,BaO_nat002,64000,18643,16,4,5.744000,set0,original-openmp,mimalloc,1
newdxx_g,BaO_nat002,64000,18643,16,5,5.720000,set0,original-openmp,mimalloc,1
newdxx_g,BaO_nat002,64000,18643,16,6,5.704000,set0,original-openmp,mimalloc,1
newdxx_g,BaO_nat002,64000,18643,16,7,5.722000,set0,original-openmp,mimalloc,1
newdxx_g,BaO_nat002,64000,18643,16,8,5.562000,set0,original-openmp,mimalloc,1
newdxx_g,BaO_nat002,64000,18643,16,9,5.521000,set0,original-openmp,mimalloc,1
newdxx_g,BaO_nat002,64000,18643,16,10,5.591000,set0,original-openmp,mimalloc,1
newdxx_g,BaO_nat002,64000,18643,16,11,5.689000,set0,original-openmp,mimalloc,1
newdxx_g,BaO_nat002,64000,18643,16,12,5.691000,set0,original-openmp,mimalloc,1
newdxx_g,BaO_nat002,64000,18643,16,13,5.706000,set0,original-openmp,mimalloc,1
newdxx_g,BaO_nat002,64000,18643,16,14,5.652000,set0,original-openmp,mimalloc,1
newdxx_g,BaO_nat002,64000,18643,16,15,5.767000,set0,original-openmp,mimalloc,1
newdxx_g,BaO_nat002,64000,18643,16,16,5.644000,set0,original-openmp,mimalloc,1
newdxx_g,BaO_nat002,64000,18643,16,17,5.583000,set0,original-openmp,mimalloc,1
newdxx_g,BaO_nat002,64000,18643,16,18,5.696000,set0,original-openmp,mimalloc,1
newdxx_g,BaO_nat002,64000,18643,16,19,5.777000,set0,original-openmp,mimalloc,1
newdxx_g,BaO_nat002,64000,18643,32,0,5.867000,set0,original-openmp,mimalloc,1
newdxx_g,BaO_nat002,64000,18643,32,1,5.841000,set0,original-openmp,mimalloc,1
newdxx_g,BaO_nat002,64000,18643,32,2,5.855000,set0,original-openmp,mimalloc,1
newdxx_g,BaO_nat002,64000,18643,32,3,5.736000,set0,original-openmp,mimalloc,1
newdxx_g,BaO_nat002,64000,18643,32,4,5.782000,set0,original-openmp,mimalloc,1
newdxx_g,BaO_nat002,64000,18643,32,5,5.730000,set0,original-openmp,mimalloc,1
newdxx_g,BaO_nat002,64000,18643,32,6,5.808000,set0,original-openmp,mimalloc,1
newdxx_g,BaO_nat002,64000,18643,32,7,5.731000,set0,original-openmp,mimalloc,1
newdxx_g,BaO_nat002,64000,18643,32,8,5.762000,set0,original-openmp,mimalloc,1
newdxx_g,BaO_nat002,64000,18643,32,9,5.666000,set0,original-openmp,mimalloc,1
newdxx_g,BaO_nat002,64000,18643,32,10,5.726000,set0,original-openmp,mimalloc,1
newdxx_g,BaO_nat002,64000,18643,32,11,5.675000,set0,original-openmp,mimalloc,1
newdxx_g,BaO_nat002,64000,18643,32,12,5.754000,set0,original-openmp,mimalloc,1
newdxx_g,BaO_nat002,64000,18643,32,13,5.721000,set0,original-openmp,mimalloc,1
newdxx_g,BaO_nat002,64000,18643,32,14,5.715000,set0,original-openmp,mimalloc,1
newdxx_g,BaO_nat002,64000,18643,32,15,5.824000,set0,original-openmp,mimalloc,1
newdxx_g,BaO_nat002,64000,18643,32,16,5.687000,set0,original-openmp,mimalloc,1
newdxx_g,BaO_nat002,64000,18643,32,17,5.708000,set0,original-openmp,mimalloc,1
newdxx_g,BaO_nat002,64000,18643,32,18,5.731000,set0,original-openmp,mimalloc,1
newdxx_g,BaO_nat002,64000,18643,32,19,5.696000,set0,original-openmp,mimalloc,1
newdxx_g,BaO_nat002,64000,18643,64,0,5.980000,set0,original-openmp,mimalloc,1
newdxx_g,BaO_nat002,64000,18643,64,1,5.946000,set0,original-openmp,mimalloc,1
newdxx_g,BaO_nat002,64000,18643,64,2,5.857000,set0,original-openmp,mimalloc,1
newdxx_g,BaO_nat002,64000,18643,64,3,5.805000,set0,original-openmp,mimalloc,1
newdxx_g,BaO_nat002,64000,18643,64,4,5.944000,set0,original-openmp,mimalloc,1
newdxx_g,BaO_nat002,64000,18643,64,5,5.825000,set0,original-openmp,mimalloc,1
newdxx_g,BaO_nat002,64000,18643,64,6,5.960000,set0,original-openmp,mimalloc,1
newdxx_g,BaO_nat002,64000,18643,64,7,5.863000,set0,original-openmp,mimalloc,1
newdxx_g,BaO_nat002,64000,18643,64,8,5.771000,set0,original-openmp,mimalloc,1
newdxx_g,BaO_nat002,64000,18643,64,9,5.789000,set0,original-openmp,mimalloc,1
newdxx_g,BaO_nat002,64000,18643,64,10,5.823000,set0,original-openmp,mimalloc,1
newdxx_g,BaO_nat002,64000,18643,64,11,5.799000,set0,original-openmp,mimalloc,1
newdxx_g,BaO_nat002,64000,18643,64,12,6.831000,set0,original-openmp,mimalloc,1
newdxx_g,BaO_nat002,64000,18643,64,13,5.845000,set0,original-openmp,mimalloc,1
newdxx_g,BaO_nat002,64000,18643,64,14,5.730000,set0,original-openmp,mimalloc,1
newdxx_g,BaO_nat002,64000,18643,64,15,5.793000,set0,original-openmp,mimalloc,1
newdxx_g,BaO_nat002,64000,18643,64,16,5.822000,set0,original-openmp,mimalloc,1
newdxx_g,BaO_nat002,64000,18643,64,17,5.767000,set0,original-openmp,mimalloc,1
newdxx_g,BaO_nat002,64000,18643,64,18,5.741000,set0,original-openmp,mimalloc,1
newdxx_g,BaO_nat002,64000,18643,64,19,5.718000,set0,original-openmp,mimalloc,1
newdxx_g,BaO_nat002,64000,18643,72,0,5.932000,set0,original-openmp,mimalloc,1
newdxx_g,BaO_nat002,64000,18643,72,1,5.969000,set0,original-openmp,mimalloc,1
newdxx_g,BaO_nat002,64000,18643,72,2,5.925000,set0,original-openmp,mimalloc,1
newdxx_g,BaO_nat002,64000,18643,72,3,5.822000,set0,original-openmp,mimalloc,1
newdxx_g,BaO_nat002,64000,18643,72,4,6.004000,set0,original-openmp,mimalloc,1
newdxx_g,BaO_nat002,64000,18643,72,5,5.861000,set0,original-openmp,mimalloc,1
newdxx_g,BaO_nat002,64000,18643,72,6,5.837000,set0,original-openmp,mimalloc,1
newdxx_g,BaO_nat002,64000,18643,72,7,5.773000,set0,original-openmp,mimalloc,1
newdxx_g,BaO_nat002,64000,18643,72,8,5.794000,set0,original-openmp,mimalloc,1
newdxx_g,BaO_nat002,64000,18643,72,9,5.797000,set0,original-openmp,mimalloc,1
newdxx_g,BaO_nat002,64000,18643,72,10,5.799000,set0,original-openmp,mimalloc,1
newdxx_g,BaO_nat002,64000,18643,72,11,6.234000,set0,original-openmp,mimalloc,1
newdxx_g,BaO_nat002,64000,18643,72,12,5.780000,set0,original-openmp,mimalloc,1
newdxx_g,BaO_nat002,64000,18643,72,13,5.762000,set0,original-openmp,mimalloc,1
newdxx_g,BaO_nat002,64000,18643,72,14,5.796000,set0,original-openmp,mimalloc,1
newdxx_g,BaO_nat002,64000,18643,72,15,5.776000,set0,original-openmp,mimalloc,1
newdxx_g,BaO_nat002,64000,18643,72,16,5.778000,set0,original-openmp,mimalloc,1
newdxx_g,BaO_nat002,64000,18643,72,17,5.726000,set0,original-openmp,mimalloc,1
newdxx_g,BaO_nat002,64000,18643,72,18,5.729000,set0,original-openmp,mimalloc,1
newdxx_g,BaO_nat002,64000,18643,72,19,5.759000,set0,original-openmp,mimalloc,1
newdxx_g,BaO_nat002,64000,18643,1,0,418.853000,set0_rep72,original-openmp,mimalloc,72
newdxx_g,BaO_nat002,64000,18643,1,1,417.491000,set0_rep72,original-openmp,mimalloc,72
newdxx_g,BaO_nat002,64000,18643,1,2,417.848000,set0_rep72,original-openmp,mimalloc,72
newdxx_g,BaO_nat002,64000,18643,1,3,414.118000,set0_rep72,original-openmp,mimalloc,72
newdxx_g,BaO_nat002,64000,18643,1,4,414.205000,set0_rep72,original-openmp,mimalloc,72
newdxx_g,BaO_nat002,64000,18643,1,5,418.054000,set0_rep72,original-openmp,mimalloc,72
newdxx_g,BaO_nat002,64000,18643,1,6,418.208000,set0_rep72,original-openmp,mimalloc,72
newdxx_g,BaO_nat002,64000,18643,1,7,417.862000,set0_rep72,original-openmp,mimalloc,72
newdxx_g,BaO_nat002,64000,18643,1,8,417.538000,set0_rep72,original-openmp,mimalloc,72
newdxx_g,BaO_nat002,64000,18643,1,9,416.779000,set0_rep72,original-openmp,mimalloc,72
newdxx_g,BaO_nat002,64000,18643,1,10,416.666000,set0_rep72,original-openmp,mimalloc,72
newdxx_g,BaO_nat002,64000,18643,1,11,417.641000,set0_rep72,original-openmp,mimalloc,72
newdxx_g,BaO_nat002,64000,18643,1,12,413.575000,set0_rep72,original-openmp,mimalloc,72
newdxx_g,BaO_nat002,64000,18643,1,13,413.683000,set0_rep72,original-openmp,mimalloc,72
newdxx_g,BaO_nat002,64000,18643,1,14,413.670000,set0_rep72,original-openmp,mimalloc,72
newdxx_g,BaO_nat002,64000,18643,1,15,413.174000,set0_rep72,original-openmp,mimalloc,72
newdxx_g,BaO_nat002,64000,18643,1,16,414.267000,set0_rep72,original-openmp,mimalloc,72
newdxx_g,BaO_nat002,64000,18643,1,17,413.782000,set0_rep72,original-openmp,mimalloc,72
newdxx_g,BaO_nat002,64000,18643,1,18,415.108000,set0_rep72,original-openmp,mimalloc,72
newdxx_g,BaO_nat002,64000,18643,1,19,413.888000,set0_rep72,original-openmp,mimalloc,72
newdxx_g,BaO_nat002,64000,18643,2,0,226.194000,set0_rep72,original-openmp,mimalloc,72
newdxx_g,BaO_nat002,64000,18643,2,1,225.887000,set0_rep72,original-openmp,mimalloc,72
newdxx_g,BaO_nat002,64000,18643,2,2,225.172000,set0_rep72,original-openmp,mimalloc,72
newdxx_g,BaO_nat002,64000,18643,2,3,225.024000,set0_rep72,original-openmp,mimalloc,72
newdxx_g,BaO_nat002,64000,18643,2,4,224.987000,set0_rep72,original-openmp,mimalloc,72
newdxx_g,BaO_nat002,64000,18643,2,5,225.050000,set0_rep72,original-openmp,mimalloc,72
newdxx_g,BaO_nat002,64000,18643,2,6,224.570000,set0_rep72,original-openmp,mimalloc,72
newdxx_g,BaO_nat002,64000,18643,2,7,224.917000,set0_rep72,original-openmp,mimalloc,72
newdxx_g,BaO_nat002,64000,18643,2,8,224.438000,set0_rep72,original-openmp,mimalloc,72
newdxx_g,BaO_nat002,64000,18643,2,9,224.883000,set0_rep72,original-openmp,mimalloc,72
newdxx_g,BaO_nat002,64000,18643,2,10,224.493000,set0_rep72,original-openmp,mimalloc,72
newdxx_g,BaO_nat002,64000,18643,2,11,224.625000,set0_rep72,original-openmp,mimalloc,72
newdxx_g,BaO_nat002,64000,18643,2,12,224.180000,set0_rep72,original-openmp,mimalloc,72
newdxx_g,BaO_nat002,64000,18643,2,13,224.437000,set0_rep72,original-openmp,mimalloc,72
newdxx_g,BaO_nat002,64000,18643,2,14,224.649000,set0_rep72,original-openmp,mimalloc,72
newdxx_g,BaO_nat002,64000,18643,2,15,224.689000,set0_rep72,original-openmp,mimalloc,72
newdxx_g,BaO_nat002,64000,18643,2,16,224.279000,set0_rep72,original-openmp,mimalloc,72
newdxx_g,BaO_nat002,64000,18643,2,17,224.458000,set0_rep72,original-openmp,mimalloc,72
newdxx_g,BaO_nat002,64000,18643,2,18,224.290000,set0_rep72,original-openmp,mimalloc,72
newdxx_g,BaO_nat002,64000,18643,2,19,224.083000,set0_rep72,original-openmp,mimalloc,72
newdxx_g,BaO_nat002,64000,18643,4,0,107.321000,set0_rep72,original-openmp,mimalloc,72
newdxx_g,BaO_nat002,64000,18643,4,1,107.348000,set0_rep72,original-openmp,mimalloc,72
newdxx_g,BaO_nat002,64000,18643,4,2,107.295000,set0_rep72,original-openmp,mimalloc,72
newdxx_g,BaO_nat002,64000,18643,4,3,107.284000,set0_rep72,original-openmp,mimalloc,72
newdxx_g,BaO_nat002,64000,18643,4,4,107.416000,set0_rep72,original-openmp,mimalloc,72
newdxx_g,BaO_nat002,64000,18643,4,5,107.622000,set0_rep72,original-openmp,mimalloc,72
newdxx_g,BaO_nat002,64000,18643,4,6,107.551000,set0_rep72,original-openmp,mimalloc,72
newdxx_g,BaO_nat002,64000,18643,4,7,107.318000,set0_rep72,original-openmp,mimalloc,72
newdxx_g,BaO_nat002,64000,18643,4,8,107.529000,set0_rep72,original-openmp,mimalloc,72
newdxx_g,BaO_nat002,64000,18643,4,9,107.293000,set0_rep72,original-openmp,mimalloc,72
newdxx_g,BaO_nat002,64000,18643,4,10,107.120000,set0_rep72,original-openmp,mimalloc,72
newdxx_g,BaO_nat002,64000,18643,4,11,107.517000,set0_rep72,original-openmp,mimalloc,72
newdxx_g,BaO_nat002,64000,18643,4,12,107.225000,set0_rep72,original-openmp,mimalloc,72
newdxx_g,BaO_nat002,64000,18643,4,13,107.995000,set0_rep72,original-openmp,mimalloc,72
newdxx_g,BaO_nat002,64000,18643,4,14,107.403000,set0_rep72,original-openmp,mimalloc,72
newdxx_g,BaO_nat002,64000,18643,4,15,107.118000,set0_rep72,original-openmp,mimalloc,72
newdxx_g,BaO_nat002,64000,18643,4,16,107.296000,set0_rep72,original-openmp,mimalloc,72
newdxx_g,BaO_nat002,64000,18643,4,17,107.362000,set0_rep72,original-openmp,mimalloc,72
newdxx_g,BaO_nat002,64000,18643,4,18,107.392000,set0_rep72,original-openmp,mimalloc,72
newdxx_g,BaO_nat002,64000,18643,4,19,107.292000,set0_rep72,original-openmp,mimalloc,72
newdxx_g,BaO_nat002,64000,18643,8,0,55.277000,set0_rep72,original-openmp,mimalloc,72
newdxx_g,BaO_nat002,64000,18643,8,1,55.510000,set0_rep72,original-openmp,mimalloc,72
newdxx_g,BaO_nat002,64000,18643,8,2,55.387000,set0_rep72,original-openmp,mimalloc,72
newdxx_g,BaO_nat002,64000,18643,8,3,55.646000,set0_rep72,original-openmp,mimalloc,72
newdxx_g,BaO_nat002,64000,18643,8,4,55.940000,set0_rep72,original-openmp,mimalloc,72
newdxx_g,BaO_nat002,64000,18643,8,5,55.444000,set0_rep72,original-openmp,mimalloc,72
newdxx_g,BaO_nat002,64000,18643,8,6,55.529000,set0_rep72,original-openmp,mimalloc,72
newdxx_g,BaO_nat002,64000,18643,8,7,55.285000,set0_rep72,original-openmp,mimalloc,72
newdxx_g,BaO_nat002,64000,18643,8,8,55.215000,set0_rep72,original-openmp,mimalloc,72
newdxx_g,BaO_nat002,64000,18643,8,9,55.324000,set0_rep72,original-openmp,mimalloc,72
newdxx_g,BaO_nat002,64000,18643,8,10,55.122000,set0_rep72,original-openmp,mimalloc,72
newdxx_g,BaO_nat002,64000,18643,8,11,55.650000,set0_rep72,original-openmp,mimalloc,72
newdxx_g,BaO_nat002,64000,18643,8,12,55.571000,set0_rep72,original-openmp,mimalloc,72
newdxx_g,BaO_nat002,64000,18643,8,13,55.262000,set0_rep72,original-openmp,mimalloc,72
newdxx_g,BaO_nat002,64000,18643,8,14,55.127000,set0_rep72,original-openmp,mimalloc,72
newdxx_g,BaO_nat002,64000,18643,8,15,55.376000,set0_rep72,original-openmp,mimalloc,72
newdxx_g,BaO_nat002,64000,18643,8,16,55.332000,set0_rep72,original-openmp,mimalloc,72
newdxx_g,BaO_nat002,64000,18643,8,17,55.167000,set0_rep72,original-openmp,mimalloc,72
newdxx_g,BaO_nat002,64000,18643,8,18,55.067000,set0_rep72,original-openmp,mimalloc,72
newdxx_g,BaO_nat002,64000,18643,8,19,55.026000,set0_rep72,original-openmp,mimalloc,72
newdxx_g,BaO_nat002,64000,18643,16,0,30.328000,set0_rep72,original-openmp,mimalloc,72
newdxx_g,BaO_nat002,64000,18643,16,1,30.562000,set0_rep72,original-openmp,mimalloc,72
newdxx_g,BaO_nat002,64000,18643,16,2,30.478000,set0_rep72,original-openmp,mimalloc,72
newdxx_g,BaO_nat002,64000,18643,16,3,31.737000,set0_rep72,original-openmp,mimalloc,72
newdxx_g,BaO_nat002,64000,18643,16,4,31.715000,set0_rep72,original-openmp,mimalloc,72
newdxx_g,BaO_nat002,64000,18643,16,5,30.463000,set0_rep72,original-openmp,mimalloc,72
newdxx_g,BaO_nat002,64000,18643,16,6,31.486000,set0_rep72,original-openmp,mimalloc,72
newdxx_g,BaO_nat002,64000,18643,16,7,30.871000,set0_rep72,original-openmp,mimalloc,72
newdxx_g,BaO_nat002,64000,18643,16,8,30.967000,set0_rep72,original-openmp,mimalloc,72
newdxx_g,BaO_nat002,64000,18643,16,9,30.504000,set0_rep72,original-openmp,mimalloc,72
newdxx_g,BaO_nat002,64000,18643,16,10,31.507000,set0_rep72,original-openmp,mimalloc,72
newdxx_g,BaO_nat002,64000,18643,16,11,31.031000,set0_rep72,original-openmp,mimalloc,72
newdxx_g,BaO_nat002,64000,18643,16,12,30.636000,set0_rep72,original-openmp,mimalloc,72
newdxx_g,BaO_nat002,64000,18643,16,13,31.608000,set0_rep72,original-openmp,mimalloc,72
newdxx_g,BaO_nat002,64000,18643,16,14,30.651000,set0_rep72,original-openmp,mimalloc,72
newdxx_g,BaO_nat002,64000,18643,16,15,30.722000,set0_rep72,original-openmp,mimalloc,72
newdxx_g,BaO_nat002,64000,18643,16,16,30.503000,set0_rep72,original-openmp,mimalloc,72
newdxx_g,BaO_nat002,64000,18643,16,17,30.951000,set0_rep72,original-openmp,mimalloc,72
newdxx_g,BaO_nat002,64000,18643,16,18,31.034000,set0_rep72,original-openmp,mimalloc,72
newdxx_g,BaO_nat002,64000,18643,16,19,31.125000,set0_rep72,original-openmp,mimalloc,72
newdxx_g,BaO_nat002,64000,18643,32,0,18.692000,set0_rep72,original-openmp,mimalloc,72
newdxx_g,BaO_nat002,64000,18643,32,1,18.622000,set0_rep72,original-openmp,mimalloc,72
newdxx_g,BaO_nat002,64000,18643,32,2,18.679000,set0_rep72,original-openmp,mimalloc,72
newdxx_g,BaO_nat002,64000,18643,32,3,18.631000,set0_rep72,original-openmp,mimalloc,72
newdxx_g,BaO_nat002,64000,18643,32,4,18.613000,set0_rep72,original-openmp,mimalloc,72
newdxx_g,BaO_nat002,64000,18643,32,5,18.677000,set0_rep72,original-openmp,mimalloc,72
newdxx_g,BaO_nat002,64000,18643,32,6,18.657000,set0_rep72,original-openmp,mimalloc,72
newdxx_g,BaO_nat002,64000,18643,32,7,18.771000,set0_rep72,original-openmp,mimalloc,72
newdxx_g,BaO_nat002,64000,18643,32,8,18.697000,set0_rep72,original-openmp,mimalloc,72
newdxx_g,BaO_nat002,64000,18643,32,9,18.441000,set0_rep72,original-openmp,mimalloc,72
newdxx_g,BaO_nat002,64000,18643,32,10,18.759000,set0_rep72,original-openmp,mimalloc,72
newdxx_g,BaO_nat002,64000,18643,32,11,18.820000,set0_rep72,original-openmp,mimalloc,72
newdxx_g,BaO_nat002,64000,18643,32,12,18.754000,set0_rep72,original-openmp,mimalloc,72
newdxx_g,BaO_nat002,64000,18643,32,13,18.932000,set0_rep72,original-openmp,mimalloc,72
newdxx_g,BaO_nat002,64000,18643,32,14,18.788000,set0_rep72,original-openmp,mimalloc,72
newdxx_g,BaO_nat002,64000,18643,32,15,18.734000,set0_rep72,original-openmp,mimalloc,72
newdxx_g,BaO_nat002,64000,18643,32,16,18.859000,set0_rep72,original-openmp,mimalloc,72
newdxx_g,BaO_nat002,64000,18643,32,17,18.739000,set0_rep72,original-openmp,mimalloc,72
newdxx_g,BaO_nat002,64000,18643,32,18,18.826000,set0_rep72,original-openmp,mimalloc,72
newdxx_g,BaO_nat002,64000,18643,32,19,18.808000,set0_rep72,original-openmp,mimalloc,72
newdxx_g,BaO_nat002,64000,18643,64,0,12.563000,set0_rep72,original-openmp,mimalloc,72
newdxx_g,BaO_nat002,64000,18643,64,1,12.403000,set0_rep72,original-openmp,mimalloc,72
newdxx_g,BaO_nat002,64000,18643,64,2,12.466000,set0_rep72,original-openmp,mimalloc,72
newdxx_g,BaO_nat002,64000,18643,64,3,12.200000,set0_rep72,original-openmp,mimalloc,72
newdxx_g,BaO_nat002,64000,18643,64,4,12.176000,set0_rep72,original-openmp,mimalloc,72
newdxx_g,BaO_nat002,64000,18643,64,5,12.126000,set0_rep72,original-openmp,mimalloc,72
newdxx_g,BaO_nat002,64000,18643,64,6,12.546000,set0_rep72,original-openmp,mimalloc,72
newdxx_g,BaO_nat002,64000,18643,64,7,12.320000,set0_rep72,original-openmp,mimalloc,72
newdxx_g,BaO_nat002,64000,18643,64,8,12.381000,set0_rep72,original-openmp,mimalloc,72
newdxx_g,BaO_nat002,64000,18643,64,9,12.112000,set0_rep72,original-openmp,mimalloc,72
newdxx_g,BaO_nat002,64000,18643,64,10,12.327000,set0_rep72,original-openmp,mimalloc,72
newdxx_g,BaO_nat002,64000,18643,64,11,12.149000,set0_rep72,original-openmp,mimalloc,72
newdxx_g,BaO_nat002,64000,18643,64,12,12.257000,set0_rep72,original-openmp,mimalloc,72
newdxx_g,BaO_nat002,64000,18643,64,13,12.415000,set0_rep72,original-openmp,mimalloc,72
newdxx_g,BaO_nat002,64000,18643,64,14,12.734000,set0_rep72,original-openmp,mimalloc,72
newdxx_g,BaO_nat002,64000,18643,64,15,12.216000,set0_rep72,original-openmp,mimalloc,72
newdxx_g,BaO_nat002,64000,18643,64,16,12.485000,set0_rep72,original-openmp,mimalloc,72
newdxx_g,BaO_nat002,64000,18643,64,17,12.160000,set0_rep72,original-openmp,mimalloc,72
newdxx_g,BaO_nat002,64000,18643,64,18,12.344000,set0_rep72,original-openmp,mimalloc,72
newdxx_g,BaO_nat002,64000,18643,64,19,12.508000,set0_rep72,original-openmp,mimalloc,72
newdxx_g,BaO_nat002,64000,18643,72,0,7.770000,set0_rep72,original-openmp,mimalloc,72
newdxx_g,BaO_nat002,64000,18643,72,1,8.131000,set0_rep72,original-openmp,mimalloc,72
newdxx_g,BaO_nat002,64000,18643,72,2,9.149000,set0_rep72,original-openmp,mimalloc,72
newdxx_g,BaO_nat002,64000,18643,72,3,7.413000,set0_rep72,original-openmp,mimalloc,72
newdxx_g,BaO_nat002,64000,18643,72,4,7.549000,set0_rep72,original-openmp,mimalloc,72
newdxx_g,BaO_nat002,64000,18643,72,5,7.584000,set0_rep72,original-openmp,mimalloc,72
newdxx_g,BaO_nat002,64000,18643,72,6,7.502000,set0_rep72,original-openmp,mimalloc,72
newdxx_g,BaO_nat002,64000,18643,72,7,8.392000,set0_rep72,original-openmp,mimalloc,72
newdxx_g,BaO_nat002,64000,18643,72,8,7.669000,set0_rep72,original-openmp,mimalloc,72
newdxx_g,BaO_nat002,64000,18643,72,9,7.631000,set0_rep72,original-openmp,mimalloc,72
newdxx_g,BaO_nat002,64000,18643,72,10,7.558000,set0_rep72,original-openmp,mimalloc,72
newdxx_g,BaO_nat002,64000,18643,72,11,7.561000,set0_rep72,original-openmp,mimalloc,72
newdxx_g,BaO_nat002,64000,18643,72,12,7.694000,set0_rep72,original-openmp,mimalloc,72
newdxx_g,BaO_nat002,64000,18643,72,13,7.586000,set0_rep72,original-openmp,mimalloc,72
newdxx_g,BaO_nat002,64000,18643,72,14,7.602000,set0_rep72,original-openmp,mimalloc,72
newdxx_g,BaO_nat002,64000,18643,72,15,9.839000,set0_rep72,original-openmp,mimalloc,72
newdxx_g,BaO_nat002,64000,18643,72,16,7.406000,set0_rep72,original-openmp,mimalloc,72
newdxx_g,BaO_nat002,64000,18643,72,17,7.504000,set0_rep72,original-openmp,mimalloc,72
newdxx_g,BaO_nat002,64000,18643,72,18,7.569000,set0_rep72,original-openmp,mimalloc,72
newdxx_g,BaO_nat002,64000,18643,72,19,7.610000,set0_rep72,original-openmp,mimalloc,72
newdxx_g,BaO_nat002,64000,18643,1,0,6.831000,set1,original-openmp,mimalloc,1
newdxx_g,BaO_nat002,64000,18643,1,1,6.700000,set1,original-openmp,mimalloc,1
newdxx_g,BaO_nat002,64000,18643,1,2,6.720000,set1,original-openmp,mimalloc,1
newdxx_g,BaO_nat002,64000,18643,1,3,6.531000,set1,original-openmp,mimalloc,1
newdxx_g,BaO_nat002,64000,18643,1,4,6.577000,set1,original-openmp,mimalloc,1
newdxx_g,BaO_nat002,64000,18643,1,5,6.813000,set1,original-openmp,mimalloc,1
newdxx_g,BaO_nat002,64000,18643,1,6,7.030000,set1,original-openmp,mimalloc,1
newdxx_g,BaO_nat002,64000,18643,1,7,6.980000,set1,original-openmp,mimalloc,1
newdxx_g,BaO_nat002,64000,18643,1,8,7.013000,set1,original-openmp,mimalloc,1
newdxx_g,BaO_nat002,64000,18643,1,9,7.031000,set1,original-openmp,mimalloc,1
newdxx_g,BaO_nat002,64000,18643,1,10,6.962000,set1,original-openmp,mimalloc,1
newdxx_g,BaO_nat002,64000,18643,1,11,6.973000,set1,original-openmp,mimalloc,1
newdxx_g,BaO_nat002,64000,18643,1,12,6.962000,set1,original-openmp,mimalloc,1
newdxx_g,BaO_nat002,64000,18643,1,13,6.962000,set1,original-openmp,mimalloc,1
newdxx_g,BaO_nat002,64000,18643,1,14,6.951000,set1,original-openmp,mimalloc,1
newdxx_g,BaO_nat002,64000,18643,1,15,6.985000,set1,original-openmp,mimalloc,1
newdxx_g,BaO_nat002,64000,18643,1,16,6.903000,set1,original-openmp,mimalloc,1
newdxx_g,BaO_nat002,64000,18643,1,17,6.983000,set1,original-openmp,mimalloc,1
newdxx_g,BaO_nat002,64000,18643,1,18,6.978000,set1,original-openmp,mimalloc,1
newdxx_g,BaO_nat002,64000,18643,1,19,6.911000,set1,original-openmp,mimalloc,1
newdxx_g,BaO_nat002,64000,18643,2,0,5.952000,set1,original-openmp,mimalloc,1
newdxx_g,BaO_nat002,64000,18643,2,1,5.934000,set1,original-openmp,mimalloc,1
newdxx_g,BaO_nat002,64000,18643,2,2,5.876000,set1,original-openmp,mimalloc,1
newdxx_g,BaO_nat002,64000,18643,2,3,5.837000,set1,original-openmp,mimalloc,1
newdxx_g,BaO_nat002,64000,18643,2,4,5.848000,set1,original-openmp,mimalloc,1
newdxx_g,BaO_nat002,64000,18643,2,5,5.789000,set1,original-openmp,mimalloc,1
newdxx_g,BaO_nat002,64000,18643,2,6,5.776000,set1,original-openmp,mimalloc,1
newdxx_g,BaO_nat002,64000,18643,2,7,5.766000,set1,original-openmp,mimalloc,1
newdxx_g,BaO_nat002,64000,18643,2,8,5.811000,set1,original-openmp,mimalloc,1
newdxx_g,BaO_nat002,64000,18643,2,9,5.764000,set1,original-openmp,mimalloc,1
newdxx_g,BaO_nat002,64000,18643,2,10,5.750000,set1,original-openmp,mimalloc,1
newdxx_g,BaO_nat002,64000,18643,2,11,5.711000,set1,original-openmp,mimalloc,1
newdxx_g,BaO_nat002,64000,18643,2,12,5.729000,set1,original-openmp,mimalloc,1
newdxx_g,BaO_nat002,64000,18643,2,13,5.715000,set1,original-openmp,mimalloc,1
newdxx_g,BaO_nat002,64000,18643,2,14,5.707000,set1,original-openmp,mimalloc,1
newdxx_g,BaO_nat002,64000,18643,2,15,5.652000,set1,original-openmp,mimalloc,1
newdxx_g,BaO_nat002,64000,18643,2,16,5.710000,set1,original-openmp,mimalloc,1
newdxx_g,BaO_nat002,64000,18643,2,17,5.716000,set1,original-openmp,mimalloc,1
newdxx_g,BaO_nat002,64000,18643,2,18,5.657000,set1,original-openmp,mimalloc,1
newdxx_g,BaO_nat002,64000,18643,2,19,5.687000,set1,original-openmp,mimalloc,1
newdxx_g,BaO_nat002,64000,18643,4,0,5.579000,set1,original-openmp,mimalloc,1
newdxx_g,BaO_nat002,64000,18643,4,1,5.725000,set1,original-openmp,mimalloc,1
newdxx_g,BaO_nat002,64000,18643,4,2,5.618000,set1,original-openmp,mimalloc,1
newdxx_g,BaO_nat002,64000,18643,4,3,5.825000,set1,original-openmp,mimalloc,1
newdxx_g,BaO_nat002,64000,18643,4,4,5.796000,set1,original-openmp,mimalloc,1
newdxx_g,BaO_nat002,64000,18643,4,5,5.782000,set1,original-openmp,mimalloc,1
newdxx_g,BaO_nat002,64000,18643,4,6,5.781000,set1,original-openmp,mimalloc,1
newdxx_g,BaO_nat002,64000,18643,4,7,5.796000,set1,original-openmp,mimalloc,1
newdxx_g,BaO_nat002,64000,18643,4,8,5.724000,set1,original-openmp,mimalloc,1
newdxx_g,BaO_nat002,64000,18643,4,9,5.688000,set1,original-openmp,mimalloc,1
newdxx_g,BaO_nat002,64000,18643,4,10,5.714000,set1,original-openmp,mimalloc,1
newdxx_g,BaO_nat002,64000,18643,4,11,5.690000,set1,original-openmp,mimalloc,1
newdxx_g,BaO_nat002,64000,18643,4,12,5.748000,set1,original-openmp,mimalloc,1
newdxx_g,BaO_nat002,64000,18643,4,13,5.679000,set1,original-openmp,mimalloc,1
newdxx_g,BaO_nat002,64000,18643,4,14,5.754000,set1,original-openmp,mimalloc,1
newdxx_g,BaO_nat002,64000,18643,4,15,5.694000,set1,original-openmp,mimalloc,1
newdxx_g,BaO_nat002,64000,18643,4,16,5.669000,set1,original-openmp,mimalloc,1
newdxx_g,BaO_nat002,64000,18643,4,17,5.684000,set1,original-openmp,mimalloc,1
newdxx_g,BaO_nat002,64000,18643,4,18,5.701000,set1,original-openmp,mimalloc,1
newdxx_g,BaO_nat002,64000,18643,4,19,5.647000,set1,original-openmp,mimalloc,1
newdxx_g,BaO_nat002,64000,18643,8,0,5.982000,set1,original-openmp,mimalloc,1
newdxx_g,BaO_nat002,64000,18643,8,1,5.936000,set1,original-openmp,mimalloc,1
newdxx_g,BaO_nat002,64000,18643,8,2,5.914000,set1,original-openmp,mimalloc,1
newdxx_g,BaO_nat002,64000,18643,8,3,5.859000,set1,original-openmp,mimalloc,1
newdxx_g,BaO_nat002,64000,18643,8,4,5.879000,set1,original-openmp,mimalloc,1
newdxx_g,BaO_nat002,64000,18643,8,5,5.863000,set1,original-openmp,mimalloc,1
newdxx_g,BaO_nat002,64000,18643,8,6,5.812000,set1,original-openmp,mimalloc,1
newdxx_g,BaO_nat002,64000,18643,8,7,5.821000,set1,original-openmp,mimalloc,1
newdxx_g,BaO_nat002,64000,18643,8,8,5.821000,set1,original-openmp,mimalloc,1
newdxx_g,BaO_nat002,64000,18643,8,9,5.776000,set1,original-openmp,mimalloc,1
newdxx_g,BaO_nat002,64000,18643,8,10,5.785000,set1,original-openmp,mimalloc,1
newdxx_g,BaO_nat002,64000,18643,8,11,5.732000,set1,original-openmp,mimalloc,1
newdxx_g,BaO_nat002,64000,18643,8,12,5.712000,set1,original-openmp,mimalloc,1
newdxx_g,BaO_nat002,64000,18643,8,13,5.792000,set1,original-openmp,mimalloc,1
newdxx_g,BaO_nat002,64000,18643,8,14,5.733000,set1,original-openmp,mimalloc,1
newdxx_g,BaO_nat002,64000,18643,8,15,5.748000,set1,original-openmp,mimalloc,1
newdxx_g,BaO_nat002,64000,18643,8,16,5.731000,set1,original-openmp,mimalloc,1
newdxx_g,BaO_nat002,64000,18643,8,17,5.749000,set1,original-openmp,mimalloc,1
newdxx_g,BaO_nat002,64000,18643,8,18,5.725000,set1,original-openmp,mimalloc,1
newdxx_g,BaO_nat002,64000,18643,8,19,5.649000,set1,original-openmp,mimalloc,1
newdxx_g,BaO_nat002,64000,18643,16,0,5.719000,set1,original-openmp,mimalloc,1
newdxx_g,BaO_nat002,64000,18643,16,1,5.860000,set1,original-openmp,mimalloc,1
newdxx_g,BaO_nat002,64000,18643,16,2,5.796000,set1,original-openmp,mimalloc,1
newdxx_g,BaO_nat002,64000,18643,16,3,5.646000,set1,original-openmp,mimalloc,1
newdxx_g,BaO_nat002,64000,18643,16,4,5.730000,set1,original-openmp,mimalloc,1
newdxx_g,BaO_nat002,64000,18643,16,5,5.777000,set1,original-openmp,mimalloc,1
newdxx_g,BaO_nat002,64000,18643,16,6,5.707000,set1,original-openmp,mimalloc,1
newdxx_g,BaO_nat002,64000,18643,16,7,5.736000,set1,original-openmp,mimalloc,1
newdxx_g,BaO_nat002,64000,18643,16,8,5.687000,set1,original-openmp,mimalloc,1
newdxx_g,BaO_nat002,64000,18643,16,9,5.724000,set1,original-openmp,mimalloc,1
newdxx_g,BaO_nat002,64000,18643,16,10,5.669000,set1,original-openmp,mimalloc,1
newdxx_g,BaO_nat002,64000,18643,16,11,5.670000,set1,original-openmp,mimalloc,1
newdxx_g,BaO_nat002,64000,18643,16,12,5.689000,set1,original-openmp,mimalloc,1
newdxx_g,BaO_nat002,64000,18643,16,13,5.656000,set1,original-openmp,mimalloc,1
newdxx_g,BaO_nat002,64000,18643,16,14,5.716000,set1,original-openmp,mimalloc,1
newdxx_g,BaO_nat002,64000,18643,16,15,5.727000,set1,original-openmp,mimalloc,1
newdxx_g,BaO_nat002,64000,18643,16,16,5.682000,set1,original-openmp,mimalloc,1
newdxx_g,BaO_nat002,64000,18643,16,17,5.633000,set1,original-openmp,mimalloc,1
newdxx_g,BaO_nat002,64000,18643,16,18,5.632000,set1,original-openmp,mimalloc,1
newdxx_g,BaO_nat002,64000,18643,16,19,5.703000,set1,original-openmp,mimalloc,1
newdxx_g,BaO_nat002,64000,18643,32,0,6.077000,set1,original-openmp,mimalloc,1
newdxx_g,BaO_nat002,64000,18643,32,1,6.001000,set1,original-openmp,mimalloc,1
newdxx_g,BaO_nat002,64000,18643,32,2,5.855000,set1,original-openmp,mimalloc,1
newdxx_g,BaO_nat002,64000,18643,32,3,5.924000,set1,original-openmp,mimalloc,1
newdxx_g,BaO_nat002,64000,18643,32,4,5.820000,set1,original-openmp,mimalloc,1
newdxx_g,BaO_nat002,64000,18643,32,5,5.827000,set1,original-openmp,mimalloc,1
newdxx_g,BaO_nat002,64000,18643,32,6,5.800000,set1,original-openmp,mimalloc,1
newdxx_g,BaO_nat002,64000,18643,32,7,5.789000,set1,original-openmp,mimalloc,1
newdxx_g,BaO_nat002,64000,18643,32,8,5.768000,set1,original-openmp,mimalloc,1
newdxx_g,BaO_nat002,64000,18643,32,9,5.821000,set1,original-openmp,mimalloc,1
newdxx_g,BaO_nat002,64000,18643,32,10,5.729000,set1,original-openmp,mimalloc,1
newdxx_g,BaO_nat002,64000,18643,32,11,5.777000,set1,original-openmp,mimalloc,1
newdxx_g,BaO_nat002,64000,18643,32,12,5.750000,set1,original-openmp,mimalloc,1
newdxx_g,BaO_nat002,64000,18643,32,13,5.771000,set1,original-openmp,mimalloc,1
newdxx_g,BaO_nat002,64000,18643,32,14,5.732000,set1,original-openmp,mimalloc,1
newdxx_g,BaO_nat002,64000,18643,32,15,5.732000,set1,original-openmp,mimalloc,1
newdxx_g,BaO_nat002,64000,18643,32,16,5.720000,set1,original-openmp,mimalloc,1
newdxx_g,BaO_nat002,64000,18643,32,17,5.748000,set1,original-openmp,mimalloc,1
newdxx_g,BaO_nat002,64000,18643,32,18,5.696000,set1,original-openmp,mimalloc,1
newdxx_g,BaO_nat002,64000,18643,32,19,5.683000,set1,original-openmp,mimalloc,1
newdxx_g,BaO_nat002,64000,18643,64,0,6.054000,set1,original-openmp,mimalloc,1
newdxx_g,BaO_nat002,64000,18643,64,1,6.042000,set1,original-openmp,mimalloc,1
newdxx_g,BaO_nat002,64000,18643,64,2,5.896000,set1,original-openmp,mimalloc,1
newdxx_g,BaO_nat002,64000,18643,64,3,5.882000,set1,original-openmp,mimalloc,1
newdxx_g,BaO_nat002,64000,18643,64,4,6.007000,set1,original-openmp,mimalloc,1
newdxx_g,BaO_nat002,64000,18643,64,5,5.830000,set1,original-openmp,mimalloc,1
newdxx_g,BaO_nat002,64000,18643,64,6,5.816000,set1,original-openmp,mimalloc,1
newdxx_g,BaO_nat002,64000,18643,64,7,5.818000,set1,original-openmp,mimalloc,1
newdxx_g,BaO_nat002,64000,18643,64,8,5.841000,set1,original-openmp,mimalloc,1
newdxx_g,BaO_nat002,64000,18643,64,9,5.876000,set1,original-openmp,mimalloc,1
newdxx_g,BaO_nat002,64000,18643,64,10,5.794000,set1,original-openmp,mimalloc,1
newdxx_g,BaO_nat002,64000,18643,64,11,5.770000,set1,original-openmp,mimalloc,1
newdxx_g,BaO_nat002,64000,18643,64,12,5.760000,set1,original-openmp,mimalloc,1
newdxx_g,BaO_nat002,64000,18643,64,13,5.784000,set1,original-openmp,mimalloc,1
newdxx_g,BaO_nat002,64000,18643,64,14,5.791000,set1,original-openmp,mimalloc,1
newdxx_g,BaO_nat002,64000,18643,64,15,5.766000,set1,original-openmp,mimalloc,1
newdxx_g,BaO_nat002,64000,18643,64,16,5.721000,set1,original-openmp,mimalloc,1
newdxx_g,BaO_nat002,64000,18643,64,17,5.780000,set1,original-openmp,mimalloc,1
newdxx_g,BaO_nat002,64000,18643,64,18,5.833000,set1,original-openmp,mimalloc,1
newdxx_g,BaO_nat002,64000,18643,64,19,5.701000,set1,original-openmp,mimalloc,1
newdxx_g,BaO_nat002,64000,18643,72,0,5.766000,set1,original-openmp,mimalloc,1
newdxx_g,BaO_nat002,64000,18643,72,1,5.984000,set1,original-openmp,mimalloc,1
newdxx_g,BaO_nat002,64000,18643,72,2,5.996000,set1,original-openmp,mimalloc,1
newdxx_g,BaO_nat002,64000,18643,72,3,5.862000,set1,original-openmp,mimalloc,1
newdxx_g,BaO_nat002,64000,18643,72,4,5.871000,set1,original-openmp,mimalloc,1
newdxx_g,BaO_nat002,64000,18643,72,5,5.943000,set1,original-openmp,mimalloc,1
newdxx_g,BaO_nat002,64000,18643,72,6,5.827000,set1,original-openmp,mimalloc,1
newdxx_g,BaO_nat002,64000,18643,72,7,5.811000,set1,original-openmp,mimalloc,1
newdxx_g,BaO_nat002,64000,18643,72,8,6.095000,set1,original-openmp,mimalloc,1
newdxx_g,BaO_nat002,64000,18643,72,9,5.786000,set1,original-openmp,mimalloc,1
newdxx_g,BaO_nat002,64000,18643,72,10,5.824000,set1,original-openmp,mimalloc,1
newdxx_g,BaO_nat002,64000,18643,72,11,5.754000,set1,original-openmp,mimalloc,1
newdxx_g,BaO_nat002,64000,18643,72,12,5.751000,set1,original-openmp,mimalloc,1
newdxx_g,BaO_nat002,64000,18643,72,13,6.087000,set1,original-openmp,mimalloc,1
newdxx_g,BaO_nat002,64000,18643,72,14,5.721000,set1,original-openmp,mimalloc,1
newdxx_g,BaO_nat002,64000,18643,72,15,5.729000,set1,original-openmp,mimalloc,1
newdxx_g,BaO_nat002,64000,18643,72,16,5.725000,set1,original-openmp,mimalloc,1
newdxx_g,BaO_nat002,64000,18643,72,17,5.679000,set1,original-openmp,mimalloc,1
newdxx_g,BaO_nat002,64000,18643,72,18,5.658000,set1,original-openmp,mimalloc,1
newdxx_g,BaO_nat002,64000,18643,72,19,5.775000,set1,original-openmp,mimalloc,1
newdxx_g,BaO_nat002,64000,18643,1,0,416.972000,set1_rep72,original-openmp,mimalloc,72
newdxx_g,BaO_nat002,64000,18643,1,1,415.643000,set1_rep72,original-openmp,mimalloc,72
newdxx_g,BaO_nat002,64000,18643,1,2,415.797000,set1_rep72,original-openmp,mimalloc,72
newdxx_g,BaO_nat002,64000,18643,1,3,415.763000,set1_rep72,original-openmp,mimalloc,72
newdxx_g,BaO_nat002,64000,18643,1,4,415.545000,set1_rep72,original-openmp,mimalloc,72
newdxx_g,BaO_nat002,64000,18643,1,5,417.622000,set1_rep72,original-openmp,mimalloc,72
newdxx_g,BaO_nat002,64000,18643,1,6,417.672000,set1_rep72,original-openmp,mimalloc,72
newdxx_g,BaO_nat002,64000,18643,1,7,415.741000,set1_rep72,original-openmp,mimalloc,72
newdxx_g,BaO_nat002,64000,18643,1,8,415.248000,set1_rep72,original-openmp,mimalloc,72
newdxx_g,BaO_nat002,64000,18643,1,9,415.522000,set1_rep72,original-openmp,mimalloc,72
newdxx_g,BaO_nat002,64000,18643,1,10,415.609000,set1_rep72,original-openmp,mimalloc,72
newdxx_g,BaO_nat002,64000,18643,1,11,416.215000,set1_rep72,original-openmp,mimalloc,72
newdxx_g,BaO_nat002,64000,18643,1,12,415.415000,set1_rep72,original-openmp,mimalloc,72
newdxx_g,BaO_nat002,64000,18643,1,13,414.765000,set1_rep72,original-openmp,mimalloc,72
newdxx_g,BaO_nat002,64000,18643,1,14,415.240000,set1_rep72,original-openmp,mimalloc,72
newdxx_g,BaO_nat002,64000,18643,1,15,415.054000,set1_rep72,original-openmp,mimalloc,72
newdxx_g,BaO_nat002,64000,18643,1,16,415.380000,set1_rep72,original-openmp,mimalloc,72
newdxx_g,BaO_nat002,64000,18643,1,17,415.439000,set1_rep72,original-openmp,mimalloc,72
newdxx_g,BaO_nat002,64000,18643,1,18,415.362000,set1_rep72,original-openmp,mimalloc,72
newdxx_g,BaO_nat002,64000,18643,1,19,413.060000,set1_rep72,original-openmp,mimalloc,72
newdxx_g,BaO_nat002,64000,18643,2,0,227.013000,set1_rep72,original-openmp,mimalloc,72
newdxx_g,BaO_nat002,64000,18643,2,1,226.267000,set1_rep72,original-openmp,mimalloc,72
newdxx_g,BaO_nat002,64000,18643,2,2,226.394000,set1_rep72,original-openmp,mimalloc,72
newdxx_g,BaO_nat002,64000,18643,2,3,226.598000,set1_rep72,original-openmp,mimalloc,72
newdxx_g,BaO_nat002,64000,18643,2,4,226.065000,set1_rep72,original-openmp,mimalloc,72
newdxx_g,BaO_nat002,64000,18643,2,5,226.058000,set1_rep72,original-openmp,mimalloc,72
newdxx_g,BaO_nat002,64000,18643,2,6,226.259000,set1_rep72,original-openmp,mimalloc,72
newdxx_g,BaO_nat002,64000,18643,2,7,224.786000,set1_rep72,original-openmp,mimalloc,72
newdxx_g,BaO_nat002,64000,18643,2,8,224.274000,set1_rep72,original-openmp,mimalloc,72
newdxx_g,BaO_nat002,64000,18643,2,9,224.100000,set1_rep72,original-openmp,mimalloc,72
newdxx_g,BaO_nat002,64000,18643,2,10,224.932000,set1_rep72,original-openmp,mimalloc,72
newdxx_g,BaO_nat002,64000,18643,2,11,224.504000,set1_rep72,original-openmp,mimalloc,72
newdxx_g,BaO_nat002,64000,18643,2,12,224.680000,set1_rep72,original-openmp,mimalloc,72
newdxx_g,BaO_nat002,64000,18643,2,13,224.367000,set1_rep72,original-openmp,mimalloc,72
newdxx_g,BaO_nat002,64000,18643,2,14,224.773000,set1_rep72,original-openmp,mimalloc,72
newdxx_g,BaO_nat002,64000,18643,2,15,225.007000,set1_rep72,original-openmp,mimalloc,72
newdxx_g,BaO_nat002,64000,18643,2,16,224.275000,set1_rep72,original-openmp,mimalloc,72
newdxx_g,BaO_nat002,64000,18643,2,17,224.558000,set1_rep72,original-openmp,mimalloc,72
newdxx_g,BaO_nat002,64000,18643,2,18,225.557000,set1_rep72,original-openmp,mimalloc,72
newdxx_g,BaO_nat002,64000,18643,2,19,224.180000,set1_rep72,original-openmp,mimalloc,72
newdxx_g,BaO_nat002,64000,18643,4,0,107.734000,set1_rep72,original-openmp,mimalloc,72
newdxx_g,BaO_nat002,64000,18643,4,1,107.802000,set1_rep72,original-openmp,mimalloc,72
newdxx_g,BaO_nat002,64000,18643,4,2,107.636000,set1_rep72,original-openmp,mimalloc,72
newdxx_g,BaO_nat002,64000,18643,4,3,107.870000,set1_rep72,original-openmp,mimalloc,72
newdxx_g,BaO_nat002,64000,18643,4,4,107.631000,set1_rep72,original-openmp,mimalloc,72
newdxx_g,BaO_nat002,64000,18643,4,5,107.561000,set1_rep72,original-openmp,mimalloc,72
newdxx_g,BaO_nat002,64000,18643,4,6,107.700000,set1_rep72,original-openmp,mimalloc,72
newdxx_g,BaO_nat002,64000,18643,4,7,107.543000,set1_rep72,original-openmp,mimalloc,72
newdxx_g,BaO_nat002,64000,18643,4,8,107.801000,set1_rep72,original-openmp,mimalloc,72
newdxx_g,BaO_nat002,64000,18643,4,9,107.425000,set1_rep72,original-openmp,mimalloc,72
newdxx_g,BaO_nat002,64000,18643,4,10,107.457000,set1_rep72,original-openmp,mimalloc,72
newdxx_g,BaO_nat002,64000,18643,4,11,107.690000,set1_rep72,original-openmp,mimalloc,72
newdxx_g,BaO_nat002,64000,18643,4,12,107.723000,set1_rep72,original-openmp,mimalloc,72
newdxx_g,BaO_nat002,64000,18643,4,13,107.517000,set1_rep72,original-openmp,mimalloc,72
newdxx_g,BaO_nat002,64000,18643,4,14,107.573000,set1_rep72,original-openmp,mimalloc,72
newdxx_g,BaO_nat002,64000,18643,4,15,107.789000,set1_rep72,original-openmp,mimalloc,72
newdxx_g,BaO_nat002,64000,18643,4,16,107.719000,set1_rep72,original-openmp,mimalloc,72
newdxx_g,BaO_nat002,64000,18643,4,17,107.831000,set1_rep72,original-openmp,mimalloc,72
newdxx_g,BaO_nat002,64000,18643,4,18,107.604000,set1_rep72,original-openmp,mimalloc,72
newdxx_g,BaO_nat002,64000,18643,4,19,107.607000,set1_rep72,original-openmp,mimalloc,72
newdxx_g,BaO_nat002,64000,18643,8,0,53.943000,set1_rep72,original-openmp,mimalloc,72
newdxx_g,BaO_nat002,64000,18643,8,1,53.833000,set1_rep72,original-openmp,mimalloc,72
newdxx_g,BaO_nat002,64000,18643,8,2,53.803000,set1_rep72,original-openmp,mimalloc,72
newdxx_g,BaO_nat002,64000,18643,8,3,53.880000,set1_rep72,original-openmp,mimalloc,72
newdxx_g,BaO_nat002,64000,18643,8,4,53.750000,set1_rep72,original-openmp,mimalloc,72
newdxx_g,BaO_nat002,64000,18643,8,5,53.646000,set1_rep72,original-openmp,mimalloc,72
newdxx_g,BaO_nat002,64000,18643,8,6,53.652000,set1_rep72,original-openmp,mimalloc,72
newdxx_g,BaO_nat002,64000,18643,8,7,53.710000,set1_rep72,original-openmp,mimalloc,72
newdxx_g,BaO_nat002,64000,18643,8,8,53.743000,set1_rep72,original-openmp,mimalloc,72
newdxx_g,BaO_nat002,64000,18643,8,9,53.847000,set1_rep72,original-openmp,mimalloc,72
newdxx_g,BaO_nat002,64000,18643,8,10,53.653000,set1_rep72,original-openmp,mimalloc,72
newdxx_g,BaO_nat002,64000,18643,8,11,53.668000,set1_rep72,original-openmp,mimalloc,72
newdxx_g,BaO_nat002,64000,18643,8,12,53.817000,set1_rep72,original-openmp,mimalloc,72
newdxx_g,BaO_nat002,64000,18643,8,13,53.769000,set1_rep72,original-openmp,mimalloc,72
newdxx_g,BaO_nat002,64000,18643,8,14,53.881000,set1_rep72,original-openmp,mimalloc,72
newdxx_g,BaO_nat002,64000,18643,8,15,53.727000,set1_rep72,original-openmp,mimalloc,72
newdxx_g,BaO_nat002,64000,18643,8,16,53.832000,set1_rep72,original-openmp,mimalloc,72
newdxx_g,BaO_nat002,64000,18643,8,17,53.928000,set1_rep72,original-openmp,mimalloc,72
newdxx_g,BaO_nat002,64000,18643,8,18,53.777000,set1_rep72,original-openmp,mimalloc,72
newdxx_g,BaO_nat002,64000,18643,8,19,53.860000,set1_rep72,original-openmp,mimalloc,72
newdxx_g,BaO_nat002,64000,18643,16,0,30.610000,set1_rep72,original-openmp,mimalloc,72
newdxx_g,BaO_nat002,64000,18643,16,1,31.165000,set1_rep72,original-openmp,mimalloc,72
newdxx_g,BaO_nat002,64000,18643,16,2,30.536000,set1_rep72,original-openmp,mimalloc,72
newdxx_g,BaO_nat002,64000,18643,16,3,30.358000,set1_rep72,original-openmp,mimalloc,72
newdxx_g,BaO_nat002,64000,18643,16,4,30.222000,set1_rep72,original-openmp,mimalloc,72
newdxx_g,BaO_nat002,64000,18643,16,5,30.943000,set1_rep72,original-openmp,mimalloc,72
newdxx_g,BaO_nat002,64000,18643,16,6,31.398000,set1_rep72,original-openmp,mimalloc,72
newdxx_g,BaO_nat002,64000,18643,16,7,30.084000,set1_rep72,original-openmp,mimalloc,72
newdxx_g,BaO_nat002,64000,18643,16,8,31.759000,set1_rep72,original-openmp,mimalloc,72
newdxx_g,BaO_nat002,64000,18643,16,9,29.998000,set1_rep72,original-openmp,mimalloc,72
newdxx_g,BaO_nat002,64000,18643,16,10,30.974000,set1_rep72,original-openmp,mimalloc,72
newdxx_g,BaO_nat002,64000,18643,16,11,30.164000,set1_rep72,original-openmp,mimalloc,72
newdxx_g,BaO_nat002,64000,18643,16,12,29.994000,set1_rep72,original-openmp,mimalloc,72
newdxx_g,BaO_nat002,64000,18643,16,13,30.371000,set1_rep72,original-openmp,mimalloc,72
newdxx_g,BaO_nat002,64000,18643,16,14,31.628000,set1_rep72,original-openmp,mimalloc,72
newdxx_g,BaO_nat002,64000,18643,16,15,30.775000,set1_rep72,original-openmp,mimalloc,72
newdxx_g,BaO_nat002,64000,18643,16,16,30.691000,set1_rep72,original-openmp,mimalloc,72
newdxx_g,BaO_nat002,64000,18643,16,17,30.365000,set1_rep72,original-openmp,mimalloc,72
newdxx_g,BaO_nat002,64000,18643,16,18,30.619000,set1_rep72,original-openmp,mimalloc,72
newdxx_g,BaO_nat002,64000,18643,16,19,31.506000,set1_rep72,original-openmp,mimalloc,72
newdxx_g,BaO_nat002,64000,18643,32,0,18.745000,set1_rep72,original-openmp,mimalloc,72
newdxx_g,BaO_nat002,64000,18643,32,1,18.882000,set1_rep72,original-openmp,mimalloc,72
newdxx_g,BaO_nat002,64000,18643,32,2,18.790000,set1_rep72,original-openmp,mimalloc,72
newdxx_g,BaO_nat002,64000,18643,32,3,18.775000,set1_rep72,original-openmp,mimalloc,72
newdxx_g,BaO_nat002,64000,18643,32,4,18.668000,set1_rep72,original-openmp,mimalloc,72
newdxx_g,BaO_nat002,64000,18643,32,5,18.849000,set1_rep72,original-openmp,mimalloc,72
newdxx_g,BaO_nat002,64000,18643,32,6,18.882000,set1_rep72,original-openmp,mimalloc,72
newdxx_g,BaO_nat002,64000,18643,32,7,18.655000,set1_rep72,original-openmp,mimalloc,72
newdxx_g,BaO_nat002,64000,18643,32,8,18.943000,set1_rep72,original-openmp,mimalloc,72
newdxx_g,BaO_nat002,64000,18643,32,9,19.032000,set1_rep72,original-openmp,mimalloc,72
newdxx_g,BaO_nat002,64000,18643,32,10,18.926000,set1_rep72,original-openmp,mimalloc,72
newdxx_g,BaO_nat002,64000,18643,32,11,18.722000,set1_rep72,original-openmp,mimalloc,72
newdxx_g,BaO_nat002,64000,18643,32,12,18.750000,set1_rep72,original-openmp,mimalloc,72
newdxx_g,BaO_nat002,64000,18643,32,13,18.718000,set1_rep72,original-openmp,mimalloc,72
newdxx_g,BaO_nat002,64000,18643,32,14,18.802000,set1_rep72,original-openmp,mimalloc,72
newdxx_g,BaO_nat002,64000,18643,32,15,18.730000,set1_rep72,original-openmp,mimalloc,72
newdxx_g,BaO_nat002,64000,18643,32,16,18.751000,set1_rep72,original-openmp,mimalloc,72
newdxx_g,BaO_nat002,64000,18643,32,17,18.875000,set1_rep72,original-openmp,mimalloc,72
newdxx_g,BaO_nat002,64000,18643,32,18,18.681000,set1_rep72,original-openmp,mimalloc,72
newdxx_g,BaO_nat002,64000,18643,32,19,18.756000,set1_rep72,original-openmp,mimalloc,72
newdxx_g,BaO_nat002,64000,18643,64,0,12.334000,set1_rep72,original-openmp,mimalloc,72
newdxx_g,BaO_nat002,64000,18643,64,1,12.384000,set1_rep72,original-openmp,mimalloc,72
newdxx_g,BaO_nat002,64000,18643,64,2,12.818000,set1_rep72,original-openmp,mimalloc,72
newdxx_g,BaO_nat002,64000,18643,64,3,12.518000,set1_rep72,original-openmp,mimalloc,72
newdxx_g,BaO_nat002,64000,18643,64,4,12.228000,set1_rep72,original-openmp,mimalloc,72
newdxx_g,BaO_nat002,64000,18643,64,5,12.289000,set1_rep72,original-openmp,mimalloc,72
newdxx_g,BaO_nat002,64000,18643,64,6,12.333000,set1_rep72,original-openmp,mimalloc,72
newdxx_g,BaO_nat002,64000,18643,64,7,12.248000,set1_rep72,original-openmp,mimalloc,72
newdxx_g,BaO_nat002,64000,18643,64,8,12.195000,set1_rep72,original-openmp,mimalloc,72
newdxx_g,BaO_nat002,64000,18643,64,9,12.435000,set1_rep72,original-openmp,mimalloc,72
newdxx_g,BaO_nat002,64000,18643,64,10,12.269000,set1_rep72,original-openmp,mimalloc,72
newdxx_g,BaO_nat002,64000,18643,64,11,12.368000,set1_rep72,original-openmp,mimalloc,72
newdxx_g,BaO_nat002,64000,18643,64,12,12.360000,set1_rep72,original-openmp,mimalloc,72
newdxx_g,BaO_nat002,64000,18643,64,13,12.259000,set1_rep72,original-openmp,mimalloc,72
newdxx_g,BaO_nat002,64000,18643,64,14,12.323000,set1_rep72,original-openmp,mimalloc,72
newdxx_g,BaO_nat002,64000,18643,64,15,12.280000,set1_rep72,original-openmp,mimalloc,72
newdxx_g,BaO_nat002,64000,18643,64,16,12.277000,set1_rep72,original-openmp,mimalloc,72
newdxx_g,BaO_nat002,64000,18643,64,17,12.433000,set1_rep72,original-openmp,mimalloc,72
newdxx_g,BaO_nat002,64000,18643,64,18,12.387000,set1_rep72,original-openmp,mimalloc,72
newdxx_g,BaO_nat002,64000,18643,64,19,12.393000,set1_rep72,original-openmp,mimalloc,72
newdxx_g,BaO_nat002,64000,18643,72,0,7.626000,set1_rep72,original-openmp,mimalloc,72
newdxx_g,BaO_nat002,64000,18643,72,1,7.554000,set1_rep72,original-openmp,mimalloc,72
newdxx_g,BaO_nat002,64000,18643,72,2,7.686000,set1_rep72,original-openmp,mimalloc,72
newdxx_g,BaO_nat002,64000,18643,72,3,7.629000,set1_rep72,original-openmp,mimalloc,72
newdxx_g,BaO_nat002,64000,18643,72,4,7.628000,set1_rep72,original-openmp,mimalloc,72
newdxx_g,BaO_nat002,64000,18643,72,5,8.745000,set1_rep72,original-openmp,mimalloc,72
newdxx_g,BaO_nat002,64000,18643,72,6,7.895000,set1_rep72,original-openmp,mimalloc,72
newdxx_g,BaO_nat002,64000,18643,72,7,8.686000,set1_rep72,original-openmp,mimalloc,72
newdxx_g,BaO_nat002,64000,18643,72,8,7.479000,set1_rep72,original-openmp,mimalloc,72
newdxx_g,BaO_nat002,64000,18643,72,9,7.728000,set1_rep72,original-openmp,mimalloc,72
newdxx_g,BaO_nat002,64000,18643,72,10,8.382000,set1_rep72,original-openmp,mimalloc,72
newdxx_g,BaO_nat002,64000,18643,72,11,7.519000,set1_rep72,original-openmp,mimalloc,72
newdxx_g,BaO_nat002,64000,18643,72,12,7.594000,set1_rep72,original-openmp,mimalloc,72
newdxx_g,BaO_nat002,64000,18643,72,13,7.619000,set1_rep72,original-openmp,mimalloc,72
newdxx_g,BaO_nat002,64000,18643,72,14,7.670000,set1_rep72,original-openmp,mimalloc,72
newdxx_g,BaO_nat002,64000,18643,72,15,7.860000,set1_rep72,original-openmp,mimalloc,72
newdxx_g,BaO_nat002,64000,18643,72,16,7.630000,set1_rep72,original-openmp,mimalloc,72
newdxx_g,BaO_nat002,64000,18643,72,17,7.562000,set1_rep72,original-openmp,mimalloc,72
newdxx_g,BaO_nat002,64000,18643,72,18,7.627000,set1_rep72,original-openmp,mimalloc,72
newdxx_g,BaO_nat002,64000,18643,72,19,8.628000,set1_rep72,original-openmp,mimalloc,72
newdxx_g,BaTiO3_nat005,64000,27609,1,0,27.047000,set0,original-openmp,mimalloc,1
newdxx_g,BaTiO3_nat005,64000,27609,1,1,26.943000,set0,original-openmp,mimalloc,1
newdxx_g,BaTiO3_nat005,64000,27609,1,2,26.846000,set0,original-openmp,mimalloc,1
newdxx_g,BaTiO3_nat005,64000,27609,1,3,26.830000,set0,original-openmp,mimalloc,1
newdxx_g,BaTiO3_nat005,64000,27609,1,4,26.786000,set0,original-openmp,mimalloc,1
newdxx_g,BaTiO3_nat005,64000,27609,1,5,27.071000,set0,original-openmp,mimalloc,1
newdxx_g,BaTiO3_nat005,64000,27609,1,6,26.838000,set0,original-openmp,mimalloc,1
newdxx_g,BaTiO3_nat005,64000,27609,1,7,26.764000,set0,original-openmp,mimalloc,1
newdxx_g,BaTiO3_nat005,64000,27609,1,8,26.882000,set0,original-openmp,mimalloc,1
newdxx_g,BaTiO3_nat005,64000,27609,1,9,26.881000,set0,original-openmp,mimalloc,1
newdxx_g,BaTiO3_nat005,64000,27609,1,10,26.980000,set0,original-openmp,mimalloc,1
newdxx_g,BaTiO3_nat005,64000,27609,1,11,26.934000,set0,original-openmp,mimalloc,1
newdxx_g,BaTiO3_nat005,64000,27609,1,12,26.764000,set0,original-openmp,mimalloc,1
newdxx_g,BaTiO3_nat005,64000,27609,1,13,26.784000,set0,original-openmp,mimalloc,1
newdxx_g,BaTiO3_nat005,64000,27609,1,14,26.800000,set0,original-openmp,mimalloc,1
newdxx_g,BaTiO3_nat005,64000,27609,1,15,26.833000,set0,original-openmp,mimalloc,1
newdxx_g,BaTiO3_nat005,64000,27609,1,16,26.826000,set0,original-openmp,mimalloc,1
newdxx_g,BaTiO3_nat005,64000,27609,1,17,26.803000,set0,original-openmp,mimalloc,1
newdxx_g,BaTiO3_nat005,64000,27609,1,18,26.903000,set0,original-openmp,mimalloc,1
newdxx_g,BaTiO3_nat005,64000,27609,1,19,27.007000,set0,original-openmp,mimalloc,1
newdxx_g,BaTiO3_nat005,64000,27609,2,0,24.103000,set0,original-openmp,mimalloc,1
newdxx_g,BaTiO3_nat005,64000,27609,2,1,24.032000,set0,original-openmp,mimalloc,1
newdxx_g,BaTiO3_nat005,64000,27609,2,2,23.981000,set0,original-openmp,mimalloc,1
newdxx_g,BaTiO3_nat005,64000,27609,2,3,24.085000,set0,original-openmp,mimalloc,1
newdxx_g,BaTiO3_nat005,64000,27609,2,4,24.022000,set0,original-openmp,mimalloc,1
newdxx_g,BaTiO3_nat005,64000,27609,2,5,24.031000,set0,original-openmp,mimalloc,1
newdxx_g,BaTiO3_nat005,64000,27609,2,6,23.995000,set0,original-openmp,mimalloc,1
newdxx_g,BaTiO3_nat005,64000,27609,2,7,23.868000,set0,original-openmp,mimalloc,1
newdxx_g,BaTiO3_nat005,64000,27609,2,8,23.856000,set0,original-openmp,mimalloc,1
newdxx_g,BaTiO3_nat005,64000,27609,2,9,24.085000,set0,original-openmp,mimalloc,1
newdxx_g,BaTiO3_nat005,64000,27609,2,10,23.953000,set0,original-openmp,mimalloc,1
newdxx_g,BaTiO3_nat005,64000,27609,2,11,23.910000,set0,original-openmp,mimalloc,1
newdxx_g,BaTiO3_nat005,64000,27609,2,12,24.088000,set0,original-openmp,mimalloc,1
newdxx_g,BaTiO3_nat005,64000,27609,2,13,24.093000,set0,original-openmp,mimalloc,1
newdxx_g,BaTiO3_nat005,64000,27609,2,14,24.468000,set0,original-openmp,mimalloc,1
newdxx_g,BaTiO3_nat005,64000,27609,2,15,24.197000,set0,original-openmp,mimalloc,1
newdxx_g,BaTiO3_nat005,64000,27609,2,16,23.813000,set0,original-openmp,mimalloc,1
newdxx_g,BaTiO3_nat005,64000,27609,2,17,23.944000,set0,original-openmp,mimalloc,1
newdxx_g,BaTiO3_nat005,64000,27609,2,18,23.770000,set0,original-openmp,mimalloc,1
newdxx_g,BaTiO3_nat005,64000,27609,2,19,23.935000,set0,original-openmp,mimalloc,1
newdxx_g,BaTiO3_nat005,64000,27609,4,0,21.863000,set0,original-openmp,mimalloc,1
newdxx_g,BaTiO3_nat005,64000,27609,4,1,21.895000,set0,original-openmp,mimalloc,1
newdxx_g,BaTiO3_nat005,64000,27609,4,2,21.805000,set0,original-openmp,mimalloc,1
newdxx_g,BaTiO3_nat005,64000,27609,4,3,21.955000,set0,original-openmp,mimalloc,1
newdxx_g,BaTiO3_nat005,64000,27609,4,4,21.765000,set0,original-openmp,mimalloc,1
newdxx_g,BaTiO3_nat005,64000,27609,4,5,22.045000,set0,original-openmp,mimalloc,1
newdxx_g,BaTiO3_nat005,64000,27609,4,6,21.862000,set0,original-openmp,mimalloc,1
newdxx_g,BaTiO3_nat005,64000,27609,4,7,21.751000,set0,original-openmp,mimalloc,1
newdxx_g,BaTiO3_nat005,64000,27609,4,8,21.802000,set0,original-openmp,mimalloc,1
newdxx_g,BaTiO3_nat005,64000,27609,4,9,21.888000,set0,original-openmp,mimalloc,1
newdxx_g,BaTiO3_nat005,64000,27609,4,10,22.089000,set0,original-openmp,mimalloc,1
newdxx_g,BaTiO3_nat005,64000,27609,4,11,21.866000,set0,original-openmp,mimalloc,1
newdxx_g,BaTiO3_nat005,64000,27609,4,12,21.901000,set0,original-openmp,mimalloc,1
newdxx_g,BaTiO3_nat005,64000,27609,4,13,21.763000,set0,original-openmp,mimalloc,1
newdxx_g,BaTiO3_nat005,64000,27609,4,14,21.932000,set0,original-openmp,mimalloc,1
newdxx_g,BaTiO3_nat005,64000,27609,4,15,21.796000,set0,original-openmp,mimalloc,1
newdxx_g,BaTiO3_nat005,64000,27609,4,16,21.840000,set0,original-openmp,mimalloc,1
newdxx_g,BaTiO3_nat005,64000,27609,4,17,21.998000,set0,original-openmp,mimalloc,1
newdxx_g,BaTiO3_nat005,64000,27609,4,18,21.953000,set0,original-openmp,mimalloc,1
newdxx_g,BaTiO3_nat005,64000,27609,4,19,21.837000,set0,original-openmp,mimalloc,1
newdxx_g,BaTiO3_nat005,64000,27609,8,0,11.923000,set0,original-openmp,mimalloc,1
newdxx_g,BaTiO3_nat005,64000,27609,8,1,11.977000,set0,original-openmp,mimalloc,1
newdxx_g,BaTiO3_nat005,64000,27609,8,2,11.991000,set0,original-openmp,mimalloc,1
newdxx_g,BaTiO3_nat005,64000,27609,8,3,11.952000,set0,original-openmp,mimalloc,1
newdxx_g,BaTiO3_nat005,64000,27609,8,4,11.954000,set0,original-openmp,mimalloc,1
newdxx_g,BaTiO3_nat005,64000,27609,8,5,11.942000,set0,original-openmp,mimalloc,1
newdxx_g,BaTiO3_nat005,64000,27609,8,6,11.996000,set0,original-openmp,mimalloc,1
newdxx_g,BaTiO3_nat005,64000,27609,8,7,11.857000,set0,original-openmp,mimalloc,1
newdxx_g,BaTiO3_nat005,64000,27609,8,8,11.846000,set0,original-openmp,mimalloc,1
newdxx_g,BaTiO3_nat005,64000,27609,8,9,11.760000,set0,original-openmp,mimalloc,1
newdxx_g,BaTiO3_nat005,64000,27609,8,10,11.868000,set0,original-openmp,mimalloc,1
newdxx_g,BaTiO3_nat005,64000,27609,8,11,12.118000,set0,original-openmp,mimalloc,1
newdxx_g,BaTiO3_nat005,64000,27609,8,12,11.870000,set0,original-openmp,mimalloc,1
newdxx_g,BaTiO3_nat005,64000,27609,8,13,11.860000,set0,original-openmp,mimalloc,1
newdxx_g,BaTiO3_nat005,64000,27609,8,14,11.883000,set0,original-openmp,mimalloc,1
newdxx_g,BaTiO3_nat005,64000,27609,8,15,11.807000,set0,original-openmp,mimalloc,1
newdxx_g,BaTiO3_nat005,64000,27609,8,16,11.920000,set0,original-openmp,mimalloc,1
newdxx_g,BaTiO3_nat005,64000,27609,8,17,11.919000,set0,original-openmp,mimalloc,1
newdxx_g,BaTiO3_nat005,64000,27609,8,18,11.926000,set0,original-openmp,mimalloc,1
newdxx_g,BaTiO3_nat005,64000,27609,8,19,11.771000,set0,original-openmp,mimalloc,1
newdxx_g,BaTiO3_nat005,64000,27609,16,0,11.711000,set0,original-openmp,mimalloc,1
newdxx_g,BaTiO3_nat005,64000,27609,16,1,11.810000,set0,original-openmp,mimalloc,1
newdxx_g,BaTiO3_nat005,64000,27609,16,2,11.752000,set0,original-openmp,mimalloc,1
newdxx_g,BaTiO3_nat005,64000,27609,16,3,11.805000,set0,original-openmp,mimalloc,1
newdxx_g,BaTiO3_nat005,64000,27609,16,4,11.759000,set0,original-openmp,mimalloc,1
newdxx_g,BaTiO3_nat005,64000,27609,16,5,11.717000,set0,original-openmp,mimalloc,1
newdxx_g,BaTiO3_nat005,64000,27609,16,6,11.894000,set0,original-openmp,mimalloc,1
newdxx_g,BaTiO3_nat005,64000,27609,16,7,11.644000,set0,original-openmp,mimalloc,1
newdxx_g,BaTiO3_nat005,64000,27609,16,8,11.712000,set0,original-openmp,mimalloc,1
newdxx_g,BaTiO3_nat005,64000,27609,16,9,11.552000,set0,original-openmp,mimalloc,1
newdxx_g,BaTiO3_nat005,64000,27609,16,10,11.652000,set0,original-openmp,mimalloc,1
newdxx_g,BaTiO3_nat005,64000,27609,16,11,11.855000,set0,original-openmp,mimalloc,1
newdxx_g,BaTiO3_nat005,64000,27609,16,12,11.646000,set0,original-openmp,mimalloc,1
newdxx_g,BaTiO3_nat005,64000,27609,16,13,11.728000,set0,original-openmp,mimalloc,1
newdxx_g,BaTiO3_nat005,64000,27609,16,14,11.759000,set0,original-openmp,mimalloc,1
newdxx_g,BaTiO3_nat005,64000,27609,16,15,11.639000,set0,original-openmp,mimalloc,1
newdxx_g,BaTiO3_nat005,64000,27609,16,16,11.661000,set0,original-openmp,mimalloc,1
newdxx_g,BaTiO3_nat005,64000,27609,16,17,11.606000,set0,original-openmp,mimalloc,1
newdxx_g,BaTiO3_nat005,64000,27609,16,18,11.743000,set0,original-openmp,mimalloc,1
newdxx_g,BaTiO3_nat005,64000,27609,16,19,11.733000,set0,original-openmp,mimalloc,1
newdxx_g,BaTiO3_nat005,64000,27609,32,0,11.693000,set0,original-openmp,mimalloc,1
newdxx_g,BaTiO3_nat005,64000,27609,32,1,11.783000,set0,original-openmp,mimalloc,1
newdxx_g,BaTiO3_nat005,64000,27609,32,2,11.803000,set0,original-openmp,mimalloc,1
newdxx_g,BaTiO3_nat005,64000,27609,32,3,11.735000,set0,original-openmp,mimalloc,1
newdxx_g,BaTiO3_nat005,64000,27609,32,4,11.813000,set0,original-openmp,mimalloc,1
newdxx_g,BaTiO3_nat005,64000,27609,32,5,11.755000,set0,original-openmp,mimalloc,1
newdxx_g,BaTiO3_nat005,64000,27609,32,6,11.801000,set0,original-openmp,mimalloc,1
newdxx_g,BaTiO3_nat005,64000,27609,32,7,11.881000,set0,original-openmp,mimalloc,1
newdxx_g,BaTiO3_nat005,64000,27609,32,8,11.781000,set0,original-openmp,mimalloc,1
newdxx_g,BaTiO3_nat005,64000,27609,32,9,11.840000,set0,original-openmp,mimalloc,1
newdxx_g,BaTiO3_nat005,64000,27609,32,10,11.820000,set0,original-openmp,mimalloc,1
newdxx_g,BaTiO3_nat005,64000,27609,32,11,11.743000,set0,original-openmp,mimalloc,1
newdxx_g,BaTiO3_nat005,64000,27609,32,12,11.689000,set0,original-openmp,mimalloc,1
newdxx_g,BaTiO3_nat005,64000,27609,32,13,11.870000,set0,original-openmp,mimalloc,1
newdxx_g,BaTiO3_nat005,64000,27609,32,14,11.669000,set0,original-openmp,mimalloc,1
newdxx_g,BaTiO3_nat005,64000,27609,32,15,11.758000,set0,original-openmp,mimalloc,1
newdxx_g,BaTiO3_nat005,64000,27609,32,16,11.722000,set0,original-openmp,mimalloc,1
newdxx_g,BaTiO3_nat005,64000,27609,32,17,11.728000,set0,original-openmp,mimalloc,1
newdxx_g,BaTiO3_nat005,64000,27609,32,18,11.719000,set0,original-openmp,mimalloc,1
newdxx_g,BaTiO3_nat005,64000,27609,32,19,11.774000,set0,original-openmp,mimalloc,1
newdxx_g,BaTiO3_nat005,64000,27609,64,0,12.185000,set0,original-openmp,mimalloc,1
newdxx_g,BaTiO3_nat005,64000,27609,64,1,11.765000,set0,original-openmp,mimalloc,1
newdxx_g,BaTiO3_nat005,64000,27609,64,2,12.699000,set0,original-openmp,mimalloc,1
newdxx_g,BaTiO3_nat005,64000,27609,64,3,12.095000,set0,original-openmp,mimalloc,1
newdxx_g,BaTiO3_nat005,64000,27609,64,4,12.296000,set0,original-openmp,mimalloc,1
newdxx_g,BaTiO3_nat005,64000,27609,64,5,12.070000,set0,original-openmp,mimalloc,1
newdxx_g,BaTiO3_nat005,64000,27609,64,6,11.842000,set0,original-openmp,mimalloc,1
newdxx_g,BaTiO3_nat005,64000,27609,64,7,11.878000,set0,original-openmp,mimalloc,1
newdxx_g,BaTiO3_nat005,64000,27609,64,8,11.819000,set0,original-openmp,mimalloc,1
newdxx_g,BaTiO3_nat005,64000,27609,64,9,11.930000,set0,original-openmp,mimalloc,1
newdxx_g,BaTiO3_nat005,64000,27609,64,10,11.899000,set0,original-openmp,mimalloc,1
newdxx_g,BaTiO3_nat005,64000,27609,64,11,11.705000,set0,original-openmp,mimalloc,1
newdxx_g,BaTiO3_nat005,64000,27609,64,12,11.612000,set0,original-openmp,mimalloc,1
newdxx_g,BaTiO3_nat005,64000,27609,64,13,11.792000,set0,original-openmp,mimalloc,1
newdxx_g,BaTiO3_nat005,64000,27609,64,14,11.639000,set0,original-openmp,mimalloc,1
newdxx_g,BaTiO3_nat005,64000,27609,64,15,11.867000,set0,original-openmp,mimalloc,1
newdxx_g,BaTiO3_nat005,64000,27609,64,16,11.810000,set0,original-openmp,mimalloc,1
newdxx_g,BaTiO3_nat005,64000,27609,64,17,11.799000,set0,original-openmp,mimalloc,1
newdxx_g,BaTiO3_nat005,64000,27609,64,18,11.736000,set0,original-openmp,mimalloc,1
newdxx_g,BaTiO3_nat005,64000,27609,64,19,11.776000,set0,original-openmp,mimalloc,1
newdxx_g,BaTiO3_nat005,64000,27609,72,0,11.841000,set0,original-openmp,mimalloc,1
newdxx_g,BaTiO3_nat005,64000,27609,72,1,11.926000,set0,original-openmp,mimalloc,1
newdxx_g,BaTiO3_nat005,64000,27609,72,2,11.786000,set0,original-openmp,mimalloc,1
newdxx_g,BaTiO3_nat005,64000,27609,72,3,11.859000,set0,original-openmp,mimalloc,1
newdxx_g,BaTiO3_nat005,64000,27609,72,4,11.851000,set0,original-openmp,mimalloc,1
newdxx_g,BaTiO3_nat005,64000,27609,72,5,11.774000,set0,original-openmp,mimalloc,1
newdxx_g,BaTiO3_nat005,64000,27609,72,6,11.994000,set0,original-openmp,mimalloc,1
newdxx_g,BaTiO3_nat005,64000,27609,72,7,12.057000,set0,original-openmp,mimalloc,1
newdxx_g,BaTiO3_nat005,64000,27609,72,8,12.148000,set0,original-openmp,mimalloc,1
newdxx_g,BaTiO3_nat005,64000,27609,72,9,12.212000,set0,original-openmp,mimalloc,1
newdxx_g,BaTiO3_nat005,64000,27609,72,10,12.078000,set0,original-openmp,mimalloc,1
newdxx_g,BaTiO3_nat005,64000,27609,72,11,12.143000,set0,original-openmp,mimalloc,1
newdxx_g,BaTiO3_nat005,64000,27609,72,12,11.984000,set0,original-openmp,mimalloc,1
newdxx_g,BaTiO3_nat005,64000,27609,72,13,11.906000,set0,original-openmp,mimalloc,1
newdxx_g,BaTiO3_nat005,64000,27609,72,14,12.127000,set0,original-openmp,mimalloc,1
newdxx_g,BaTiO3_nat005,64000,27609,72,15,11.619000,set0,original-openmp,mimalloc,1
newdxx_g,BaTiO3_nat005,64000,27609,72,16,11.704000,set0,original-openmp,mimalloc,1
newdxx_g,BaTiO3_nat005,64000,27609,72,17,11.775000,set0,original-openmp,mimalloc,1
newdxx_g,BaTiO3_nat005,64000,27609,72,18,11.797000,set0,original-openmp,mimalloc,1
newdxx_g,BaTiO3_nat005,64000,27609,72,19,11.898000,set0,original-openmp,mimalloc,1
newdxx_g,BaTiO3_nat005,64000,27609,1,0,1294.155000,set0_rep72,original-openmp,mimalloc,72
newdxx_g,BaTiO3_nat005,64000,27609,1,1,1291.112000,set0_rep72,original-openmp,mimalloc,72
newdxx_g,BaTiO3_nat005,64000,27609,1,2,1290.511000,set0_rep72,original-openmp,mimalloc,72
newdxx_g,BaTiO3_nat005,64000,27609,1,3,1288.858000,set0_rep72,original-openmp,mimalloc,72
newdxx_g,BaTiO3_nat005,64000,27609,1,4,1290.062000,set0_rep72,original-openmp,mimalloc,72
newdxx_g,BaTiO3_nat005,64000,27609,1,5,1289.414000,set0_rep72,original-openmp,mimalloc,72
newdxx_g,BaTiO3_nat005,64000,27609,1,6,1289.527000,set0_rep72,original-openmp,mimalloc,72
newdxx_g,BaTiO3_nat005,64000,27609,1,7,1288.993000,set0_rep72,original-openmp,mimalloc,72
newdxx_g,BaTiO3_nat005,64000,27609,1,8,1290.095000,set0_rep72,original-openmp,mimalloc,72
newdxx_g,BaTiO3_nat005,64000,27609,1,9,1288.558000,set0_rep72,original-openmp,mimalloc,72
newdxx_g,BaTiO3_nat005,64000,27609,1,10,1290.587000,set0_rep72,original-openmp,mimalloc,72
newdxx_g,BaTiO3_nat005,64000,27609,1,11,1289.427000,set0_rep72,original-openmp,mimalloc,72
newdxx_g,BaTiO3_nat005,64000,27609,1,12,1291.406000,set0_rep72,original-openmp,mimalloc,72
newdxx_g,BaTiO3_nat005,64000,27609,1,13,1290.744000,set0_rep72,original-openmp,mimalloc,72
newdxx_g,BaTiO3_nat005,64000,27609,1,14,1290.930000,set0_rep72,original-openmp,mimalloc,72
newdxx_g,BaTiO3_nat005,64000,27609,1,15,1289.342000,set0_rep72,original-openmp,mimalloc,72
newdxx_g,BaTiO3_nat005,64000,27609,1,16,1291.242000,set0_rep72,original-openmp,mimalloc,72
newdxx_g,BaTiO3_nat005,64000,27609,1,17,1289.733000,set0_rep72,original-openmp,mimalloc,72
newdxx_g,BaTiO3_nat005,64000,27609,1,18,1291.301000,set0_rep72,original-openmp,mimalloc,72
newdxx_g,BaTiO3_nat005,64000,27609,1,19,1289.302000,set0_rep72,original-openmp,mimalloc,72
newdxx_g,BaTiO3_nat005,64000,27609,2,0,666.234000,set0_rep72,original-openmp,mimalloc,72
newdxx_g,BaTiO3_nat005,64000,27609,2,1,666.467000,set0_rep72,original-openmp,mimalloc,72
newdxx_g,BaTiO3_nat005,64000,27609,2,2,666.310000,set0_rep72,original-openmp,mimalloc,72
newdxx_g,BaTiO3_nat005,64000,27609,2,3,665.608000,set0_rep72,original-openmp,mimalloc,72
newdxx_g,BaTiO3_nat005,64000,27609,2,4,667.184000,set0_rep72,original-openmp,mimalloc,72
newdxx_g,BaTiO3_nat005,64000,27609,2,5,665.617000,set0_rep72,original-openmp,mimalloc,72
newdxx_g,BaTiO3_nat005,64000,27609,2,6,665.941000,set0_rep72,original-openmp,mimalloc,72
newdxx_g,BaTiO3_nat005,64000,27609,2,7,666.051000,set0_rep72,original-openmp,mimalloc,72
newdxx_g,BaTiO3_nat005,64000,27609,2,8,665.881000,set0_rep72,original-openmp,mimalloc,72
newdxx_g,BaTiO3_nat005,64000,27609,2,9,665.959000,set0_rep72,original-openmp,mimalloc,72
newdxx_g,BaTiO3_nat005,64000,27609,2,10,666.509000,set0_rep72,original-openmp,mimalloc,72
newdxx_g,BaTiO3_nat005,64000,27609,2,11,665.285000,set0_rep72,original-openmp,mimalloc,72
newdxx_g,BaTiO3_nat005,64000,27609,2,12,666.561000,set0_rep72,original-openmp,mimalloc,72
newdxx_g,BaTiO3_nat005,64000,27609,2,13,665.786000,set0_rep72,original-openmp,mimalloc,72
newdxx_g,BaTiO3_nat005,64000,27609,2,14,666.487000,set0_rep72,original-openmp,mimalloc,72
newdxx_g,BaTiO3_nat005,64000,27609,2,15,666.567000,set0_rep72,original-openmp,mimalloc,72
newdxx_g,BaTiO3_nat005,64000,27609,2,16,665.992000,set0_rep72,original-openmp,mimalloc,72
newdxx_g,BaTiO3_nat005,64000,27609,2,17,665.940000,set0_rep72,original-openmp,mimalloc,72
newdxx_g,BaTiO3_nat005,64000,27609,2,18,666.178000,set0_rep72,original-openmp,mimalloc,72
newdxx_g,BaTiO3_nat005,64000,27609,2,19,665.992000,set0_rep72,original-openmp,mimalloc,72
newdxx_g,BaTiO3_nat005,64000,27609,4,0,334.502000,set0_rep72,original-openmp,mimalloc,72
newdxx_g,BaTiO3_nat005,64000,27609,4,1,335.272000,set0_rep72,original-openmp,mimalloc,72
newdxx_g,BaTiO3_nat005,64000,27609,4,2,334.406000,set0_rep72,original-openmp,mimalloc,72
newdxx_g,BaTiO3_nat005,64000,27609,4,3,334.464000,set0_rep72,original-openmp,mimalloc,72
newdxx_g,BaTiO3_nat005,64000,27609,4,4,334.667000,set0_rep72,original-openmp,mimalloc,72
newdxx_g,BaTiO3_nat005,64000,27609,4,5,335.186000,set0_rep72,original-openmp,mimalloc,72
newdxx_g,BaTiO3_nat005,64000,27609,4,6,334.470000,set0_rep72,original-openmp,mimalloc,72
newdxx_g,BaTiO3_nat005,64000,27609,4,7,335.363000,set0_rep72,original-openmp,mimalloc,72
newdxx_g,BaTiO3_nat005,64000,27609,4,8,334.858000,set0_rep72,original-openmp,mimalloc,72
newdxx_g,BaTiO3_nat005,64000,27609,4,9,335.890000,set0_rep72,original-openmp,mimalloc,72
newdxx_g,BaTiO3_nat005,64000,27609,4,10,334.531000,set0_rep72,original-openmp,mimalloc,72
newdxx_g,BaTiO3_nat005,64000,27609,4,11,334.879000,set0_rep72,original-openmp,mimalloc,72
newdxx_g,BaTiO3_nat005,64000,27609,4,12,335.661000,set0_rep72,original-openmp,mimalloc,72
newdxx_g,BaTiO3_nat005,64000,27609,4,13,335.510000,set0_rep72,original-openmp,mimalloc,72
newdxx_g,BaTiO3_nat005,64000,27609,4,14,336.335000,set0_rep72,original-openmp,mimalloc,72
newdxx_g,BaTiO3_nat005,64000,27609,4,15,334.494000,set0_rep72,original-openmp,mimalloc,72
newdxx_g,BaTiO3_nat005,64000,27609,4,16,334.860000,set0_rep72,original-openmp,mimalloc,72
newdxx_g,BaTiO3_nat005,64000,27609,4,17,334.666000,set0_rep72,original-openmp,mimalloc,72
newdxx_g,BaTiO3_nat005,64000,27609,4,18,334.380000,set0_rep72,original-openmp,mimalloc,72
newdxx_g,BaTiO3_nat005,64000,27609,4,19,334.957000,set0_rep72,original-openmp,mimalloc,72
newdxx_g,BaTiO3_nat005,64000,27609,8,0,171.633000,set0_rep72,original-openmp,mimalloc,72
newdxx_g,BaTiO3_nat005,64000,27609,8,1,171.301000,set0_rep72,original-openmp,mimalloc,72
newdxx_g,BaTiO3_nat005,64000,27609,8,2,171.347000,set0_rep72,original-openmp,mimalloc,72
newdxx_g,BaTiO3_nat005,64000,27609,8,3,171.953000,set0_rep72,original-openmp,mimalloc,72
newdxx_g,BaTiO3_nat005,64000,27609,8,4,172.677000,set0_rep72,original-openmp,mimalloc,72
newdxx_g,BaTiO3_nat005,64000,27609,8,5,171.817000,set0_rep72,original-openmp,mimalloc,72
newdxx_g,BaTiO3_nat005,64000,27609,8,6,170.812000,set0_rep72,original-openmp,mimalloc,72
newdxx_g,BaTiO3_nat005,64000,27609,8,7,171.354000,set0_rep72,original-openmp,mimalloc,72
newdxx_g,BaTiO3_nat005,64000,27609,8,8,170.572000,set0_rep72,original-openmp,mimalloc,72
newdxx_g,BaTiO3_nat005,64000,27609,8,9,171.242000,set0_rep72,original-openmp,mimalloc,72
newdxx_g,BaTiO3_nat005,64000,27609,8,10,171.070000,set0_rep72,original-openmp,mimalloc,72
newdxx_g,BaTiO3_nat005,64000,27609,8,11,172.793000,set0_rep72,original-openmp,mimalloc,72
newdxx_g,BaTiO3_nat005,64000,27609,8,12,170.869000,set0_rep72,original-openmp,mimalloc,72
newdxx_g,BaTiO3_nat005,64000,27609,8,13,171.216000,set0_rep72,original-openmp,mimalloc,72
newdxx_g,BaTiO3_nat005,64000,27609,8,14,171.075000,set0_rep72,original-openmp,mimalloc,72
newdxx_g,BaTiO3_nat005,64000,27609,8,15,171.460000,set0_rep72,original-openmp,mimalloc,72
newdxx_g,BaTiO3_nat005,64000,27609,8,16,171.284000,set0_rep72,original-openmp,mimalloc,72
newdxx_g,BaTiO3_nat005,64000,27609,8,17,171.906000,set0_rep72,original-openmp,mimalloc,72
newdxx_g,BaTiO3_nat005,64000,27609,8,18,171.627000,set0_rep72,original-openmp,mimalloc,72
newdxx_g,BaTiO3_nat005,64000,27609,8,19,170.579000,set0_rep72,original-openmp,mimalloc,72
newdxx_g,BaTiO3_nat005,64000,27609,16,0,91.716000,set0_rep72,original-openmp,mimalloc,72
newdxx_g,BaTiO3_nat005,64000,27609,16,1,91.927000,set0_rep72,original-openmp,mimalloc,72
newdxx_g,BaTiO3_nat005,64000,27609,16,2,92.128000,set0_rep72,original-openmp,mimalloc,72
newdxx_g,BaTiO3_nat005,64000,27609,16,3,92.093000,set0_rep72,original-openmp,mimalloc,72
newdxx_g,BaTiO3_nat005,64000,27609,16,4,92.118000,set0_rep72,original-openmp,mimalloc,72
newdxx_g,BaTiO3_nat005,64000,27609,16,5,92.298000,set0_rep72,original-openmp,mimalloc,72
newdxx_g,BaTiO3_nat005,64000,27609,16,6,92.070000,set0_rep72,original-openmp,mimalloc,72
newdxx_g,BaTiO3_nat005,64000,27609,16,7,92.210000,set0_rep72,original-openmp,mimalloc,72
newdxx_g,BaTiO3_nat005,64000,27609,16,8,92.141000,set0_rep72,original-openmp,mimalloc,72
newdxx_g,BaTiO3_nat005,64000,27609,16,9,92.255000,set0_rep72,original-openmp,mimalloc,72
newdxx_g,BaTiO3_nat005,64000,27609,16,10,92.107000,set0_rep72,original-openmp,mimalloc,72
newdxx_g,BaTiO3_nat005,64000,27609,16,11,92.319000,set0_rep72,original-openmp,mimalloc,72
newdxx_g,BaTiO3_nat005,64000,27609,16,12,92.088000,set0_rep72,original-openmp,mimalloc,72
newdxx_g,BaTiO3_nat005,64000,27609,16,13,92.092000,set0_rep72,original-openmp,mimalloc,72
newdxx_g,BaTiO3_nat005,64000,27609,16,14,92.144000,set0_rep72,original-openmp,mimalloc,72
newdxx_g,BaTiO3_nat005,64000,27609,16,15,92.225000,set0_rep72,original-openmp,mimalloc,72
newdxx_g,BaTiO3_nat005,64000,27609,16,16,92.081000,set0_rep72,original-openmp,mimalloc,72
newdxx_g,BaTiO3_nat005,64000,27609,16,17,92.146000,set0_rep72,original-openmp,mimalloc,72
newdxx_g,BaTiO3_nat005,64000,27609,16,18,91.938000,set0_rep72,original-openmp,mimalloc,72
newdxx_g,BaTiO3_nat005,64000,27609,16,19,91.963000,set0_rep72,original-openmp,mimalloc,72
newdxx_g,BaTiO3_nat005,64000,27609,32,0,55.519000,set0_rep72,original-openmp,mimalloc,72
newdxx_g,BaTiO3_nat005,64000,27609,32,1,55.391000,set0_rep72,original-openmp,mimalloc,72
newdxx_g,BaTiO3_nat005,64000,27609,32,2,55.289000,set0_rep72,original-openmp,mimalloc,72
newdxx_g,BaTiO3_nat005,64000,27609,32,3,55.139000,set0_rep72,original-openmp,mimalloc,72
newdxx_g,BaTiO3_nat005,64000,27609,32,4,55.087000,set0_rep72,original-openmp,mimalloc,72
newdxx_g,BaTiO3_nat005,64000,27609,32,5,54.998000,set0_rep72,original-openmp,mimalloc,72
newdxx_g,BaTiO3_nat005,64000,27609,32,6,55.031000,set0_rep72,original-openmp,mimalloc,72
newdxx_g,BaTiO3_nat005,64000,27609,32,7,54.996000,set0_rep72,original-openmp,mimalloc,72
newdxx_g,BaTiO3_nat005,64000,27609,32,8,55.063000,set0_rep72,original-openmp,mimalloc,72
newdxx_g,BaTiO3_nat005,64000,27609,32,9,54.880000,set0_rep72,original-openmp,mimalloc,72
newdxx_g,BaTiO3_nat005,64000,27609,32,10,54.805000,set0_rep72,original-openmp,mimalloc,72
newdxx_g,BaTiO3_nat005,64000,27609,32,11,54.971000,set0_rep72,original-openmp,mimalloc,72
newdxx_g,BaTiO3_nat005,64000,27609,32,12,55.014000,set0_rep72,original-openmp,mimalloc,72
newdxx_g,BaTiO3_nat005,64000,27609,32,13,54.886000,set0_rep72,original-openmp,mimalloc,72
newdxx_g,BaTiO3_nat005,64000,27609,32,14,54.861000,set0_rep72,original-openmp,mimalloc,72
newdxx_g,BaTiO3_nat005,64000,27609,32,15,54.794000,set0_rep72,original-openmp,mimalloc,72
newdxx_g,BaTiO3_nat005,64000,27609,32,16,54.841000,set0_rep72,original-openmp,mimalloc,72
newdxx_g,BaTiO3_nat005,64000,27609,32,17,55.431000,set0_rep72,original-openmp,mimalloc,72
newdxx_g,BaTiO3_nat005,64000,27609,32,18,54.999000,set0_rep72,original-openmp,mimalloc,72
newdxx_g,BaTiO3_nat005,64000,27609,32,19,54.898000,set0_rep72,original-openmp,mimalloc,72
newdxx_g,BaTiO3_nat005,64000,27609,64,0,31.664000,set0_rep72,original-openmp,mimalloc,72
newdxx_g,BaTiO3_nat005,64000,27609,64,1,30.728000,set0_rep72,original-openmp,mimalloc,72
newdxx_g,BaTiO3_nat005,64000,27609,64,2,30.754000,set0_rep72,original-openmp,mimalloc,72
newdxx_g,BaTiO3_nat005,64000,27609,64,3,30.926000,set0_rep72,original-openmp,mimalloc,72
newdxx_g,BaTiO3_nat005,64000,27609,64,4,30.806000,set0_rep72,original-openmp,mimalloc,72
newdxx_g,BaTiO3_nat005,64000,27609,64,5,30.739000,set0_rep72,original-openmp,mimalloc,72
newdxx_g,BaTiO3_nat005,64000,27609,64,6,30.675000,set0_rep72,original-openmp,mimalloc,72
newdxx_g,BaTiO3_nat005,64000,27609,64,7,31.113000,set0_rep72,original-openmp,mimalloc,72
newdxx_g,BaTiO3_nat005,64000,27609,64,8,30.754000,set0_rep72,original-openmp,mimalloc,72
newdxx_g,BaTiO3_nat005,64000,27609,64,9,30.967000,set0_rep72,original-openmp,mimalloc,72
newdxx_g,BaTiO3_nat005,64000,27609,64,10,30.787000,set0_rep72,original-openmp,mimalloc,72
newdxx_g,BaTiO3_nat005,64000,27609,64,11,30.744000,set0_rep72,original-openmp,mimalloc,72
newdxx_g,BaTiO3_nat005,64000,27609,64,12,30.787000,set0_rep72,original-openmp,mimalloc,72
newdxx_g,BaTiO3_nat005,64000,27609,64,13,30.785000,set0_rep72,original-openmp,mimalloc,72
newdxx_g,BaTiO3_nat005,64000,27609,64,14,30.823000,set0_rep72,original-openmp,mimalloc,72
newdxx_g,BaTiO3_nat005,64000,27609,64,15,30.924000,set0_rep72,original-openmp,mimalloc,72
newdxx_g,BaTiO3_nat005,64000,27609,64,16,30.796000,set0_rep72,original-openmp,mimalloc,72
newdxx_g,BaTiO3_nat005,64000,27609,64,17,30.886000,set0_rep72,original-openmp,mimalloc,72
newdxx_g,BaTiO3_nat005,64000,27609,64,18,30.739000,set0_rep72,original-openmp,mimalloc,72
newdxx_g,BaTiO3_nat005,64000,27609,64,19,30.833000,set0_rep72,original-openmp,mimalloc,72
newdxx_g,BaTiO3_nat005,64000,27609,72,0,29.017000,set0_rep72,original-openmp,mimalloc,72
newdxx_g,BaTiO3_nat005,64000,27609,72,1,24.161000,set0_rep72,original-openmp,mimalloc,72
newdxx_g,BaTiO3_nat005,64000,27609,72,2,23.864000,set0_rep72,original-openmp,mimalloc,72
newdxx_g,BaTiO3_nat005,64000,27609,72,3,24.207000,set0_rep72,original-openmp,mimalloc,72
newdxx_g,BaTiO3_nat005,64000,27609,72,4,27.418000,set0_rep72,original-openmp,mimalloc,72
newdxx_g,BaTiO3_nat005,64000,27609,72,5,24.099000,set0_rep72,original-openmp,mimalloc,72
newdxx_g,BaTiO3_nat005,64000,27609,72,6,24.483000,set0_rep72,original-openmp,mimalloc,72
newdxx_g,BaTiO3_nat005,64000,27609,72,7,24.393000,set0_rep72,original-openmp,mimalloc,72
newdxx_g,BaTiO3_nat005,64000,27609,72,8,24.645000,set0_rep72,original-openmp,mimalloc,72
newdxx_g,BaTiO3_nat005,64000,27609,72,9,24.227000,set0_rep72,original-openmp,mimalloc,72
newdxx_g,BaTiO3_nat005,64000,27609,72,10,25.503000,set0_rep72,original-openmp,mimalloc,72
newdxx_g,BaTiO3_nat005,64000,27609,72,11,23.836000,set0_rep72,original-openmp,mimalloc,72
newdxx_g,BaTiO3_nat005,64000,27609,72,12,25.435000,set0_rep72,original-openmp,mimalloc,72
newdxx_g,BaTiO3_nat005,64000,27609,72,13,23.912000,set0_rep72,original-openmp,mimalloc,72
newdxx_g,BaTiO3_nat005,64000,27609,72,14,24.066000,set0_rep72,original-openmp,mimalloc,72
newdxx_g,BaTiO3_nat005,64000,27609,72,15,24.150000,set0_rep72,original-openmp,mimalloc,72
newdxx_g,BaTiO3_nat005,64000,27609,72,16,24.206000,set0_rep72,original-openmp,mimalloc,72
newdxx_g,BaTiO3_nat005,64000,27609,72,17,28.357000,set0_rep72,original-openmp,mimalloc,72
newdxx_g,BaTiO3_nat005,64000,27609,72,18,23.903000,set0_rep72,original-openmp,mimalloc,72
newdxx_g,BaTiO3_nat005,64000,27609,72,19,23.903000,set0_rep72,original-openmp,mimalloc,72
newdxx_g,BaTiO3_nat005,64000,27609,1,0,26.821000,set1,original-openmp,mimalloc,1
newdxx_g,BaTiO3_nat005,64000,27609,1,1,26.490000,set1,original-openmp,mimalloc,1
newdxx_g,BaTiO3_nat005,64000,27609,1,2,26.692000,set1,original-openmp,mimalloc,1
newdxx_g,BaTiO3_nat005,64000,27609,1,3,26.374000,set1,original-openmp,mimalloc,1
newdxx_g,BaTiO3_nat005,64000,27609,1,4,26.514000,set1,original-openmp,mimalloc,1
newdxx_g,BaTiO3_nat005,64000,27609,1,5,26.584000,set1,original-openmp,mimalloc,1
newdxx_g,BaTiO3_nat005,64000,27609,1,6,26.577000,set1,original-openmp,mimalloc,1
newdxx_g,BaTiO3_nat005,64000,27609,1,7,26.405000,set1,original-openmp,mimalloc,1
newdxx_g,BaTiO3_nat005,64000,27609,1,8,26.461000,set1,original-openmp,mimalloc,1
newdxx_g,BaTiO3_nat005,64000,27609,1,9,26.341000,set1,original-openmp,mimalloc,1
newdxx_g,BaTiO3_nat005,64000,27609,1,10,26.560000,set1,original-openmp,mimalloc,1
newdxx_g,BaTiO3_nat005,64000,27609,1,11,26.497000,set1,original-openmp,mimalloc,1
newdxx_g,BaTiO3_nat005,64000,27609,1,12,26.568000,set1,original-openmp,mimalloc,1
newdxx_g,BaTiO3_nat005,64000,27609,1,13,26.706000,set1,original-openmp,mimalloc,1
newdxx_g,BaTiO3_nat005,64000,27609,1,14,26.638000,set1,original-openmp,mimalloc,1
newdxx_g,BaTiO3_nat005,64000,27609,1,15,26.405000,set1,original-openmp,mimalloc,1
newdxx_g,BaTiO3_nat005,64000,27609,1,16,26.374000,set1,original-openmp,mimalloc,1
newdxx_g,BaTiO3_nat005,64000,27609,1,17,26.445000,set1,original-openmp,mimalloc,1
newdxx_g,BaTiO3_nat005,64000,27609,1,18,26.483000,set1,original-openmp,mimalloc,1
newdxx_g,BaTiO3_nat005,64000,27609,1,19,26.483000,set1,original-openmp,mimalloc,1
newdxx_g,BaTiO3_nat005,64000,27609,2,0,23.780000,set1,original-openmp,mimalloc,1
newdxx_g,BaTiO3_nat005,64000,27609,2,1,23.813000,set1,original-openmp,mimalloc,1
newdxx_g,BaTiO3_nat005,64000,27609,2,2,23.669000,set1,original-openmp,mimalloc,1
newdxx_g,BaTiO3_nat005,64000,27609,2,3,23.496000,set1,original-openmp,mimalloc,1
newdxx_g,BaTiO3_nat005,64000,27609,2,4,23.616000,set1,original-openmp,mimalloc,1
newdxx_g,BaTiO3_nat005,64000,27609,2,5,23.667000,set1,original-openmp,mimalloc,1
newdxx_g,BaTiO3_nat005,64000,27609,2,6,23.529000,set1,original-openmp,mimalloc,1
newdxx_g,BaTiO3_nat005,64000,27609,2,7,23.510000,set1,original-openmp,mimalloc,1
newdxx_g,BaTiO3_nat005,64000,27609,2,8,23.567000,set1,original-openmp,mimalloc,1
newdxx_g,BaTiO3_nat005,64000,27609,2,9,23.672000,set1,original-openmp,mimalloc,1
newdxx_g,BaTiO3_nat005,64000,27609,2,10,23.572000,set1,original-openmp,mimalloc,1
newdxx_g,BaTiO3_nat005,64000,27609,2,11,23.521000,set1,original-openmp,mimalloc,1
newdxx_g,BaTiO3_nat005,64000,27609,2,12,23.503000,set1,original-openmp,mimalloc,1
newdxx_g,BaTiO3_nat005,64000,27609,2,13,23.593000,set1,original-openmp,mimalloc,1
newdxx_g,BaTiO3_nat005,64000,27609,2,14,23.627000,set1,original-openmp,mimalloc,1
newdxx_g,BaTiO3_nat005,64000,27609,2,15,23.642000,set1,original-openmp,mimalloc,1
newdxx_g,BaTiO3_nat005,64000,27609,2,16,23.679000,set1,original-openmp,mimalloc,1
newdxx_g,BaTiO3_nat005,64000,27609,2,17,23.854000,set1,original-openmp,mimalloc,1
newdxx_g,BaTiO3_nat005,64000,27609,2,18,23.730000,set1,original-openmp,mimalloc,1
newdxx_g,BaTiO3_nat005,64000,27609,2,19,23.627000,set1,original-openmp,mimalloc,1
newdxx_g,BaTiO3_nat005,64000,27609,4,0,21.655000,set1,original-openmp,mimalloc,1
newdxx_g,BaTiO3_nat005,64000,27609,4,1,21.816000,set1,original-openmp,mimalloc,1
newdxx_g,BaTiO3_nat005,64000,27609,4,2,21.774000,set1,original-openmp,mimalloc,1
newdxx_g,BaTiO3_nat005,64000,27609,4,3,21.736000,set1,original-openmp,mimalloc,1
newdxx_g,BaTiO3_nat005,64000,27609,4,4,21.583000,set1,original-openmp,mimalloc,1
newdxx_g,BaTiO3_nat005,64000,27609,4,5,21.703000,set1,original-openmp,mimalloc,1
newdxx_g,BaTiO3_nat005,64000,27609,4,6,21.659000,set1,original-openmp,mimalloc,1
newdxx_g,BaTiO3_nat005,64000,27609,4,7,21.682000,set1,original-openmp,mimalloc,1
newdxx_g,BaTiO3_nat005,64000,27609,4,8,21.723000,set1,original-openmp,mimalloc,1
newdxx_g,BaTiO3_nat005,64000,27609,4,9,21.511000,set1,original-openmp,mimalloc,1
newdxx_g,BaTiO3_nat005,64000,27609,4,10,21.711000,set1,original-openmp,mimalloc,1
newdxx_g,BaTiO3_nat005,64000,27609,4,11,21.606000,set1,original-openmp,mimalloc,1
newdxx_g,BaTiO3_nat005,64000,27609,4,12,21.805000,set1,original-openmp,mimalloc,1
newdxx_g,BaTiO3_nat005,64000,27609,4,13,21.487000,set1,original-openmp,mimalloc,1
newdxx_g,BaTiO3_nat005,64000,27609,4,14,21.758000,set1,original-openmp,mimalloc,1
newdxx_g,BaTiO3_nat005,64000,27609,4,15,21.711000,set1,original-openmp,mimalloc,1
newdxx_g,BaTiO3_nat005,64000,27609,4,16,21.589000,set1,original-openmp,mimalloc,1
newdxx_g,BaTiO3_nat005,64000,27609,4,17,21.662000,set1,original-openmp,mimalloc,1
newdxx_g,BaTiO3_nat005,64000,27609,4,18,21.652000,set1,original-openmp,mimalloc,1
newdxx_g,BaTiO3_nat005,64000,27609,4,19,21.595000,set1,original-openmp,mimalloc,1
newdxx_g,BaTiO3_nat005,64000,27609,8,0,11.689000,set1,original-openmp,mimalloc,1
newdxx_g,BaTiO3_nat005,64000,27609,8,1,11.694000,set1,original-openmp,mimalloc,1
newdxx_g,BaTiO3_nat005,64000,27609,8,2,11.746000,set1,original-openmp,mimalloc,1
newdxx_g,BaTiO3_nat005,64000,27609,8,3,11.727000,set1,original-openmp,mimalloc,1
newdxx_g,BaTiO3_nat005,64000,27609,8,4,11.731000,set1,original-openmp,mimalloc,1
newdxx_g,BaTiO3_nat005,64000,27609,8,5,11.595000,set1,original-openmp,mimalloc,1
newdxx_g,BaTiO3_nat005,64000,27609,8,6,11.631000,set1,original-openmp,mimalloc,1
newdxx_g,BaTiO3_nat005,64000,27609,8,7,11.658000,set1,original-openmp,mimalloc,1
newdxx_g,BaTiO3_nat005,64000,27609,8,8,11.534000,set1,original-openmp,mimalloc,1
newdxx_g,BaTiO3_nat005,64000,27609,8,9,11.637000,set1,original-openmp,mimalloc,1
newdxx_g,BaTiO3_nat005,64000,27609,8,10,11.527000,set1,original-openmp,mimalloc,1
newdxx_g,BaTiO3_nat005,64000,27609,8,11,11.579000,set1,original-openmp,mimalloc,1
newdxx_g,BaTiO3_nat005,64000,27609,8,12,11.629000,set1,original-openmp,mimalloc,1
newdxx_g,BaTiO3_nat005,64000,27609,8,13,11.630000,set1,original-openmp,mimalloc,1
newdxx_g,BaTiO3_nat005,64000,27609,8,14,11.737000,set1,original-openmp,mimalloc,1
newdxx_g,BaTiO3_nat005,64000,27609,8,15,11.642000,set1,original-openmp,mimalloc,1
newdxx_g,BaTiO3_nat005,64000,27609,8,16,11.505000,set1,original-openmp,mimalloc,1
newdxx_g,BaTiO3_nat005,64000,27609,8,17,11.569000,set1,original-openmp,mimalloc,1
newdxx_g,BaTiO3_nat005,64000,27609,8,18,11.562000,set1,original-openmp,mimalloc,1
newdxx_g,BaTiO3_nat005,64000,27609,8,19,11.566000,set1,original-openmp,mimalloc,1
newdxx_g,BaTiO3_nat005,64000,27609,16,0,11.670000,set1,original-openmp,mimalloc,1
newdxx_g,BaTiO3_nat005,64000,27609,16,1,11.792000,set1,original-openmp,mimalloc,1
newdxx_g,BaTiO3_nat005,64000,27609,16,2,11.765000,set1,original-openmp,mimalloc,1
newdxx_g,BaTiO3_nat005,64000,27609,16,3,11.690000,set1,original-openmp,mimalloc,1
newdxx_g,BaTiO3_nat005,64000,27609,16,4,11.715000,set1,original-openmp,mimalloc,1
newdxx_g,BaTiO3_nat005,64000,27609,16,5,11.746000,set1,original-openmp,mimalloc,1
newdxx_g,BaTiO3_nat005,64000,27609,16,6,11.685000,set1,original-openmp,mimalloc,1
newdxx_g,BaTiO3_nat005,64000,27609,16,7,11.711000,set1,original-openmp,mimalloc,1
newdxx_g,BaTiO3_nat005,64000,27609,16,8,11.765000,set1,original-openmp,mimalloc,1
newdxx_g,BaTiO3_nat005,64000,27609,16,9,11.709000,set1,original-openmp,mimalloc,1
newdxx_g,BaTiO3_nat005,64000,27609,16,10,11.624000,set1,original-openmp,mimalloc,1
newdxx_g,BaTiO3_nat005,64000,27609,16,11,11.714000,set1,original-openmp,mimalloc,1
newdxx_g,BaTiO3_nat005,64000,27609,16,12,11.592000,set1,original-openmp,mimalloc,1
newdxx_g,BaTiO3_nat005,64000,27609,16,13,11.766000,set1,original-openmp,mimalloc,1
newdxx_g,BaTiO3_nat005,64000,27609,16,14,11.631000,set1,original-openmp,mimalloc,1
newdxx_g,BaTiO3_nat005,64000,27609,16,15,11.788000,set1,original-openmp,mimalloc,1
newdxx_g,BaTiO3_nat005,64000,27609,16,16,11.709000,set1,original-openmp,mimalloc,1
newdxx_g,BaTiO3_nat005,64000,27609,16,17,11.737000,set1,original-openmp,mimalloc,1
newdxx_g,BaTiO3_nat005,64000,27609,16,18,11.617000,set1,original-openmp,mimalloc,1
newdxx_g,BaTiO3_nat005,64000,27609,16,19,11.732000,set1,original-openmp,mimalloc,1
newdxx_g,BaTiO3_nat005,64000,27609,32,0,11.854000,set1,original-openmp,mimalloc,1
newdxx_g,BaTiO3_nat005,64000,27609,32,1,11.719000,set1,original-openmp,mimalloc,1
newdxx_g,BaTiO3_nat005,64000,27609,32,2,11.836000,set1,original-openmp,mimalloc,1
newdxx_g,BaTiO3_nat005,64000,27609,32,3,11.759000,set1,original-openmp,mimalloc,1
newdxx_g,BaTiO3_nat005,64000,27609,32,4,11.779000,set1,original-openmp,mimalloc,1
newdxx_g,BaTiO3_nat005,64000,27609,32,5,11.716000,set1,original-openmp,mimalloc,1
newdxx_g,BaTiO3_nat005,64000,27609,32,6,11.842000,set1,original-openmp,mimalloc,1
newdxx_g,BaTiO3_nat005,64000,27609,32,7,11.652000,set1,original-openmp,mimalloc,1
newdxx_g,BaTiO3_nat005,64000,27609,32,8,11.756000,set1,original-openmp,mimalloc,1
newdxx_g,BaTiO3_nat005,64000,27609,32,9,11.743000,set1,original-openmp,mimalloc,1
newdxx_g,BaTiO3_nat005,64000,27609,32,10,11.782000,set1,original-openmp,mimalloc,1
newdxx_g,BaTiO3_nat005,64000,27609,32,11,11.811000,set1,original-openmp,mimalloc,1
newdxx_g,BaTiO3_nat005,64000,27609,32,12,11.708000,set1,original-openmp,mimalloc,1
newdxx_g,BaTiO3_nat005,64000,27609,32,13,11.820000,set1,original-openmp,mimalloc,1
newdxx_g,BaTiO3_nat005,64000,27609,32,14,11.850000,set1,original-openmp,mimalloc,1
newdxx_g,BaTiO3_nat005,64000,27609,32,15,11.721000,set1,original-openmp,mimalloc,1
newdxx_g,BaTiO3_nat005,64000,27609,32,16,11.765000,set1,original-openmp,mimalloc,1
newdxx_g,BaTiO3_nat005,64000,27609,32,17,11.779000,set1,original-openmp,mimalloc,1
newdxx_g,BaTiO3_nat005,64000,27609,32,18,11.764000,set1,original-openmp,mimalloc,1
newdxx_g,BaTiO3_nat005,64000,27609,32,19,11.813000,set1,original-openmp,mimalloc,1
newdxx_g,BaTiO3_nat005,64000,27609,64,0,11.921000,set1,original-openmp,mimalloc,1
newdxx_g,BaTiO3_nat005,64000,27609,64,1,11.902000,set1,original-openmp,mimalloc,1
newdxx_g,BaTiO3_nat005,64000,27609,64,2,11.767000,set1,original-openmp,mimalloc,1
newdxx_g,BaTiO3_nat005,64000,27609,64,3,11.982000,set1,original-openmp,mimalloc,1
newdxx_g,BaTiO3_nat005,64000,27609,64,4,11.934000,set1,original-openmp,mimalloc,1
newdxx_g,BaTiO3_nat005,64000,27609,64,5,11.853000,set1,original-openmp,mimalloc,1
newdxx_g,BaTiO3_nat005,64000,27609,64,6,11.809000,set1,original-openmp,mimalloc,1
newdxx_g,BaTiO3_nat005,64000,27609,64,7,11.942000,set1,original-openmp,mimalloc,1
newdxx_g,BaTiO3_nat005,64000,27609,64,8,11.937000,set1,original-openmp,mimalloc,1
newdxx_g,BaTiO3_nat005,64000,27609,64,9,11.900000,set1,original-openmp,mimalloc,1
newdxx_g,BaTiO3_nat005,64000,27609,64,10,11.833000,set1,original-openmp,mimalloc,1
newdxx_g,BaTiO3_nat005,64000,27609,64,11,11.968000,set1,original-openmp,mimalloc,1
newdxx_g,BaTiO3_nat005,64000,27609,64,12,11.863000,set1,original-openmp,mimalloc,1
newdxx_g,BaTiO3_nat005,64000,27609,64,13,11.898000,set1,original-openmp,mimalloc,1
newdxx_g,BaTiO3_nat005,64000,27609,64,14,11.898000,set1,original-openmp,mimalloc,1
newdxx_g,BaTiO3_nat005,64000,27609,64,15,11.885000,set1,original-openmp,mimalloc,1
newdxx_g,BaTiO3_nat005,64000,27609,64,16,11.950000,set1,original-openmp,mimalloc,1
newdxx_g,BaTiO3_nat005,64000,27609,64,17,11.832000,set1,original-openmp,mimalloc,1
newdxx_g,BaTiO3_nat005,64000,27609,64,18,11.873000,set1,original-openmp,mimalloc,1
newdxx_g,BaTiO3_nat005,64000,27609,64,19,11.953000,set1,original-openmp,mimalloc,1
newdxx_g,BaTiO3_nat005,64000,27609,72,0,11.990000,set1,original-openmp,mimalloc,1
newdxx_g,BaTiO3_nat005,64000,27609,72,1,11.987000,set1,original-openmp,mimalloc,1
newdxx_g,BaTiO3_nat005,64000,27609,72,2,11.933000,set1,original-openmp,mimalloc,1
newdxx_g,BaTiO3_nat005,64000,27609,72,3,11.918000,set1,original-openmp,mimalloc,1
newdxx_g,BaTiO3_nat005,64000,27609,72,4,11.966000,set1,original-openmp,mimalloc,1
newdxx_g,BaTiO3_nat005,64000,27609,72,5,11.776000,set1,original-openmp,mimalloc,1
newdxx_g,BaTiO3_nat005,64000,27609,72,6,11.983000,set1,original-openmp,mimalloc,1
newdxx_g,BaTiO3_nat005,64000,27609,72,7,11.910000,set1,original-openmp,mimalloc,1
newdxx_g,BaTiO3_nat005,64000,27609,72,8,11.818000,set1,original-openmp,mimalloc,1
newdxx_g,BaTiO3_nat005,64000,27609,72,9,11.824000,set1,original-openmp,mimalloc,1
newdxx_g,BaTiO3_nat005,64000,27609,72,10,11.840000,set1,original-openmp,mimalloc,1
newdxx_g,BaTiO3_nat005,64000,27609,72,11,11.767000,set1,original-openmp,mimalloc,1
newdxx_g,BaTiO3_nat005,64000,27609,72,12,11.821000,set1,original-openmp,mimalloc,1
newdxx_g,BaTiO3_nat005,64000,27609,72,13,11.767000,set1,original-openmp,mimalloc,1
newdxx_g,BaTiO3_nat005,64000,27609,72,14,11.879000,set1,original-openmp,mimalloc,1
newdxx_g,BaTiO3_nat005,64000,27609,72,15,11.862000,set1,original-openmp,mimalloc,1
newdxx_g,BaTiO3_nat005,64000,27609,72,16,11.984000,set1,original-openmp,mimalloc,1
newdxx_g,BaTiO3_nat005,64000,27609,72,17,11.783000,set1,original-openmp,mimalloc,1
newdxx_g,BaTiO3_nat005,64000,27609,72,18,11.886000,set1,original-openmp,mimalloc,1
newdxx_g,BaTiO3_nat005,64000,27609,72,19,11.759000,set1,original-openmp,mimalloc,1
newdxx_g,BaTiO3_nat005,64000,27609,1,0,1292.808000,set1_rep72,original-openmp,mimalloc,72
newdxx_g,BaTiO3_nat005,64000,27609,1,1,1291.444000,set1_rep72,original-openmp,mimalloc,72
newdxx_g,BaTiO3_nat005,64000,27609,1,2,1290.124000,set1_rep72,original-openmp,mimalloc,72
newdxx_g,BaTiO3_nat005,64000,27609,1,3,1289.247000,set1_rep72,original-openmp,mimalloc,72
newdxx_g,BaTiO3_nat005,64000,27609,1,4,1291.849000,set1_rep72,original-openmp,mimalloc,72
newdxx_g,BaTiO3_nat005,64000,27609,1,5,1289.165000,set1_rep72,original-openmp,mimalloc,72
newdxx_g,BaTiO3_nat005,64000,27609,1,6,1289.929000,set1_rep72,original-openmp,mimalloc,72
newdxx_g,BaTiO3_nat005,64000,27609,1,7,1289.419000,set1_rep72,original-openmp,mimalloc,72
newdxx_g,BaTiO3_nat005,64000,27609,1,8,1289.784000,set1_rep72,original-openmp,mimalloc,72
newdxx_g,BaTiO3_nat005,64000,27609,1,9,1288.957000,set1_rep72,original-openmp,mimalloc,72
newdxx_g,BaTiO3_nat005,64000,27609,1,10,1289.102000,set1_rep72,original-openmp,mimalloc,72
newdxx_g,BaTiO3_nat005,64000,27609,1,11,1288.847000,set1_rep72,original-openmp,mimalloc,72
newdxx_g,BaTiO3_nat005,64000,27609,1,12,1290.508000,set1_rep72,original-openmp,mimalloc,72
newdxx_g,BaTiO3_nat005,64000,27609,1,13,1289.231000,set1_rep72,original-openmp,mimalloc,72
newdxx_g,BaTiO3_nat005,64000,27609,1,14,1289.543000,set1_rep72,original-openmp,mimalloc,72
newdxx_g,BaTiO3_nat005,64000,27609,1,15,1288.340000,set1_rep72,original-openmp,mimalloc,72
newdxx_g,BaTiO3_nat005,64000,27609,1,16,1290.025000,set1_rep72,original-openmp,mimalloc,72
newdxx_g,BaTiO3_nat005,64000,27609,1,17,1288.002000,set1_rep72,original-openmp,mimalloc,72
newdxx_g,BaTiO3_nat005,64000,27609,1,18,1288.748000,set1_rep72,original-openmp,mimalloc,72
newdxx_g,BaTiO3_nat005,64000,27609,1,19,1288.077000,set1_rep72,original-openmp,mimalloc,72
newdxx_g,BaTiO3_nat005,64000,27609,2,0,664.645000,set1_rep72,original-openmp,mimalloc,72
newdxx_g,BaTiO3_nat005,64000,27609,2,1,666.920000,set1_rep72,original-openmp,mimalloc,72
newdxx_g,BaTiO3_nat005,64000,27609,2,2,666.860000,set1_rep72,original-openmp,mimalloc,72
newdxx_g,BaTiO3_nat005,64000,27609,2,3,664.614000,set1_rep72,original-openmp,mimalloc,72
newdxx_g,BaTiO3_nat005,64000,27609,2,4,664.662000,set1_rep72,original-openmp,mimalloc,72
newdxx_g,BaTiO3_nat005,64000,27609,2,5,665.108000,set1_rep72,original-openmp,mimalloc,72
newdxx_g,BaTiO3_nat005,64000,27609,2,6,664.856000,set1_rep72,original-openmp,mimalloc,72
newdxx_g,BaTiO3_nat005,64000,27609,2,7,664.904000,set1_rep72,original-openmp,mimalloc,72
newdxx_g,BaTiO3_nat005,64000,27609,2,8,664.785000,set1_rep72,original-openmp,mimalloc,72
newdxx_g,BaTiO3_nat005,64000,27609,2,9,665.405000,set1_rep72,original-openmp,mimalloc,72
newdxx_g,BaTiO3_nat005,64000,27609,2,10,665.159000,set1_rep72,original-openmp,mimalloc,72
newdxx_g,BaTiO3_nat005,64000,27609,2,11,665.244000,set1_rep72,original-openmp,mimalloc,72
newdxx_g,BaTiO3_nat005,64000,27609,2,12,665.210000,set1_rep72,original-openmp,mimalloc,72
newdxx_g,BaTiO3_nat005,64000,27609,2,13,664.745000,set1_rep72,original-openmp,mimalloc,72
newdxx_g,BaTiO3_nat005,64000,27609,2,14,664.881000,set1_rep72,original-openmp,mimalloc,72
newdxx_g,BaTiO3_nat005,64000,27609,2,15,665.699000,set1_rep72,original-openmp,mimalloc,72
newdxx_g,BaTiO3_nat005,64000,27609,2,16,665.409000,set1_rep72,original-openmp,mimalloc,72
newdxx_g,BaTiO3_nat005,64000,27609,2,17,666.078000,set1_rep72,original-openmp,mimalloc,72
newdxx_g,BaTiO3_nat005,64000,27609,2,18,665.112000,set1_rep72,original-openmp,mimalloc,72
newdxx_g,BaTiO3_nat005,64000,27609,2,19,664.840000,set1_rep72,original-openmp,mimalloc,72
newdxx_g,BaTiO3_nat005,64000,27609,4,0,335.549000,set1_rep72,original-openmp,mimalloc,72
newdxx_g,BaTiO3_nat005,64000,27609,4,1,335.369000,set1_rep72,original-openmp,mimalloc,72
newdxx_g,BaTiO3_nat005,64000,27609,4,2,335.036000,set1_rep72,original-openmp,mimalloc,72
newdxx_g,BaTiO3_nat005,64000,27609,4,3,335.649000,set1_rep72,original-openmp,mimalloc,72
newdxx_g,BaTiO3_nat005,64000,27609,4,4,335.073000,set1_rep72,original-openmp,mimalloc,72
newdxx_g,BaTiO3_nat005,64000,27609,4,5,334.743000,set1_rep72,original-openmp,mimalloc,72
newdxx_g,BaTiO3_nat005,64000,27609,4,6,335.779000,set1_rep72,original-openmp,mimalloc,72
newdxx_g,BaTiO3_nat005,64000,27609,4,7,335.074000,set1_rep72,original-openmp,mimalloc,72
newdxx_g,BaTiO3_nat005,64000,27609,4,8,335.180000,set1_rep72,original-openmp,mimalloc,72
newdxx_g,BaTiO3_nat005,64000,27609,4,9,335.097000,set1_rep72,original-openmp,mimalloc,72
newdxx_g,BaTiO3_nat005,64000,27609,4,10,335.146000,set1_rep72,original-openmp,mimalloc,72
newdxx_g,BaTiO3_nat005,64000,27609,4,11,335.150000,set1_rep72,original-openmp,mimalloc,72
newdxx_g,BaTiO3_nat005,64000,27609,4,12,334.545000,set1_rep72,original-openmp,mimalloc,72
newdxx_g,BaTiO3_nat005,64000,27609,4,13,335.324000,set1_rep72,original-openmp,mimalloc,72
newdxx_g,BaTiO3_nat005,64000,27609,4,14,335.615000,set1_rep72,original-openmp,mimalloc,72
newdxx_g,BaTiO3_nat005,64000,27609,4,15,335.315000,set1_rep72,original-openmp,mimalloc,72
newdxx_g,BaTiO3_nat005,64000,27609,4,16,335.535000,set1_rep72,original-openmp,mimalloc,72
newdxx_g,BaTiO3_nat005,64000,27609,4,17,334.936000,set1_rep72,original-openmp,mimalloc,72
newdxx_g,BaTiO3_nat005,64000,27609,4,18,335.209000,set1_rep72,original-openmp,mimalloc,72
newdxx_g,BaTiO3_nat005,64000,27609,4,19,335.395000,set1_rep72,original-openmp,mimalloc,72
newdxx_g,BaTiO3_nat005,64000,27609,8,0,171.177000,set1_rep72,original-openmp,mimalloc,72
newdxx_g,BaTiO3_nat005,64000,27609,8,1,170.936000,set1_rep72,original-openmp,mimalloc,72
newdxx_g,BaTiO3_nat005,64000,27609,8,2,171.079000,set1_rep72,original-openmp,mimalloc,72
newdxx_g,BaTiO3_nat005,64000,27609,8,3,171.126000,set1_rep72,original-openmp,mimalloc,72
newdxx_g,BaTiO3_nat005,64000,27609,8,4,171.068000,set1_rep72,original-openmp,mimalloc,72
newdxx_g,BaTiO3_nat005,64000,27609,8,5,170.925000,set1_rep72,original-openmp,mimalloc,72
newdxx_g,BaTiO3_nat005,64000,27609,8,6,171.116000,set1_rep72,original-openmp,mimalloc,72
newdxx_g,BaTiO3_nat005,64000,27609,8,7,171.275000,set1_rep72,original-openmp,mimalloc,72
newdxx_g,BaTiO3_nat005,64000,27609,8,8,170.873000,set1_rep72,original-openmp,mimalloc,72
newdxx_g,BaTiO3_nat005,64000,27609,8,9,170.865000,set1_rep72,original-openmp,mimalloc,72
newdxx_g,BaTiO3_nat005,64000,27609,8,10,171.077000,set1_rep72,original-openmp,mimalloc,72
newdxx_g,BaTiO3_nat005,64000,27609,8,11,171.042000,set1_rep72,original-openmp,mimalloc,72
newdxx_g,BaTiO3_nat005,64000,27609,8,12,171.110000,set1_rep72,original-openmp,mimalloc,72
newdxx_g,BaTiO3_nat005,64000,27609,8,13,171.056000,set1_rep72,original-openmp,mimalloc,72
newdxx_g,BaTiO3_nat005,64000,27609,8,14,171.180000,set1_rep72,original-openmp,mimalloc,72
newdxx_g,BaTiO3_nat005,64000,27609,8,15,171.580000,set1_rep72,original-openmp,mimalloc,72
newdxx_g,BaTiO3_nat005,64000,27609,8,16,171.059000,set1_rep72,original-openmp,mimalloc,72
newdxx_g,BaTiO3_nat005,64000,27609,8,17,171.281000,set1_rep72,original-openmp,mimalloc,72
newdxx_g,BaTiO3_nat005,64000,27609,8,18,171.141000,set1_rep72,original-openmp,mimalloc,72
newdxx_g,BaTiO3_nat005,64000,27609,8,19,171.045000,set1_rep72,original-openmp,mimalloc,72
newdxx_g,BaTiO3_nat005,64000,27609,16,0,92.257000,set1_rep72,original-openmp,mimalloc,72
newdxx_g,BaTiO3_nat005,64000,27609,16,1,94.792000,set1_rep72,original-openmp,mimalloc,72
newdxx_g,BaTiO3_nat005,64000,27609,16,2,92.264000,set1_rep72,original-openmp,mimalloc,72
newdxx_g,BaTiO3_nat005,64000,27609,16,3,92.300000,set1_rep72,original-openmp,mimalloc,72
newdxx_g,BaTiO3_nat005,64000,27609,16,4,92.348000,set1_rep72,original-openmp,mimalloc,72
newdxx_g,BaTiO3_nat005,64000,27609,16,5,92.164000,set1_rep72,original-openmp,mimalloc,72
newdxx_g,BaTiO3_nat005,64000,27609,16,6,92.125000,set1_rep72,original-openmp,mimalloc,72
newdxx_g,BaTiO3_nat005,64000,27609,16,7,92.095000,set1_rep72,original-openmp,mimalloc,72
newdxx_g,BaTiO3_nat005,64000,27609,16,8,92.124000,set1_rep72,original-openmp,mimalloc,72
newdxx_g,BaTiO3_nat005,64000,27609,16,9,92.326000,set1_rep72,original-openmp,mimalloc,72
newdxx_g,BaTiO3_nat005,64000,27609,16,10,92.165000,set1_rep72,original-openmp,mimalloc,72
newdxx_g,BaTiO3_nat005,64000,27609,16,11,92.168000,set1_rep72,original-openmp,mimalloc,72
newdxx_g,BaTiO3_nat005,64000,27609,16,12,91.914000,set1_rep72,original-openmp,mimalloc,72
newdxx_g,BaTiO3_nat005,64000,27609,16,13,92.161000,set1_rep72,original-openmp,mimalloc,72
newdxx_g,BaTiO3_nat005,64000,27609,16,14,91.923000,set1_rep72,original-openmp,mimalloc,72
newdxx_g,BaTiO3_nat005,64000,27609,16,15,92.104000,set1_rep72,original-openmp,mimalloc,72
newdxx_g,BaTiO3_nat005,64000,27609,16,16,92.102000,set1_rep72,original-openmp,mimalloc,72
newdxx_g,BaTiO3_nat005,64000,27609,16,17,91.988000,set1_rep72,original-openmp,mimalloc,72
newdxx_g,BaTiO3_nat005,64000,27609,16,18,92.131000,set1_rep72,original-openmp,mimalloc,72
newdxx_g,BaTiO3_nat005,64000,27609,16,19,92.018000,set1_rep72,original-openmp,mimalloc,72
newdxx_g,BaTiO3_nat005,64000,27609,32,0,55.558000,set1_rep72,original-openmp,mimalloc,72
newdxx_g,BaTiO3_nat005,64000,27609,32,1,55.104000,set1_rep72,original-openmp,mimalloc,72
newdxx_g,BaTiO3_nat005,64000,27609,32,2,54.863000,set1_rep72,original-openmp,mimalloc,72
newdxx_g,BaTiO3_nat005,64000,27609,32,3,54.766000,set1_rep72,original-openmp,mimalloc,72
newdxx_g,BaTiO3_nat005,64000,27609,32,4,54.883000,set1_rep72,original-openmp,mimalloc,72
newdxx_g,BaTiO3_nat005,64000,27609,32,5,54.990000,set1_rep72,original-openmp,mimalloc,72
newdxx_g,BaTiO3_nat005,64000,27609,32,6,54.877000,set1_rep72,original-openmp,mimalloc,72
newdxx_g,BaTiO3_nat005,64000,27609,32,7,54.990000,set1_rep72,original-openmp,mimalloc,72
newdxx_g,BaTiO3_nat005,64000,27609,32,8,54.851000,set1_rep72,original-openmp,mimalloc,72
newdxx_g,BaTiO3_nat005,64000,27609,32,9,54.833000,set1_rep72,original-openmp,mimalloc,72
newdxx_g,BaTiO3_nat005,64000,27609,32,10,54.749000,set1_rep72,original-openmp,mimalloc,72
newdxx_g,BaTiO3_nat005,64000,27609,32,11,54.839000,set1_rep72,original-openmp,mimalloc,72
newdxx_g,BaTiO3_nat005,64000,27609,32,12,54.773000,set1_rep72,original-openmp,mimalloc,72
newdxx_g,BaTiO3_nat005,64000,27609,32,13,54.922000,set1_rep72,original-openmp,mimalloc,72
newdxx_g,BaTiO3_nat005,64000,27609,32,14,54.836000,set1_rep72,original-openmp,mimalloc,72
newdxx_g,BaTiO3_nat005,64000,27609,32,15,54.803000,set1_rep72,original-openmp,mimalloc,72
newdxx_g,BaTiO3_nat005,64000,27609,32,16,54.827000,set1_rep72,original-openmp,mimalloc,72
newdxx_g,BaTiO3_nat005,64000,27609,32,17,54.784000,set1_rep72,original-openmp,mimalloc,72
newdxx_g,BaTiO3_nat005,64000,27609,32,18,54.660000,set1_rep72,original-openmp,mimalloc,72
newdxx_g,BaTiO3_nat005,64000,27609,32,19,54.669000,set1_rep72,original-openmp,mimalloc,72
newdxx_g,BaTiO3_nat005,64000,27609,64,0,31.401000,set1_rep72,original-openmp,mimalloc,72
newdxx_g,BaTiO3_nat005,64000,27609,64,1,30.997000,set1_rep72,original-openmp,mimalloc,72
newdxx_g,BaTiO3_nat005,64000,27609,64,2,30.915000,set1_rep72,original-openmp,mimalloc,72
newdxx_g,BaTiO3_nat005,64000,27609,64,3,30.962000,set1_rep72,original-openmp,mimalloc,72
newdxx_g,BaTiO3_nat005,64000,27609,64,4,31.218000,set1_rep72,original-openmp,mimalloc,72
newdxx_g,BaTiO3_nat005,64000,27609,64,5,31.045000,set1_rep72,original-openmp,mimalloc,72
newdxx_g,BaTiO3_nat005,64000,27609,64,6,31.140000,set1_rep72,original-openmp,mimalloc,72
newdxx_g,BaTiO3_nat005,64000,27609,64,7,33.015000,set1_rep72,original-openmp,mimalloc,72
newdxx_g,BaTiO3_nat005,64000,27609,64,8,30.924000,set1_rep72,original-openmp,mimalloc,72
newdxx_g,BaTiO3_nat005,64000,27609,64,9,30.878000,set1_rep72,original-openmp,mimalloc,72
newdxx_g,BaTiO3_nat005,64000,27609,64,10,30.931000,set1_rep72,original-openmp,mimalloc,72
newdxx_g,BaTiO3_nat005,64000,27609,64,11,30.928000,set1_rep72,original-openmp,mimalloc,72
newdxx_g,BaTiO3_nat005,64000,27609,64,12,31.010000,set1_rep72,original-openmp,mimalloc,72
newdxx_g,BaTiO3_nat005,64000,27609,64,13,30.898000,set1_rep72,original-openmp,mimalloc,72
newdxx_g,BaTiO3_nat005,64000,27609,64,14,31.167000,set1_rep72,original-openmp,mimalloc,72
newdxx_g,BaTiO3_nat005,64000,27609,64,15,31.067000,set1_rep72,original-openmp,mimalloc,72
newdxx_g,BaTiO3_nat005,64000,27609,64,16,30.945000,set1_rep72,original-openmp,mimalloc,72
newdxx_g,BaTiO3_nat005,64000,27609,64,17,31.833000,set1_rep72,original-openmp,mimalloc,72
newdxx_g,BaTiO3_nat005,64000,27609,64,18,30.915000,set1_rep72,original-openmp,mimalloc,72
newdxx_g,BaTiO3_nat005,64000,27609,64,19,31.016000,set1_rep72,original-openmp,mimalloc,72
newdxx_g,BaTiO3_nat005,64000,27609,72,0,24.935000,set1_rep72,original-openmp,mimalloc,72
newdxx_g,BaTiO3_nat005,64000,27609,72,1,25.727000,set1_rep72,original-openmp,mimalloc,72
newdxx_g,BaTiO3_nat005,64000,27609,72,2,24.270000,set1_rep72,original-openmp,mimalloc,72
newdxx_g,BaTiO3_nat005,64000,27609,72,3,24.160000,set1_rep72,original-openmp,mimalloc,72
newdxx_g,BaTiO3_nat005,64000,27609,72,4,23.825000,set1_rep72,original-openmp,mimalloc,72
newdxx_g,BaTiO3_nat005,64000,27609,72,5,25.152000,set1_rep72,original-openmp,mimalloc,72
newdxx_g,BaTiO3_nat005,64000,27609,72,6,23.720000,set1_rep72,original-openmp,mimalloc,72
newdxx_g,BaTiO3_nat005,64000,27609,72,7,23.876000,set1_rep72,original-openmp,mimalloc,72
newdxx_g,BaTiO3_nat005,64000,27609,72,8,24.080000,set1_rep72,original-openmp,mimalloc,72
newdxx_g,BaTiO3_nat005,64000,27609,72,9,25.002000,set1_rep72,original-openmp,mimalloc,72
newdxx_g,BaTiO3_nat005,64000,27609,72,10,23.929000,set1_rep72,original-openmp,mimalloc,72
newdxx_g,BaTiO3_nat005,64000,27609,72,11,23.938000,set1_rep72,original-openmp,mimalloc,72
newdxx_g,BaTiO3_nat005,64000,27609,72,12,24.072000,set1_rep72,original-openmp,mimalloc,72
newdxx_g,BaTiO3_nat005,64000,27609,72,13,25.933000,set1_rep72,original-openmp,mimalloc,72
newdxx_g,BaTiO3_nat005,64000,27609,72,14,23.549000,set1_rep72,original-openmp,mimalloc,72
newdxx_g,BaTiO3_nat005,64000,27609,72,15,24.059000,set1_rep72,original-openmp,mimalloc,72
newdxx_g,BaTiO3_nat005,64000,27609,72,16,23.702000,set1_rep72,original-openmp,mimalloc,72
newdxx_g,BaTiO3_nat005,64000,27609,72,17,23.923000,set1_rep72,original-openmp,mimalloc,72
newdxx_g,BaTiO3_nat005,64000,27609,72,18,26.167000,set1_rep72,original-openmp,mimalloc,72
newdxx_g,BaTiO3_nat005,64000,27609,72,19,24.619000,set1_rep72,original-openmp,mimalloc,72
